timestamp_iso,elapsed_s,session_id,site_id,pcb_design_id,device_id,container_id,food_category,food_name,phase,adc_NH3,v_NH3,adc_CH4,v_CH4,adc_H2S,v_H2S,temp_C,pressure_Pa,humidity_pct,bme_gas_ohms,image_filename
2026-07-28T19:03:21,0.0,S009_Anish_chicken1,house_A,spoil_free_pcb_v1,pcb_A,chamber_A,poultry,chicken,Warmup,1451,0.181,7979,0.997,435,0.054,30.76,93261.0,64.82,173700.0,none
2026-07-28T19:03:23,1.03,S009_Anish_chicken1,house_A,spoil_free_pcb_v1,pcb_A,chamber_A,poultry,chicken,Warmup,1435,0.179,7972,0.997,434,0.054,30.78,93261.0,64.65,180300.0,none
2026-07-28T19:03:25,3.04,S009_Anish_chicken1,house_A,spoil_free_pcb_v1,pcb_A,chamber_A,poultry,chicken,Warmup,1413,0.177,7967,0.996,432,0.054,30.8,93262.0,64.53,185600.0,none
2026-07-28T19:03:27,5.03,S009_Anish_chicken1,house_A,spoil_free_pcb_v1,pcb_A,chamber_A,poultry,chicken,Warmup,1404,0.176,7962,0.995,432,0.054,30.82,93262.0,64.41,192300.0,none
2026-07-28T19:03:29,7.04,S009_Anish_chicken1,house_A,spoil_free_pcb_v1,pcb_A,chamber_A,poultry,chicken,Warmup,1408,0.176,7957,0.995,433,0.054,30.83,93262.0,64.33,196000.0,none
2026-07-28T19:03:31,9.04,S009_Anish_chicken1,house_A,spoil_free_pcb_v1,pcb_A,chamber_A,poultry,chicken,Warmup,1416,0.177,7952,0.994,433,0.054,30.85,93261.0,64.27,197700.0,none
2026-07-28T19:03:33,11.04,S009_Anish_chicken1,house_A,spoil_free_pcb_v1,pcb_A,chamber_A,poultry,chicken,Warmup,1422,0.178,7949,0.994,433,0.054,30.86,93262.0,64.22,199200.0,none
2026-07-28T19:03:35,13.04,S009_Anish_chicken1,house_A,spoil_free_pcb_v1,pcb_A,chamber_A,poultry,chicken,Warmup,1406,0.176,7945,0.993,432,0.054,30.87,93261.0,64.19,200500.0,none
2026-07-28T19:03:37,15.05,S009_Anish_chicken1,house_A,spoil_free_pcb_v1,pcb_A,chamber_A,poultry,chicken,Warmup,1389,0.174,7941,0.993,433,0.054,30.88,93262.0,64.17,202000.0,none
2026-07-28T19:03:39,17.05,S009_Anish_chicken1,house_A,spoil_free_pcb_v1,pcb_A,chamber_A,poultry,chicken,Warmup,1372,0.172,7939,0.992,432,0.054,30.88,93262.0,64.13,203700.0,none
2026-07-28T19:03:41,19.05,S009_Anish_chicken1,house_A,spoil_free_pcb_v1,pcb_A,chamber_A,poultry,chicken,Warmup,1377,0.172,7935,0.992,432,0.054,30.89,93261.0,64.11,205000.0,none
2026-07-28T19:03:43,21.04,S009_Anish_chicken1,house_A,spoil_free_pcb_v1,pcb_A,chamber_A,poultry,chicken,Warmup,1389,0.174,7933,0.992,431,0.054,30.89,93262.0,64.09,205200.0,none
2026-07-28T19:03:45,23.05,S009_Anish_chicken1,house_A,spoil_free_pcb_v1,pcb_A,chamber_A,poultry,chicken,Warmup,1400,0.175,7929,0.991,431,0.054,30.9,93262.0,64.09,206000.0,none
2026-07-28T19:03:47,25.04,S009_Anish_chicken1,house_A,spoil_free_pcb_v1,pcb_A,chamber_A,poultry,chicken,Warmup,1393,0.174,7927,0.991,432,0.054,30.9,93262.0,64.07,207700.0,img_000001_20260728_190346.jpg
2026-07-28T19:03:49,27.67,S009_Anish_chicken1,house_A,spoil_free_pcb_v1,pcb_A,chamber_A,poultry,chicken,Warmup,1379,0.172,7925,0.991,431,0.054,30.9,93261.0,64.07,207400.0,none
2026-07-28T19:03:51,29.03,S009_Anish_chicken1,house_A,spoil_free_pcb_v1,pcb_A,chamber_A,poultry,chicken,Warmup,1363,0.17,7923,0.99,431,0.054,30.91,93261.0,64.05,208200.0,none
2026-07-28T19:03:53,31.04,S009_Anish_chicken1,house_A,spoil_free_pcb_v1,pcb_A,chamber_A,poultry,chicken,Warmup,1361,0.17,7919,0.99,430,0.054,30.91,93262.0,64.06,209200.0,none
2026-07-28T19:03:55,33.04,S009_Anish_chicken1,house_A,spoil_free_pcb_v1,pcb_A,chamber_A,poultry,chicken,Warmup,1368,0.171,7919,0.99,431,0.054,30.91,93262.0,64.04,209300.0,none
2026-07-28T19:03:57,35.04,S009_Anish_chicken1,house_A,spoil_free_pcb_v1,pcb_A,chamber_A,poultry,chicken,Warmup,1373,0.172,7916,0.99,430,0.054,30.91,93262.0,64.04,210200.0,none
2026-07-28T19:03:59,37.05,S009_Anish_chicken1,house_A,spoil_free_pcb_v1,pcb_A,chamber_A,poultry,chicken,Warmup,1380,0.173,7915,0.989,430,0.054,30.92,93261.0,64.04,210500.0,none
2026-07-28T19:04:01,39.04,S009_Anish_chicken1,house_A,spoil_free_pcb_v1,pcb_A,chamber_A,poultry,chicken,Warmup,1374,0.172,7914,0.989,430,0.054,30.92,93261.0,64.03,211100.0,none
2026-07-28T19:04:03,41.04,S009_Anish_chicken1,house_A,spoil_free_pcb_v1,pcb_A,chamber_A,poultry,chicken,Warmup,1367,0.171,7910,0.989,430,0.054,30.92,93261.0,64.02,210600.0,none
2026-07-28T19:04:05,43.03,S009_Anish_chicken1,house_A,spoil_free_pcb_v1,pcb_A,chamber_A,poultry,chicken,Warmup,1356,0.17,7908,0.989,430,0.054,30.92,93261.0,64.02,211500.0,none
2026-07-28T19:04:07,45.04,S009_Anish_chicken1,house_A,spoil_free_pcb_v1,pcb_A,chamber_A,poultry,chicken,Warmup,1346,0.168,7906,0.988,429,0.054,30.92,93261.0,64.02,211300.0,none
2026-07-28T19:04:09,47.04,S009_Anish_chicken1,house_A,spoil_free_pcb_v1,pcb_A,chamber_A,poultry,chicken,Warmup,1356,0.17,7905,0.988,430,0.054,30.92,93261.0,64.01,212000.0,none
2026-07-28T19:04:11,49.04,S009_Anish_chicken1,house_A,spoil_free_pcb_v1,pcb_A,chamber_A,poultry,chicken,Warmup,1357,0.17,7903,0.988,429,0.054,30.93,93261.0,64.0,212600.0,none
2026-07-28T19:04:13,51.03,S009_Anish_chicken1,house_A,spoil_free_pcb_v1,pcb_A,chamber_A,poultry,chicken,Warmup,1368,0.171,7901,0.988,430,0.054,30.93,93261.0,64.01,212600.0,none
2026-07-28T19:04:15,53.04,S009_Anish_chicken1,house_A,spoil_free_pcb_v1,pcb_A,chamber_A,poultry,chicken,Warmup,1370,0.171,7900,0.988,430,0.054,30.93,93262.0,63.99,213400.0,none
2026-07-28T19:04:17,55.04,S009_Anish_chicken1,house_A,spoil_free_pcb_v1,pcb_A,chamber_A,poultry,chicken,Warmup,1362,0.17,7901,0.988,430,0.054,30.93,93262.0,63.99,212700.0,none
2026-07-28T19:04:19,57.04,S009_Anish_chicken1,house_A,spoil_free_pcb_v1,pcb_A,chamber_A,poultry,chicken,Warmup,1354,0.169,7901,0.988,430,0.054,30.93,93262.0,63.99,213500.0,none
2026-07-28T19:04:21,59.04,S009_Anish_chicken1,house_A,spoil_free_pcb_v1,pcb_A,chamber_A,poultry,chicken,Warmup,1346,0.168,7899,0.987,430,0.054,30.93,93262.0,63.99,214200.0,none
2026-07-28T19:04:23,61.05,S009_Anish_chicken1,house_A,spoil_free_pcb_v1,pcb_A,chamber_A,poultry,chicken,Warmup,1340,0.168,7899,0.987,430,0.054,30.93,93262.0,63.99,214200.0,none
2026-07-28T19:04:25,63.04,S009_Anish_chicken1,house_A,spoil_free_pcb_v1,pcb_A,chamber_A,poultry,chicken,Warmup,1341,0.168,7896,0.987,430,0.054,30.93,93262.0,63.98,214300.0,none
2026-07-28T19:04:27,65.04,S009_Anish_chicken1,house_A,spoil_free_pcb_v1,pcb_A,chamber_A,poultry,chicken,Warmup,1344,0.168,7895,0.987,428,0.054,30.93,93262.0,63.98,214200.0,none
2026-07-28T19:04:29,67.04,S009_Anish_chicken1,house_A,spoil_free_pcb_v1,pcb_A,chamber_A,poultry,chicken,Warmup,1351,0.169,7892,0.987,429,0.054,30.93,93262.0,63.97,213400.0,none
2026-07-28T19:04:31,69.03,S009_Anish_chicken1,house_A,spoil_free_pcb_v1,pcb_A,chamber_A,poultry,chicken,Warmup,1354,0.169,7891,0.986,429,0.054,30.93,93261.0,63.97,214400.0,none
2026-07-28T19:04:33,71.04,S009_Anish_chicken1,house_A,spoil_free_pcb_v1,pcb_A,chamber_A,poultry,chicken,Warmup,1359,0.17,7890,0.986,430,0.054,30.93,93261.0,63.97,217000.0,none
2026-07-28T19:04:35,73.04,S009_Anish_chicken1,house_A,spoil_free_pcb_v1,pcb_A,chamber_A,poultry,chicken,Warmup,1354,0.169,7887,0.986,428,0.054,30.93,93261.0,63.97,215300.0,none
2026-07-28T19:04:37,75.04,S009_Anish_chicken1,house_A,spoil_free_pcb_v1,pcb_A,chamber_A,poultry,chicken,Warmup,1347,0.168,7886,0.986,428,0.054,30.93,93262.0,63.96,215700.0,none
2026-07-28T19:04:39,77.03,S009_Anish_chicken1,house_A,spoil_free_pcb_v1,pcb_A,chamber_A,poultry,chicken,Warmup,1340,0.168,7885,0.986,429,0.054,30.93,93262.0,63.97,215300.0,none
2026-07-28T19:04:41,79.05,S009_Anish_chicken1,house_A,spoil_free_pcb_v1,pcb_A,chamber_A,poultry,chicken,Warmup,1335,0.167,7883,0.985,430,0.054,30.93,93262.0,63.96,216100.0,none
2026-07-28T19:04:43,81.04,S009_Anish_chicken1,house_A,spoil_free_pcb_v1,pcb_A,chamber_A,poultry,chicken,Warmup,1334,0.167,7884,0.986,429,0.054,30.93,93262.0,63.96,217500.0,none
2026-07-28T19:04:45,83.04,S009_Anish_chicken1,house_A,spoil_free_pcb_v1,pcb_A,chamber_A,poultry,chicken,Warmup,1341,0.168,7881,0.985,428,0.054,30.92,93262.0,63.97,216300.0,none
2026-07-28T19:04:47,85.04,S009_Anish_chicken1,house_A,spoil_free_pcb_v1,pcb_A,chamber_A,poultry,chicken,Warmup,1349,0.169,7881,0.985,428,0.054,30.92,93262.0,63.96,215700.0,none
2026-07-28T19:04:49,87.03,S009_Anish_chicken1,house_A,spoil_free_pcb_v1,pcb_A,chamber_A,poultry,chicken,Warmup,1355,0.169,7880,0.985,428,0.054,30.92,93262.0,63.96,215900.0,none
2026-07-28T19:04:51,89.04,S009_Anish_chicken1,house_A,spoil_free_pcb_v1,pcb_A,chamber_A,poultry,chicken,Warmup,1350,0.169,7881,0.985,427,0.053,30.92,93262.0,63.97,216500.0,none
2026-07-28T19:04:53,91.04,S009_Anish_chicken1,house_A,spoil_free_pcb_v1,pcb_A,chamber_A,poultry,chicken,Warmup,1342,0.168,7879,0.985,428,0.054,30.92,93262.0,63.96,218100.0,none
2026-07-28T19:04:55,93.04,S009_Anish_chicken1,house_A,spoil_free_pcb_v1,pcb_A,chamber_A,poultry,chicken,Warmup,1334,0.167,7877,0.985,428,0.054,30.92,93262.0,63.96,215500.0,none
2026-07-28T19:04:57,95.04,S009_Anish_chicken1,house_A,spoil_free_pcb_v1,pcb_A,chamber_A,poultry,chicken,Warmup,1328,0.166,7876,0.985,428,0.054,30.92,93262.0,63.95,217200.0,none
2026-07-28T19:04:59,97.04,S009_Anish_chicken1,house_A,spoil_free_pcb_v1,pcb_A,chamber_A,poultry,chicken,Warmup,1324,0.166,7875,0.984,428,0.054,30.92,93262.0,63.96,217500.0,none
2026-07-28T19:05:01,99.03,S009_Anish_chicken1,house_A,spoil_free_pcb_v1,pcb_A,chamber_A,poultry,chicken,Warmup,1327,0.166,7875,0.984,428,0.054,30.92,93262.0,63.96,217200.0,none
2026-07-28T19:05:03,101.03,S009_Anish_chicken1,house_A,spoil_free_pcb_v1,pcb_A,chamber_A,poultry,chicken,Warmup,1333,0.167,7873,0.984,429,0.054,30.92,93262.0,63.94,217000.0,none
2026-07-28T19:05:05,103.04,S009_Anish_chicken1,house_A,spoil_free_pcb_v1,pcb_A,chamber_A,poultry,chicken,Warmup,1334,0.167,7873,0.984,429,0.054,30.92,93262.0,63.95,217200.0,none
2026-07-28T19:05:07,105.04,S009_Anish_chicken1,house_A,spoil_free_pcb_v1,pcb_A,chamber_A,poultry,chicken,Warmup,1339,0.167,7871,0.984,427,0.053,30.92,93261.0,63.93,218000.0,none
2026-07-28T19:05:09,107.05,S009_Anish_chicken1,house_A,spoil_free_pcb_v1,pcb_A,chamber_A,poultry,chicken,Warmup,1345,0.168,7869,0.984,427,0.053,30.93,93261.0,63.94,217000.0,none
2026-07-28T19:05:11,109.03,S009_Anish_chicken1,house_A,spoil_free_pcb_v1,pcb_A,chamber_A,poultry,chicken,Warmup,1350,0.169,7868,0.984,428,0.054,30.93,93261.0,63.93,218000.0,none
2026-07-28T19:05:13,111.04,S009_Anish_chicken1,house_A,spoil_free_pcb_v1,pcb_A,chamber_A,poultry,chicken,Warmup,1346,0.168,7868,0.984,427,0.053,30.93,93261.0,63.91,217600.0,none
2026-07-28T19:05:15,113.04,S009_Anish_chicken1,house_A,spoil_free_pcb_v1,pcb_A,chamber_A,poultry,chicken,Warmup,1346,0.168,7866,0.983,427,0.053,30.93,93261.0,63.92,219100.0,none
2026-07-28T19:05:17,115.03,S009_Anish_chicken1,house_A,spoil_free_pcb_v1,pcb_A,chamber_A,poultry,chicken,Warmup,1342,0.168,7866,0.983,427,0.053,30.93,93262.0,63.9,218100.0,none
2026-07-28T19:05:19,117.03,S009_Anish_chicken1,house_A,spoil_free_pcb_v1,pcb_A,chamber_A,poultry,chicken,Warmup,1339,0.167,7865,0.983,427,0.053,30.93,93264.0,63.92,217200.0,none
2026-07-28T19:05:21,119.04,S009_Anish_chicken1,house_A,spoil_free_pcb_v1,pcb_A,chamber_A,poultry,chicken,Warmup,1337,0.167,7868,0.984,428,0.054,30.93,93264.0,63.91,219000.0,none
2026-07-28T19:05:23,121.03,S009_Anish_chicken1,house_A,spoil_free_pcb_v1,pcb_A,chamber_A,poultry,chicken,Warmup,1334,0.167,7868,0.984,428,0.054,30.93,93262.0,63.89,217500.0,none
2026-07-28T19:05:25,123.04,S009_Anish_chicken1,house_A,spoil_free_pcb_v1,pcb_A,chamber_A,poultry,chicken,Warmup,1333,0.167,7865,0.983,428,0.054,30.94,93262.0,63.9,219700.0,none
2026-07-28T19:05:27,125.04,S009_Anish_chicken1,house_A,spoil_free_pcb_v1,pcb_A,chamber_A,poultry,chicken,Warmup,1329,0.166,7866,0.983,428,0.054,30.94,93262.0,63.9,218100.0,none
2026-07-28T19:05:29,127.04,S009_Anish_chicken1,house_A,spoil_free_pcb_v1,pcb_A,chamber_A,poultry,chicken,Warmup,1327,0.166,7864,0.983,427,0.053,30.94,93262.0,63.9,218300.0,none
2026-07-28T19:05:31,129.03,S009_Anish_chicken1,house_A,spoil_free_pcb_v1,pcb_A,chamber_A,poultry,chicken,Warmup,1319,0.165,7864,0.983,426,0.053,30.94,93262.0,63.9,218400.0,none
2026-07-28T19:05:33,131.03,S009_Anish_chicken1,house_A,spoil_free_pcb_v1,pcb_A,chamber_A,poultry,chicken,Warmup,1321,0.165,7864,0.983,427,0.053,30.94,93261.0,63.88,219800.0,none
2026-07-28T19:05:35,133.04,S009_Anish_chicken1,house_A,spoil_free_pcb_v1,pcb_A,chamber_A,poultry,chicken,Warmup,1322,0.165,7863,0.983,426,0.053,30.95,93261.0,63.9,219700.0,none
2026-07-28T19:05:37,135.03,S009_Anish_chicken1,house_A,spoil_free_pcb_v1,pcb_A,chamber_A,poultry,chicken,Warmup,1323,0.165,7863,0.983,426,0.053,30.95,93261.0,63.89,219300.0,none
2026-07-28T19:05:39,137.04,S009_Anish_chicken1,house_A,spoil_free_pcb_v1,pcb_A,chamber_A,poultry,chicken,Warmup,1326,0.166,7867,0.983,427,0.053,30.95,93261.0,63.88,220700.0,none
2026-07-28T19:05:41,139.03,S009_Anish_chicken1,house_A,spoil_free_pcb_v1,pcb_A,chamber_A,poultry,chicken,Warmup,1327,0.166,7871,0.984,427,0.053,30.95,93261.0,63.89,218700.0,none
2026-07-28T19:05:43,141.03,S009_Anish_chicken1,house_A,spoil_free_pcb_v1,pcb_A,chamber_A,poultry,chicken,Warmup,1326,0.166,7870,0.984,427,0.053,30.95,93259.0,63.88,218600.0,none
2026-07-28T19:05:45,143.03,S009_Anish_chicken1,house_A,spoil_free_pcb_v1,pcb_A,chamber_A,poultry,chicken,Warmup,1329,0.166,7869,0.984,427,0.053,30.95,93259.0,63.88,220300.0,none
2026-07-28T19:05:47,145.04,S009_Anish_chicken1,house_A,spoil_free_pcb_v1,pcb_A,chamber_A,poultry,chicken,Warmup,1333,0.167,7868,0.984,426,0.053,30.95,93259.0,63.87,220000.0,none
2026-07-28T19:05:49,147.04,S009_Anish_chicken1,house_A,spoil_free_pcb_v1,pcb_A,chamber_A,poultry,chicken,Warmup,1337,0.167,7869,0.984,427,0.053,30.95,93264.0,63.87,219300.0,none
2026-07-28T19:05:51,149.03,S009_Anish_chicken1,house_A,spoil_free_pcb_v1,pcb_A,chamber_A,poultry,chicken,Warmup,1339,0.167,7866,0.983,426,0.053,30.95,93264.0,63.88,220000.0,none
2026-07-28T19:05:53,151.05,S009_Anish_chicken1,house_A,spoil_free_pcb_v1,pcb_A,chamber_A,poultry,chicken,Warmup,1337,0.167,7865,0.983,426,0.053,30.95,93264.0,63.87,218600.0,none
2026-07-28T19:05:55,153.04,S009_Anish_chicken1,house_A,spoil_free_pcb_v1,pcb_A,chamber_A,poultry,chicken,Warmup,1340,0.168,7862,0.983,426,0.053,30.95,93264.0,63.85,219700.0,none
2026-07-28T19:05:57,155.04,S009_Anish_chicken1,house_A,spoil_free_pcb_v1,pcb_A,chamber_A,poultry,chicken,Warmup,1335,0.167,7861,0.983,426,0.053,30.95,93264.0,63.86,221000.0,none
2026-07-28T19:05:59,157.04,S009_Anish_chicken1,house_A,spoil_free_pcb_v1,pcb_A,chamber_A,poultry,chicken,Warmup,1334,0.167,7861,0.983,426,0.053,30.95,93262.0,63.86,220400.0,none
2026-07-28T19:06:01,159.04,S009_Anish_chicken1,house_A,spoil_free_pcb_v1,pcb_A,chamber_A,poultry,chicken,Warmup,1329,0.166,7860,0.983,426,0.053,30.95,93262.0,63.86,219400.0,none
2026-07-28T19:06:03,161.04,S009_Anish_chicken1,house_A,spoil_free_pcb_v1,pcb_A,chamber_A,poultry,chicken,Warmup,1330,0.166,7858,0.982,426,0.053,30.95,93264.0,63.86,220300.0,none
2026-07-28T19:06:05,163.03,S009_Anish_chicken1,house_A,spoil_free_pcb_v1,pcb_A,chamber_A,poultry,chicken,Warmup,1328,0.166,7859,0.982,427,0.053,30.95,93262.0,63.85,219300.0,none
2026-07-28T19:06:07,165.03,S009_Anish_chicken1,house_A,spoil_free_pcb_v1,pcb_A,chamber_A,poultry,chicken,Warmup,1322,0.165,7860,0.983,427,0.053,30.95,93264.0,63.87,220300.0,none
2026-07-28T19:06:09,167.04,S009_Anish_chicken1,house_A,spoil_free_pcb_v1,pcb_A,chamber_A,poultry,chicken,Warmup,1318,0.165,7860,0.983,426,0.053,30.95,93259.0,63.86,219800.0,none
2026-07-28T19:06:11,169.04,S009_Anish_chicken1,house_A,spoil_free_pcb_v1,pcb_A,chamber_A,poultry,chicken,Warmup,1318,0.165,7863,0.983,427,0.053,30.95,93259.0,63.87,220800.0,none
2026-07-28T19:06:13,171.04,S009_Anish_chicken1,house_A,spoil_free_pcb_v1,pcb_A,chamber_A,poultry,chicken,Warmup,1315,0.164,7861,0.983,427,0.053,30.94,93259.0,63.88,220800.0,none
2026-07-28T19:06:15,173.03,S009_Anish_chicken1,house_A,spoil_free_pcb_v1,pcb_A,chamber_A,poultry,chicken,Warmup,1317,0.165,7861,0.983,427,0.053,30.94,93259.0,63.87,219800.0,none
2026-07-28T19:06:17,175.03,S009_Anish_chicken1,house_A,spoil_free_pcb_v1,pcb_A,chamber_A,poultry,chicken,Warmup,1320,0.165,7861,0.983,426,0.053,30.94,93259.0,63.88,220100.0,none
2026-07-28T19:06:19,177.04,S009_Anish_chicken1,house_A,spoil_free_pcb_v1,pcb_A,chamber_A,poultry,chicken,Warmup,1323,0.165,7859,0.982,426,0.053,30.94,93259.0,63.86,220400.0,none
2026-07-28T19:06:21,179.04,S009_Anish_chicken1,house_A,spoil_free_pcb_v1,pcb_A,chamber_A,poultry,chicken,Warmup,1326,0.166,7860,0.983,427,0.053,30.94,93259.0,63.86,221500.0,none
2026-07-28T19:06:23,181.04,S009_Anish_chicken1,house_A,spoil_free_pcb_v1,pcb_A,chamber_A,poultry,chicken,Warmup,1332,0.167,7860,0.983,427,0.053,30.95,93259.0,63.89,219700.0,none
2026-07-28T19:06:25,183.04,S009_Anish_chicken1,house_A,spoil_free_pcb_v1,pcb_A,chamber_A,poultry,chicken,Warmup,1336,0.167,7862,0.983,426,0.053,30.95,93259.0,63.85,221000.0,none
2026-07-28T19:06:27,185.03,S009_Anish_chicken1,house_A,spoil_free_pcb_v1,pcb_A,chamber_A,poultry,chicken,Warmup,1332,0.167,7862,0.983,425,0.053,30.95,93259.0,63.88,220500.0,none
2026-07-28T19:06:29,187.04,S009_Anish_chicken1,house_A,spoil_free_pcb_v1,pcb_A,chamber_A,poultry,chicken,Warmup,1327,0.166,7861,0.983,426,0.053,30.95,93257.0,63.87,220400.0,none
2026-07-28T19:06:31,189.03,S009_Anish_chicken1,house_A,spoil_free_pcb_v1,pcb_A,chamber_A,poultry,chicken,Warmup,1321,0.165,7860,0.983,425,0.053,30.95,93257.0,63.86,220400.0,none
2026-07-28T19:06:33,191.03,S009_Anish_chicken1,house_A,spoil_free_pcb_v1,pcb_A,chamber_A,poultry,chicken,Warmup,1316,0.165,7859,0.982,426,0.053,30.95,93257.0,63.86,222700.0,none
2026-07-28T19:06:35,193.03,S009_Anish_chicken1,house_A,spoil_free_pcb_v1,pcb_A,chamber_A,poultry,chicken,Warmup,1313,0.164,7858,0.982,426,0.053,30.95,93257.0,63.86,220300.0,none
2026-07-28T19:06:37,195.04,S009_Anish_chicken1,house_A,spoil_free_pcb_v1,pcb_A,chamber_A,poultry,chicken,Warmup,1316,0.165,7857,0.982,426,0.053,30.95,93257.0,63.85,222400.0,none
2026-07-28T19:06:39,197.03,S009_Anish_chicken1,house_A,spoil_free_pcb_v1,pcb_A,chamber_A,poultry,chicken,Warmup,1318,0.165,7857,0.982,426,0.053,30.95,93262.0,63.85,220800.0,none
2026-07-28T19:06:41,199.04,S009_Anish_chicken1,house_A,spoil_free_pcb_v1,pcb_A,chamber_A,poultry,chicken,Warmup,1324,0.166,7856,0.982,427,0.053,30.95,93262.0,63.83,220000.0,none
2026-07-28T19:06:43,201.04,S009_Anish_chicken1,house_A,spoil_free_pcb_v1,pcb_A,chamber_A,poultry,chicken,Warmup,1328,0.166,7854,0.982,426,0.053,30.95,93262.0,63.86,221500.0,none
2026-07-28T19:06:45,203.03,S009_Anish_chicken1,house_A,spoil_free_pcb_v1,pcb_A,chamber_A,poultry,chicken,Warmup,1330,0.166,7854,0.982,427,0.053,30.95,93262.0,63.83,220500.0,none
2026-07-28T19:06:47,205.04,S009_Anish_chicken1,house_A,spoil_free_pcb_v1,pcb_A,chamber_A,poultry,chicken,Warmup,1328,0.166,7854,0.982,425,0.053,30.96,93262.0,63.81,220000.0,none
2026-07-28T19:06:49,207.03,S009_Anish_chicken1,house_A,spoil_free_pcb_v1,pcb_A,chamber_A,poultry,chicken,Warmup,1324,0.166,7855,0.982,426,0.053,30.96,93262.0,63.84,220500.0,none
2026-07-28T19:06:51,209.03,S009_Anish_chicken1,house_A,spoil_free_pcb_v1,pcb_A,chamber_A,poultry,chicken,Warmup,1319,0.165,7854,0.982,426,0.053,30.96,93262.0,63.82,221000.0,none
2026-07-28T19:06:53,211.04,S009_Anish_chicken1,house_A,spoil_free_pcb_v1,pcb_A,chamber_A,poultry,chicken,Warmup,1314,0.164,7857,0.982,426,0.053,30.96,93262.0,63.83,221400.0,none
2026-07-28T19:06:55,213.03,S009_Anish_chicken1,house_A,spoil_free_pcb_v1,pcb_A,chamber_A,poultry,chicken,Warmup,1312,0.164,7854,0.982,427,0.053,30.96,93264.0,63.82,221300.0,none
2026-07-28T19:06:57,215.03,S009_Anish_chicken1,house_A,spoil_free_pcb_v1,pcb_A,chamber_A,poultry,chicken,Warmup,1313,0.164,7853,0.982,426,0.053,30.96,93264.0,63.84,222000.0,none
2026-07-28T19:06:59,217.04,S009_Anish_chicken1,house_A,spoil_free_pcb_v1,pcb_A,chamber_A,poultry,chicken,Warmup,1316,0.165,7853,0.982,425,0.053,30.96,93264.0,63.83,221700.0,none
2026-07-28T19:07:01,219.03,S009_Anish_chicken1,house_A,spoil_free_pcb_v1,pcb_A,chamber_A,poultry,chicken,Warmup,1318,0.165,7851,0.981,426,0.053,30.96,93264.0,63.84,221100.0,none
2026-07-28T19:07:03,221.04,S009_Anish_chicken1,house_A,spoil_free_pcb_v1,pcb_A,chamber_A,poultry,chicken,Warmup,1323,0.165,7851,0.981,426,0.053,30.96,93264.0,63.83,221500.0,none
2026-07-28T19:07:05,223.03,S009_Anish_chicken1,house_A,spoil_free_pcb_v1,pcb_A,chamber_A,poultry,chicken,Warmup,1330,0.166,7850,0.981,425,0.053,30.96,93264.0,63.82,220700.0,none
2026-07-28T19:07:07,225.04,S009_Anish_chicken1,house_A,spoil_free_pcb_v1,pcb_A,chamber_A,poultry,chicken,Warmup,1329,0.166,7849,0.981,425,0.053,30.96,93264.0,63.81,222300.0,none
2026-07-28T19:07:09,227.04,S009_Anish_chicken1,house_A,spoil_free_pcb_v1,pcb_A,chamber_A,poultry,chicken,Warmup,1324,0.166,7849,0.981,425,0.053,30.96,93264.0,63.81,221300.0,none
2026-07-28T19:07:11,229.03,S009_Anish_chicken1,house_A,spoil_free_pcb_v1,pcb_A,chamber_A,poultry,chicken,Warmup,1321,0.165,7848,0.981,426,0.053,30.97,93264.0,63.82,221000.0,none
2026-07-28T19:07:13,231.03,S009_Anish_chicken1,house_A,spoil_free_pcb_v1,pcb_A,chamber_A,poultry,chicken,Warmup,1316,0.165,7848,0.981,425,0.053,30.97,93264.0,63.82,221500.0,none
2026-07-28T19:07:15,233.04,S009_Anish_chicken1,house_A,spoil_free_pcb_v1,pcb_A,chamber_A,poultry,chicken,Warmup,1310,0.164,7849,0.981,426,0.053,30.97,93264.0,63.81,220500.0,none
2026-07-28T19:07:17,235.03,S009_Anish_chicken1,house_A,spoil_free_pcb_v1,pcb_A,chamber_A,poultry,chicken,Warmup,1308,0.164,7846,0.981,426,0.053,30.97,93264.0,63.8,221100.0,none
2026-07-28T19:07:19,237.03,S009_Anish_chicken1,house_A,spoil_free_pcb_v1,pcb_A,chamber_A,poultry,chicken,Warmup,1307,0.163,7847,0.981,425,0.053,30.97,93264.0,63.81,222000.0,none
2026-07-28T19:07:21,239.04,S009_Anish_chicken1,house_A,spoil_free_pcb_v1,pcb_A,chamber_A,poultry,chicken,Warmup,1310,0.164,7847,0.981,426,0.053,30.97,93264.0,63.79,220800.0,none
2026-07-28T19:07:23,241.04,S009_Anish_chicken1,house_A,spoil_free_pcb_v1,pcb_A,chamber_A,poultry,chicken,Warmup,1313,0.164,7846,0.981,425,0.053,30.97,93264.0,63.8,221700.0,none
2026-07-28T19:07:25,243.04,S009_Anish_chicken1,house_A,spoil_free_pcb_v1,pcb_A,chamber_A,poultry,chicken,Warmup,1317,0.165,7845,0.981,426,0.053,30.97,93266.0,63.8,222100.0,none
2026-07-28T19:07:27,245.03,S009_Anish_chicken1,house_A,spoil_free_pcb_v1,pcb_A,chamber_A,poultry,chicken,Warmup,1322,0.165,7842,0.98,426,0.053,30.97,93266.0,63.79,222600.0,none
2026-07-28T19:07:29,247.04,S009_Anish_chicken1,house_A,spoil_free_pcb_v1,pcb_A,chamber_A,poultry,chicken,Warmup,1323,0.165,7842,0.98,426,0.053,30.97,93266.0,63.81,221300.0,none
2026-07-28T19:07:31,249.04,S009_Anish_chicken1,house_A,spoil_free_pcb_v1,pcb_A,chamber_A,poultry,chicken,Warmup,1329,0.166,7843,0.98,425,0.053,30.97,93266.0,63.81,222600.0,none
2026-07-28T19:07:33,251.03,S009_Anish_chicken1,house_A,spoil_free_pcb_v1,pcb_A,chamber_A,poultry,chicken,Warmup,1330,0.166,7842,0.98,425,0.053,30.97,93266.0,63.79,222300.0,none
2026-07-28T19:07:35,253.03,S009_Anish_chicken1,house_A,spoil_free_pcb_v1,pcb_A,chamber_A,poultry,chicken,Warmup,1328,0.166,7843,0.98,425,0.053,30.97,93268.0,63.78,221700.0,none
2026-07-28T19:07:37,255.04,S009_Anish_chicken1,house_A,spoil_free_pcb_v1,pcb_A,chamber_A,poultry,chicken,Warmup,1324,0.166,7842,0.98,425,0.053,30.97,93268.0,63.78,222100.0,none
2026-07-28T19:07:39,257.03,S009_Anish_chicken1,house_A,spoil_free_pcb_v1,pcb_A,chamber_A,poultry,chicken,Warmup,1321,0.165,7844,0.981,425,0.053,30.97,93268.0,63.77,221300.0,none
2026-07-28T19:07:41,259.03,S009_Anish_chicken1,house_A,spoil_free_pcb_v1,pcb_A,chamber_A,poultry,chicken,Warmup,1318,0.165,7842,0.98,425,0.053,30.97,93268.0,63.78,221800.0,none
2026-07-28T19:07:43,261.04,S009_Anish_chicken1,house_A,spoil_free_pcb_v1,pcb_A,chamber_A,poultry,chicken,Warmup,1313,0.164,7843,0.98,426,0.053,30.98,93266.0,63.78,222100.0,none
2026-07-28T19:07:45,263.04,S009_Anish_chicken1,house_A,spoil_free_pcb_v1,pcb_A,chamber_A,poultry,chicken,Warmup,1308,0.164,7843,0.98,426,0.053,30.98,93266.0,63.78,222700.0,none
2026-07-28T19:07:47,265.04,S009_Anish_chicken1,house_A,spoil_free_pcb_v1,pcb_A,chamber_A,poultry,chicken,Warmup,1304,0.163,7843,0.98,426,0.053,30.98,93266.0,63.77,221500.0,none
2026-07-28T19:07:49,267.03,S009_Anish_chicken1,house_A,spoil_free_pcb_v1,pcb_A,chamber_A,poultry,chicken,Warmup,1304,0.163,7844,0.981,425,0.053,30.98,93266.0,63.78,222400.0,none
2026-07-28T19:07:51,269.04,S009_Anish_chicken1,house_A,spoil_free_pcb_v1,pcb_A,chamber_A,poultry,chicken,Warmup,1306,0.163,7844,0.981,425,0.053,30.98,93266.0,63.77,222600.0,none
2026-07-28T19:07:53,271.03,S009_Anish_chicken1,house_A,spoil_free_pcb_v1,pcb_A,chamber_A,poultry,chicken,Warmup,1309,0.164,7842,0.98,425,0.053,30.98,93264.0,63.76,222800.0,none
2026-07-28T19:07:55,273.03,S009_Anish_chicken1,house_A,spoil_free_pcb_v1,pcb_A,chamber_A,poultry,chicken,Warmup,1312,0.164,7842,0.98,426,0.053,30.98,93264.0,63.76,222600.0,none
2026-07-28T19:07:57,275.03,S009_Anish_chicken1,house_A,spoil_free_pcb_v1,pcb_A,chamber_A,poultry,chicken,Warmup,1320,0.165,7842,0.98,426,0.053,30.98,93264.0,63.77,222700.0,none
2026-07-28T19:07:59,277.04,S009_Anish_chicken1,house_A,spoil_free_pcb_v1,pcb_A,chamber_A,poultry,chicken,Warmup,1325,0.166,7843,0.98,425,0.053,30.98,93264.0,63.77,223400.0,none
2026-07-28T19:08:01,279.03,S009_Anish_chicken1,house_A,spoil_free_pcb_v1,pcb_A,chamber_A,poultry,chicken,Warmup,1327,0.166,7842,0.98,425,0.053,30.98,93264.0,63.74,223100.0,none
2026-07-28T19:08:03,281.04,S009_Anish_chicken1,house_A,spoil_free_pcb_v1,pcb_A,chamber_A,poultry,chicken,Warmup,1322,0.165,7842,0.98,426,0.053,30.98,93264.0,63.75,222400.0,none
2026-07-28T19:08:05,283.04,S009_Anish_chicken1,house_A,spoil_free_pcb_v1,pcb_A,chamber_A,poultry,chicken,Warmup,1318,0.165,7842,0.98,425,0.053,30.98,93262.0,63.76,222600.0,none
2026-07-28T19:08:07,285.04,S009_Anish_chicken1,house_A,spoil_free_pcb_v1,pcb_A,chamber_A,poultry,chicken,Warmup,1312,0.164,7840,0.98,425,0.053,30.98,93262.0,63.74,221700.0,none
2026-07-28T19:08:09,287.03,S009_Anish_chicken1,house_A,spoil_free_pcb_v1,pcb_A,chamber_A,poultry,chicken,Warmup,1307,0.163,7841,0.98,426,0.053,30.99,93262.0,63.75,221000.0,none
2026-07-28T19:08:11,289.04,S009_Anish_chicken1,house_A,spoil_free_pcb_v1,pcb_A,chamber_A,poultry,chicken,Warmup,1302,0.163,7840,0.98,425,0.053,30.99,93262.0,63.74,224300.0,none
2026-07-28T19:08:13,291.04,S009_Anish_chicken1,house_A,spoil_free_pcb_v1,pcb_A,chamber_A,poultry,chicken,Warmup,1302,0.163,7840,0.98,425,0.053,30.99,93262.0,63.73,222800.0,none
2026-07-28T19:08:15,293.03,S009_Anish_chicken1,house_A,spoil_free_pcb_v1,pcb_A,chamber_A,poultry,chicken,Warmup,1305,0.163,7842,0.98,425,0.053,30.99,93262.0,63.74,221800.0,none
2026-07-28T19:08:17,295.03,S009_Anish_chicken1,house_A,spoil_free_pcb_v1,pcb_A,chamber_A,poultry,chicken,Warmup,1309,0.164,7842,0.98,425,0.053,30.99,93262.0,63.74,223600.0,none
2026-07-28T19:08:19,297.04,S009_Anish_chicken1,house_A,spoil_free_pcb_v1,pcb_A,chamber_A,poultry,chicken,Warmup,1313,0.164,7841,0.98,426,0.053,30.99,93262.0,63.73,223300.0,none
2026-07-28T19:08:21,299.03,S009_Anish_chicken1,house_A,spoil_free_pcb_v1,pcb_A,chamber_A,poultry,chicken,Warmup,1316,0.165,7841,0.98,425,0.053,30.99,93261.0,63.74,224600.0,none
2026-07-28T19:08:23,301.03,S009_Anish_chicken1,house_A,spoil_free_pcb_v1,pcb_A,chamber_A,poultry,chicken,Warmup,1318,0.165,7840,0.98,426,0.053,30.99,93261.0,63.74,222400.0,none
2026-07-28T19:08:25,303.04,S009_Anish_chicken1,house_A,spoil_free_pcb_v1,pcb_A,chamber_A,poultry,chicken,Warmup,1323,0.165,7840,0.98,425,0.053,30.99,93261.0,63.75,223000.0,none
2026-07-28T19:08:27,305.04,S009_Anish_chicken1,house_A,spoil_free_pcb_v1,pcb_A,chamber_A,poultry,chicken,Warmup,1325,0.166,7844,0.981,425,0.053,30.99,93261.0,63.75,223900.0,none
2026-07-28T19:08:29,307.04,S009_Anish_chicken1,house_A,spoil_free_pcb_v1,pcb_A,chamber_A,poultry,chicken,Warmup,1326,0.166,7847,0.981,425,0.053,30.99,93261.0,63.75,224200.0,none
2026-07-28T19:08:31,309.03,S009_Anish_chicken1,house_A,spoil_free_pcb_v1,pcb_A,chamber_A,poultry,chicken,Warmup,1321,0.165,7852,0.982,424,0.053,30.99,93259.0,63.74,223000.0,none
2026-07-28T19:08:33,311.03,S009_Anish_chicken1,house_A,spoil_free_pcb_v1,pcb_A,chamber_A,poultry,chicken,Warmup,1317,0.165,7854,0.982,425,0.053,30.99,93259.0,63.75,222800.0,none
2026-07-28T19:08:35,313.03,S009_Anish_chicken1,house_A,spoil_free_pcb_v1,pcb_A,chamber_A,poultry,chicken,Warmup,1313,0.164,7853,0.982,425,0.053,30.99,93259.0,63.74,224000.0,none
2026-07-28T19:08:37,315.03,S009_Anish_chicken1,house_A,spoil_free_pcb_v1,pcb_A,chamber_A,poultry,chicken,Warmup,1311,0.164,7859,0.982,424,0.053,30.99,93257.0,63.76,222800.0,none
2026-07-28T19:08:39,317.04,S009_Anish_chicken1,house_A,spoil_free_pcb_v1,pcb_A,chamber_A,poultry,chicken,Warmup,1307,0.163,7861,0.983,426,0.053,30.99,93257.0,63.75,222700.0,none
2026-07-28T19:08:41,319.04,S009_Anish_chicken1,house_A,spoil_free_pcb_v1,pcb_A,chamber_A,poultry,chicken,Warmup,1304,0.163,7861,0.983,424,0.053,30.99,93257.0,63.75,223000.0,none
2026-07-28T19:08:43,321.03,S009_Anish_chicken1,house_A,spoil_free_pcb_v1,pcb_A,chamber_A,poultry,chicken,Warmup,1304,0.163,7862,0.983,425,0.053,30.99,93257.0,63.76,224500.0,none
2026-07-28T19:08:45,323.04,S009_Anish_chicken1,house_A,spoil_free_pcb_v1,pcb_A,chamber_A,poultry,chicken,Warmup,1302,0.163,7862,0.983,425,0.053,30.99,93257.0,63.77,222700.0,none
2026-07-28T19:08:47,325.03,S009_Anish_chicken1,house_A,spoil_free_pcb_v1,pcb_A,chamber_A,poultry,chicken,Warmup,1303,0.163,7862,0.983,424,0.053,30.99,93255.0,63.76,222700.0,none
2026-07-28T19:08:49,327.04,S009_Anish_chicken1,house_A,spoil_free_pcb_v1,pcb_A,chamber_A,poultry,chicken,Warmup,1303,0.163,7861,0.983,424,0.053,30.99,93255.0,63.75,223000.0,none
2026-07-28T19:08:51,329.03,S009_Anish_chicken1,house_A,spoil_free_pcb_v1,pcb_A,chamber_A,poultry,chicken,Warmup,1305,0.163,7858,0.982,424,0.053,30.99,93255.0,63.75,224500.0,none
2026-07-28T19:08:53,331.03,S009_Anish_chicken1,house_A,spoil_free_pcb_v1,pcb_A,chamber_A,poultry,chicken,Warmup,1308,0.164,7856,0.982,425,0.053,30.99,93255.0,63.76,224000.0,none
2026-07-28T19:08:55,333.03,S009_Anish_chicken1,house_A,spoil_free_pcb_v1,pcb_A,chamber_A,poultry,chicken,Warmup,1310,0.164,7856,0.982,425,0.053,30.99,93257.0,63.75,223700.0,none
2026-07-28T19:08:57,335.04,S009_Anish_chicken1,house_A,spoil_free_pcb_v1,pcb_A,chamber_A,poultry,chicken,Warmup,1313,0.164,7854,0.982,425,0.053,30.99,93257.0,63.74,223300.0,none
2026-07-28T19:08:59,337.03,S009_Anish_chicken1,house_A,spoil_free_pcb_v1,pcb_A,chamber_A,poultry,chicken,Warmup,1316,0.165,7852,0.982,424,0.053,31.0,93257.0,63.75,223700.0,none
2026-07-28T19:09:01,339.04,S009_Anish_chicken1,house_A,spoil_free_pcb_v1,pcb_A,chamber_A,poultry,chicken,Warmup,1320,0.165,7852,0.982,425,0.053,31.0,93255.0,63.75,224000.0,none
2026-07-28T19:09:03,341.03,S009_Anish_chicken1,house_A,spoil_free_pcb_v1,pcb_A,chamber_A,poultry,chicken,Warmup,1322,0.165,7851,0.981,425,0.053,31.0,93255.0,63.74,222300.0,none
2026-07-28T19:09:05,343.03,S009_Anish_chicken1,house_A,spoil_free_pcb_v1,pcb_A,chamber_A,poultry,chicken,Warmup,1323,0.165,7851,0.981,425,0.053,31.0,93255.0,63.74,223600.0,none
2026-07-28T19:09:07,345.04,S009_Anish_chicken1,house_A,spoil_free_pcb_v1,pcb_A,chamber_A,poultry,chicken,Warmup,1322,0.165,7849,0.981,424,0.053,31.0,93255.0,63.73,223400.0,none
2026-07-28T19:09:09,347.04,S009_Anish_chicken1,house_A,spoil_free_pcb_v1,pcb_A,chamber_A,poultry,chicken,Warmup,1320,0.165,7849,0.981,425,0.053,31.0,93255.0,63.72,223400.0,none
2026-07-28T19:09:11,349.03,S009_Anish_chicken1,house_A,spoil_free_pcb_v1,pcb_A,chamber_A,poultry,chicken,Warmup,1319,0.165,7849,0.981,424,0.053,31.0,93255.0,63.74,223900.0,none
2026-07-28T19:09:13,351.03,S009_Anish_chicken1,house_A,spoil_free_pcb_v1,pcb_A,chamber_A,poultry,chicken,Warmup,1317,0.165,7849,0.981,425,0.053,31.0,93255.0,63.72,223100.0,none
2026-07-28T19:09:15,353.03,S009_Anish_chicken1,house_A,spoil_free_pcb_v1,pcb_A,chamber_A,poultry,chicken,Warmup,1315,0.164,7848,0.981,425,0.053,31.0,93255.0,63.72,223700.0,none
2026-07-28T19:09:17,355.03,S009_Anish_chicken1,house_A,spoil_free_pcb_v1,pcb_A,chamber_A,poultry,chicken,Warmup,1312,0.164,7847,0.981,425,0.053,31.0,93255.0,63.73,223300.0,none
2026-07-28T19:09:19,357.03,S009_Anish_chicken1,house_A,spoil_free_pcb_v1,pcb_A,chamber_A,poultry,chicken,Warmup,1312,0.164,7845,0.981,425,0.053,31.0,93255.0,63.72,222800.0,none
2026-07-28T19:09:21,359.04,S009_Anish_chicken1,house_A,spoil_free_pcb_v1,pcb_A,chamber_A,poultry,chicken,Warmup,1310,0.164,7846,0.981,425,0.053,31.0,93255.0,63.72,223000.0,none
2026-07-28T19:09:23,361.03,S009_Anish_chicken1,house_A,spoil_free_pcb_v1,pcb_A,chamber_A,poultry,chicken,Warmup,1309,0.164,7846,0.981,424,0.053,31.0,93255.0,63.72,224900.0,none
2026-07-28T19:09:25,363.03,S009_Anish_chicken1,house_A,spoil_free_pcb_v1,pcb_A,chamber_A,poultry,chicken,Warmup,1307,0.163,7848,0.981,425,0.053,31.01,93257.0,63.71,225200.0,none
2026-07-28T19:09:27,365.03,S009_Anish_chicken1,house_A,spoil_free_pcb_v1,pcb_A,chamber_A,poultry,chicken,Warmup,1302,0.163,7846,0.981,424,0.053,31.01,93257.0,63.72,224000.0,none
2026-07-28T19:09:29,367.03,S009_Anish_chicken1,house_A,spoil_free_pcb_v1,pcb_A,chamber_A,poultry,chicken,Warmup,1303,0.163,7848,0.981,425,0.053,31.01,93257.0,63.71,224900.0,none
2026-07-28T19:09:31,369.04,S009_Anish_chicken1,house_A,spoil_free_pcb_v1,pcb_A,chamber_A,poultry,chicken,Warmup,1304,0.163,7852,0.982,425,0.053,31.01,93257.0,63.72,223400.0,none
2026-07-28T19:09:33,371.03,S009_Anish_chicken1,house_A,spoil_free_pcb_v1,pcb_A,chamber_A,poultry,chicken,Warmup,1306,0.163,7853,0.982,424,0.053,31.01,93257.0,63.7,224000.0,none
2026-07-28T19:09:35,373.03,S009_Anish_chicken1,house_A,spoil_free_pcb_v1,pcb_A,chamber_A,poultry,chicken,Warmup,1308,0.164,7859,0.982,425,0.053,31.0,93257.0,63.72,224200.0,none
2026-07-28T19:09:37,375.03,S009_Anish_chicken1,house_A,spoil_free_pcb_v1,pcb_A,chamber_A,poultry,chicken,Warmup,1310,0.164,7863,0.983,425,0.053,31.0,93259.0,63.73,225200.0,none
2026-07-28T19:09:39,377.04,S009_Anish_chicken1,house_A,spoil_free_pcb_v1,pcb_A,chamber_A,poultry,chicken,Warmup,1311,0.164,7866,0.983,424,0.053,31.01,93259.0,63.72,224000.0,none
2026-07-28T19:09:41,379.03,S009_Anish_chicken1,house_A,spoil_free_pcb_v1,pcb_A,chamber_A,poultry,chicken,Warmup,1314,0.164,7866,0.983,425,0.053,31.01,93259.0,63.74,224300.0,none
2026-07-28T19:09:43,381.03,S009_Anish_chicken1,house_A,spoil_free_pcb_v1,pcb_A,chamber_A,poultry,chicken,Warmup,1316,0.165,7866,0.983,426,0.053,31.01,93259.0,63.74,223700.0,none
2026-07-28T19:09:45,383.03,S009_Anish_chicken1,house_A,spoil_free_pcb_v1,pcb_A,chamber_A,poultry,chicken,Warmup,1316,0.165,7863,0.983,424,0.053,31.01,93259.0,63.72,223900.0,none
2026-07-28T19:09:47,385.03,S009_Anish_chicken1,house_A,spoil_free_pcb_v1,pcb_A,chamber_A,poultry,chicken,Warmup,1317,0.165,7863,0.983,425,0.053,31.01,93259.0,63.73,224500.0,none
2026-07-28T19:09:49,387.03,S009_Anish_chicken1,house_A,spoil_free_pcb_v1,pcb_A,chamber_A,poultry,chicken,Warmup,1316,0.165,7862,0.983,426,0.053,31.01,93259.0,63.74,223700.0,none
2026-07-28T19:09:51,389.03,S009_Anish_chicken1,house_A,spoil_free_pcb_v1,pcb_A,chamber_A,poultry,chicken,Warmup,1315,0.164,7859,0.982,425,0.053,31.01,93259.0,63.72,225400.0,none
2026-07-28T19:09:53,391.04,S009_Anish_chicken1,house_A,spoil_free_pcb_v1,pcb_A,chamber_A,poultry,chicken,Warmup,1312,0.164,7860,0.983,425,0.053,31.01,93259.0,63.71,226200.0,none
2026-07-28T19:09:55,393.04,S009_Anish_chicken1,house_A,spoil_free_pcb_v1,pcb_A,chamber_A,poultry,chicken,Warmup,1310,0.164,7858,0.982,425,0.053,31.01,93259.0,63.72,224500.0,none
2026-07-28T19:09:57,395.03,S009_Anish_chicken1,house_A,spoil_free_pcb_v1,pcb_A,chamber_A,poultry,chicken,Warmup,1309,0.164,7858,0.982,425,0.053,31.01,93259.0,63.72,224200.0,none
2026-07-28T19:09:59,397.03,S009_Anish_chicken1,house_A,spoil_free_pcb_v1,pcb_A,chamber_A,poultry,chicken,Warmup,1305,0.163,7857,0.982,424,0.053,31.01,93262.0,63.72,225400.0,none
2026-07-28T19:10:01,399.03,S009_Anish_chicken1,house_A,spoil_free_pcb_v1,pcb_A,chamber_A,poultry,chicken,Warmup,1300,0.163,7856,0.982,424,0.053,31.01,93262.0,63.71,224800.0,none
2026-07-28T19:10:03,401.02,S009_Anish_chicken1,house_A,spoil_free_pcb_v1,pcb_A,chamber_A,poultry,chicken,Warmup,1298,0.162,7858,0.982,425,0.053,31.01,93261.0,63.72,224600.0,none
2026-07-28T19:10:05,403.03,S009_Anish_chicken1,house_A,spoil_free_pcb_v1,pcb_A,chamber_A,poultry,chicken,Warmup,1298,0.162,7858,0.982,425,0.053,31.01,93262.0,63.7,224600.0,none
2026-07-28T19:10:07,405.03,S009_Anish_chicken1,house_A,spoil_free_pcb_v1,pcb_A,chamber_A,poultry,chicken,Warmup,1302,0.163,7859,0.982,424,0.053,31.02,93262.0,63.72,225900.0,none
2026-07-28T19:10:09,407.03,S009_Anish_chicken1,house_A,spoil_free_pcb_v1,pcb_A,chamber_A,poultry,chicken,Warmup,1307,0.163,7858,0.982,425,0.053,31.02,93262.0,63.72,224800.0,none
2026-07-28T19:10:11,409.03,S009_Anish_chicken1,house_A,spoil_free_pcb_v1,pcb_A,chamber_A,poultry,chicken,Warmup,1310,0.164,7859,0.982,425,0.053,31.02,93262.0,63.72,225400.0,none
2026-07-28T19:10:13,411.03,S009_Anish_chicken1,house_A,spoil_free_pcb_v1,pcb_A,chamber_A,poultry,chicken,Warmup,1315,0.164,7860,0.983,424,0.053,31.02,93262.0,63.71,224600.0,none
2026-07-28T19:10:15,413.03,S009_Anish_chicken1,house_A,spoil_free_pcb_v1,pcb_A,chamber_A,poultry,chicken,Warmup,1320,0.165,7860,0.983,424,0.053,31.02,93262.0,63.72,226200.0,none
2026-07-28T19:10:17,415.03,S009_Anish_chicken1,house_A,spoil_free_pcb_v1,pcb_A,chamber_A,poultry,chicken,Warmup,1321,0.165,7861,0.983,424,0.053,31.02,93262.0,63.73,225600.0,none
2026-07-28T19:10:19,417.03,S009_Anish_chicken1,house_A,spoil_free_pcb_v1,pcb_A,chamber_A,poultry,chicken,Warmup,1315,0.164,7861,0.983,424,0.053,31.02,93262.0,63.72,223700.0,none
2026-07-28T19:10:21,419.03,S009_Anish_chicken1,house_A,spoil_free_pcb_v1,pcb_A,chamber_A,poultry,chicken,Warmup,1312,0.164,7859,0.982,426,0.053,31.02,93262.0,63.73,225500.0,none
2026-07-28T19:10:23,421.03,S009_Anish_chicken1,house_A,spoil_free_pcb_v1,pcb_A,chamber_A,poultry,chicken,Warmup,1311,0.164,7860,0.983,424,0.053,31.03,93262.0,63.72,225100.0,none
2026-07-28T19:10:25,423.03,S009_Anish_chicken1,house_A,spoil_free_pcb_v1,pcb_A,chamber_A,poultry,chicken,Warmup,1308,0.164,7861,0.983,424,0.053,31.03,93261.0,63.73,225400.0,none
2026-07-28T19:10:27,425.04,S009_Anish_chicken1,house_A,spoil_free_pcb_v1,pcb_A,chamber_A,poultry,chicken,Warmup,1304,0.163,7859,0.982,424,0.053,31.03,93261.0,63.72,225900.0,none
2026-07-28T19:10:29,427.04,S009_Anish_chicken1,house_A,spoil_free_pcb_v1,pcb_A,chamber_A,poultry,chicken,Warmup,1299,0.162,7857,0.982,424,0.053,31.03,93262.0,63.71,225200.0,none
2026-07-28T19:10:31,429.04,S009_Anish_chicken1,house_A,spoil_free_pcb_v1,pcb_A,chamber_A,poultry,chicken,Warmup,1298,0.162,7855,0.982,426,0.053,31.03,93262.0,63.71,225100.0,none
2026-07-28T19:10:33,431.03,S009_Anish_chicken1,house_A,spoil_free_pcb_v1,pcb_A,chamber_A,poultry,chicken,Warmup,1298,0.162,7855,0.982,425,0.053,31.03,93262.0,63.72,224000.0,none
2026-07-28T19:10:35,433.03,S009_Anish_chicken1,house_A,spoil_free_pcb_v1,pcb_A,chamber_A,poultry,chicken,Warmup,1299,0.162,7854,0.982,424,0.053,31.03,93262.0,63.7,224800.0,none
2026-07-28T19:10:37,435.04,S009_Anish_chicken1,house_A,spoil_free_pcb_v1,pcb_A,chamber_A,poultry,chicken,Warmup,1302,0.163,7853,0.982,424,0.053,31.03,93262.0,63.7,225900.0,none
2026-07-28T19:10:39,437.04,S009_Anish_chicken1,house_A,spoil_free_pcb_v1,pcb_A,chamber_A,poultry,chicken,Warmup,1304,0.163,7853,0.982,424,0.053,31.03,93262.0,63.7,226200.0,none
2026-07-28T19:10:41,439.04,S009_Anish_chicken1,house_A,spoil_free_pcb_v1,pcb_A,chamber_A,poultry,chicken,Warmup,1308,0.164,7854,0.982,424,0.053,31.03,93262.0,63.7,224800.0,none
2026-07-28T19:10:43,441.04,S009_Anish_chicken1,house_A,spoil_free_pcb_v1,pcb_A,chamber_A,poultry,chicken,Warmup,1311,0.164,7855,0.982,425,0.053,31.03,93262.0,63.71,224800.0,none
2026-07-28T19:10:45,443.03,S009_Anish_chicken1,house_A,spoil_free_pcb_v1,pcb_A,chamber_A,poultry,chicken,Warmup,1314,0.164,7856,0.982,424,0.053,31.03,93262.0,63.7,225800.0,none
2026-07-28T19:10:47,445.03,S009_Anish_chicken1,house_A,spoil_free_pcb_v1,pcb_A,chamber_A,poultry,chicken,Warmup,1320,0.165,7857,0.982,425,0.053,31.03,93262.0,63.72,224600.0,none
2026-07-28T19:10:49,447.03,S009_Anish_chicken1,house_A,spoil_free_pcb_v1,pcb_A,chamber_A,poultry,chicken,Warmup,1321,0.165,7857,0.982,424,0.053,31.03,93262.0,63.69,225100.0,none
2026-07-28T19:10:51,449.03,S009_Anish_chicken1,house_A,spoil_free_pcb_v1,pcb_A,chamber_A,poultry,chicken,Warmup,1317,0.165,7858,0.982,424,0.053,31.03,93262.0,63.72,225600.0,none
2026-07-28T19:10:53,451.03,S009_Anish_chicken1,house_A,spoil_free_pcb_v1,pcb_A,chamber_A,poultry,chicken,Warmup,1313,0.164,7857,0.982,424,0.053,31.03,93262.0,63.7,226200.0,none
2026-07-28T19:10:55,453.02,S009_Anish_chicken1,house_A,spoil_free_pcb_v1,pcb_A,chamber_A,poultry,chicken,Warmup,1309,0.164,7858,0.982,424,0.053,31.03,93262.0,63.72,226100.0,none
2026-07-28T19:10:57,455.03,S009_Anish_chicken1,house_A,spoil_free_pcb_v1,pcb_A,chamber_A,poultry,chicken,Warmup,1306,0.163,7858,0.982,424,0.053,31.03,93266.0,63.7,225500.0,none
2026-07-28T19:10:59,457.04,S009_Anish_chicken1,house_A,spoil_free_pcb_v1,pcb_A,chamber_A,poultry,chicken,Warmup,1298,0.162,7857,0.982,423,0.053,31.03,93264.0,63.7,226200.0,none
2026-07-28T19:11:01,459.03,S009_Anish_chicken1,house_A,spoil_free_pcb_v1,pcb_A,chamber_A,poultry,chicken,Warmup,1297,0.162,7856,0.982,425,0.053,31.03,93264.0,63.69,225100.0,none
2026-07-28T19:11:03,461.03,S009_Anish_chicken1,house_A,spoil_free_pcb_v1,pcb_A,chamber_A,poultry,chicken,Warmup,1297,0.162,7855,0.982,423,0.053,31.04,93264.0,63.68,224800.0,none
2026-07-28T19:11:05,463.03,S009_Anish_chicken1,house_A,spoil_free_pcb_v1,pcb_A,chamber_A,poultry,chicken,Warmup,1304,0.163,7856,0.982,423,0.053,31.04,93264.0,63.68,227200.0,none
2026-07-28T19:11:07,465.03,S009_Anish_chicken1,house_A,spoil_free_pcb_v1,pcb_A,chamber_A,poultry,chicken,Warmup,1307,0.163,7854,0.982,424,0.053,31.04,93264.0,63.69,225400.0,none
2026-07-28T19:11:09,467.04,S009_Anish_chicken1,house_A,spoil_free_pcb_v1,pcb_A,chamber_A,poultry,chicken,Warmup,1312,0.164,7854,0.982,424,0.053,31.04,93264.0,63.69,225400.0,none
2026-07-28T19:11:11,469.03,S009_Anish_chicken1,house_A,spoil_free_pcb_v1,pcb_A,chamber_A,poultry,chicken,Warmup,1315,0.164,7856,0.982,425,0.053,31.04,93264.0,63.67,224500.0,none
2026-07-28T19:11:13,471.03,S009_Anish_chicken1,house_A,spoil_free_pcb_v1,pcb_A,chamber_A,poultry,chicken,Warmup,1319,0.165,7854,0.982,424,0.053,31.04,93264.0,63.67,225800.0,none
2026-07-28T19:11:15,473.04,S009_Anish_chicken1,house_A,spoil_free_pcb_v1,pcb_A,chamber_A,poultry,chicken,Warmup,1317,0.165,7853,0.982,424,0.053,31.04,93262.0,63.67,227200.0,none
2026-07-28T19:11:17,475.03,S009_Anish_chicken1,house_A,spoil_free_pcb_v1,pcb_A,chamber_A,poultry,chicken,Warmup,1312,0.164,7853,0.982,424,0.053,31.04,93262.0,63.68,225500.0,none
2026-07-28T19:11:19,477.03,S009_Anish_chicken1,house_A,spoil_free_pcb_v1,pcb_A,chamber_A,poultry,chicken,Warmup,1306,0.163,7853,0.982,424,0.053,31.04,93262.0,63.68,225600.0,none
2026-07-28T19:11:21,479.03,S009_Anish_chicken1,house_A,spoil_free_pcb_v1,pcb_A,chamber_A,poultry,chicken,Warmup,1302,0.163,7853,0.982,423,0.053,31.04,93262.0,63.67,225500.0,none
2026-07-28T19:11:23,481.03,S009_Anish_chicken1,house_A,spoil_free_pcb_v1,pcb_A,chamber_A,poultry,chicken,Warmup,1297,0.162,7851,0.981,424,0.053,31.04,93262.0,63.68,226900.0,none
2026-07-28T19:11:25,483.03,S009_Anish_chicken1,house_A,spoil_free_pcb_v1,pcb_A,chamber_A,poultry,chicken,Warmup,1296,0.162,7849,0.981,424,0.053,31.04,93262.0,63.67,226200.0,none
2026-07-28T19:11:27,485.03,S009_Anish_chicken1,house_A,spoil_free_pcb_v1,pcb_A,chamber_A,poultry,chicken,Warmup,1299,0.162,7851,0.981,424,0.053,31.04,93262.0,63.67,224800.0,none
2026-07-28T19:11:29,487.04,S009_Anish_chicken1,house_A,spoil_free_pcb_v1,pcb_A,chamber_A,poultry,chicken,Warmup,1302,0.163,7849,0.981,424,0.053,31.04,93261.0,63.68,225900.0,none
2026-07-28T19:11:31,489.03,S009_Anish_chicken1,house_A,spoil_free_pcb_v1,pcb_A,chamber_A,poultry,chicken,Warmup,1304,0.163,7849,0.981,424,0.053,31.04,93261.0,63.68,226100.0,none
2026-07-28T19:11:33,491.03,S009_Anish_chicken1,house_A,spoil_free_pcb_v1,pcb_A,chamber_A,poultry,chicken,Warmup,1307,0.163,7849,0.981,424,0.053,31.04,93261.0,63.68,225600.0,none
2026-07-28T19:11:35,493.03,S009_Anish_chicken1,house_A,spoil_free_pcb_v1,pcb_A,chamber_A,poultry,chicken,Warmup,1311,0.164,7849,0.981,425,0.053,31.04,93259.0,63.67,225400.0,none
2026-07-28T19:11:37,495.04,S009_Anish_chicken1,house_A,spoil_free_pcb_v1,pcb_A,chamber_A,poultry,chicken,Warmup,1314,0.164,7849,0.981,425,0.053,31.04,93259.0,63.67,226400.0,none
2026-07-28T19:11:39,497.02,S009_Anish_chicken1,house_A,spoil_free_pcb_v1,pcb_A,chamber_A,poultry,chicken,Warmup,1317,0.165,7849,0.981,424,0.053,31.04,93259.0,63.67,227200.0,none
2026-07-28T19:11:41,499.02,S009_Anish_chicken1,house_A,spoil_free_pcb_v1,pcb_A,chamber_A,poultry,chicken,Warmup,1315,0.164,7850,0.981,424,0.053,31.04,93259.0,63.67,225500.0,none
2026-07-28T19:11:43,501.02,S009_Anish_chicken1,house_A,spoil_free_pcb_v1,pcb_A,chamber_A,poultry,chicken,Warmup,1314,0.164,7850,0.981,424,0.053,31.04,93261.0,63.67,226200.0,none
2026-07-28T19:11:45,503.04,S009_Anish_chicken1,house_A,spoil_free_pcb_v1,pcb_A,chamber_A,poultry,chicken,Warmup,1314,0.164,7851,0.981,424,0.053,31.04,93261.0,63.67,225400.0,none
2026-07-28T19:11:47,505.04,S009_Anish_chicken1,house_A,spoil_free_pcb_v1,pcb_A,chamber_A,poultry,chicken,Warmup,1310,0.164,7852,0.982,424,0.053,31.04,93261.0,63.66,226500.0,none
2026-07-28T19:11:49,507.02,S009_Anish_chicken1,house_A,spoil_free_pcb_v1,pcb_A,chamber_A,poultry,chicken,Warmup,1307,0.163,7854,0.982,424,0.053,31.04,93261.0,63.68,226100.0,none
2026-07-28T19:11:51,509.04,S009_Anish_chicken1,house_A,spoil_free_pcb_v1,pcb_A,chamber_A,poultry,chicken,Warmup,1304,0.163,7855,0.982,425,0.053,31.04,93261.0,63.68,226100.0,none
2026-07-28T19:11:53,511.04,S009_Anish_chicken1,house_A,spoil_free_pcb_v1,pcb_A,chamber_A,poultry,chicken,Warmup,1300,0.163,7854,0.982,424,0.053,31.04,93261.0,63.68,225500.0,none
2026-07-28T19:11:55,513.03,S009_Anish_chicken1,house_A,spoil_free_pcb_v1,pcb_A,chamber_A,poultry,chicken,Warmup,1297,0.162,7854,0.982,424,0.053,31.05,93262.0,63.65,225200.0,none
2026-07-28T19:11:57,515.04,S009_Anish_chicken1,house_A,spoil_free_pcb_v1,pcb_A,chamber_A,poultry,chicken,Warmup,1297,0.162,7853,0.982,424,0.053,31.05,93262.0,63.66,225200.0,none
2026-07-28T19:11:59,517.04,S009_Anish_chicken1,house_A,spoil_free_pcb_v1,pcb_A,chamber_A,poultry,chicken,Warmup,1300,0.163,7853,0.982,424,0.053,31.05,93264.0,63.66,225500.0,none
2026-07-28T19:12:01,519.02,S009_Anish_chicken1,house_A,spoil_free_pcb_v1,pcb_A,chamber_A,poultry,chicken,Warmup,1304,0.163,7851,0.981,424,0.053,31.05,93264.0,63.67,226100.0,none
2026-07-28T19:12:03,521.02,S009_Anish_chicken1,house_A,spoil_free_pcb_v1,pcb_A,chamber_A,poultry,chicken,Warmup,1303,0.163,7853,0.982,423,0.053,31.05,93266.0,63.66,225900.0,none
2026-07-28T19:12:05,523.02,S009_Anish_chicken1,house_A,spoil_free_pcb_v1,pcb_A,chamber_A,poultry,chicken,Warmup,1305,0.163,7852,0.982,424,0.053,31.05,93266.0,63.66,226900.0,none
2026-07-28T19:12:07,525.03,S009_Anish_chicken1,house_A,spoil_free_pcb_v1,pcb_A,chamber_A,poultry,chicken,Warmup,1310,0.164,7851,0.981,424,0.053,31.05,93268.0,63.66,225900.0,none
2026-07-28T19:12:09,527.03,S009_Anish_chicken1,house_A,spoil_free_pcb_v1,pcb_A,chamber_A,poultry,chicken,Warmup,1313,0.164,7852,0.982,424,0.053,31.05,93270.0,63.65,225400.0,none
2026-07-28T19:12:11,529.02,S009_Anish_chicken1,house_A,spoil_free_pcb_v1,pcb_A,chamber_A,poultry,chicken,Warmup,1316,0.165,7852,0.982,424,0.053,31.05,93270.0,63.66,225900.0,none
2026-07-28T19:12:13,531.02,S009_Anish_chicken1,house_A,spoil_free_pcb_v1,pcb_A,chamber_A,poultry,chicken,Warmup,1316,0.165,7850,0.981,423,0.053,31.05,93272.0,63.66,226100.0,none
2026-07-28T19:12:15,533.03,S009_Anish_chicken1,house_A,spoil_free_pcb_v1,pcb_A,chamber_A,poultry,chicken,Warmup,1316,0.165,7849,0.981,424,0.053,31.04,93272.0,63.67,225800.0,none
2026-07-28T19:12:17,535.04,S009_Anish_chicken1,house_A,spoil_free_pcb_v1,pcb_A,chamber_A,poultry,chicken,Warmup,1314,0.164,7851,0.981,423,0.053,31.04,93274.0,63.67,226100.0,none
2026-07-28T19:12:19,537.03,S009_Anish_chicken1,house_A,spoil_free_pcb_v1,pcb_A,chamber_A,poultry,chicken,Warmup,1311,0.164,7848,0.981,425,0.053,31.04,93274.0,63.68,225900.0,none
2026-07-28T19:12:21,539.03,S009_Anish_chicken1,house_A,spoil_free_pcb_v1,pcb_A,chamber_A,poultry,chicken,Warmup,1312,0.164,7847,0.981,423,0.053,31.04,93274.0,63.69,226200.0,none
2026-07-28T19:12:23,541.03,S009_Anish_chicken1,house_A,spoil_free_pcb_v1,pcb_A,chamber_A,poultry,chicken,Warmup,1306,0.163,7847,0.981,423,0.053,31.04,93274.0,63.7,227000.0,none
2026-07-28T19:12:25,543.02,S009_Anish_chicken1,house_A,spoil_free_pcb_v1,pcb_A,chamber_A,poultry,chicken,Warmup,1305,0.163,7847,0.981,423,0.053,31.04,93276.0,63.68,225400.0,none
2026-07-28T19:12:27,545.04,S009_Anish_chicken1,house_A,spoil_free_pcb_v1,pcb_A,chamber_A,poultry,chicken,Warmup,1300,0.163,7847,0.981,424,0.053,31.04,93274.0,63.69,226200.0,none
2026-07-28T19:12:29,547.03,S009_Anish_chicken1,house_A,spoil_free_pcb_v1,pcb_A,chamber_A,poultry,chicken,Warmup,1296,0.162,7847,0.981,424,0.053,31.04,93276.0,63.69,225900.0,none
2026-07-28T19:12:31,549.04,S009_Anish_chicken1,house_A,spoil_free_pcb_v1,pcb_A,chamber_A,poultry,chicken,Warmup,1295,0.162,7847,0.981,424,0.053,31.04,93276.0,63.69,225800.0,none
2026-07-28T19:12:33,551.03,S009_Anish_chicken1,house_A,spoil_free_pcb_v1,pcb_A,chamber_A,poultry,chicken,Warmup,1300,0.163,7847,0.981,424,0.053,31.04,93276.0,63.7,226100.0,none
2026-07-28T19:12:35,553.04,S009_Anish_chicken1,house_A,spoil_free_pcb_v1,pcb_A,chamber_A,poultry,chicken,Warmup,1297,0.162,7847,0.981,424,0.053,31.04,93276.0,63.7,226700.0,none
2026-07-28T19:12:37,555.03,S009_Anish_chicken1,house_A,spoil_free_pcb_v1,pcb_A,chamber_A,poultry,chicken,Warmup,1298,0.162,7848,0.981,424,0.053,31.04,93276.0,63.67,226200.0,none
2026-07-28T19:12:39,557.02,S009_Anish_chicken1,house_A,spoil_free_pcb_v1,pcb_A,chamber_A,poultry,chicken,Warmup,1299,0.162,7847,0.981,424,0.053,31.04,93278.0,63.7,226400.0,none
2026-07-28T19:12:41,559.02,S009_Anish_chicken1,house_A,spoil_free_pcb_v1,pcb_A,chamber_A,poultry,chicken,Warmup,1301,0.163,7849,0.981,423,0.053,31.04,93278.0,63.68,226400.0,none
2026-07-28T19:12:43,561.03,S009_Anish_chicken1,house_A,spoil_free_pcb_v1,pcb_A,chamber_A,poultry,chicken,Warmup,1304,0.163,7847,0.981,423,0.053,31.04,93278.0,63.7,225200.0,none
2026-07-28T19:12:45,563.02,S009_Anish_chicken1,house_A,spoil_free_pcb_v1,pcb_A,chamber_A,poultry,chicken,Warmup,1305,0.163,7846,0.981,423,0.053,31.03,93280.0,63.71,228100.0,none
2026-07-28T19:12:47,565.03,S009_Anish_chicken1,house_A,spoil_free_pcb_v1,pcb_A,chamber_A,poultry,chicken,Warmup,1307,0.163,7848,0.981,424,0.053,31.04,93280.0,63.72,226900.0,none
2026-07-28T19:12:49,567.04,S009_Anish_chicken1,house_A,spoil_free_pcb_v1,pcb_A,chamber_A,poultry,chicken,Warmup,1308,0.164,7848,0.981,424,0.053,31.04,93282.0,63.71,227200.0,none
2026-07-28T19:12:51,569.04,S009_Anish_chicken1,house_A,spoil_free_pcb_v1,pcb_A,chamber_A,poultry,chicken,Warmup,1311,0.164,7848,0.981,424,0.053,31.04,93284.0,63.7,228400.0,none
2026-07-28T19:12:53,571.03,S009_Anish_chicken1,house_A,spoil_free_pcb_v1,pcb_A,chamber_A,poultry,chicken,Warmup,1313,0.164,7848,0.981,424,0.053,31.04,93284.0,63.7,227300.0,none
2026-07-28T19:12:55,573.03,S009_Anish_chicken1,house_A,spoil_free_pcb_v1,pcb_A,chamber_A,poultry,chicken,Warmup,1312,0.164,7846,0.981,424,0.053,31.04,93284.0,63.69,226700.0,none
2026-07-28T19:12:57,575.03,S009_Anish_chicken1,house_A,spoil_free_pcb_v1,pcb_A,chamber_A,poultry,chicken,Warmup,1314,0.164,7847,0.981,424,0.053,31.04,93286.0,63.71,226100.0,none
2026-07-28T19:12:59,577.03,S009_Anish_chicken1,house_A,spoil_free_pcb_v1,pcb_A,chamber_A,poultry,chicken,Warmup,1316,0.165,7848,0.981,423,0.053,31.04,93286.0,63.72,226900.0,none
2026-07-28T19:13:01,579.02,S009_Anish_chicken1,house_A,spoil_free_pcb_v1,pcb_A,chamber_A,poultry,chicken,Warmup,1310,0.164,7849,0.981,424,0.053,31.04,93286.0,63.72,226500.0,none
2026-07-28T19:13:03,581.04,S009_Anish_chicken1,house_A,spoil_free_pcb_v1,pcb_A,chamber_A,poultry,chicken,Warmup,1311,0.164,7849,0.981,424,0.053,31.04,93286.0,63.71,227800.0,none
2026-07-28T19:13:05,583.03,S009_Anish_chicken1,house_A,spoil_free_pcb_v1,pcb_A,chamber_A,poultry,chicken,Warmup,1307,0.163,7847,0.981,424,0.053,31.04,93286.0,63.72,226200.0,none
2026-07-28T19:13:07,585.04,S009_Anish_chicken1,house_A,spoil_free_pcb_v1,pcb_A,chamber_A,poultry,chicken,Warmup,1305,0.163,7847,0.981,424,0.053,31.04,93286.0,63.72,226900.0,none
2026-07-28T19:13:09,587.04,S009_Anish_chicken1,house_A,spoil_free_pcb_v1,pcb_A,chamber_A,poultry,chicken,Warmup,1297,0.162,7849,0.981,423,0.053,31.04,93286.0,63.69,225800.0,none
2026-07-28T19:13:11,589.02,S009_Anish_chicken1,house_A,spoil_free_pcb_v1,pcb_A,chamber_A,poultry,chicken,Warmup,1294,0.162,7848,0.981,423,0.053,31.05,93286.0,63.69,226200.0,none
2026-07-28T19:13:13,591.04,S009_Anish_chicken1,house_A,spoil_free_pcb_v1,pcb_A,chamber_A,poultry,chicken,Warmup,1294,0.162,7849,0.981,425,0.053,31.05,93286.0,63.7,227000.0,none
2026-07-28T19:13:15,593.04,S009_Anish_chicken1,house_A,spoil_free_pcb_v1,pcb_A,chamber_A,poultry,chicken,Warmup,1294,0.162,7850,0.981,424,0.053,31.05,93288.0,63.69,226900.0,none
2026-07-28T19:13:17,595.02,S009_Anish_chicken1,house_A,spoil_free_pcb_v1,pcb_A,chamber_A,poultry,chicken,Warmup,1298,0.162,7852,0.982,424,0.053,31.05,93288.0,63.7,228800.0,none
2026-07-28T19:13:19,597.04,S009_Anish_chicken1,house_A,spoil_free_pcb_v1,pcb_A,chamber_A,poultry,chicken,Warmup,1299,0.162,7854,0.982,425,0.053,31.05,93290.0,63.7,228200.0,none
2026-07-28T19:13:21,599.04,S009_Anish_chicken1,house_A,spoil_free_pcb_v1,pcb_A,chamber_A,poultry,chicken,Warmup,1303,0.163,7854,0.982,424,0.053,31.05,93290.0,63.7,226500.0,none
2026-07-28T19:13:23,601.02,S009_Anish_chicken1,house_A,spoil_free_pcb_v1,pcb_A,chamber_A,poultry,chicken,Warmup,1307,0.163,7856,0.982,424,0.053,31.05,93290.0,63.69,227300.0,none
2026-07-28T19:13:25,603.03,S009_Anish_chicken1,house_A,spoil_free_pcb_v1,pcb_A,chamber_A,poultry,chicken,Warmup,1310,0.164,7856,0.982,424,0.053,31.05,93292.0,63.69,227300.0,none
2026-07-28T19:13:27,605.04,S009_Anish_chicken1,house_A,spoil_free_pcb_v1,pcb_A,chamber_A,poultry,chicken,Warmup,1315,0.164,7856,0.982,424,0.053,31.05,93290.0,63.69,226700.0,none
2026-07-28T19:13:29,607.03,S009_Anish_chicken1,house_A,spoil_free_pcb_v1,pcb_A,chamber_A,poultry,chicken,Warmup,1316,0.165,7856,0.982,424,0.053,31.06,93290.0,63.69,226500.0,none
2026-07-28T19:13:31,609.02,S009_Anish_chicken1,house_A,spoil_free_pcb_v1,pcb_A,chamber_A,poultry,chicken,Warmup,1319,0.165,7856,0.982,423,0.053,31.06,93290.0,63.69,226100.0,none
2026-07-28T19:13:33,611.02,S009_Anish_chicken1,house_A,spoil_free_pcb_v1,pcb_A,chamber_A,poultry,chicken,Warmup,1316,0.165,7857,0.982,424,0.053,31.06,93292.0,63.69,225600.0,none
2026-07-28T19:13:35,613.04,S009_Anish_chicken1,house_A,spoil_free_pcb_v1,pcb_A,chamber_A,poultry,chicken,Warmup,1311,0.164,7854,0.982,424,0.053,31.05,93294.0,63.69,228200.0,none
2026-07-28T19:13:37,615.02,S009_Anish_chicken1,house_A,spoil_free_pcb_v1,pcb_A,chamber_A,poultry,chicken,Warmup,1307,0.163,7854,0.982,424,0.053,31.05,93292.0,63.69,227500.0,none
2026-07-28T19:13:39,617.03,S009_Anish_chicken1,house_A,spoil_free_pcb_v1,pcb_A,chamber_A,poultry,chicken,Warmup,1303,0.163,7853,0.982,424,0.053,31.05,93292.0,63.69,225800.0,none
2026-07-28T19:13:41,619.03,S009_Anish_chicken1,house_A,spoil_free_pcb_v1,pcb_A,chamber_A,poultry,chicken,Warmup,1299,0.162,7854,0.982,424,0.053,31.05,93292.0,63.69,226400.0,none
2026-07-28T19:13:43,621.03,S009_Anish_chicken1,house_A,spoil_free_pcb_v1,pcb_A,chamber_A,poultry,chicken,Warmup,1298,0.162,7854,0.982,423,0.053,31.05,93294.0,63.7,228100.0,none
2026-07-28T19:13:45,623.03,S009_Anish_chicken1,house_A,spoil_free_pcb_v1,pcb_A,chamber_A,poultry,chicken,Warmup,1299,0.162,7853,0.982,425,0.053,31.05,93298.0,63.69,226100.0,none
2026-07-28T19:13:47,625.02,S009_Anish_chicken1,house_A,spoil_free_pcb_v1,pcb_A,chamber_A,poultry,chicken,Warmup,1301,0.163,7852,0.982,423,0.053,31.05,93300.0,63.69,226400.0,none
2026-07-28T19:13:49,627.02,S009_Anish_chicken1,house_A,spoil_free_pcb_v1,pcb_A,chamber_A,poultry,chicken,Warmup,1304,0.163,7853,0.982,423,0.053,31.05,93302.0,63.7,227500.0,none
2026-07-28T19:13:51,629.03,S009_Anish_chicken1,house_A,spoil_free_pcb_v1,pcb_A,chamber_A,poultry,chicken,Warmup,1306,0.163,7852,0.982,424,0.053,31.05,93304.0,63.7,226500.0,none
2026-07-28T19:13:53,631.01,S009_Anish_chicken1,house_A,spoil_free_pcb_v1,pcb_A,chamber_A,poultry,chicken,Warmup,1310,0.164,7851,0.981,425,0.053,31.05,93306.0,63.7,226100.0,none
2026-07-28T19:13:55,633.03,S009_Anish_chicken1,house_A,spoil_free_pcb_v1,pcb_A,chamber_A,poultry,chicken,Warmup,1313,0.164,7852,0.982,424,0.053,31.05,93306.0,63.7,227600.0,none
2026-07-28T19:13:57,635.03,S009_Anish_chicken1,house_A,spoil_free_pcb_v1,pcb_A,chamber_A,poultry,chicken,Warmup,1317,0.165,7852,0.982,424,0.053,31.05,93306.0,63.71,226900.0,none
2026-07-28T19:13:59,637.03,S009_Anish_chicken1,house_A,spoil_free_pcb_v1,pcb_A,chamber_A,poultry,chicken,Warmup,1316,0.165,7854,0.982,423,0.053,31.06,93306.0,63.7,227800.0,none
2026-07-28T19:14:01,639.02,S009_Anish_chicken1,house_A,spoil_free_pcb_v1,pcb_A,chamber_A,poultry,chicken,Warmup,1310,0.164,7853,0.982,424,0.053,31.06,93304.0,63.71,226700.0,none
2026-07-28T19:14:03,641.03,S009_Anish_chicken1,house_A,spoil_free_pcb_v1,pcb_A,chamber_A,poultry,chicken,Warmup,1307,0.163,7853,0.982,423,0.053,31.06,93304.0,63.7,226900.0,none
2026-07-28T19:14:05,643.03,S009_Anish_chicken1,house_A,spoil_free_pcb_v1,pcb_A,chamber_A,poultry,chicken,Warmup,1302,0.163,7851,0.981,423,0.053,31.06,93304.0,63.7,226400.0,none
2026-07-28T19:14:07,645.03,S009_Anish_chicken1,house_A,spoil_free_pcb_v1,pcb_A,chamber_A,poultry,chicken,Warmup,1297,0.162,7853,0.982,423,0.053,31.06,93306.0,63.7,228100.0,none
2026-07-28T19:14:09,647.02,S009_Anish_chicken1,house_A,spoil_free_pcb_v1,pcb_A,chamber_A,poultry,chicken,Warmup,1296,0.162,7853,0.982,424,0.053,31.06,93308.0,63.7,227800.0,none
2026-07-28T19:14:11,649.03,S009_Anish_chicken1,house_A,spoil_free_pcb_v1,pcb_A,chamber_A,poultry,chicken,Warmup,1300,0.163,7853,0.982,424,0.053,31.06,93308.0,63.7,226700.0,none
2026-07-28T19:14:13,651.03,S009_Anish_chicken1,house_A,spoil_free_pcb_v1,pcb_A,chamber_A,poultry,chicken,Warmup,1304,0.163,7852,0.982,424,0.053,31.06,93310.0,63.7,227300.0,none
2026-07-28T19:14:15,653.04,S009_Anish_chicken1,house_A,spoil_free_pcb_v1,pcb_A,chamber_A,poultry,chicken,Warmup,1309,0.164,7853,0.982,423,0.053,31.06,93312.0,63.7,227900.0,none
2026-07-28T19:14:17,655.02,S009_Anish_chicken1,house_A,spoil_free_pcb_v1,pcb_A,chamber_A,poultry,chicken,Warmup,1312,0.164,7851,0.981,423,0.053,31.06,93312.0,63.71,227200.0,none
2026-07-28T19:14:19,657.03,S009_Anish_chicken1,house_A,spoil_free_pcb_v1,pcb_A,chamber_A,poultry,chicken,Warmup,1313,0.164,7853,0.982,425,0.053,31.06,93312.0,63.7,226700.0,none
2026-07-28T19:14:21,659.04,S009_Anish_chicken1,house_A,spoil_free_pcb_v1,pcb_A,chamber_A,poultry,chicken,Warmup,1309,0.164,7852,0.982,423,0.053,31.06,93312.0,63.7,229000.0,none
2026-07-28T19:14:23,661.02,S009_Anish_chicken1,house_A,spoil_free_pcb_v1,pcb_A,chamber_A,poultry,chicken,Warmup,1304,0.163,7852,0.982,423,0.053,31.06,93314.0,63.7,227200.0,none
2026-07-28T19:14:25,663.03,S009_Anish_chicken1,house_A,spoil_free_pcb_v1,pcb_A,chamber_A,poultry,chicken,Warmup,1298,0.162,7850,0.981,424,0.053,31.05,93314.0,63.7,227500.0,none
2026-07-28T19:14:27,665.01,S009_Anish_chicken1,house_A,spoil_free_pcb_v1,pcb_A,chamber_A,poultry,chicken,Warmup,1296,0.162,7851,0.981,424,0.053,31.05,93312.0,63.68,226900.0,none
2026-07-28T19:14:29,667.02,S009_Anish_chicken1,house_A,spoil_free_pcb_v1,pcb_A,chamber_A,poultry,chicken,Warmup,1298,0.162,7851,0.981,423,0.053,31.05,93314.0,63.7,226100.0,none
2026-07-28T19:14:31,669.03,S009_Anish_chicken1,house_A,spoil_free_pcb_v1,pcb_A,chamber_A,poultry,chicken,Warmup,1302,0.163,7852,0.982,423,0.053,31.05,93316.0,63.72,229100.0,none
2026-07-28T19:14:33,671.03,S009_Anish_chicken1,house_A,spoil_free_pcb_v1,pcb_A,chamber_A,poultry,chicken,Warmup,1309,0.164,7852,0.982,423,0.053,31.05,93316.0,63.73,227000.0,none
2026-07-28T19:14:35,673.03,S009_Anish_chicken1,house_A,spoil_free_pcb_v1,pcb_A,chamber_A,poultry,chicken,Warmup,1310,0.164,7853,0.982,423,0.053,31.05,93316.0,63.73,226700.0,none
2026-07-28T19:14:37,675.03,S009_Anish_chicken1,house_A,spoil_free_pcb_v1,pcb_A,chamber_A,poultry,chicken,Warmup,1308,0.164,7854,0.982,423,0.053,31.05,93314.0,63.71,227500.0,none
2026-07-28T19:14:39,677.02,S009_Anish_chicken1,house_A,spoil_free_pcb_v1,pcb_A,chamber_A,poultry,chicken,Warmup,1305,0.163,7852,0.982,423,0.053,31.05,93314.0,63.71,227800.0,none
2026-07-28T19:14:41,679.03,S009_Anish_chicken1,house_A,spoil_free_pcb_v1,pcb_A,chamber_A,poultry,chicken,Warmup,1301,0.163,7854,0.982,424,0.053,31.05,93314.0,63.73,227600.0,none
2026-07-28T19:14:43,682.02,S009_Anish_chicken1,house_A,spoil_free_pcb_v1,pcb_A,chamber_A,poultry,chicken,Warmup,1296,0.162,7854,0.982,423,0.053,31.05,93314.0,63.72,227200.0,none
2026-07-28T19:14:45,683.03,S009_Anish_chicken1,house_A,spoil_free_pcb_v1,pcb_A,chamber_A,poultry,chicken,Warmup,1296,0.162,7855,0.982,423,0.053,31.05,93316.0,63.73,228100.0,none
2026-07-28T19:14:47,685.02,S009_Anish_chicken1,house_A,spoil_free_pcb_v1,pcb_A,chamber_A,poultry,chicken,Warmup,1299,0.162,7854,0.982,424,0.053,31.04,93317.0,63.75,227000.0,none
2026-07-28T19:14:49,687.04,S009_Anish_chicken1,house_A,spoil_free_pcb_v1,pcb_A,chamber_A,poultry,chicken,Warmup,1303,0.163,7853,0.982,424,0.053,31.04,93317.0,63.75,227800.0,none
2026-07-28T19:14:51,689.03,S009_Anish_chicken1,house_A,spoil_free_pcb_v1,pcb_A,chamber_A,poultry,chicken,Warmup,1307,0.163,7855,0.982,423,0.053,31.04,93317.0,63.74,227200.0,none
2026-07-28T19:14:53,691.02,S009_Anish_chicken1,house_A,spoil_free_pcb_v1,pcb_A,chamber_A,poultry,chicken,Warmup,1316,0.165,7853,0.982,424,0.053,31.05,93317.0,63.73,227800.0,none
2026-07-28T19:14:55,693.03,S009_Anish_chicken1,house_A,spoil_free_pcb_v1,pcb_A,chamber_A,poultry,chicken,Warmup,1315,0.164,7853,0.982,424,0.053,31.04,93317.0,63.74,226900.0,none
2026-07-28T19:14:57,695.03,S009_Anish_chicken1,house_A,spoil_free_pcb_v1,pcb_A,chamber_A,poultry,chicken,Warmup,1308,0.164,7853,0.982,424,0.053,31.04,93319.0,63.75,229300.0,none
2026-07-28T19:14:59,697.03,S009_Anish_chicken1,house_A,spoil_free_pcb_v1,pcb_A,chamber_A,poultry,chicken,Warmup,1302,0.163,7854,0.982,423,0.053,31.04,93321.0,63.76,227600.0,none
2026-07-28T19:15:01,699.03,S009_Anish_chicken1,house_A,spoil_free_pcb_v1,pcb_A,chamber_A,poultry,chicken,Warmup,1299,0.162,7856,0.982,424,0.053,31.04,93321.0,63.77,227900.0,none
2026-07-28T19:15:03,701.03,S009_Anish_chicken1,house_A,spoil_free_pcb_v1,pcb_A,chamber_A,poultry,chicken,Warmup,1295,0.162,7855,0.982,423,0.053,31.04,93321.0,63.78,229100.0,none
2026-07-28T19:15:05,703.04,S009_Anish_chicken1,house_A,spoil_free_pcb_v1,pcb_A,chamber_A,poultry,chicken,Warmup,1296,0.162,7858,0.982,423,0.053,31.04,93317.0,63.76,228800.0,none
2026-07-28T19:15:07,705.02,S009_Anish_chicken1,house_A,spoil_free_pcb_v1,pcb_A,chamber_A,poultry,chicken,Warmup,1299,0.162,7857,0.982,423,0.053,31.04,93317.0,63.76,227800.0,none
2026-07-28T19:15:09,707.03,S009_Anish_chicken1,house_A,spoil_free_pcb_v1,pcb_A,chamber_A,poultry,chicken,Warmup,1300,0.163,7857,0.982,423,0.053,31.04,93317.0,63.78,227500.0,none
2026-07-28T19:15:11,709.03,S009_Anish_chicken1,house_A,spoil_free_pcb_v1,pcb_A,chamber_A,poultry,chicken,Warmup,1306,0.163,7856,0.982,425,0.053,31.04,93317.0,63.79,228100.0,none
2026-07-28T19:15:13,711.02,S009_Anish_chicken1,house_A,spoil_free_pcb_v1,pcb_A,chamber_A,poultry,chicken,Warmup,1310,0.164,7859,0.982,424,0.053,31.03,93316.0,63.77,227900.0,none
2026-07-28T19:15:15,713.03,S009_Anish_chicken1,house_A,spoil_free_pcb_v1,pcb_A,chamber_A,poultry,chicken,Warmup,1315,0.164,7860,0.983,424,0.053,31.03,93312.0,63.8,229600.0,none
2026-07-28T19:15:17,715.03,S009_Anish_chicken1,house_A,spoil_free_pcb_v1,pcb_A,chamber_A,poultry,chicken,Warmup,1316,0.165,7860,0.983,423,0.053,31.03,93312.0,63.79,228500.0,none
2026-07-28T19:15:19,717.02,S009_Anish_chicken1,house_A,spoil_free_pcb_v1,pcb_A,chamber_A,poultry,chicken,Warmup,1314,0.164,7860,0.983,424,0.053,31.03,93314.0,63.79,227600.0,none
2026-07-28T19:15:21,719.03,S009_Anish_chicken1,house_A,spoil_free_pcb_v1,pcb_A,chamber_A,poultry,chicken,Warmup,1310,0.164,7861,0.983,424,0.053,31.03,93314.0,63.8,228200.0,none
2026-07-28T19:15:23,721.02,S009_Anish_chicken1,house_A,spoil_free_pcb_v1,pcb_A,chamber_A,poultry,chicken,Warmup,1307,0.163,7860,0.983,424,0.053,31.03,93316.0,63.81,227200.0,none
2026-07-28T19:15:25,723.03,S009_Anish_chicken1,house_A,spoil_free_pcb_v1,pcb_A,chamber_A,poultry,chicken,Warmup,1304,0.163,7859,0.982,423,0.053,31.03,93316.0,63.8,228200.0,none
2026-07-28T19:15:27,725.02,S009_Anish_chicken1,house_A,spoil_free_pcb_v1,pcb_A,chamber_A,poultry,chicken,Warmup,1299,0.162,7859,0.982,424,0.053,31.03,93317.0,63.82,227500.0,none
2026-07-28T19:15:29,727.02,S009_Anish_chicken1,house_A,spoil_free_pcb_v1,pcb_A,chamber_A,poultry,chicken,Warmup,1294,0.162,7859,0.982,423,0.053,31.03,93316.0,63.8,229600.0,none
2026-07-28T19:15:31,729.03,S009_Anish_chicken1,house_A,spoil_free_pcb_v1,pcb_A,chamber_A,poultry,chicken,Warmup,1289,0.161,7862,0.983,424,0.053,31.03,93316.0,63.8,228200.0,none
2026-07-28T19:15:33,731.02,S009_Anish_chicken1,house_A,spoil_free_pcb_v1,pcb_A,chamber_A,poultry,chicken,Warmup,1290,0.161,7861,0.983,424,0.053,31.03,93317.0,63.81,229000.0,none
2026-07-28T19:15:35,733.03,S009_Anish_chicken1,house_A,spoil_free_pcb_v1,pcb_A,chamber_A,poultry,chicken,Warmup,1290,0.161,7860,0.983,423,0.053,31.03,93317.0,63.81,228100.0,none
2026-07-28T19:15:37,735.02,S009_Anish_chicken1,house_A,spoil_free_pcb_v1,pcb_A,chamber_A,poultry,chicken,Warmup,1292,0.162,7860,0.983,424,0.053,31.03,93317.0,63.79,229600.0,none
2026-07-28T19:15:39,737.03,S009_Anish_chicken1,house_A,spoil_free_pcb_v1,pcb_A,chamber_A,poultry,chicken,Warmup,1292,0.162,7860,0.983,424,0.053,31.03,93317.0,63.8,228100.0,none
2026-07-28T19:15:41,739.03,S009_Anish_chicken1,house_A,spoil_free_pcb_v1,pcb_A,chamber_A,poultry,chicken,Warmup,1297,0.162,7859,0.982,423,0.053,31.03,93317.0,63.8,228500.0,none
2026-07-28T19:15:43,741.03,S009_Anish_chicken1,house_A,spoil_free_pcb_v1,pcb_A,chamber_A,poultry,chicken,Warmup,1297,0.162,7859,0.982,424,0.053,31.03,93317.0,63.79,228400.0,none
2026-07-28T19:15:45,743.02,S009_Anish_chicken1,house_A,spoil_free_pcb_v1,pcb_A,chamber_A,poultry,chicken,Warmup,1302,0.163,7858,0.982,424,0.053,31.03,93319.0,63.8,229000.0,none
2026-07-28T19:15:47,745.03,S009_Anish_chicken1,house_A,spoil_free_pcb_v1,pcb_A,chamber_A,poultry,chicken,Warmup,1305,0.163,7859,0.982,423,0.053,31.03,93319.0,63.79,228800.0,none
2026-07-28T19:15:49,747.03,S009_Anish_chicken1,house_A,spoil_free_pcb_v1,pcb_A,chamber_A,poultry,chicken,Warmup,1307,0.163,7859,0.982,424,0.053,31.03,93319.0,63.8,228700.0,none
2026-07-28T19:15:51,749.03,S009_Anish_chicken1,house_A,spoil_free_pcb_v1,pcb_A,chamber_A,poultry,chicken,Warmup,1310,0.164,7858,0.982,424,0.053,31.03,93319.0,63.8,228500.0,none
2026-07-28T19:15:53,751.03,S009_Anish_chicken1,house_A,spoil_free_pcb_v1,pcb_A,chamber_A,poultry,chicken,Warmup,1315,0.164,7857,0.982,423,0.053,31.03,93317.0,63.79,228500.0,none
2026-07-28T19:15:55,753.03,S009_Anish_chicken1,house_A,spoil_free_pcb_v1,pcb_A,chamber_A,poultry,chicken,Warmup,1318,0.165,7858,0.982,424,0.053,31.03,93317.0,63.8,228800.0,none
2026-07-28T19:15:57,755.02,S009_Anish_chicken1,house_A,spoil_free_pcb_v1,pcb_A,chamber_A,poultry,chicken,Warmup,1313,0.164,7857,0.982,424,0.053,31.02,93317.0,63.79,228200.0,none
2026-07-28T19:15:59,757.03,S009_Anish_chicken1,house_A,spoil_free_pcb_v1,pcb_A,chamber_A,poultry,chicken,Warmup,1309,0.164,7859,0.982,424,0.053,31.02,93316.0,63.8,229400.0,none
2026-07-28T19:16:01,759.02,S009_Anish_chicken1,house_A,spoil_free_pcb_v1,pcb_A,chamber_A,poultry,chicken,Warmup,1308,0.164,7855,0.982,423,0.053,31.02,93314.0,63.81,228700.0,none
2026-07-28T19:16:03,761.04,S009_Anish_chicken1,house_A,spoil_free_pcb_v1,pcb_A,chamber_A,poultry,chicken,Warmup,1304,0.163,7858,0.982,424,0.053,31.02,93312.0,63.79,229100.0,none
2026-07-28T19:16:05,763.03,S009_Anish_chicken1,house_A,spoil_free_pcb_v1,pcb_A,chamber_A,poultry,chicken,Warmup,1302,0.163,7856,0.982,423,0.053,31.03,93310.0,63.8,228200.0,none
2026-07-28T19:16:07,765.03,S009_Anish_chicken1,house_A,spoil_free_pcb_v1,pcb_A,chamber_A,poultry,chicken,Warmup,1298,0.162,7856,0.982,423,0.053,31.03,93308.0,63.8,228700.0,none
2026-07-28T19:16:09,767.03,S009_Anish_chicken1,house_A,spoil_free_pcb_v1,pcb_A,chamber_A,poultry,chicken,Warmup,1298,0.162,7857,0.982,424,0.053,31.03,93306.0,63.8,228800.0,none
2026-07-28T19:16:11,769.02,S009_Anish_chicken1,house_A,spoil_free_pcb_v1,pcb_A,chamber_A,poultry,chicken,Warmup,1296,0.162,7857,0.982,423,0.053,31.03,93306.0,63.8,229300.0,none
2026-07-28T19:16:13,771.03,S009_Anish_chicken1,house_A,spoil_free_pcb_v1,pcb_A,chamber_A,poultry,chicken,Warmup,1295,0.162,7857,0.982,423,0.053,31.03,93308.0,63.8,227800.0,none
2026-07-28T19:16:15,773.04,S009_Anish_chicken1,house_A,spoil_free_pcb_v1,pcb_A,chamber_A,poultry,chicken,Warmup,1295,0.162,7857,0.982,424,0.053,31.03,93308.0,63.78,227900.0,none
2026-07-28T19:16:17,775.03,S009_Anish_chicken1,house_A,spoil_free_pcb_v1,pcb_A,chamber_A,poultry,chicken,Warmup,1296,0.162,7856,0.982,423,0.053,31.03,93306.0,63.8,229900.0,none
2026-07-28T19:16:19,777.02,S009_Anish_chicken1,house_A,spoil_free_pcb_v1,pcb_A,chamber_A,poultry,chicken,Warmup,1297,0.162,7860,0.983,425,0.053,31.03,93306.0,63.78,229100.0,none
2026-07-28T19:16:21,779.03,S009_Anish_chicken1,house_A,spoil_free_pcb_v1,pcb_A,chamber_A,poultry,chicken,Warmup,1301,0.163,7866,0.983,424,0.053,31.03,93308.0,63.79,228700.0,none
2026-07-28T19:16:23,781.03,S009_Anish_chicken1,house_A,spoil_free_pcb_v1,pcb_A,chamber_A,poultry,chicken,Warmup,1301,0.163,7875,0.984,424,0.053,31.03,93306.0,63.79,228500.0,none
2026-07-28T19:16:25,783.02,S009_Anish_chicken1,house_A,spoil_free_pcb_v1,pcb_A,chamber_A,poultry,chicken,Warmup,1305,0.163,7880,0.985,423,0.053,31.03,93306.0,63.78,227800.0,none
2026-07-28T19:16:27,785.03,S009_Anish_chicken1,house_A,spoil_free_pcb_v1,pcb_A,chamber_A,poultry,chicken,Warmup,1307,0.163,7882,0.985,424,0.053,31.03,93306.0,63.79,229400.0,none
2026-07-28T19:16:29,787.02,S009_Anish_chicken1,house_A,spoil_free_pcb_v1,pcb_A,chamber_A,poultry,chicken,Warmup,1316,0.165,7883,0.985,423,0.053,31.03,93308.0,63.78,229100.0,none
2026-07-28T19:16:31,789.03,S009_Anish_chicken1,house_A,spoil_free_pcb_v1,pcb_A,chamber_A,poultry,chicken,Warmup,1308,0.164,7881,0.985,423,0.053,31.03,93308.0,63.8,228500.0,none
2026-07-28T19:16:33,791.02,S009_Anish_chicken1,house_A,spoil_free_pcb_v1,pcb_A,chamber_A,poultry,chicken,Warmup,1307,0.163,7880,0.985,423,0.053,31.03,93306.0,63.8,228200.0,none
2026-07-28T19:16:35,793.02,S009_Anish_chicken1,house_A,spoil_free_pcb_v1,pcb_A,chamber_A,poultry,chicken,Warmup,1305,0.163,7878,0.985,424,0.053,31.03,93304.0,63.79,227600.0,none
2026-07-28T19:16:37,795.02,S009_Anish_chicken1,house_A,spoil_free_pcb_v1,pcb_A,chamber_A,poultry,chicken,Warmup,1301,0.163,7879,0.985,423,0.053,31.03,93302.0,63.79,229300.0,none
2026-07-28T19:16:39,797.03,S009_Anish_chicken1,house_A,spoil_free_pcb_v1,pcb_A,chamber_A,poultry,chicken,Warmup,1297,0.162,7877,0.985,423,0.053,31.03,93300.0,63.79,228100.0,none
2026-07-28T19:16:41,799.03,S009_Anish_chicken1,house_A,spoil_free_pcb_v1,pcb_A,chamber_A,poultry,chicken,Warmup,1293,0.162,7877,0.985,422,0.053,31.03,93300.0,63.79,228500.0,none
2026-07-28T19:16:43,801.02,S009_Anish_chicken1,house_A,spoil_free_pcb_v1,pcb_A,chamber_A,poultry,chicken,Warmup,1295,0.162,7875,0.984,423,0.053,31.03,93300.0,63.79,229900.0,none
2026-07-28T19:16:45,803.02,S009_Anish_chicken1,house_A,spoil_free_pcb_v1,pcb_A,chamber_A,poultry,chicken,Warmup,1298,0.162,7874,0.984,422,0.053,31.03,93304.0,63.79,229600.0,none
2026-07-28T19:16:47,805.03,S009_Anish_chicken1,house_A,spoil_free_pcb_v1,pcb_A,chamber_A,poultry,chicken,Warmup,1302,0.163,7875,0.984,423,0.053,31.03,93304.0,63.78,228100.0,none
2026-07-28T19:16:49,807.02,S009_Anish_chicken1,house_A,spoil_free_pcb_v1,pcb_A,chamber_A,poultry,chicken,Warmup,1306,0.163,7871,0.984,424,0.053,31.03,93308.0,63.78,229400.0,none
2026-07-28T19:16:51,809.02,S009_Anish_chicken1,house_A,spoil_free_pcb_v1,pcb_A,chamber_A,poultry,chicken,Warmup,1313,0.164,7874,0.984,424,0.053,31.03,93308.0,63.77,229300.0,none
2026-07-28T19:16:53,811.02,S009_Anish_chicken1,house_A,spoil_free_pcb_v1,pcb_A,chamber_A,poultry,chicken,Warmup,1307,0.163,7871,0.984,423,0.053,31.03,93308.0,63.77,229600.0,none
2026-07-28T19:16:55,813.02,S009_Anish_chicken1,house_A,spoil_free_pcb_v1,pcb_A,chamber_A,poultry,chicken,Warmup,1303,0.163,7872,0.984,423,0.053,31.03,93312.0,63.77,228500.0,none
2026-07-28T19:16:57,815.03,S009_Anish_chicken1,house_A,spoil_free_pcb_v1,pcb_A,chamber_A,poultry,chicken,Warmup,1298,0.162,7871,0.984,422,0.053,31.03,93312.0,63.78,229000.0,none
2026-07-28T19:16:59,817.03,S009_Anish_chicken1,house_A,spoil_free_pcb_v1,pcb_A,chamber_A,poultry,chicken,Warmup,1295,0.162,7869,0.984,423,0.053,31.03,93312.0,63.76,229100.0,none
2026-07-28T19:17:01,819.02,S009_Anish_chicken1,house_A,spoil_free_pcb_v1,pcb_A,chamber_A,poultry,chicken,Warmup,1294,0.162,7868,0.984,424,0.053,31.03,93312.0,63.77,229800.0,none
2026-07-28T19:17:03,821.02,S009_Anish_chicken1,house_A,spoil_free_pcb_v1,pcb_A,chamber_A,poultry,chicken,Warmup,1299,0.162,7867,0.983,423,0.053,31.03,93310.0,63.76,229900.0,none
2026-07-28T19:17:05,823.03,S009_Anish_chicken1,house_A,spoil_free_pcb_v1,pcb_A,chamber_A,poultry,chicken,Warmup,1302,0.163,7866,0.983,422,0.053,31.03,93310.0,63.77,228700.0,none
2026-07-28T19:17:07,825.03,S009_Anish_chicken1,house_A,spoil_free_pcb_v1,pcb_A,chamber_A,poultry,chicken,Warmup,1308,0.164,7866,0.983,424,0.053,31.03,93310.0,63.76,229300.0,none
2026-07-28T19:17:09,827.03,S009_Anish_chicken1,house_A,spoil_free_pcb_v1,pcb_A,chamber_A,poultry,chicken,Warmup,1310,0.164,7866,0.983,423,0.053,31.03,93308.0,63.76,229400.0,none
2026-07-28T19:17:11,829.03,S009_Anish_chicken1,house_A,spoil_free_pcb_v1,pcb_A,chamber_A,poultry,chicken,Warmup,1303,0.163,7865,0.983,423,0.053,31.03,93308.0,63.76,230100.0,none
2026-07-28T19:17:13,831.03,S009_Anish_chicken1,house_A,spoil_free_pcb_v1,pcb_A,chamber_A,poultry,chicken,Warmup,1297,0.162,7864,0.983,423,0.053,31.03,93308.0,63.75,229400.0,none
2026-07-28T19:17:15,833.02,S009_Anish_chicken1,house_A,spoil_free_pcb_v1,pcb_A,chamber_A,poultry,chicken,Warmup,1294,0.162,7863,0.983,423,0.053,31.03,93308.0,63.75,230100.0,none
2026-07-28T19:17:17,835.03,S009_Anish_chicken1,house_A,spoil_free_pcb_v1,pcb_A,chamber_A,poultry,chicken,Warmup,1295,0.162,7863,0.983,423,0.053,31.03,93306.0,63.76,230500.0,none
2026-07-28T19:17:19,837.02,S009_Anish_chicken1,house_A,spoil_free_pcb_v1,pcb_A,chamber_A,poultry,chicken,Warmup,1298,0.162,7861,0.983,423,0.053,31.03,93306.0,63.76,229300.0,none
2026-07-28T19:17:21,839.02,S009_Anish_chicken1,house_A,spoil_free_pcb_v1,pcb_A,chamber_A,poultry,chicken,Warmup,1301,0.163,7861,0.983,423,0.053,31.02,93304.0,63.73,229000.0,none
2026-07-28T19:17:23,841.03,S009_Anish_chicken1,house_A,spoil_free_pcb_v1,pcb_A,chamber_A,poultry,chicken,Warmup,1308,0.164,7861,0.983,423,0.053,31.02,93304.0,63.75,228700.0,none
2026-07-28T19:17:25,843.03,S009_Anish_chicken1,house_A,spoil_free_pcb_v1,pcb_A,chamber_A,poultry,chicken,Warmup,1304,0.163,7861,0.983,424,0.053,31.02,93304.0,63.75,229900.0,none
2026-07-28T19:17:27,845.03,S009_Anish_chicken1,house_A,spoil_free_pcb_v1,pcb_A,chamber_A,poultry,chicken,Warmup,1299,0.162,7861,0.983,423,0.053,31.02,93304.0,63.75,229100.0,none
2026-07-28T19:17:29,847.03,S009_Anish_chicken1,house_A,spoil_free_pcb_v1,pcb_A,chamber_A,poultry,chicken,Warmup,1295,0.162,7861,0.983,424,0.053,31.02,93304.0,63.75,230100.0,none
2026-07-28T19:17:31,849.02,S009_Anish_chicken1,house_A,spoil_free_pcb_v1,pcb_A,chamber_A,poultry,chicken,Warmup,1293,0.162,7862,0.983,424,0.053,31.02,93304.0,63.75,229900.0,none
2026-07-28T19:17:33,851.02,S009_Anish_chicken1,house_A,spoil_free_pcb_v1,pcb_A,chamber_A,poultry,chicken,Warmup,1299,0.162,7861,0.983,423,0.053,31.02,93304.0,63.76,229600.0,none
2026-07-28T19:17:35,853.02,S009_Anish_chicken1,house_A,spoil_free_pcb_v1,pcb_A,chamber_A,poultry,chicken,Warmup,1303,0.163,7862,0.983,423,0.053,31.02,93304.0,63.76,230400.0,none
2026-07-28T19:17:37,855.02,S009_Anish_chicken1,house_A,spoil_free_pcb_v1,pcb_A,chamber_A,poultry,chicken,Warmup,1307,0.163,7862,0.983,423,0.053,31.02,93304.0,63.76,231300.0,none
2026-07-28T19:17:39,857.02,S009_Anish_chicken1,house_A,spoil_free_pcb_v1,pcb_A,chamber_A,poultry,chicken,Warmup,1304,0.163,7861,0.983,423,0.053,31.02,93304.0,63.76,229000.0,none
2026-07-28T19:17:41,859.03,S009_Anish_chicken1,house_A,spoil_free_pcb_v1,pcb_A,chamber_A,poultry,chicken,Warmup,1300,0.163,7863,0.983,423,0.053,31.02,93306.0,63.75,229600.0,none
2026-07-28T19:17:43,861.03,S009_Anish_chicken1,house_A,spoil_free_pcb_v1,pcb_A,chamber_A,poultry,chicken,Warmup,1295,0.162,7863,0.983,422,0.053,31.02,93308.0,63.75,230100.0,none
2026-07-28T19:17:45,863.02,S009_Anish_chicken1,house_A,spoil_free_pcb_v1,pcb_A,chamber_A,poultry,chicken,Warmup,1292,0.162,7862,0.983,423,0.053,31.02,93310.0,63.77,229400.0,none
2026-07-28T19:17:47,865.03,S009_Anish_chicken1,house_A,spoil_free_pcb_v1,pcb_A,chamber_A,poultry,chicken,Warmup,1291,0.161,7862,0.983,423,0.053,31.02,93308.0,63.76,229900.0,none
2026-07-28T19:17:49,867.03,S009_Anish_chicken1,house_A,spoil_free_pcb_v1,pcb_A,chamber_A,poultry,chicken,Warmup,1296,0.162,7861,0.983,423,0.053,31.02,93308.0,63.75,229600.0,none
2026-07-28T19:17:51,869.02,S009_Anish_chicken1,house_A,spoil_free_pcb_v1,pcb_A,chamber_A,poultry,chicken,Warmup,1300,0.163,7863,0.983,423,0.053,31.02,93308.0,63.75,230200.0,none
2026-07-28T19:17:53,871.03,S009_Anish_chicken1,house_A,spoil_free_pcb_v1,pcb_A,chamber_A,poultry,chicken,Warmup,1303,0.163,7864,0.983,423,0.053,31.02,93310.0,63.74,230500.0,none
2026-07-28T19:17:55,873.03,S009_Anish_chicken1,house_A,spoil_free_pcb_v1,pcb_A,chamber_A,poultry,chicken,Warmup,1306,0.163,7864,0.983,423,0.053,31.02,93310.0,63.75,231000.0,none
2026-07-28T19:17:57,875.02,S009_Anish_chicken1,house_A,spoil_free_pcb_v1,pcb_A,chamber_A,poultry,chicken,Warmup,1303,0.163,7864,0.983,423,0.053,31.02,93312.0,63.75,230200.0,none
2026-07-28T19:17:59,877.03,S009_Anish_chicken1,house_A,spoil_free_pcb_v1,pcb_A,chamber_A,poultry,chicken,Warmup,1300,0.163,7864,0.983,423,0.053,31.02,93314.0,63.75,229800.0,none
2026-07-28T19:18:01,879.02,S009_Anish_chicken1,house_A,spoil_free_pcb_v1,pcb_A,chamber_A,poultry,chicken,Warmup,1296,0.162,7864,0.983,423,0.053,31.02,93316.0,63.74,230400.0,none
2026-07-28T19:18:03,881.03,S009_Anish_chicken1,house_A,spoil_free_pcb_v1,pcb_A,chamber_A,poultry,chicken,Warmup,1294,0.162,7863,0.983,422,0.053,31.02,93316.0,63.73,229400.0,none
2026-07-28T19:18:05,883.02,S009_Anish_chicken1,house_A,spoil_free_pcb_v1,pcb_A,chamber_A,poultry,chicken,Warmup,1289,0.161,7865,0.983,423,0.053,31.02,93317.0,63.75,230500.0,none
2026-07-28T19:18:07,885.03,S009_Anish_chicken1,house_A,spoil_free_pcb_v1,pcb_A,chamber_A,poultry,chicken,Warmup,1293,0.162,7866,0.983,423,0.053,31.02,93317.0,63.75,230400.0,none
2026-07-28T19:18:09,887.03,S009_Anish_chicken1,house_A,spoil_free_pcb_v1,pcb_A,chamber_A,poultry,chicken,Warmup,1294,0.162,7867,0.983,424,0.053,31.02,93319.0,63.73,231600.0,none
2026-07-28T19:18:11,889.02,S009_Anish_chicken1,house_A,spoil_free_pcb_v1,pcb_A,chamber_A,poultry,chicken,Warmup,1298,0.162,7867,0.983,422,0.053,31.02,93319.0,63.73,229800.0,none
2026-07-28T19:18:13,891.02,S009_Anish_chicken1,house_A,spoil_free_pcb_v1,pcb_A,chamber_A,poultry,chicken,Warmup,1309,0.164,7868,0.984,423,0.053,31.02,93321.0,63.73,230700.0,none
2026-07-28T19:18:15,893.03,S009_Anish_chicken1,house_A,spoil_free_pcb_v1,pcb_A,chamber_A,poultry,chicken,Warmup,1306,0.163,7869,0.984,423,0.053,31.02,93321.0,63.74,229900.0,none
2026-07-28T19:18:17,895.02,S009_Anish_chicken1,house_A,spoil_free_pcb_v1,pcb_A,chamber_A,poultry,chicken,Warmup,1302,0.163,7873,0.984,423,0.053,31.02,93321.0,63.74,230800.0,none
2026-07-28T19:18:19,897.02,S009_Anish_chicken1,house_A,spoil_free_pcb_v1,pcb_A,chamber_A,poultry,chicken,Warmup,1300,0.163,7873,0.984,422,0.053,31.02,93321.0,63.75,228800.0,none
2026-07-28T19:18:21,899.02,S009_Anish_chicken1,house_A,spoil_free_pcb_v1,pcb_A,chamber_A,poultry,chicken,Warmup,1295,0.162,7873,0.984,423,0.053,31.02,93321.0,63.74,230100.0,none
2026-07-28T19:18:23,901.02,S009_Anish_chicken1,house_A,spoil_free_pcb_v1,pcb_A,chamber_A,poultry,chicken,Warmup,1290,0.161,7875,0.984,423,0.053,31.02,93323.0,63.73,230800.0,none
2026-07-28T19:18:25,903.03,S009_Anish_chicken1,house_A,spoil_free_pcb_v1,pcb_A,chamber_A,poultry,chicken,Warmup,1291,0.161,7874,0.984,422,0.053,31.01,93323.0,63.73,231300.0,none
2026-07-28T19:18:27,905.03,S009_Anish_chicken1,house_A,spoil_free_pcb_v1,pcb_A,chamber_A,poultry,chicken,Warmup,1295,0.162,7875,0.984,422,0.053,31.01,93323.0,63.75,231000.0,none
2026-07-28T19:18:29,907.03,S009_Anish_chicken1,house_A,spoil_free_pcb_v1,pcb_A,chamber_A,poultry,chicken,Warmup,1300,0.163,7874,0.984,423,0.053,31.01,93323.0,63.74,231500.0,none
2026-07-28T19:18:31,909.02,S009_Anish_chicken1,house_A,spoil_free_pcb_v1,pcb_A,chamber_A,poultry,chicken,Warmup,1303,0.163,7873,0.984,423,0.053,31.01,93321.0,63.73,230200.0,none
2026-07-28T19:18:33,911.03,S009_Anish_chicken1,house_A,spoil_free_pcb_v1,pcb_A,chamber_A,poultry,chicken,Warmup,1305,0.163,7874,0.984,423,0.053,31.01,93321.0,63.75,230700.0,none
2026-07-28T19:18:35,913.03,S009_Anish_chicken1,house_A,spoil_free_pcb_v1,pcb_A,chamber_A,poultry,chicken,Warmup,1302,0.163,7873,0.984,423,0.053,31.01,93321.0,63.72,230200.0,none
2026-07-28T19:18:37,915.03,S009_Anish_chicken1,house_A,spoil_free_pcb_v1,pcb_A,chamber_A,poultry,chicken,Warmup,1301,0.163,7872,0.984,423,0.053,31.01,93321.0,63.72,229900.0,none
2026-07-28T19:18:39,917.03,S009_Anish_chicken1,house_A,spoil_free_pcb_v1,pcb_A,chamber_A,poultry,chicken,Warmup,1297,0.162,7871,0.984,423,0.053,31.01,93319.0,63.73,229600.0,none
2026-07-28T19:18:41,919.03,S009_Anish_chicken1,house_A,spoil_free_pcb_v1,pcb_A,chamber_A,poultry,chicken,Warmup,1293,0.162,7869,0.984,422,0.053,31.01,93317.0,63.72,230400.0,none
2026-07-28T19:18:43,921.02,S009_Anish_chicken1,house_A,spoil_free_pcb_v1,pcb_A,chamber_A,poultry,chicken,Warmup,1290,0.161,7871,0.984,423,0.053,31.01,93316.0,63.73,231200.0,none
2026-07-28T19:18:45,923.02,S009_Anish_chicken1,house_A,spoil_free_pcb_v1,pcb_A,chamber_A,poultry,chicken,Warmup,1291,0.161,7869,0.984,422,0.053,31.02,93316.0,63.72,230700.0,none
2026-07-28T19:18:47,925.03,S009_Anish_chicken1,house_A,spoil_free_pcb_v1,pcb_A,chamber_A,poultry,chicken,Warmup,1297,0.162,7869,0.984,423,0.053,31.02,93316.0,63.7,231600.0,none
2026-07-28T19:18:49,927.01,S009_Anish_chicken1,house_A,spoil_free_pcb_v1,pcb_A,chamber_A,poultry,chicken,Warmup,1298,0.162,7867,0.983,422,0.053,31.02,93317.0,63.72,229800.0,none
2026-07-28T19:18:51,929.02,S009_Anish_chicken1,house_A,spoil_free_pcb_v1,pcb_A,chamber_A,poultry,chicken,Warmup,1302,0.163,7867,0.983,422,0.053,31.02,93317.0,63.7,230200.0,none
2026-07-28T19:18:53,931.02,S009_Anish_chicken1,house_A,spoil_free_pcb_v1,pcb_A,chamber_A,poultry,chicken,Warmup,1303,0.163,7867,0.983,423,0.053,31.02,93319.0,63.7,231300.0,none
2026-07-28T19:18:55,933.03,S009_Anish_chicken1,house_A,spoil_free_pcb_v1,pcb_A,chamber_A,poultry,chicken,Warmup,1304,0.163,7864,0.983,423,0.053,31.02,93319.0,63.7,231900.0,none
2026-07-28T19:18:57,935.03,S009_Anish_chicken1,house_A,spoil_free_pcb_v1,pcb_A,chamber_A,poultry,chicken,Warmup,1303,0.163,7863,0.983,423,0.053,31.01,93319.0,63.7,230800.0,none
2026-07-28T19:18:59,937.03,S009_Anish_chicken1,house_A,spoil_free_pcb_v1,pcb_A,chamber_A,poultry,chicken,Warmup,1300,0.163,7864,0.983,423,0.053,31.01,93321.0,63.7,230200.0,none
2026-07-28T19:19:01,939.03,S009_Anish_chicken1,house_A,spoil_free_pcb_v1,pcb_A,chamber_A,poultry,chicken,Warmup,1297,0.162,7862,0.983,423,0.053,31.01,93321.0,63.7,230800.0,none
2026-07-28T19:19:03,941.02,S009_Anish_chicken1,house_A,spoil_free_pcb_v1,pcb_A,chamber_A,poultry,chicken,Warmup,1296,0.162,7862,0.983,423,0.053,31.01,93319.0,63.71,229900.0,none
2026-07-28T19:19:05,943.03,S009_Anish_chicken1,house_A,spoil_free_pcb_v1,pcb_A,chamber_A,poultry,chicken,Warmup,1294,0.162,7861,0.983,423,0.053,31.01,93319.0,63.7,232600.0,none
2026-07-28T19:19:07,945.03,S009_Anish_chicken1,house_A,spoil_free_pcb_v1,pcb_A,chamber_A,poultry,chicken,Warmup,1292,0.162,7860,0.983,422,0.053,31.01,93319.0,63.72,231500.0,none
2026-07-28T19:19:09,947.03,S009_Anish_chicken1,house_A,spoil_free_pcb_v1,pcb_A,chamber_A,poultry,chicken,Warmup,1292,0.162,7859,0.982,422,0.053,31.01,93319.0,63.7,231200.0,none
2026-07-28T19:19:11,949.02,S009_Anish_chicken1,house_A,spoil_free_pcb_v1,pcb_A,chamber_A,poultry,chicken,Warmup,1290,0.161,7859,0.982,422,0.053,31.01,93317.0,63.7,231000.0,none
2026-07-28T19:19:13,951.03,S009_Anish_chicken1,house_A,spoil_free_pcb_v1,pcb_A,chamber_A,poultry,chicken,Warmup,1289,0.161,7859,0.982,423,0.053,31.01,93319.0,63.7,232700.0,none
2026-07-28T19:19:15,953.02,S009_Anish_chicken1,house_A,spoil_free_pcb_v1,pcb_A,chamber_A,poultry,chicken,Warmup,1289,0.161,7862,0.983,423,0.053,31.01,93319.0,63.7,231800.0,none
2026-07-28T19:19:17,955.02,S009_Anish_chicken1,house_A,spoil_free_pcb_v1,pcb_A,chamber_A,poultry,chicken,Warmup,1290,0.161,7865,0.983,422,0.053,31.01,93321.0,63.71,231200.0,none
2026-07-28T19:19:19,957.03,S009_Anish_chicken1,house_A,spoil_free_pcb_v1,pcb_A,chamber_A,poultry,chicken,Warmup,1292,0.162,7866,0.983,422,0.053,31.01,93323.0,63.71,231500.0,none
2026-07-28T19:19:21,959.03,S009_Anish_chicken1,house_A,spoil_free_pcb_v1,pcb_A,chamber_A,poultry,chicken,Warmup,1293,0.162,7869,0.984,423,0.053,31.01,93323.0,63.7,231600.0,none
2026-07-28T19:19:23,961.02,S009_Anish_chicken1,house_A,spoil_free_pcb_v1,pcb_A,chamber_A,poultry,chicken,Warmup,1296,0.162,7867,0.983,422,0.053,31.01,93323.0,63.71,232600.0,none
2026-07-28T19:19:25,963.02,S009_Anish_chicken1,house_A,spoil_free_pcb_v1,pcb_A,chamber_A,poultry,chicken,Warmup,1298,0.162,7869,0.984,422,0.053,31.01,93323.0,63.71,230800.0,none
2026-07-28T19:19:27,965.03,S009_Anish_chicken1,house_A,spoil_free_pcb_v1,pcb_A,chamber_A,poultry,chicken,Warmup,1303,0.163,7869,0.984,423,0.053,31.01,93323.0,63.71,230800.0,none
2026-07-28T19:19:29,967.02,S009_Anish_chicken1,house_A,spoil_free_pcb_v1,pcb_A,chamber_A,poultry,chicken,Warmup,1303,0.163,7870,0.984,422,0.053,31.01,93323.0,63.72,230700.0,none
2026-07-28T19:19:31,969.02,S009_Anish_chicken1,house_A,spoil_free_pcb_v1,pcb_A,chamber_A,poultry,chicken,Warmup,1302,0.163,7870,0.984,423,0.053,31.01,93323.0,63.71,232300.0,none
2026-07-28T19:19:33,971.01,S009_Anish_chicken1,house_A,spoil_free_pcb_v1,pcb_A,chamber_A,poultry,chicken,Warmup,1306,0.163,7869,0.984,422,0.053,31.01,93323.0,63.7,231300.0,none
2026-07-28T19:19:35,973.03,S009_Anish_chicken1,house_A,spoil_free_pcb_v1,pcb_A,chamber_A,poultry,chicken,Warmup,1306,0.163,7871,0.984,422,0.053,31.01,93323.0,63.7,231300.0,none
2026-07-28T19:19:37,975.02,S009_Anish_chicken1,house_A,spoil_free_pcb_v1,pcb_A,chamber_A,poultry,chicken,Warmup,1302,0.163,7871,0.984,422,0.053,31.01,93331.0,63.72,231500.0,none
2026-07-28T19:19:39,977.02,S009_Anish_chicken1,house_A,spoil_free_pcb_v1,pcb_A,chamber_A,poultry,chicken,Warmup,1302,0.163,7872,0.984,422,0.053,31.01,93335.0,63.7,231800.0,none
2026-07-28T19:19:41,979.01,S009_Anish_chicken1,house_A,spoil_free_pcb_v1,pcb_A,chamber_A,poultry,chicken,Warmup,1299,0.162,7873,0.984,423,0.053,31.01,93335.0,63.71,233500.0,none
2026-07-28T19:19:43,981.03,S009_Anish_chicken1,house_A,spoil_free_pcb_v1,pcb_A,chamber_A,poultry,chicken,Warmup,1300,0.163,7873,0.984,422,0.053,31.01,93337.0,63.7,232100.0,none
2026-07-28T19:19:45,983.03,S009_Anish_chicken1,house_A,spoil_free_pcb_v1,pcb_A,chamber_A,poultry,chicken,Warmup,1304,0.163,7874,0.984,422,0.053,31.01,93337.0,63.69,232300.0,none
2026-07-28T19:19:47,985.03,S009_Anish_chicken1,house_A,spoil_free_pcb_v1,pcb_A,chamber_A,poultry,chicken,Warmup,1305,0.163,7874,0.984,423,0.053,31.01,93337.0,63.69,231000.0,none
2026-07-28T19:19:49,987.03,S009_Anish_chicken1,house_A,spoil_free_pcb_v1,pcb_A,chamber_A,poultry,chicken,Warmup,1300,0.163,7874,0.984,423,0.053,31.02,93335.0,63.7,230800.0,none
2026-07-28T19:19:51,989.03,S009_Anish_chicken1,house_A,spoil_free_pcb_v1,pcb_A,chamber_A,poultry,chicken,Warmup,1297,0.162,7873,0.984,422,0.053,31.02,93333.0,63.68,233200.0,none
2026-07-28T19:19:53,991.02,S009_Anish_chicken1,house_A,spoil_free_pcb_v1,pcb_A,chamber_A,poultry,chicken,Warmup,1297,0.162,7872,0.984,422,0.053,31.02,93333.0,63.68,231600.0,none
2026-07-28T19:19:55,993.02,S009_Anish_chicken1,house_A,spoil_free_pcb_v1,pcb_A,chamber_A,poultry,chicken,Warmup,1297,0.162,7871,0.984,422,0.053,31.02,93331.0,63.7,231300.0,none
2026-07-28T19:19:57,995.03,S009_Anish_chicken1,house_A,spoil_free_pcb_v1,pcb_A,chamber_A,poultry,chicken,Warmup,1296,0.162,7871,0.984,422,0.053,31.02,93323.0,63.68,231200.0,none
2026-07-28T19:19:59,997.02,S009_Anish_chicken1,house_A,spoil_free_pcb_v1,pcb_A,chamber_A,poultry,chicken,Warmup,1299,0.162,7869,0.984,422,0.053,31.02,93323.0,63.68,231600.0,none
2026-07-28T19:20:01,999.01,S009_Anish_chicken1,house_A,spoil_free_pcb_v1,pcb_A,chamber_A,poultry,chicken,Warmup,1292,0.162,7868,0.984,422,0.053,31.02,93321.0,63.68,232100.0,none
2026-07-28T19:20:03,1001.02,S009_Anish_chicken1,house_A,spoil_free_pcb_v1,pcb_A,chamber_A,poultry,chicken,Warmup,1294,0.162,7866,0.983,423,0.053,31.01,93321.0,63.68,231900.0,none
2026-07-28T19:20:05,1003.02,S009_Anish_chicken1,house_A,spoil_free_pcb_v1,pcb_A,chamber_A,poultry,chicken,Warmup,1291,0.161,7866,0.983,423,0.053,31.01,93321.0,63.68,231800.0,none
2026-07-28T19:20:07,1005.03,S009_Anish_chicken1,house_A,spoil_free_pcb_v1,pcb_A,chamber_A,poultry,chicken,Warmup,1288,0.161,7865,0.983,423,0.053,31.01,93321.0,63.69,232400.0,none
2026-07-28T19:20:09,1007.02,S009_Anish_chicken1,house_A,spoil_free_pcb_v1,pcb_A,chamber_A,poultry,chicken,Warmup,1280,0.16,7864,0.983,422,0.053,31.01,93319.0,63.68,231800.0,none
2026-07-28T19:20:11,1009.02,S009_Anish_chicken1,house_A,spoil_free_pcb_v1,pcb_A,chamber_A,poultry,chicken,Warmup,1279,0.16,7864,0.983,423,0.053,31.01,93319.0,63.68,233000.0,none
2026-07-28T19:20:13,1011.03,S009_Anish_chicken1,house_A,spoil_free_pcb_v1,pcb_A,chamber_A,poultry,chicken,Warmup,1282,0.16,7862,0.983,423,0.053,31.01,93319.0,63.66,232300.0,none
2026-07-28T19:20:15,1013.02,S009_Anish_chicken1,house_A,spoil_free_pcb_v1,pcb_A,chamber_A,poultry,chicken,Warmup,1286,0.161,7862,0.983,422,0.053,31.01,93321.0,63.67,231900.0,none
2026-07-28T19:20:17,1015.02,S009_Anish_chicken1,house_A,spoil_free_pcb_v1,pcb_A,chamber_A,poultry,chicken,Warmup,1290,0.161,7859,0.982,421,0.053,31.01,93321.0,63.69,233000.0,none
2026-07-28T19:20:19,1017.02,S009_Anish_chicken1,house_A,spoil_free_pcb_v1,pcb_A,chamber_A,poultry,chicken,Warmup,1292,0.162,7859,0.982,423,0.053,31.01,93321.0,63.67,232300.0,none
2026-07-28T19:20:21,1019.02,S009_Anish_chicken1,house_A,spoil_free_pcb_v1,pcb_A,chamber_A,poultry,chicken,Warmup,1294,0.162,7857,0.982,422,0.053,31.01,93321.0,63.69,233500.0,none
2026-07-28T19:20:23,1021.02,S009_Anish_chicken1,house_A,spoil_free_pcb_v1,pcb_A,chamber_A,poultry,chicken,Warmup,1296,0.162,7859,0.982,421,0.053,31.01,93321.0,63.67,232900.0,none
2026-07-28T19:20:25,1023.03,S009_Anish_chicken1,house_A,spoil_free_pcb_v1,pcb_A,chamber_A,poultry,chicken,Warmup,1299,0.162,7859,0.982,422,0.053,31.01,93321.0,63.67,232100.0,none
2026-07-28T19:20:27,1025.02,S009_Anish_chicken1,house_A,spoil_free_pcb_v1,pcb_A,chamber_A,poultry,chicken,Warmup,1304,0.163,7858,0.982,422,0.053,31.01,93321.0,63.68,233800.0,none
2026-07-28T19:20:29,1027.03,S009_Anish_chicken1,house_A,spoil_free_pcb_v1,pcb_A,chamber_A,poultry,chicken,Warmup,1307,0.163,7857,0.982,423,0.053,31.01,93323.0,63.68,231900.0,none
2026-07-28T19:20:31,1029.02,S009_Anish_chicken1,house_A,spoil_free_pcb_v1,pcb_A,chamber_A,poultry,chicken,Warmup,1310,0.164,7859,0.982,422,0.053,31.0,93321.0,63.69,232600.0,none
2026-07-28T19:20:33,1031.03,S009_Anish_chicken1,house_A,spoil_free_pcb_v1,pcb_A,chamber_A,poultry,chicken,Warmup,1313,0.164,7858,0.982,423,0.053,31.0,93323.0,63.7,232700.0,none
2026-07-28T19:20:35,1033.03,S009_Anish_chicken1,house_A,spoil_free_pcb_v1,pcb_A,chamber_A,poultry,chicken,Warmup,1309,0.164,7857,0.982,423,0.053,31.01,93321.0,63.68,232100.0,none
2026-07-28T19:20:37,1035.03,S009_Anish_chicken1,house_A,spoil_free_pcb_v1,pcb_A,chamber_A,poultry,chicken,Warmup,1306,0.163,7858,0.982,423,0.053,31.01,93321.0,63.69,233500.0,none
2026-07-28T19:20:39,1037.02,S009_Anish_chicken1,house_A,spoil_free_pcb_v1,pcb_A,chamber_A,poultry,chicken,Warmup,1300,0.163,7858,0.982,422,0.053,31.01,93321.0,63.69,232700.0,none
2026-07-28T19:20:41,1039.03,S009_Anish_chicken1,house_A,spoil_free_pcb_v1,pcb_A,chamber_A,poultry,chicken,Warmup,1295,0.162,7857,0.982,423,0.053,31.01,93321.0,63.68,232400.0,none
2026-07-28T19:20:43,1041.02,S009_Anish_chicken1,house_A,spoil_free_pcb_v1,pcb_A,chamber_A,poultry,chicken,Warmup,1293,0.162,7858,0.982,422,0.053,31.01,93321.0,63.67,232400.0,none
2026-07-28T19:20:45,1043.03,S009_Anish_chicken1,house_A,spoil_free_pcb_v1,pcb_A,chamber_A,poultry,chicken,Warmup,1290,0.161,7857,0.982,423,0.053,31.01,93321.0,63.66,233700.0,none
2026-07-28T19:20:47,1045.03,S009_Anish_chicken1,house_A,spoil_free_pcb_v1,pcb_A,chamber_A,poultry,chicken,Warmup,1287,0.161,7857,0.982,422,0.053,31.01,93321.0,63.67,235000.0,none
2026-07-28T19:20:49,1047.02,S009_Anish_chicken1,house_A,spoil_free_pcb_v1,pcb_A,chamber_A,poultry,chicken,Warmup,1285,0.161,7859,0.982,422,0.053,31.01,93331.0,63.66,232900.0,none
2026-07-28T19:20:51,1049.03,S009_Anish_chicken1,house_A,spoil_free_pcb_v1,pcb_A,chamber_A,poultry,chicken,Warmup,1285,0.161,7859,0.982,422,0.053,31.01,93331.0,63.66,234300.0,none
2026-07-28T19:20:53,1051.03,S009_Anish_chicken1,house_A,spoil_free_pcb_v1,pcb_A,chamber_A,poultry,chicken,Warmup,1288,0.161,7858,0.982,423,0.053,31.01,93333.0,63.67,232700.0,none
2026-07-28T19:20:55,1053.03,S009_Anish_chicken1,house_A,spoil_free_pcb_v1,pcb_A,chamber_A,poultry,chicken,Warmup,1289,0.161,7861,0.983,423,0.053,31.01,93333.0,63.67,234800.0,none
2026-07-28T19:20:57,1055.03,S009_Anish_chicken1,house_A,spoil_free_pcb_v1,pcb_A,chamber_A,poultry,chicken,Warmup,1292,0.162,7862,0.983,423,0.053,31.02,93333.0,63.67,232400.0,none
2026-07-28T19:20:59,1057.03,S009_Anish_chicken1,house_A,spoil_free_pcb_v1,pcb_A,chamber_A,poultry,chicken,Warmup,1294,0.162,7863,0.983,422,0.053,31.02,93333.0,63.67,233500.0,none
2026-07-28T19:21:01,1059.02,S009_Anish_chicken1,house_A,spoil_free_pcb_v1,pcb_A,chamber_A,poultry,chicken,Warmup,1296,0.162,7865,0.983,422,0.053,31.02,93333.0,63.67,232700.0,none
2026-07-28T19:21:03,1061.02,S009_Anish_chicken1,house_A,spoil_free_pcb_v1,pcb_A,chamber_A,poultry,chicken,Warmup,1297,0.162,7865,0.983,422,0.053,31.02,93333.0,63.67,232100.0,none
2026-07-28T19:21:05,1063.03,S009_Anish_chicken1,house_A,spoil_free_pcb_v1,pcb_A,chamber_A,poultry,chicken,Warmup,1300,0.163,7864,0.983,421,0.053,31.02,93333.0,63.67,233800.0,none
2026-07-28T19:21:07,1065.02,S009_Anish_chicken1,house_A,spoil_free_pcb_v1,pcb_A,chamber_A,poultry,chicken,Warmup,1303,0.163,7865,0.983,422,0.053,31.02,93333.0,63.65,232700.0,none
2026-07-28T19:21:09,1067.03,S009_Anish_chicken1,house_A,spoil_free_pcb_v1,pcb_A,chamber_A,poultry,chicken,Warmup,1305,0.163,7865,0.983,421,0.053,31.02,93333.0,63.65,233000.0,none
2026-07-28T19:21:11,1069.03,S009_Anish_chicken1,house_A,spoil_free_pcb_v1,pcb_A,chamber_A,poultry,chicken,Warmup,1303,0.163,7864,0.983,422,0.053,31.02,93333.0,63.66,232700.0,none
2026-07-28T19:21:13,1071.02,S009_Anish_chicken1,house_A,spoil_free_pcb_v1,pcb_A,chamber_A,poultry,chicken,Warmup,1302,0.163,7862,0.983,422,0.053,31.02,93333.0,63.67,233700.0,none
2026-07-28T19:21:15,1073.02,S009_Anish_chicken1,house_A,spoil_free_pcb_v1,pcb_A,chamber_A,poultry,chicken,Warmup,1302,0.163,7863,0.983,423,0.053,31.02,93333.0,63.65,232700.0,none
2026-07-28T19:21:17,1075.03,S009_Anish_chicken1,house_A,spoil_free_pcb_v1,pcb_A,chamber_A,poultry,chicken,Warmup,1300,0.163,7862,0.983,423,0.053,31.02,93333.0,63.67,234200.0,none
2026-07-28T19:21:19,1077.02,S009_Anish_chicken1,house_A,spoil_free_pcb_v1,pcb_A,chamber_A,poultry,chicken,Warmup,1297,0.162,7863,0.983,422,0.053,31.02,93333.0,63.66,233700.0,none
2026-07-28T19:21:21,1079.02,S009_Anish_chicken1,house_A,spoil_free_pcb_v1,pcb_A,chamber_A,poultry,chicken,Warmup,1297,0.162,7861,0.983,422,0.053,31.02,93335.0,63.67,233700.0,none
2026-07-28T19:21:23,1081.02,S009_Anish_chicken1,house_A,spoil_free_pcb_v1,pcb_A,chamber_A,poultry,chicken,Warmup,1297,0.162,7862,0.983,422,0.053,31.02,93335.0,63.67,233800.0,none
2026-07-28T19:21:25,1083.02,S009_Anish_chicken1,house_A,spoil_free_pcb_v1,pcb_A,chamber_A,poultry,chicken,Warmup,1298,0.162,7862,0.983,422,0.053,31.02,93337.0,63.67,233500.0,none
2026-07-28T19:21:27,1085.02,S009_Anish_chicken1,house_A,spoil_free_pcb_v1,pcb_A,chamber_A,poultry,chicken,Warmup,1298,0.162,7862,0.983,422,0.053,31.02,93337.0,63.66,233400.0,none
2026-07-28T19:21:29,1087.02,S009_Anish_chicken1,house_A,spoil_free_pcb_v1,pcb_A,chamber_A,poultry,chicken,Warmup,1297,0.162,7862,0.983,421,0.053,31.02,93337.0,63.66,233200.0,none
2026-07-28T19:21:31,1089.03,S009_Anish_chicken1,house_A,spoil_free_pcb_v1,pcb_A,chamber_A,poultry,chicken,Warmup,1299,0.162,7861,0.983,421,0.053,31.02,93337.0,63.66,233700.0,none
2026-07-28T19:21:33,1091.01,S009_Anish_chicken1,house_A,spoil_free_pcb_v1,pcb_A,chamber_A,poultry,chicken,Warmup,1299,0.162,7862,0.983,421,0.053,31.03,93337.0,63.67,233700.0,none
2026-07-28T19:21:35,1093.03,S009_Anish_chicken1,house_A,spoil_free_pcb_v1,pcb_A,chamber_A,poultry,chicken,Warmup,1298,0.162,7864,0.983,423,0.053,31.03,93335.0,63.67,233500.0,none
2026-07-28T19:21:37,1095.02,S009_Anish_chicken1,house_A,spoil_free_pcb_v1,pcb_A,chamber_A,poultry,chicken,Warmup,1299,0.162,7863,0.983,422,0.053,31.03,93333.0,63.68,234000.0,none
2026-07-28T19:21:39,1097.02,S009_Anish_chicken1,house_A,spoil_free_pcb_v1,pcb_A,chamber_A,poultry,chicken,Warmup,1300,0.163,7864,0.983,422,0.053,31.03,93331.0,63.66,232600.0,none
2026-07-28T19:21:41,1099.02,S009_Anish_chicken1,house_A,spoil_free_pcb_v1,pcb_A,chamber_A,poultry,chicken,Warmup,1301,0.163,7866,0.983,422,0.053,31.03,93331.0,63.66,232400.0,none
2026-07-28T19:21:43,1101.02,S009_Anish_chicken1,house_A,spoil_free_pcb_v1,pcb_A,chamber_A,poultry,chicken,Warmup,1301,0.163,7868,0.984,422,0.053,31.03,93331.0,63.67,233400.0,none
2026-07-28T19:21:45,1103.02,S009_Anish_chicken1,house_A,spoil_free_pcb_v1,pcb_A,chamber_A,poultry,chicken,Warmup,1300,0.163,7872,0.984,423,0.053,31.03,93331.0,63.68,233700.0,none
2026-07-28T19:21:47,1105.02,S009_Anish_chicken1,house_A,spoil_free_pcb_v1,pcb_A,chamber_A,poultry,chicken,Warmup,1299,0.162,7877,0.985,423,0.053,31.03,93331.0,63.69,233800.0,none
2026-07-28T19:21:49,1107.03,S009_Anish_chicken1,house_A,spoil_free_pcb_v1,pcb_A,chamber_A,poultry,chicken,Warmup,1303,0.163,7877,0.985,422,0.053,31.03,93331.0,63.68,234000.0,none
2026-07-28T19:21:51,1109.03,S009_Anish_chicken1,house_A,spoil_free_pcb_v1,pcb_A,chamber_A,poultry,chicken,Warmup,1301,0.163,7878,0.985,422,0.053,31.03,93331.0,63.68,232900.0,none
2026-07-28T19:21:53,1111.03,S009_Anish_chicken1,house_A,spoil_free_pcb_v1,pcb_A,chamber_A,poultry,chicken,Warmup,1300,0.163,7878,0.985,422,0.053,31.03,93331.0,63.71,232700.0,none
2026-07-28T19:21:55,1113.02,S009_Anish_chicken1,house_A,spoil_free_pcb_v1,pcb_A,chamber_A,poultry,chicken,Warmup,1302,0.163,7877,0.985,423,0.053,31.03,93333.0,63.69,232700.0,none
2026-07-28T19:21:57,1115.03,S009_Anish_chicken1,house_A,spoil_free_pcb_v1,pcb_A,chamber_A,poultry,chicken,Warmup,1304,0.163,7876,0.985,422,0.053,31.03,93333.0,63.68,234000.0,none
2026-07-28T19:21:59,1117.02,S009_Anish_chicken1,house_A,spoil_free_pcb_v1,pcb_A,chamber_A,poultry,chicken,Warmup,1304,0.163,7875,0.984,422,0.053,31.03,93333.0,63.68,233500.0,none
2026-07-28T19:22:01,1119.02,S009_Anish_chicken1,house_A,spoil_free_pcb_v1,pcb_A,chamber_A,poultry,chicken,Warmup,1303,0.163,7875,0.984,421,0.053,31.03,93333.0,63.68,232300.0,none
2026-07-28T19:22:03,1121.02,S009_Anish_chicken1,house_A,spoil_free_pcb_v1,pcb_A,chamber_A,poultry,chicken,Warmup,1303,0.163,7875,0.984,423,0.053,31.03,93333.0,63.69,234300.0,none
2026-07-28T19:22:05,1123.02,S009_Anish_chicken1,house_A,spoil_free_pcb_v1,pcb_A,chamber_A,poultry,chicken,Warmup,1306,0.163,7873,0.984,421,0.053,31.03,93333.0,63.68,232100.0,none
2026-07-28T19:22:07,1125.02,S009_Anish_chicken1,house_A,spoil_free_pcb_v1,pcb_A,chamber_A,poultry,chicken,Warmup,1304,0.163,7873,0.984,422,0.053,31.03,93333.0,63.68,234500.0,none
2026-07-28T19:22:09,1127.03,S009_Anish_chicken1,house_A,spoil_free_pcb_v1,pcb_A,chamber_A,poultry,chicken,Warmup,1301,0.163,7873,0.984,422,0.053,31.03,93333.0,63.68,233500.0,none
2026-07-28T19:22:11,1129.03,S009_Anish_chicken1,house_A,spoil_free_pcb_v1,pcb_A,chamber_A,poultry,chicken,Warmup,1302,0.163,7873,0.984,422,0.053,31.03,93335.0,63.68,233500.0,none
2026-07-28T19:22:13,1131.03,S009_Anish_chicken1,house_A,spoil_free_pcb_v1,pcb_A,chamber_A,poultry,chicken,Warmup,1301,0.163,7871,0.984,422,0.053,31.03,93337.0,63.67,233000.0,none
2026-07-28T19:22:15,1133.03,S009_Anish_chicken1,house_A,spoil_free_pcb_v1,pcb_A,chamber_A,poultry,chicken,Warmup,1303,0.163,7871,0.984,422,0.053,31.03,93335.0,63.69,234500.0,none
2026-07-28T19:22:17,1135.02,S009_Anish_chicken1,house_A,spoil_free_pcb_v1,pcb_A,chamber_A,poultry,chicken,Warmup,1301,0.163,7869,0.984,422,0.053,31.04,93335.0,63.66,234700.0,none
2026-07-28T19:22:19,1137.02,S009_Anish_chicken1,house_A,spoil_free_pcb_v1,pcb_A,chamber_A,poultry,chicken,Warmup,1299,0.162,7871,0.984,422,0.053,31.04,93333.0,63.66,235600.0,none
2026-07-28T19:22:21,1139.03,S009_Anish_chicken1,house_A,spoil_free_pcb_v1,pcb_A,chamber_A,poultry,chicken,Warmup,1299,0.162,7871,0.984,421,0.053,31.04,93331.0,63.66,232900.0,none
2026-07-28T19:22:23,1141.02,S009_Anish_chicken1,house_A,spoil_free_pcb_v1,pcb_A,chamber_A,poultry,chicken,Warmup,1299,0.162,7871,0.984,421,0.053,31.04,93331.0,63.68,233500.0,none
2026-07-28T19:22:25,1143.02,S009_Anish_chicken1,house_A,spoil_free_pcb_v1,pcb_A,chamber_A,poultry,chicken,Warmup,1297,0.162,7871,0.984,422,0.053,31.04,93323.0,63.67,234800.0,none
2026-07-28T19:22:27,1145.02,S009_Anish_chicken1,house_A,spoil_free_pcb_v1,pcb_A,chamber_A,poultry,chicken,Warmup,1297,0.162,7873,0.984,421,0.053,31.04,93323.0,63.66,233800.0,none
2026-07-28T19:22:29,1147.03,S009_Anish_chicken1,house_A,spoil_free_pcb_v1,pcb_A,chamber_A,poultry,chicken,Warmup,1297,0.162,7873,0.984,422,0.053,31.04,93323.0,63.67,233400.0,none
2026-07-28T19:22:31,1149.02,S009_Anish_chicken1,house_A,spoil_free_pcb_v1,pcb_A,chamber_A,poultry,chicken,Warmup,1298,0.162,7875,0.984,422,0.053,31.04,93321.0,63.65,232900.0,none
2026-07-28T19:22:33,1151.02,S009_Anish_chicken1,house_A,spoil_free_pcb_v1,pcb_A,chamber_A,poultry,chicken,Warmup,1298,0.162,7875,0.984,422,0.053,31.05,93321.0,63.63,234700.0,none
2026-07-28T19:22:35,1153.02,S009_Anish_chicken1,house_A,spoil_free_pcb_v1,pcb_A,chamber_A,poultry,chicken,Warmup,1297,0.162,7873,0.984,421,0.053,31.05,93321.0,63.63,233700.0,none
2026-07-28T19:22:37,1155.02,S009_Anish_chicken1,house_A,spoil_free_pcb_v1,pcb_A,chamber_A,poultry,chicken,Warmup,1298,0.162,7875,0.984,422,0.053,31.05,93321.0,63.64,233700.0,none
2026-07-28T19:22:39,1157.02,S009_Anish_chicken1,house_A,spoil_free_pcb_v1,pcb_A,chamber_A,poultry,chicken,Warmup,1298,0.162,7875,0.984,422,0.053,31.05,93321.0,63.66,232700.0,none
2026-07-28T19:22:41,1159.03,S009_Anish_chicken1,house_A,spoil_free_pcb_v1,pcb_A,chamber_A,poultry,chicken,Warmup,1303,0.163,7873,0.984,422,0.053,31.05,93323.0,63.64,234000.0,none
2026-07-28T19:22:43,1161.02,S009_Anish_chicken1,house_A,spoil_free_pcb_v1,pcb_A,chamber_A,poultry,chicken,Warmup,1307,0.163,7873,0.984,422,0.053,31.05,93331.0,63.64,233400.0,none
2026-07-28T19:22:45,1163.03,S009_Anish_chicken1,house_A,spoil_free_pcb_v1,pcb_A,chamber_A,poultry,chicken,Warmup,1305,0.163,7873,0.984,422,0.053,31.05,93321.0,63.62,232700.0,none
2026-07-28T19:22:47,1165.02,S009_Anish_chicken1,house_A,spoil_free_pcb_v1,pcb_A,chamber_A,poultry,chicken,Warmup,1309,0.164,7875,0.984,422,0.053,31.05,93331.0,63.63,234000.0,none
2026-07-28T19:22:49,1167.02,S009_Anish_chicken1,house_A,spoil_free_pcb_v1,pcb_A,chamber_A,poultry,chicken,Warmup,1308,0.164,7875,0.984,422,0.053,31.05,93331.0,63.64,235000.0,none
2026-07-28T19:22:51,1169.01,S009_Anish_chicken1,house_A,spoil_free_pcb_v1,pcb_A,chamber_A,poultry,chicken,Warmup,1308,0.164,7874,0.984,422,0.053,31.05,93331.0,63.64,233500.0,none
2026-07-28T19:22:53,1171.02,S009_Anish_chicken1,house_A,spoil_free_pcb_v1,pcb_A,chamber_A,poultry,chicken,Warmup,1305,0.163,7872,0.984,422,0.053,31.05,93333.0,63.64,233800.0,none
2026-07-28T19:22:55,1173.02,S009_Anish_chicken1,house_A,spoil_free_pcb_v1,pcb_A,chamber_A,poultry,chicken,Warmup,1305,0.163,7873,0.984,421,0.053,31.05,93333.0,63.64,233000.0,none
2026-07-28T19:22:57,1175.02,S009_Anish_chicken1,house_A,spoil_free_pcb_v1,pcb_A,chamber_A,poultry,chicken,Warmup,1304,0.163,7872,0.984,422,0.053,31.05,93323.0,63.64,234800.0,none
2026-07-28T19:22:59,1177.01,S009_Anish_chicken1,house_A,spoil_free_pcb_v1,pcb_A,chamber_A,poultry,chicken,Warmup,1303,0.163,7874,0.984,422,0.053,31.05,93323.0,63.65,233500.0,none
2026-07-28T19:23:01,1179.03,S009_Anish_chicken1,house_A,spoil_free_pcb_v1,pcb_A,chamber_A,poultry,chicken,Warmup,1303,0.163,7872,0.984,421,0.053,31.05,93333.0,63.64,234800.0,none
2026-07-28T19:23:03,1181.02,S009_Anish_chicken1,house_A,spoil_free_pcb_v1,pcb_A,chamber_A,poultry,chicken,Warmup,1302,0.163,7874,0.984,423,0.053,31.05,93331.0,63.64,233800.0,none
2026-07-28T19:23:05,1183.03,S009_Anish_chicken1,house_A,spoil_free_pcb_v1,pcb_A,chamber_A,poultry,chicken,Warmup,1302,0.163,7874,0.984,421,0.053,31.05,93331.0,63.64,234200.0,none
2026-07-28T19:23:07,1185.03,S009_Anish_chicken1,house_A,spoil_free_pcb_v1,pcb_A,chamber_A,poultry,chicken,Warmup,1301,0.163,7873,0.984,422,0.053,31.05,93333.0,63.64,235300.0,none
2026-07-28T19:23:09,1187.02,S009_Anish_chicken1,house_A,spoil_free_pcb_v1,pcb_A,chamber_A,poultry,chicken,Warmup,1299,0.162,7873,0.984,421,0.053,31.05,93333.0,63.65,236100.0,none
2026-07-28T19:23:11,1189.03,S009_Anish_chicken1,house_A,spoil_free_pcb_v1,pcb_A,chamber_A,poultry,chicken,Warmup,1302,0.163,7875,0.984,422,0.053,31.05,93331.0,63.64,232900.0,none
2026-07-28T19:23:13,1191.02,S009_Anish_chicken1,house_A,spoil_free_pcb_v1,pcb_A,chamber_A,poultry,chicken,Warmup,1299,0.162,7874,0.984,421,0.053,31.05,93331.0,63.63,233400.0,none
2026-07-28T19:23:15,1193.02,S009_Anish_chicken1,house_A,spoil_free_pcb_v1,pcb_A,chamber_A,poultry,chicken,Warmup,1307,0.163,7874,0.984,422,0.053,31.05,93333.0,63.64,233500.0,none
2026-07-28T19:23:17,1195.02,S009_Anish_chicken1,house_A,spoil_free_pcb_v1,pcb_A,chamber_A,poultry,chicken,Warmup,1298,0.162,7873,0.984,421,0.053,31.06,93335.0,63.64,235800.0,none
2026-07-28T19:23:19,1197.02,S009_Anish_chicken1,house_A,spoil_free_pcb_v1,pcb_A,chamber_A,poultry,chicken,Warmup,1297,0.162,7875,0.984,422,0.053,31.06,93335.0,63.65,235600.0,none
2026-07-28T19:23:21,1199.01,S009_Anish_chicken1,house_A,spoil_free_pcb_v1,pcb_A,chamber_A,poultry,chicken,Warmup,1296,0.162,7876,0.985,421,0.053,31.06,93333.0,63.64,235500.0,none
2026-07-28T19:23:23,1201.02,S009_Anish_chicken1,house_A,spoil_free_pcb_v1,pcb_A,chamber_A,poultry,chicken,Warmup,1298,0.162,7878,0.985,422,0.053,31.06,93333.0,63.64,234500.0,none
2026-07-28T19:23:25,1203.01,S009_Anish_chicken1,house_A,spoil_free_pcb_v1,pcb_A,chamber_A,poultry,chicken,Warmup,1296,0.162,7877,0.985,421,0.053,31.06,93333.0,63.64,233800.0,none
2026-07-28T19:23:27,1205.01,S009_Anish_chicken1,house_A,spoil_free_pcb_v1,pcb_A,chamber_A,poultry,chicken,Warmup,1296,0.162,7877,0.985,421,0.053,31.06,93335.0,63.64,234800.0,none
2026-07-28T19:23:29,1207.02,S009_Anish_chicken1,house_A,spoil_free_pcb_v1,pcb_A,chamber_A,poultry,chicken,Warmup,1295,0.162,7877,0.985,421,0.053,31.06,93337.0,63.65,234200.0,none
2026-07-28T19:23:31,1209.01,S009_Anish_chicken1,house_A,spoil_free_pcb_v1,pcb_A,chamber_A,poultry,chicken,Warmup,1294,0.162,7876,0.985,422,0.053,31.06,93337.0,63.65,235300.0,none
2026-07-28T19:23:33,1211.02,S009_Anish_chicken1,house_A,spoil_free_pcb_v1,pcb_A,chamber_A,poultry,chicken,Warmup,1293,0.162,7878,0.985,423,0.053,31.06,93337.0,63.66,234200.0,none
2026-07-28T19:23:34,1213.02,S009_Anish_chicken1,house_A,spoil_free_pcb_v1,pcb_A,chamber_A,poultry,chicken,Warmup,1294,0.162,7878,0.985,422,0.053,31.05,93337.0,63.64,233500.0,none
2026-07-28T19:23:37,1215.02,S009_Anish_chicken1,house_A,spoil_free_pcb_v1,pcb_A,chamber_A,poultry,chicken,Warmup,1292,0.162,7876,0.985,422,0.053,31.05,93337.0,63.66,234700.0,none
2026-07-28T19:23:39,1217.02,S009_Anish_chicken1,house_A,spoil_free_pcb_v1,pcb_A,chamber_A,poultry,chicken,Warmup,1290,0.161,7876,0.985,421,0.053,31.05,93337.0,63.66,234300.0,none
2026-07-28T19:23:41,1219.01,S009_Anish_chicken1,house_A,spoil_free_pcb_v1,pcb_A,chamber_A,poultry,chicken,Warmup,1290,0.161,7877,0.985,421,0.053,31.05,93337.0,63.67,235600.0,none
2026-07-28T19:23:43,1221.01,S009_Anish_chicken1,house_A,spoil_free_pcb_v1,pcb_A,chamber_A,poultry,chicken,Warmup,1289,0.161,7876,0.985,422,0.053,31.05,93337.0,63.65,233400.0,none
2026-07-28T19:23:45,1223.01,S009_Anish_chicken1,house_A,spoil_free_pcb_v1,pcb_A,chamber_A,poultry,chicken,Warmup,1287,0.161,7877,0.985,422,0.053,31.05,93337.0,63.65,234800.0,none
2026-07-28T19:23:47,1225.02,S009_Anish_chicken1,house_A,spoil_free_pcb_v1,pcb_A,chamber_A,poultry,chicken,Warmup,1285,0.161,7877,0.985,422,0.053,31.05,93337.0,63.67,234300.0,none
2026-07-28T19:23:49,1227.01,S009_Anish_chicken1,house_A,spoil_free_pcb_v1,pcb_A,chamber_A,poultry,chicken,Warmup,1287,0.161,7878,0.985,421,0.053,31.05,93337.0,63.66,234700.0,none
2026-07-28T19:23:51,1229.01,S009_Anish_chicken1,house_A,spoil_free_pcb_v1,pcb_A,chamber_A,poultry,chicken,Warmup,1287,0.161,7877,0.985,423,0.053,31.06,93335.0,63.66,234700.0,none
2026-07-28T19:23:53,1231.01,S009_Anish_chicken1,house_A,spoil_free_pcb_v1,pcb_A,chamber_A,poultry,chicken,Warmup,1290,0.161,7878,0.985,422,0.053,31.06,93335.0,63.65,234700.0,none
2026-07-28T19:23:55,1233.02,S009_Anish_chicken1,house_A,spoil_free_pcb_v1,pcb_A,chamber_A,poultry,chicken,Warmup,1292,0.162,7879,0.985,422,0.053,31.06,93335.0,63.68,235300.0,none
2026-07-28T19:23:57,1235.02,S009_Anish_chicken1,house_A,spoil_free_pcb_v1,pcb_A,chamber_A,poultry,chicken,Warmup,1293,0.162,7877,0.985,422,0.053,31.06,93335.0,63.66,233500.0,none
2026-07-28T19:23:58,1237.02,S009_Anish_chicken1,house_A,spoil_free_pcb_v1,pcb_A,chamber_A,poultry,chicken,Warmup,1294,0.162,7879,0.985,421,0.053,31.06,93335.0,63.66,235100.0,none
2026-07-28T19:24:01,1239.01,S009_Anish_chicken1,house_A,spoil_free_pcb_v1,pcb_A,chamber_A,poultry,chicken,Warmup,1299,0.162,7880,0.985,421,0.053,31.06,93337.0,63.66,234300.0,none
2026-07-28T19:24:03,1241.02,S009_Anish_chicken1,house_A,spoil_free_pcb_v1,pcb_A,chamber_A,poultry,chicken,Warmup,1299,0.162,7881,0.985,421,0.053,31.06,93337.0,63.66,234300.0,none
2026-07-28T19:24:05,1243.02,S009_Anish_chicken1,house_A,spoil_free_pcb_v1,pcb_A,chamber_A,poultry,chicken,Warmup,1304,0.163,7881,0.985,422,0.053,31.06,93335.0,63.66,234200.0,none
2026-07-28T19:24:07,1245.02,S009_Anish_chicken1,house_A,spoil_free_pcb_v1,pcb_A,chamber_A,poultry,chicken,Warmup,1302,0.163,7882,0.985,421,0.053,31.06,93335.0,63.66,233200.0,none
2026-07-28T19:24:09,1247.02,S009_Anish_chicken1,house_A,spoil_free_pcb_v1,pcb_A,chamber_A,poultry,chicken,Warmup,1301,0.163,7882,0.985,422,0.053,31.06,93335.0,63.65,234300.0,none
2026-07-28T19:24:11,1249.02,S009_Anish_chicken1,house_A,spoil_free_pcb_v1,pcb_A,chamber_A,poultry,chicken,Warmup,1298,0.162,7880,0.985,422,0.053,31.07,93335.0,63.67,233800.0,none
2026-07-28T19:24:13,1251.03,S009_Anish_chicken1,house_A,spoil_free_pcb_v1,pcb_A,chamber_A,poultry,chicken,Warmup,1295,0.162,7882,0.985,421,0.053,31.07,93335.0,63.67,234700.0,none
2026-07-28T19:24:15,1253.02,S009_Anish_chicken1,house_A,spoil_free_pcb_v1,pcb_A,chamber_A,poultry,chicken,Warmup,1294,0.162,7883,0.985,422,0.053,31.07,93335.0,63.66,233700.0,none
2026-07-28T19:24:17,1255.03,S009_Anish_chicken1,house_A,spoil_free_pcb_v1,pcb_A,chamber_A,poultry,chicken,Warmup,1290,0.161,7884,0.986,421,0.053,31.07,93335.0,63.67,232600.0,none
2026-07-28T19:24:19,1257.03,S009_Anish_chicken1,house_A,spoil_free_pcb_v1,pcb_A,chamber_A,poultry,chicken,Warmup,1287,0.161,7883,0.985,421,0.053,31.07,93335.0,63.67,235300.0,none
2026-07-28T19:24:20,1259.03,S009_Anish_chicken1,house_A,spoil_free_pcb_v1,pcb_A,chamber_A,poultry,chicken,Warmup,1286,0.161,7884,0.986,422,0.053,31.07,93335.0,63.66,235500.0,none
2026-07-28T19:24:22,1261.03,S009_Anish_chicken1,house_A,spoil_free_pcb_v1,pcb_A,chamber_A,poultry,chicken,Warmup,1288,0.161,7887,0.986,421,0.053,31.07,93337.0,63.66,234300.0,none
2026-07-28T19:24:25,1263.01,S009_Anish_chicken1,house_A,spoil_free_pcb_v1,pcb_A,chamber_A,poultry,chicken,Warmup,1289,0.161,7886,0.986,422,0.053,31.07,93337.0,63.67,234000.0,none
2026-07-28T19:24:27,1265.02,S009_Anish_chicken1,house_A,spoil_free_pcb_v1,pcb_A,chamber_A,poultry,chicken,Warmup,1291,0.161,7888,0.986,422,0.053,31.07,93337.0,63.67,235600.0,none
2026-07-28T19:24:29,1267.03,S009_Anish_chicken1,house_A,spoil_free_pcb_v1,pcb_A,chamber_A,poultry,chicken,Warmup,1295,0.162,7887,0.986,421,0.053,31.07,93337.0,63.65,234500.0,none
2026-07-28T19:24:30,1269.01,S009_Anish_chicken1,house_A,spoil_free_pcb_v1,pcb_A,chamber_A,poultry,chicken,Warmup,1296,0.162,7886,0.986,421,0.053,31.07,93335.0,63.67,235300.0,none
2026-07-28T19:24:32,1271.01,S009_Anish_chicken1,house_A,spoil_free_pcb_v1,pcb_A,chamber_A,poultry,chicken,Warmup,1299,0.162,7888,0.986,422,0.053,31.07,93335.0,63.67,235500.0,none
2026-07-28T19:24:34,1273.01,S009_Anish_chicken1,house_A,spoil_free_pcb_v1,pcb_A,chamber_A,poultry,chicken,Warmup,1303,0.163,7887,0.986,422,0.053,31.07,93335.0,63.66,233700.0,none
2026-07-28T19:24:37,1275.02,S009_Anish_chicken1,house_A,spoil_free_pcb_v1,pcb_A,chamber_A,poultry,chicken,Warmup,1303,0.163,7886,0.986,421,0.053,31.07,93337.0,63.67,235600.0,none
2026-07-28T19:24:38,1277.02,S009_Anish_chicken1,house_A,spoil_free_pcb_v1,pcb_A,chamber_A,poultry,chicken,Warmup,1303,0.163,7887,0.986,422,0.053,31.07,93339.0,63.67,234500.0,none
2026-07-28T19:24:40,1279.01,S009_Anish_chicken1,house_A,spoil_free_pcb_v1,pcb_A,chamber_A,poultry,chicken,Warmup,1301,0.163,7887,0.986,422,0.053,31.07,93341.0,63.67,234500.0,none
2026-07-28T19:24:43,1281.02,S009_Anish_chicken1,house_A,spoil_free_pcb_v1,pcb_A,chamber_A,poultry,chicken,Warmup,1299,0.162,7887,0.986,422,0.053,31.07,93341.0,63.67,235300.0,none
2026-07-28T19:24:44,1283.02,S009_Anish_chicken1,house_A,spoil_free_pcb_v1,pcb_A,chamber_A,poultry,chicken,Warmup,1295,0.162,7887,0.986,421,0.053,31.07,93341.0,63.69,234500.0,none
2026-07-28T19:24:46,1285.02,S009_Anish_chicken1,house_A,spoil_free_pcb_v1,pcb_A,chamber_A,poultry,chicken,Warmup,1291,0.161,7886,0.986,422,0.053,31.06,93341.0,63.68,234700.0,none
2026-07-28T19:24:48,1287.02,S009_Anish_chicken1,house_A,spoil_free_pcb_v1,pcb_A,chamber_A,poultry,chicken,Warmup,1288,0.161,7887,0.986,422,0.053,31.06,93341.0,63.69,233700.0,none
2026-07-28T19:24:51,1289.01,S009_Anish_chicken1,house_A,spoil_free_pcb_v1,pcb_A,chamber_A,poultry,chicken,Warmup,1282,0.16,7887,0.986,421,0.053,31.06,93341.0,63.68,235900.0,none
2026-07-28T19:24:53,1291.02,S009_Anish_chicken1,house_A,spoil_free_pcb_v1,pcb_A,chamber_A,poultry,chicken,Warmup,1284,0.161,7887,0.986,421,0.053,31.06,93341.0,63.69,234500.0,none
2026-07-28T19:24:54,1293.02,S009_Anish_chicken1,house_A,spoil_free_pcb_v1,pcb_A,chamber_A,poultry,chicken,Warmup,1288,0.161,7887,0.986,422,0.053,31.06,93343.0,63.7,235300.0,none
2026-07-28T19:24:57,1295.01,S009_Anish_chicken1,house_A,spoil_free_pcb_v1,pcb_A,chamber_A,poultry,chicken,Warmup,1293,0.162,7887,0.986,422,0.053,31.06,93341.0,63.7,234200.0,none
2026-07-28T19:24:58,1297.02,S009_Anish_chicken1,house_A,spoil_free_pcb_v1,pcb_A,chamber_A,poultry,chicken,Warmup,1293,0.162,7885,0.986,422,0.053,31.06,93341.0,63.7,233700.0,none
2026-07-28T19:25:00,1299.01,S009_Anish_chicken1,house_A,spoil_free_pcb_v1,pcb_A,chamber_A,poultry,chicken,Warmup,1299,0.162,7887,0.986,422,0.053,31.05,93341.0,63.7,234500.0,none
2026-07-28T19:25:03,1301.01,S009_Anish_chicken1,house_A,spoil_free_pcb_v1,pcb_A,chamber_A,poultry,chicken,Warmup,1303,0.163,7886,0.986,422,0.053,31.05,93341.0,63.72,235900.0,none
2026-07-28T19:25:04,1303.02,S009_Anish_chicken1,house_A,spoil_free_pcb_v1,pcb_A,chamber_A,poultry,chicken,Warmup,1307,0.163,7888,0.986,422,0.053,31.05,93339.0,63.73,235800.0,none
2026-07-28T19:25:06,1305.02,S009_Anish_chicken1,house_A,spoil_free_pcb_v1,pcb_A,chamber_A,poultry,chicken,Warmup,1306,0.163,7890,0.986,421,0.053,31.05,93339.0,63.72,235600.0,none
2026-07-28T19:25:08,1307.01,S009_Anish_chicken1,house_A,spoil_free_pcb_v1,pcb_A,chamber_A,poultry,chicken,Warmup,1300,0.163,7892,0.987,423,0.053,31.05,93339.0,63.71,235300.0,none
2026-07-28T19:25:10,1309.01,S009_Anish_chicken1,house_A,spoil_free_pcb_v1,pcb_A,chamber_A,poultry,chicken,Warmup,1296,0.162,7898,0.987,423,0.053,31.05,93339.0,63.73,234300.0,none
2026-07-28T19:25:12,1311.02,S009_Anish_chicken1,house_A,spoil_free_pcb_v1,pcb_A,chamber_A,poultry,chicken,Warmup,1293,0.162,7899,0.987,421,0.053,31.05,93339.0,63.75,234300.0,none
2026-07-28T19:25:14,1313.02,S009_Anish_chicken1,house_A,spoil_free_pcb_v1,pcb_A,chamber_A,poultry,chicken,Warmup,1289,0.161,7902,0.988,421,0.053,31.04,93339.0,63.74,234700.0,none
2026-07-28T19:25:16,1315.02,S009_Anish_chicken1,house_A,spoil_free_pcb_v1,pcb_A,chamber_A,poultry,chicken,Warmup,1284,0.161,7904,0.988,422,0.053,31.04,93339.0,63.78,234700.0,none
2026-07-28T19:25:19,1317.01,S009_Anish_chicken1,house_A,spoil_free_pcb_v1,pcb_A,chamber_A,poultry,chicken,Warmup,1288,0.161,7903,0.988,421,0.053,31.04,93339.0,63.76,234700.0,none
2026-07-28T19:25:21,1319.02,S009_Anish_chicken1,house_A,spoil_free_pcb_v1,pcb_A,chamber_A,poultry,chicken,Warmup,1290,0.161,7903,0.988,422,0.053,31.04,93341.0,63.78,236600.0,none
2026-07-28T19:25:22,1321.02,S009_Anish_chicken1,house_A,spoil_free_pcb_v1,pcb_A,chamber_A,poultry,chicken,Warmup,1293,0.162,7903,0.988,421,0.053,31.04,93341.0,63.79,235500.0,none
2026-07-28T19:25:24,1323.02,S009_Anish_chicken1,house_A,spoil_free_pcb_v1,pcb_A,chamber_A,poultry,chicken,Warmup,1299,0.162,7902,0.988,422,0.053,31.04,93341.0,63.78,235300.0,none
2026-07-28T19:25:26,1325.01,S009_Anish_chicken1,house_A,spoil_free_pcb_v1,pcb_A,chamber_A,poultry,chicken,Warmup,1301,0.163,7900,0.988,422,0.053,31.04,93341.0,63.78,235100.0,none
2026-07-28T19:25:28,1327.01,S009_Anish_chicken1,house_A,spoil_free_pcb_v1,pcb_A,chamber_A,poultry,chicken,Warmup,1303,0.163,7902,0.988,422,0.053,31.04,93341.0,63.78,234500.0,none
2026-07-28T19:25:30,1329.02,S009_Anish_chicken1,house_A,spoil_free_pcb_v1,pcb_A,chamber_A,poultry,chicken,Warmup,1303,0.163,7902,0.988,422,0.053,31.04,93341.0,63.78,235900.0,none
2026-07-28T19:25:32,1331.02,S009_Anish_chicken1,house_A,spoil_free_pcb_v1,pcb_A,chamber_A,poultry,chicken,Warmup,1301,0.163,7900,0.988,422,0.053,31.04,93341.0,63.77,234300.0,none
2026-07-28T19:25:35,1333.01,S009_Anish_chicken1,house_A,spoil_free_pcb_v1,pcb_A,chamber_A,poultry,chicken,Warmup,1304,0.163,7901,0.988,422,0.053,31.05,93343.0,63.77,235500.0,none
2026-07-28T19:25:37,1335.02,S009_Anish_chicken1,house_A,spoil_free_pcb_v1,pcb_A,chamber_A,poultry,chicken,Warmup,1300,0.163,7900,0.988,422,0.053,31.05,93341.0,63.76,234000.0,none
2026-07-28T19:25:38,1337.01,S009_Anish_chicken1,house_A,spoil_free_pcb_v1,pcb_A,chamber_A,poultry,chicken,Warmup,1298,0.162,7901,0.988,421,0.053,31.04,93341.0,63.79,234700.0,none
2026-07-28T19:25:41,1339.02,S009_Anish_chicken1,house_A,spoil_free_pcb_v1,pcb_A,chamber_A,poultry,chicken,Warmup,1294,0.162,7900,0.988,422,0.053,31.04,93341.0,63.78,234800.0,none
2026-07-28T19:25:42,1341.01,S009_Anish_chicken1,house_A,spoil_free_pcb_v1,pcb_A,chamber_A,poultry,chicken,Warmup,1290,0.161,7899,0.987,421,0.053,31.04,93341.0,63.78,234700.0,none
2026-07-28T19:25:45,1344.0,S009_Anish_chicken1,house_A,spoil_free_pcb_v1,pcb_A,chamber_A,poultry,chicken,Warmup,1288,0.161,7901,0.988,422,0.053,31.04,93343.0,63.78,236600.0,none
2026-07-28T19:25:47,1345.05,S009_Anish_chicken1,house_A,spoil_free_pcb_v1,pcb_A,chamber_A,poultry,chicken,Warmup,1286,0.161,7899,0.987,421,0.053,31.05,93343.0,63.77,235000.0,none
2026-07-28T19:25:48,1347.03,S009_Anish_chicken1,house_A,spoil_free_pcb_v1,pcb_A,chamber_A,poultry,chicken,Warmup,1288,0.161,7900,0.988,421,0.053,31.05,93343.0,63.77,235100.0,none
2026-07-28T19:25:51,1349.01,S009_Anish_chicken1,house_A,spoil_free_pcb_v1,pcb_A,chamber_A,poultry,chicken,Warmup,1291,0.161,7899,0.987,421,0.053,31.05,93343.0,63.77,235800.0,none
2026-07-28T19:25:52,1351.01,S009_Anish_chicken1,house_A,spoil_free_pcb_v1,pcb_A,chamber_A,poultry,chicken,Warmup,1292,0.162,7900,0.988,422,0.053,31.05,93343.0,63.77,235100.0,none
2026-07-28T19:25:54,1353.02,S009_Anish_chicken1,house_A,spoil_free_pcb_v1,pcb_A,chamber_A,poultry,chicken,Warmup,1294,0.162,7899,0.987,422,0.053,31.05,93343.0,63.77,234500.0,none
2026-07-28T19:25:57,1355.02,S009_Anish_chicken1,house_A,spoil_free_pcb_v1,pcb_A,chamber_A,poultry,chicken,Warmup,1300,0.163,7900,0.988,422,0.053,31.04,93343.0,63.79,234500.0,none
2026-07-28T19:25:58,1357.02,S009_Anish_chicken1,house_A,spoil_free_pcb_v1,pcb_A,chamber_A,poultry,chicken,Warmup,1301,0.163,7899,0.987,422,0.053,31.05,93343.0,63.77,236300.0,none
2026-07-28T19:26:01,1360.01,S009_Anish_chicken1,house_A,spoil_free_pcb_v1,pcb_A,chamber_A,poultry,chicken,Warmup,1303,0.163,7899,0.987,422,0.053,31.05,93343.0,63.77,235800.0,none
2026-07-28T19:26:03,1361.02,S009_Anish_chicken1,house_A,spoil_free_pcb_v1,pcb_A,chamber_A,poultry,chicken,Warmup,1305,0.163,7898,0.987,422,0.053,31.05,93343.0,63.78,234300.0,none
2026-07-28T19:26:04,1363.02,S009_Anish_chicken1,house_A,spoil_free_pcb_v1,pcb_A,chamber_A,poultry,chicken,Warmup,1301,0.163,7900,0.988,422,0.053,31.05,93341.0,63.79,234500.0,none
2026-07-28T19:26:07,1365.01,S009_Anish_chicken1,house_A,spoil_free_pcb_v1,pcb_A,chamber_A,poultry,chicken,Warmup,1302,0.163,7900,0.988,421,0.053,31.05,93341.0,63.77,234700.0,none
2026-07-28T19:26:08,1368.0,S009_Anish_chicken1,house_A,spoil_free_pcb_v1,pcb_A,chamber_A,poultry,chicken,Warmup,1299,0.162,7902,0.988,422,0.053,31.05,93341.0,63.78,234800.0,none
2026-07-28T19:26:10,1369.01,S009_Anish_chicken1,house_A,spoil_free_pcb_v1,pcb_A,chamber_A,poultry,chicken,Warmup,1297,0.162,7901,0.988,421,0.053,31.05,93341.0,63.78,235100.0,none
2026-07-28T19:26:12,1371.01,S009_Anish_chicken1,house_A,spoil_free_pcb_v1,pcb_A,chamber_A,poultry,chicken,Warmup,1295,0.162,7901,0.988,421,0.053,31.05,93341.0,63.77,234800.0,none
2026-07-28T19:26:14,1373.01,S009_Anish_chicken1,house_A,spoil_free_pcb_v1,pcb_A,chamber_A,poultry,chicken,Warmup,1292,0.162,7903,0.988,422,0.053,31.05,93343.0,63.78,236800.0,none
2026-07-28T19:26:16,1375.02,S009_Anish_chicken1,house_A,spoil_free_pcb_v1,pcb_A,chamber_A,poultry,chicken,Warmup,1290,0.161,7902,0.988,422,0.053,31.05,93343.0,63.77,234500.0,none
2026-07-28T19:26:18,1377.0,S009_Anish_chicken1,house_A,spoil_free_pcb_v1,pcb_A,chamber_A,poultry,chicken,Warmup,1285,0.161,7903,0.988,422,0.053,31.05,93343.0,63.77,235800.0,none
2026-07-28T19:26:20,1379.02,S009_Anish_chicken1,house_A,spoil_free_pcb_v1,pcb_A,chamber_A,poultry,chicken,Warmup,1287,0.161,7904,0.988,422,0.053,31.05,93343.0,63.77,235600.0,none
2026-07-28T19:26:22,1381.02,S009_Anish_chicken1,house_A,spoil_free_pcb_v1,pcb_A,chamber_A,poultry,chicken,Warmup,1288,0.161,7903,0.988,422,0.053,31.06,93343.0,63.77,235100.0,none
2026-07-28T19:26:24,1383.01,S009_Anish_chicken1,house_A,spoil_free_pcb_v1,pcb_A,chamber_A,poultry,chicken,Warmup,1290,0.161,7905,0.988,422,0.053,31.06,93343.0,63.77,235900.0,none
2026-07-28T19:26:26,1385.01,S009_Anish_chicken1,house_A,spoil_free_pcb_v1,pcb_A,chamber_A,poultry,chicken,Warmup,1292,0.162,7905,0.988,421,0.053,31.06,93343.0,63.76,234700.0,none
2026-07-28T19:26:28,1387.01,S009_Anish_chicken1,house_A,spoil_free_pcb_v1,pcb_A,chamber_A,poultry,chicken,Warmup,1294,0.162,7905,0.988,422,0.053,31.06,93341.0,63.75,234300.0,none
2026-07-28T19:26:30,1389.02,S009_Anish_chicken1,house_A,spoil_free_pcb_v1,pcb_A,chamber_A,poultry,chicken,Warmup,1296,0.162,7906,0.988,421,0.053,31.06,93341.0,63.76,234800.0,none
2026-07-28T19:26:33,1391.02,S009_Anish_chicken1,house_A,spoil_free_pcb_v1,pcb_A,chamber_A,poultry,chicken,Warmup,1297,0.162,7905,0.988,421,0.053,31.06,93341.0,63.76,236300.0,none
2026-07-28T19:26:34,1393.02,S009_Anish_chicken1,house_A,spoil_free_pcb_v1,pcb_A,chamber_A,poultry,chicken,Warmup,1299,0.162,7905,0.988,421,0.053,31.06,93341.0,63.76,234500.0,none
2026-07-28T19:26:36,1395.02,S009_Anish_chicken1,house_A,spoil_free_pcb_v1,pcb_A,chamber_A,poultry,chicken,Warmup,1303,0.163,7907,0.988,422,0.053,31.06,93341.0,63.75,235600.0,none
2026-07-28T19:26:38,1397.02,S009_Anish_chicken1,house_A,spoil_free_pcb_v1,pcb_A,chamber_A,poultry,chicken,Warmup,1304,0.163,7906,0.988,423,0.053,31.06,93341.0,63.77,235000.0,none
2026-07-28T19:26:40,1399.01,S009_Anish_chicken1,house_A,spoil_free_pcb_v1,pcb_A,chamber_A,poultry,chicken,Warmup,1304,0.163,7905,0.988,422,0.053,31.06,93343.0,63.75,234500.0,none
2026-07-28T19:26:42,1401.02,S009_Anish_chicken1,house_A,spoil_free_pcb_v1,pcb_A,chamber_A,poultry,chicken,Warmup,1302,0.163,7907,0.988,421,0.053,31.06,93343.0,63.75,236800.0,none
2026-07-28T19:26:44,1403.02,S009_Anish_chicken1,house_A,spoil_free_pcb_v1,pcb_A,chamber_A,poultry,chicken,Warmup,1300,0.163,7908,0.989,422,0.053,31.06,93343.0,63.76,234500.0,none
2026-07-28T19:26:46,1405.01,S009_Anish_chicken1,house_A,spoil_free_pcb_v1,pcb_A,chamber_A,poultry,chicken,Warmup,1296,0.162,7907,0.988,422,0.053,31.06,93343.0,63.76,235300.0,none
2026-07-28T19:26:48,1407.01,S009_Anish_chicken1,house_A,spoil_free_pcb_v1,pcb_A,chamber_A,poultry,chicken,Warmup,1296,0.162,7909,0.989,421,0.053,31.06,93343.0,63.76,235900.0,none
2026-07-28T19:26:51,1409.02,S009_Anish_chicken1,house_A,spoil_free_pcb_v1,pcb_A,chamber_A,poultry,chicken,Warmup,1294,0.162,7907,0.988,421,0.053,31.06,93343.0,63.75,234500.0,none
2026-07-28T19:26:52,1411.02,S009_Anish_chicken1,house_A,spoil_free_pcb_v1,pcb_A,chamber_A,poultry,chicken,Warmup,1290,0.161,7908,0.989,421,0.053,31.06,93345.0,63.75,235600.0,none
2026-07-28T19:26:54,1414.0,S009_Anish_chicken1,house_A,spoil_free_pcb_v1,pcb_A,chamber_A,poultry,chicken,Warmup,1289,0.161,7908,0.989,421,0.053,31.06,93345.0,63.76,235100.0,none
2026-07-28T19:26:56,1415.02,S009_Anish_chicken1,house_A,spoil_free_pcb_v1,pcb_A,chamber_A,poultry,chicken,Warmup,1289,0.161,7910,0.989,422,0.053,31.06,93343.0,63.75,235600.0,none
2026-07-28T19:26:59,1417.01,S009_Anish_chicken1,house_A,spoil_free_pcb_v1,pcb_A,chamber_A,poultry,chicken,Warmup,1289,0.161,7910,0.989,422,0.053,31.06,93345.0,63.75,235800.0,none
2026-07-28T19:27:00,1419.01,S009_Anish_chicken1,house_A,spoil_free_pcb_v1,pcb_A,chamber_A,poultry,chicken,Warmup,1291,0.161,7912,0.989,422,0.053,31.06,93345.0,63.75,236300.0,none
2026-07-28T19:27:02,1421.01,S009_Anish_chicken1,house_A,spoil_free_pcb_v1,pcb_A,chamber_A,poultry,chicken,Warmup,1294,0.162,7911,0.989,420,0.053,31.06,93345.0,63.77,234700.0,none
2026-07-28T19:27:04,1423.01,S009_Anish_chicken1,house_A,spoil_free_pcb_v1,pcb_A,chamber_A,poultry,chicken,Warmup,1297,0.162,7911,0.989,421,0.053,31.06,93345.0,63.77,234800.0,none
2026-07-28T19:27:06,1425.02,S009_Anish_chicken1,house_A,spoil_free_pcb_v1,pcb_A,chamber_A,poultry,chicken,Warmup,1301,0.163,7913,0.989,422,0.053,31.06,93345.0,63.76,235900.0,none
2026-07-28T19:27:08,1427.02,S009_Anish_chicken1,house_A,spoil_free_pcb_v1,pcb_A,chamber_A,poultry,chicken,Warmup,1303,0.163,7914,0.989,422,0.053,31.05,93347.0,63.77,235000.0,none
2026-07-28T19:27:10,1429.02,S009_Anish_chicken1,house_A,spoil_free_pcb_v1,pcb_A,chamber_A,poultry,chicken,Warmup,1305,0.163,7914,0.989,422,0.053,31.05,93345.0,63.78,234700.0,none
2026-07-28T19:27:12,1431.02,S009_Anish_chicken1,house_A,spoil_free_pcb_v1,pcb_A,chamber_A,poultry,chicken,Warmup,1304,0.163,7913,0.989,422,0.053,31.05,93345.0,63.78,235600.0,none
2026-07-28T19:27:14,1433.02,S009_Anish_chicken1,house_A,spoil_free_pcb_v1,pcb_A,chamber_A,poultry,chicken,Warmup,1299,0.162,7912,0.989,422,0.053,31.05,93345.0,63.8,234300.0,none
2026-07-28T19:27:16,1435.01,S009_Anish_chicken1,house_A,spoil_free_pcb_v1,pcb_A,chamber_A,poultry,chicken,Warmup,1297,0.162,7912,0.989,421,0.053,31.05,93345.0,63.8,235900.0,none
2026-07-28T19:27:18,1437.02,S009_Anish_chicken1,house_A,spoil_free_pcb_v1,pcb_A,chamber_A,poultry,chicken,Warmup,1290,0.161,7912,0.989,422,0.053,31.05,93345.0,63.8,235300.0,none
2026-07-28T19:27:20,1439.01,S009_Anish_chicken1,house_A,spoil_free_pcb_v1,pcb_A,chamber_A,poultry,chicken,Warmup,1286,0.161,7913,0.989,421,0.053,31.05,93343.0,63.81,235800.0,none
2026-07-28T19:27:22,1441.02,S009_Anish_chicken1,house_A,spoil_free_pcb_v1,pcb_A,chamber_A,poultry,chicken,Warmup,1286,0.161,7912,0.989,421,0.053,31.05,93343.0,63.79,235000.0,none
2026-07-28T19:27:24,1443.01,S009_Anish_chicken1,house_A,spoil_free_pcb_v1,pcb_A,chamber_A,poultry,chicken,Warmup,1291,0.161,7911,0.989,422,0.053,31.05,93343.0,63.81,235600.0,none
2026-07-28T19:27:26,1445.02,S009_Anish_chicken1,house_A,spoil_free_pcb_v1,pcb_A,chamber_A,poultry,chicken,Warmup,1296,0.162,7910,0.989,422,0.053,31.05,93343.0,63.8,236300.0,none
2026-07-28T19:27:28,1447.01,S009_Anish_chicken1,house_A,spoil_free_pcb_v1,pcb_A,chamber_A,poultry,chicken,Warmup,1300,0.163,7912,0.989,421,0.053,31.05,93343.0,63.8,235300.0,none
2026-07-28T19:27:30,1449.02,S009_Anish_chicken1,house_A,spoil_free_pcb_v1,pcb_A,chamber_A,poultry,chicken,Warmup,1305,0.163,7914,0.989,421,0.053,31.05,93341.0,63.79,235600.0,none
2026-07-28T19:27:32,1451.02,S009_Anish_chicken1,house_A,spoil_free_pcb_v1,pcb_A,chamber_A,poultry,chicken,Warmup,1306,0.163,7913,0.989,422,0.053,31.05,93341.0,63.8,235500.0,none
2026-07-28T19:27:34,1453.02,S009_Anish_chicken1,house_A,spoil_free_pcb_v1,pcb_A,chamber_A,poultry,chicken,Warmup,1308,0.164,7913,0.989,422,0.053,31.05,93343.0,63.81,235800.0,none
2026-07-28T19:27:36,1455.01,S009_Anish_chicken1,house_A,spoil_free_pcb_v1,pcb_A,chamber_A,poultry,chicken,Warmup,1305,0.163,7915,0.989,422,0.053,31.05,93343.0,63.79,234700.0,none
2026-07-28T19:27:38,1457.01,S009_Anish_chicken1,house_A,spoil_free_pcb_v1,pcb_A,chamber_A,poultry,chicken,Warmup,1301,0.163,7916,0.99,422,0.053,31.05,93341.0,63.79,235300.0,none
2026-07-28T19:27:40,1459.02,S009_Anish_chicken1,house_A,spoil_free_pcb_v1,pcb_A,chamber_A,poultry,chicken,Warmup,1298,0.162,7915,0.989,422,0.053,31.05,93345.0,63.79,236400.0,none
2026-07-28T19:27:42,1461.01,S009_Anish_chicken1,house_A,spoil_free_pcb_v1,pcb_A,chamber_A,poultry,chicken,Warmup,1301,0.163,7917,0.99,421,0.053,31.05,93343.0,63.78,235000.0,none
2026-07-28T19:27:44,1463.02,S009_Anish_chicken1,house_A,spoil_free_pcb_v1,pcb_A,chamber_A,poultry,chicken,Warmup,1293,0.162,7916,0.99,422,0.053,31.06,93345.0,63.8,235600.0,none
2026-07-28T19:27:46,1465.01,S009_Anish_chicken1,house_A,spoil_free_pcb_v1,pcb_A,chamber_A,poultry,chicken,Warmup,1289,0.161,7917,0.99,421,0.053,31.06,93343.0,63.79,235800.0,none
2026-07-28T19:27:48,1467.02,S009_Anish_chicken1,house_A,spoil_free_pcb_v1,pcb_A,chamber_A,poultry,chicken,Warmup,1281,0.16,7916,0.99,421,0.053,31.06,93343.0,63.79,236400.0,none
2026-07-28T19:27:50,1469.02,S009_Anish_chicken1,house_A,spoil_free_pcb_v1,pcb_A,chamber_A,poultry,chicken,Warmup,1275,0.159,7918,0.99,421,0.053,31.06,93343.0,63.77,233700.0,none
2026-07-28T19:27:52,1471.01,S009_Anish_chicken1,house_A,spoil_free_pcb_v1,pcb_A,chamber_A,poultry,chicken,Warmup,1276,0.16,7920,0.99,422,0.053,31.06,93343.0,63.79,235600.0,none
2026-07-28T19:27:54,1473.01,S009_Anish_chicken1,house_A,spoil_free_pcb_v1,pcb_A,chamber_A,poultry,chicken,Warmup,1282,0.16,7920,0.99,421,0.053,31.06,93341.0,63.79,235500.0,none
2026-07-28T19:27:56,1475.01,S009_Anish_chicken1,house_A,spoil_free_pcb_v1,pcb_A,chamber_A,poultry,chicken,Warmup,1294,0.162,7921,0.99,422,0.053,31.07,93341.0,63.78,235600.0,none
2026-07-28T19:27:58,1477.02,S009_Anish_chicken1,house_A,spoil_free_pcb_v1,pcb_A,chamber_A,poultry,chicken,Warmup,1299,0.162,7922,0.99,421,0.053,31.07,93341.0,63.78,234500.0,none
2026-07-28T19:28:00,1479.01,S009_Anish_chicken1,house_A,spoil_free_pcb_v1,pcb_A,chamber_A,poultry,chicken,Warmup,1306,0.163,7922,0.99,421,0.053,31.07,93341.0,63.78,235600.0,none
2026-07-28T19:28:02,1481.02,S009_Anish_chicken1,house_A,spoil_free_pcb_v1,pcb_A,chamber_A,poultry,chicken,Warmup,1312,0.164,7922,0.99,421,0.053,31.07,93341.0,63.78,235800.0,none
2026-07-28T19:28:04,1483.01,S009_Anish_chicken1,house_A,spoil_free_pcb_v1,pcb_A,chamber_A,poultry,chicken,Warmup,1304,0.163,7924,0.991,422,0.053,31.07,93343.0,63.76,235000.0,none
2026-07-28T19:28:06,1485.01,S009_Anish_chicken1,house_A,spoil_free_pcb_v1,pcb_A,chamber_A,poultry,chicken,Warmup,1300,0.163,7924,0.991,422,0.053,31.08,93343.0,63.78,234500.0,none
2026-07-28T19:28:08,1487.02,S009_Anish_chicken1,house_A,spoil_free_pcb_v1,pcb_A,chamber_A,poultry,chicken,Warmup,1296,0.162,7926,0.991,421,0.053,31.08,93343.0,63.76,236400.0,none
2026-07-28T19:28:10,1489.01,S009_Anish_chicken1,house_A,spoil_free_pcb_v1,pcb_A,chamber_A,poultry,chicken,Warmup,1292,0.162,7926,0.991,422,0.053,31.08,93343.0,63.76,235800.0,none
2026-07-28T19:28:12,1491.01,S009_Anish_chicken1,house_A,spoil_free_pcb_v1,pcb_A,chamber_A,poultry,chicken,Warmup,1290,0.161,7927,0.991,422,0.053,31.08,93343.0,63.76,236100.0,none
2026-07-28T19:28:14,1493.02,S009_Anish_chicken1,house_A,spoil_free_pcb_v1,pcb_A,chamber_A,poultry,chicken,Warmup,1290,0.161,7926,0.991,421,0.053,31.08,93343.0,63.76,236400.0,none
2026-07-28T19:28:16,1495.02,S009_Anish_chicken1,house_A,spoil_free_pcb_v1,pcb_A,chamber_A,poultry,chicken,Warmup,1292,0.162,7927,0.991,422,0.053,31.08,93341.0,63.76,235100.0,none
2026-07-28T19:28:18,1497.02,S009_Anish_chicken1,house_A,spoil_free_pcb_v1,pcb_A,chamber_A,poultry,chicken,Warmup,1296,0.162,7927,0.991,421,0.053,31.09,93341.0,63.75,235800.0,none
2026-07-28T19:28:20,1499.01,S009_Anish_chicken1,house_A,spoil_free_pcb_v1,pcb_A,chamber_A,poultry,chicken,Warmup,1299,0.162,7928,0.991,421,0.053,31.09,93339.0,63.76,236100.0,none
2026-07-28T19:28:22,1501.02,S009_Anish_chicken1,house_A,spoil_free_pcb_v1,pcb_A,chamber_A,poultry,chicken,Warmup,1301,0.163,7929,0.991,422,0.053,31.09,93339.0,63.74,235900.0,none
2026-07-28T19:28:24,1503.01,S009_Anish_chicken1,house_A,spoil_free_pcb_v1,pcb_A,chamber_A,poultry,chicken,Warmup,1310,0.164,7931,0.991,423,0.053,31.09,93341.0,63.74,235800.0,none
2026-07-28T19:28:26,1505.02,S009_Anish_chicken1,house_A,spoil_free_pcb_v1,pcb_A,chamber_A,poultry,chicken,Warmup,1307,0.163,7930,0.991,422,0.053,31.09,93341.0,63.75,235000.0,none
2026-07-28T19:28:28,1507.01,S009_Anish_chicken1,house_A,spoil_free_pcb_v1,pcb_A,chamber_A,poultry,chicken,Warmup,1304,0.163,7932,0.992,421,0.053,31.09,93341.0,63.75,236400.0,none
2026-07-28T19:28:30,1509.03,S009_Anish_chicken1,house_A,spoil_free_pcb_v1,pcb_A,chamber_A,poultry,chicken,Warmup,1302,0.163,7932,0.992,422,0.053,31.09,93341.0,63.74,236300.0,none
2026-07-28T19:28:32,1511.02,S009_Anish_chicken1,house_A,spoil_free_pcb_v1,pcb_A,chamber_A,poultry,chicken,Warmup,1299,0.162,7935,0.992,421,0.053,31.1,93341.0,63.73,236400.0,none
2026-07-28T19:28:34,1513.02,S009_Anish_chicken1,house_A,spoil_free_pcb_v1,pcb_A,chamber_A,poultry,chicken,Warmup,1298,0.162,7938,0.992,421,0.053,31.09,93341.0,63.73,235600.0,none
2026-07-28T19:28:36,1515.01,S009_Anish_chicken1,house_A,spoil_free_pcb_v1,pcb_A,chamber_A,poultry,chicken,Warmup,1293,0.162,7939,0.992,422,0.053,31.1,93341.0,63.73,234800.0,none
2026-07-28T19:28:38,1517.01,S009_Anish_chicken1,house_A,spoil_free_pcb_v1,pcb_A,chamber_A,poultry,chicken,Warmup,1287,0.161,7939,0.992,422,0.053,31.1,93341.0,63.72,235600.0,none
2026-07-28T19:28:40,1519.01,S009_Anish_chicken1,house_A,spoil_free_pcb_v1,pcb_A,chamber_A,poultry,chicken,Warmup,1292,0.162,7938,0.992,421,0.053,31.1,93341.0,63.73,235000.0,none
2026-07-28T19:28:42,1521.01,S009_Anish_chicken1,house_A,spoil_free_pcb_v1,pcb_A,chamber_A,poultry,chicken,Warmup,1290,0.161,7939,0.992,422,0.053,31.1,93341.0,63.72,236300.0,none
2026-07-28T19:28:44,1523.01,S009_Anish_chicken1,house_A,spoil_free_pcb_v1,pcb_A,chamber_A,poultry,chicken,Warmup,1294,0.162,7939,0.992,421,0.053,31.1,93343.0,63.71,235600.0,none
2026-07-28T19:28:46,1525.02,S009_Anish_chicken1,house_A,spoil_free_pcb_v1,pcb_A,chamber_A,poultry,chicken,Warmup,1296,0.162,7940,0.993,422,0.053,31.1,93343.0,63.73,235000.0,none
2026-07-28T19:28:48,1527.01,S009_Anish_chicken1,house_A,spoil_free_pcb_v1,pcb_A,chamber_A,poultry,chicken,Warmup,1299,0.162,7940,0.993,422,0.053,31.1,93343.0,63.73,234800.0,none
2026-07-28T19:28:50,1529.0,S009_Anish_chicken1,house_A,spoil_free_pcb_v1,pcb_A,chamber_A,poultry,chicken,Warmup,1303,0.163,7942,0.993,422,0.053,31.1,93343.0,63.73,234300.0,none
2026-07-28T19:28:52,1531.0,S009_Anish_chicken1,house_A,spoil_free_pcb_v1,pcb_A,chamber_A,poultry,chicken,Warmup,1306,0.163,7947,0.993,423,0.053,31.1,93343.0,63.73,236100.0,none
2026-07-28T19:28:54,1533.01,S009_Anish_chicken1,house_A,spoil_free_pcb_v1,pcb_A,chamber_A,poultry,chicken,Warmup,1307,0.163,7952,0.994,423,0.053,31.1,93345.0,63.75,236300.0,none
2026-07-28T19:28:56,1535.01,S009_Anish_chicken1,house_A,spoil_free_pcb_v1,pcb_A,chamber_A,poultry,chicken,Warmup,1314,0.164,7958,0.995,422,0.053,31.1,93345.0,63.76,236600.0,none
2026-07-28T19:28:58,1537.01,S009_Anish_chicken1,house_A,spoil_free_pcb_v1,pcb_A,chamber_A,poultry,chicken,Warmup,1310,0.164,7962,0.995,422,0.053,31.1,93345.0,63.75,235500.0,none
2026-07-28T19:29:00,1539.01,S009_Anish_chicken1,house_A,spoil_free_pcb_v1,pcb_A,chamber_A,poultry,chicken,Warmup,1309,0.164,7966,0.996,422,0.053,31.1,93347.0,63.75,235500.0,none
2026-07-28T19:29:02,1541.02,S009_Anish_chicken1,house_A,spoil_free_pcb_v1,pcb_A,chamber_A,poultry,chicken,Warmup,1301,0.163,7966,0.996,422,0.053,31.1,93347.0,63.75,234000.0,none
2026-07-28T19:29:04,1543.02,S009_Anish_chicken1,house_A,spoil_free_pcb_v1,pcb_A,chamber_A,poultry,chicken,Warmup,1299,0.162,7967,0.996,421,0.053,31.1,93347.0,63.73,236300.0,none
2026-07-28T19:29:06,1545.02,S009_Anish_chicken1,house_A,spoil_free_pcb_v1,pcb_A,chamber_A,poultry,chicken,Warmup,1295,0.162,7968,0.996,422,0.053,31.1,93347.0,63.75,237100.0,none
2026-07-28T19:29:08,1547.02,S009_Anish_chicken1,house_A,spoil_free_pcb_v1,pcb_A,chamber_A,poultry,chicken,Warmup,1293,0.162,7967,0.996,422,0.053,31.1,93347.0,63.75,235600.0,none
2026-07-28T19:29:10,1549.02,S009_Anish_chicken1,house_A,spoil_free_pcb_v1,pcb_A,chamber_A,poultry,chicken,Warmup,1288,0.161,7966,0.996,421,0.053,31.1,93347.0,63.72,236900.0,none
2026-07-28T19:29:12,1551.02,S009_Anish_chicken1,house_A,spoil_free_pcb_v1,pcb_A,chamber_A,poultry,chicken,Warmup,1290,0.161,7964,0.996,421,0.053,31.1,93345.0,63.73,234700.0,none
2026-07-28T19:29:14,1553.01,S009_Anish_chicken1,house_A,spoil_free_pcb_v1,pcb_A,chamber_A,poultry,chicken,Warmup,1294,0.162,7964,0.996,421,0.053,31.1,93345.0,63.73,235900.0,none
2026-07-28T19:29:16,1555.01,S009_Anish_chicken1,house_A,spoil_free_pcb_v1,pcb_A,chamber_A,poultry,chicken,Warmup,1297,0.162,7963,0.995,422,0.053,31.1,93343.0,63.72,235100.0,none
2026-07-28T19:29:18,1557.02,S009_Anish_chicken1,house_A,spoil_free_pcb_v1,pcb_A,chamber_A,poultry,chicken,Warmup,1299,0.162,7963,0.995,421,0.053,31.1,93343.0,63.72,235500.0,none
2026-07-28T19:29:20,1559.01,S009_Anish_chicken1,house_A,spoil_free_pcb_v1,pcb_A,chamber_A,poultry,chicken,Warmup,1302,0.163,7961,0.995,422,0.053,31.1,93343.0,63.73,236600.0,none
2026-07-28T19:29:22,1561.02,S009_Anish_chicken1,house_A,spoil_free_pcb_v1,pcb_A,chamber_A,poultry,chicken,Warmup,1308,0.164,7962,0.995,422,0.053,31.1,93343.0,63.72,234700.0,none
2026-07-28T19:29:24,1563.01,S009_Anish_chicken1,house_A,spoil_free_pcb_v1,pcb_A,chamber_A,poultry,chicken,Warmup,1312,0.164,7961,0.995,423,0.053,31.1,93343.0,63.73,235100.0,none
2026-07-28T19:29:26,1565.01,S009_Anish_chicken1,house_A,spoil_free_pcb_v1,pcb_A,chamber_A,poultry,chicken,Warmup,1315,0.164,7960,0.995,423,0.053,31.1,93341.0,63.72,235900.0,none
2026-07-28T19:29:28,1567.02,S009_Anish_chicken1,house_A,spoil_free_pcb_v1,pcb_A,chamber_A,poultry,chicken,Warmup,1312,0.164,7961,0.995,422,0.053,31.1,93341.0,63.71,237100.0,none
2026-07-28T19:29:30,1569.02,S009_Anish_chicken1,house_A,spoil_free_pcb_v1,pcb_A,chamber_A,poultry,chicken,Warmup,1307,0.163,7960,0.995,422,0.053,31.1,93341.0,63.73,235900.0,none
2026-07-28T19:29:32,1571.02,S009_Anish_chicken1,house_A,spoil_free_pcb_v1,pcb_A,chamber_A,poultry,chicken,Warmup,1304,0.163,7961,0.995,421,0.053,31.1,93341.0,63.73,234800.0,none
2026-07-28T19:29:34,1573.01,S009_Anish_chicken1,house_A,spoil_free_pcb_v1,pcb_A,chamber_A,poultry,chicken,Warmup,1301,0.163,7964,0.996,422,0.053,31.1,93341.0,63.72,235000.0,none
2026-07-28T19:29:36,1575.01,S009_Anish_chicken1,house_A,spoil_free_pcb_v1,pcb_A,chamber_A,poultry,chicken,Warmup,1298,0.162,7966,0.996,421,0.053,31.1,93341.0,63.72,235900.0,none
2026-07-28T19:29:38,1577.02,S009_Anish_chicken1,house_A,spoil_free_pcb_v1,pcb_A,chamber_A,poultry,chicken,Warmup,1293,0.162,7965,0.996,422,0.053,31.11,93341.0,63.7,234800.0,none
2026-07-28T19:29:40,1579.02,S009_Anish_chicken1,house_A,spoil_free_pcb_v1,pcb_A,chamber_A,poultry,chicken,Warmup,1288,0.161,7965,0.996,421,0.053,31.11,93341.0,63.71,235500.0,none
2026-07-28T19:29:42,1581.01,S009_Anish_chicken1,house_A,spoil_free_pcb_v1,pcb_A,chamber_A,poultry,chicken,Warmup,1288,0.161,7966,0.996,422,0.053,31.11,93341.0,63.7,235100.0,none
2026-07-28T19:29:44,1583.02,S009_Anish_chicken1,house_A,spoil_free_pcb_v1,pcb_A,chamber_A,poultry,chicken,Warmup,1287,0.161,7965,0.996,422,0.053,31.11,93345.0,63.71,236300.0,none
2026-07-28T19:29:46,1585.01,S009_Anish_chicken1,house_A,spoil_free_pcb_v1,pcb_A,chamber_A,poultry,chicken,Warmup,1288,0.161,7966,0.996,422,0.053,31.11,93345.0,63.7,235500.0,none
2026-07-28T19:29:48,1587.01,S009_Anish_chicken1,house_A,spoil_free_pcb_v1,pcb_A,chamber_A,poultry,chicken,Warmup,1290,0.161,7968,0.996,421,0.053,31.11,93345.0,63.7,235100.0,none
2026-07-28T19:29:50,1589.01,S009_Anish_chicken1,house_A,spoil_free_pcb_v1,pcb_A,chamber_A,poultry,chicken,Warmup,1297,0.162,7970,0.996,421,0.053,31.11,93345.0,63.68,235000.0,none
2026-07-28T19:29:52,1591.02,S009_Anish_chicken1,house_A,spoil_free_pcb_v1,pcb_A,chamber_A,poultry,chicken,Warmup,1299,0.162,7971,0.996,422,0.053,31.12,93347.0,63.7,236600.0,none
2026-07-28T19:29:54,1593.01,S009_Anish_chicken1,house_A,spoil_free_pcb_v1,pcb_A,chamber_A,poultry,chicken,Warmup,1301,0.163,7970,0.996,421,0.053,31.12,93347.0,63.7,234800.0,none
2026-07-28T19:29:56,1595.01,S009_Anish_chicken1,house_A,spoil_free_pcb_v1,pcb_A,chamber_A,poultry,chicken,Warmup,1301,0.163,7971,0.996,421,0.053,31.12,93347.0,63.71,236100.0,none
2026-07-28T19:29:58,1597.02,S009_Anish_chicken1,house_A,spoil_free_pcb_v1,pcb_A,chamber_A,poultry,chicken,Warmup,1311,0.164,7971,0.996,421,0.053,31.12,93347.0,63.7,235500.0,none
2026-07-28T19:30:00,1599.02,S009_Anish_chicken1,house_A,spoil_free_pcb_v1,pcb_A,chamber_A,poultry,chicken,Warmup,1315,0.164,7970,0.996,421,0.053,31.12,93347.0,63.69,236800.0,none
2026-07-28T19:30:02,1601.02,S009_Anish_chicken1,house_A,spoil_free_pcb_v1,pcb_A,chamber_A,poultry,chicken,Warmup,1317,0.165,7971,0.996,422,0.053,31.12,93347.0,63.69,236300.0,none
2026-07-28T19:30:04,1603.02,S009_Anish_chicken1,house_A,spoil_free_pcb_v1,pcb_A,chamber_A,poultry,chicken,Warmup,1314,0.164,7971,0.996,421,0.053,31.12,93347.0,63.67,235000.0,none
2026-07-28T19:30:06,1605.01,S009_Anish_chicken1,house_A,spoil_free_pcb_v1,pcb_A,chamber_A,poultry,chicken,Warmup,1310,0.164,7971,0.996,422,0.053,31.13,93345.0,63.69,237100.0,none
2026-07-28T19:30:08,1607.02,S009_Anish_chicken1,house_A,spoil_free_pcb_v1,pcb_A,chamber_A,poultry,chicken,Warmup,1306,0.163,7972,0.997,422,0.053,31.13,93345.0,63.67,235500.0,none
2026-07-28T19:30:10,1609.01,S009_Anish_chicken1,house_A,spoil_free_pcb_v1,pcb_A,chamber_A,poultry,chicken,Warmup,1303,0.163,7972,0.997,422,0.053,31.13,93345.0,63.66,236800.0,none
2026-07-28T19:30:12,1611.01,S009_Anish_chicken1,house_A,spoil_free_pcb_v1,pcb_A,chamber_A,poultry,chicken,Warmup,1300,0.163,7973,0.997,422,0.053,31.13,93345.0,63.67,235500.0,none
2026-07-28T19:30:14,1613.02,S009_Anish_chicken1,house_A,spoil_free_pcb_v1,pcb_A,chamber_A,poultry,chicken,Warmup,1297,0.162,7973,0.997,422,0.053,31.13,93343.0,63.67,236400.0,none
2026-07-28T19:30:16,1615.02,S009_Anish_chicken1,house_A,spoil_free_pcb_v1,pcb_A,chamber_A,poultry,chicken,Warmup,1294,0.162,7972,0.997,422,0.053,31.13,93345.0,63.68,235600.0,none
2026-07-28T19:30:18,1617.01,S009_Anish_chicken1,house_A,spoil_free_pcb_v1,pcb_A,chamber_A,poultry,chicken,Warmup,1290,0.161,7971,0.996,422,0.053,31.13,93345.0,63.68,235600.0,none
2026-07-28T19:30:20,1619.01,S009_Anish_chicken1,house_A,spoil_free_pcb_v1,pcb_A,chamber_A,poultry,chicken,Warmup,1290,0.161,7971,0.996,422,0.053,31.13,93345.0,63.67,236400.0,none
2026-07-28T19:30:22,1621.01,S009_Anish_chicken1,house_A,spoil_free_pcb_v1,pcb_A,chamber_A,poultry,chicken,Warmup,1291,0.161,7970,0.996,422,0.053,31.13,93345.0,63.67,235600.0,none
2026-07-28T19:30:24,1623.01,S009_Anish_chicken1,house_A,spoil_free_pcb_v1,pcb_A,chamber_A,poultry,chicken,Warmup,1296,0.162,7971,0.996,422,0.053,31.13,93345.0,63.68,237100.0,none
2026-07-28T19:30:26,1625.01,S009_Anish_chicken1,house_A,spoil_free_pcb_v1,pcb_A,chamber_A,poultry,chicken,Warmup,1298,0.162,7969,0.996,424,0.053,31.12,93345.0,63.68,235000.0,none
2026-07-28T19:30:28,1627.01,S009_Anish_chicken1,house_A,spoil_free_pcb_v1,pcb_A,chamber_A,poultry,chicken,Warmup,1299,0.162,7970,0.996,422,0.053,31.12,93345.0,63.68,235100.0,none
2026-07-28T19:30:30,1629.01,S009_Anish_chicken1,house_A,spoil_free_pcb_v1,pcb_A,chamber_A,poultry,chicken,Warmup,1300,0.163,7970,0.996,422,0.053,31.12,93345.0,63.67,235500.0,none
2026-07-28T19:30:32,1631.01,S009_Anish_chicken1,house_A,spoil_free_pcb_v1,pcb_A,chamber_A,poultry,chicken,Warmup,1304,0.163,7969,0.996,423,0.053,31.12,93345.0,63.67,236600.0,none
2026-07-28T19:30:34,1633.01,S009_Anish_chicken1,house_A,spoil_free_pcb_v1,pcb_A,chamber_A,poultry,chicken,Warmup,1311,0.164,7969,0.996,422,0.053,31.12,93345.0,63.68,235900.0,none
2026-07-28T19:30:36,1635.01,S009_Anish_chicken1,house_A,spoil_free_pcb_v1,pcb_A,chamber_A,poultry,chicken,Warmup,1312,0.164,7971,0.996,422,0.053,31.12,93345.0,63.68,235500.0,none
2026-07-28T19:30:38,1637.02,S009_Anish_chicken1,house_A,spoil_free_pcb_v1,pcb_A,chamber_A,poultry,chicken,Warmup,1309,0.164,7972,0.997,422,0.053,31.12,93343.0,63.67,235900.0,none
2026-07-28T19:30:40,1639.02,S009_Anish_chicken1,house_A,spoil_free_pcb_v1,pcb_A,chamber_A,poultry,chicken,Warmup,1306,0.163,7973,0.997,421,0.053,31.12,93343.0,63.67,236600.0,none
2026-07-28T19:30:42,1641.01,S009_Anish_chicken1,house_A,spoil_free_pcb_v1,pcb_A,chamber_A,poultry,chicken,Warmup,1304,0.163,7973,0.997,422,0.053,31.13,93343.0,63.67,235600.0,none
2026-07-28T19:30:44,1643.01,S009_Anish_chicken1,house_A,spoil_free_pcb_v1,pcb_A,chamber_A,poultry,chicken,Warmup,1298,0.162,7974,0.997,421,0.053,31.13,93343.0,63.68,236400.0,none
2026-07-28T19:30:46,1645.01,S009_Anish_chicken1,house_A,spoil_free_pcb_v1,pcb_A,chamber_A,poultry,chicken,Warmup,1294,0.162,7975,0.997,422,0.053,31.12,93343.0,63.67,235900.0,none
2026-07-28T19:30:48,1647.01,S009_Anish_chicken1,house_A,spoil_free_pcb_v1,pcb_A,chamber_A,poultry,chicken,Warmup,1291,0.161,7975,0.997,422,0.053,31.12,93345.0,63.67,236900.0,none
2026-07-28T19:30:50,1649.01,S009_Anish_chicken1,house_A,spoil_free_pcb_v1,pcb_A,chamber_A,poultry,chicken,Warmup,1291,0.161,7974,0.997,422,0.053,31.12,93345.0,63.69,236600.0,none
2026-07-28T19:30:52,1651.01,S009_Anish_chicken1,house_A,spoil_free_pcb_v1,pcb_A,chamber_A,poultry,chicken,Warmup,1295,0.162,7975,0.997,421,0.053,31.12,93345.0,63.68,235300.0,none
2026-07-28T19:30:54,1653.01,S009_Anish_chicken1,house_A,spoil_free_pcb_v1,pcb_A,chamber_A,poultry,chicken,Warmup,1299,0.162,7975,0.997,422,0.053,31.12,93345.0,63.69,234200.0,none
2026-07-28T19:30:56,1655.01,S009_Anish_chicken1,house_A,spoil_free_pcb_v1,pcb_A,chamber_A,poultry,chicken,Warmup,1301,0.163,7975,0.997,422,0.053,31.12,93343.0,63.69,237400.0,none
2026-07-28T19:30:58,1657.01,S009_Anish_chicken1,house_A,spoil_free_pcb_v1,pcb_A,chamber_A,poultry,chicken,Warmup,1305,0.163,7975,0.997,422,0.053,31.12,93345.0,63.68,236400.0,none
2026-07-28T19:31:00,1659.02,S009_Anish_chicken1,house_A,spoil_free_pcb_v1,pcb_A,chamber_A,poultry,chicken,Warmup,1309,0.164,7978,0.997,422,0.053,31.12,93343.0,63.68,236400.0,none
2026-07-28T19:31:02,1661.01,S009_Anish_chicken1,house_A,spoil_free_pcb_v1,pcb_A,chamber_A,poultry,chicken,Warmup,1309,0.164,7978,0.997,422,0.053,31.12,93343.0,63.69,236100.0,none
2026-07-28T19:31:04,1663.01,S009_Anish_chicken1,house_A,spoil_free_pcb_v1,pcb_A,chamber_A,poultry,chicken,Warmup,1309,0.164,7980,0.998,422,0.053,31.12,93343.0,63.67,236800.0,none
2026-07-28T19:31:06,1665.02,S009_Anish_chicken1,house_A,spoil_free_pcb_v1,pcb_A,chamber_A,poultry,chicken,Warmup,1305,0.163,7981,0.998,423,0.053,31.12,93343.0,63.67,235300.0,none
2026-07-28T19:31:08,1667.01,S009_Anish_chicken1,house_A,spoil_free_pcb_v1,pcb_A,chamber_A,poultry,chicken,Warmup,1303,0.163,7981,0.998,422,0.053,31.12,93343.0,63.69,235800.0,none
2026-07-28T19:31:10,1669.02,S009_Anish_chicken1,house_A,spoil_free_pcb_v1,pcb_A,chamber_A,poultry,chicken,Warmup,1299,0.162,7983,0.998,422,0.053,31.12,93343.0,63.67,236100.0,none
2026-07-28T19:31:12,1671.02,S009_Anish_chicken1,house_A,spoil_free_pcb_v1,pcb_A,chamber_A,poultry,chicken,Warmup,1297,0.162,7983,0.998,422,0.053,31.12,93341.0,63.68,237400.0,none
2026-07-28T19:31:14,1673.02,S009_Anish_chicken1,house_A,spoil_free_pcb_v1,pcb_A,chamber_A,poultry,chicken,Warmup,1292,0.162,7983,0.998,422,0.053,31.12,93339.0,63.68,235900.0,none
2026-07-28T19:31:16,1675.02,S009_Anish_chicken1,house_A,spoil_free_pcb_v1,pcb_A,chamber_A,poultry,chicken,Warmup,1291,0.161,7984,0.998,422,0.053,31.12,93339.0,63.68,236300.0,none
2026-07-28T19:31:18,1677.0,S009_Anish_chicken1,house_A,spoil_free_pcb_v1,pcb_A,chamber_A,poultry,chicken,Warmup,1293,0.162,7985,0.998,422,0.053,31.12,93339.0,63.67,235800.0,none
2026-07-28T19:31:20,1679.01,S009_Anish_chicken1,house_A,spoil_free_pcb_v1,pcb_A,chamber_A,poultry,chicken,Warmup,1293,0.162,7988,0.999,422,0.053,31.12,93339.0,63.68,236300.0,none
2026-07-28T19:31:22,1681.01,S009_Anish_chicken1,house_A,spoil_free_pcb_v1,pcb_A,chamber_A,poultry,chicken,Warmup,1295,0.162,7987,0.998,423,0.053,31.12,93339.0,63.67,236900.0,none
2026-07-28T19:31:24,1683.01,S009_Anish_chicken1,house_A,spoil_free_pcb_v1,pcb_A,chamber_A,poultry,chicken,Warmup,1297,0.162,7989,0.999,422,0.053,31.13,93339.0,63.67,235000.0,none
2026-07-28T19:31:26,1685.02,S009_Anish_chicken1,house_A,spoil_free_pcb_v1,pcb_A,chamber_A,poultry,chicken,Warmup,1299,0.162,7989,0.999,424,0.053,31.13,93339.0,63.67,236800.0,none
2026-07-28T19:31:28,1687.02,S009_Anish_chicken1,house_A,spoil_free_pcb_v1,pcb_A,chamber_A,poultry,chicken,Warmup,1301,0.163,7991,0.999,423,0.053,31.13,93339.0,63.68,235100.0,none
2026-07-28T19:31:30,1689.01,S009_Anish_chicken1,house_A,spoil_free_pcb_v1,pcb_A,chamber_A,poultry,chicken,Warmup,1305,0.163,7990,0.999,423,0.053,31.13,93341.0,63.67,235000.0,none
2026-07-28T19:31:32,1691.02,S009_Anish_chicken1,house_A,spoil_free_pcb_v1,pcb_A,chamber_A,poultry,chicken,Warmup,1307,0.163,7992,0.999,423,0.053,31.13,93343.0,63.68,235500.0,none
2026-07-28T19:31:34,1693.01,S009_Anish_chicken1,house_A,spoil_free_pcb_v1,pcb_A,chamber_A,poultry,chicken,Warmup,1308,0.164,7995,0.999,423,0.053,31.13,93343.0,63.67,234300.0,none
2026-07-28T19:31:36,1695.01,S009_Anish_chicken1,house_A,spoil_free_pcb_v1,pcb_A,chamber_A,poultry,chicken,Warmup,1310,0.164,7998,1.0,423,0.053,31.13,93345.0,63.65,236900.0,none
2026-07-28T19:31:38,1697.02,S009_Anish_chicken1,house_A,spoil_free_pcb_v1,pcb_A,chamber_A,poultry,chicken,Warmup,1310,0.164,7997,1.0,423,0.053,31.13,93343.0,63.67,235300.0,none
2026-07-28T19:31:40,1699.01,S009_Anish_chicken1,house_A,spoil_free_pcb_v1,pcb_A,chamber_A,poultry,chicken,Warmup,1312,0.164,7997,1.0,422,0.053,31.13,93343.0,63.67,234500.0,none
2026-07-28T19:31:42,1701.01,S009_Anish_chicken1,house_A,spoil_free_pcb_v1,pcb_A,chamber_A,poultry,chicken,Warmup,1313,0.164,8000,1.0,422,0.053,31.13,93345.0,63.66,236300.0,none
2026-07-28T19:31:44,1703.01,S009_Anish_chicken1,house_A,spoil_free_pcb_v1,pcb_A,chamber_A,poultry,chicken,Warmup,1312,0.164,7999,1.0,422,0.053,31.13,93345.0,63.67,236800.0,none
2026-07-28T19:31:46,1705.01,S009_Anish_chicken1,house_A,spoil_free_pcb_v1,pcb_A,chamber_A,poultry,chicken,Warmup,1310,0.164,7997,1.0,423,0.053,31.12,93345.0,63.69,236100.0,none
2026-07-28T19:31:48,1707.01,S009_Anish_chicken1,house_A,spoil_free_pcb_v1,pcb_A,chamber_A,poultry,chicken,Warmup,1306,0.163,7999,1.0,422,0.053,31.12,93345.0,63.67,236800.0,none
2026-07-28T19:31:50,1709.01,S009_Anish_chicken1,house_A,spoil_free_pcb_v1,pcb_A,chamber_A,poultry,chicken,Warmup,1304,0.163,7999,1.0,423,0.053,31.12,93345.0,63.67,235500.0,none
2026-07-28T19:31:52,1711.01,S009_Anish_chicken1,house_A,spoil_free_pcb_v1,pcb_A,chamber_A,poultry,chicken,Warmup,1300,0.163,7996,1.0,423,0.053,31.12,93347.0,63.68,235100.0,none
2026-07-28T19:31:54,1713.02,S009_Anish_chicken1,house_A,spoil_free_pcb_v1,pcb_A,chamber_A,poultry,chicken,Warmup,1298,0.162,7996,1.0,423,0.053,31.12,93347.0,63.67,235000.0,none
2026-07-28T19:31:56,1715.0,S009_Anish_chicken1,house_A,spoil_free_pcb_v1,pcb_A,chamber_A,poultry,chicken,Warmup,1295,0.162,7999,1.0,423,0.053,31.12,93347.0,63.69,236600.0,none
2026-07-28T19:31:58,1717.01,S009_Anish_chicken1,house_A,spoil_free_pcb_v1,pcb_A,chamber_A,poultry,chicken,Warmup,1290,0.161,7997,1.0,422,0.053,31.12,93345.0,63.67,235900.0,none
2026-07-28T19:32:00,1719.02,S009_Anish_chicken1,house_A,spoil_free_pcb_v1,pcb_A,chamber_A,poultry,chicken,Warmup,1290,0.161,7997,1.0,422,0.053,31.12,93343.0,63.68,235300.0,none
2026-07-28T19:32:02,1721.0,S009_Anish_chicken1,house_A,spoil_free_pcb_v1,pcb_A,chamber_A,poultry,chicken,Warmup,1293,0.162,7995,0.999,422,0.053,31.11,93343.0,63.67,236900.0,none
2026-07-28T19:32:04,1723.0,S009_Anish_chicken1,house_A,spoil_free_pcb_v1,pcb_A,chamber_A,poultry,chicken,Warmup,1295,0.162,7996,1.0,421,0.053,31.11,93341.0,63.68,236800.0,none
2026-07-28T19:32:06,1725.01,S009_Anish_chicken1,house_A,spoil_free_pcb_v1,pcb_A,chamber_A,poultry,chicken,Warmup,1301,0.163,7994,0.999,422,0.053,31.11,93343.0,63.68,235900.0,none
2026-07-28T19:32:08,1727.0,S009_Anish_chicken1,house_A,spoil_free_pcb_v1,pcb_A,chamber_A,poultry,chicken,Warmup,1305,0.163,7996,1.0,422,0.053,31.11,93343.0,63.66,236600.0,none
2026-07-28T19:32:10,1729.0,S009_Anish_chicken1,house_A,spoil_free_pcb_v1,pcb_A,chamber_A,poultry,chicken,Warmup,1310,0.164,7998,1.0,424,0.053,31.11,93345.0,63.67,235900.0,none
2026-07-28T19:32:12,1731.0,S009_Anish_chicken1,house_A,spoil_free_pcb_v1,pcb_A,chamber_A,poultry,chicken,Warmup,1311,0.164,7996,1.0,422,0.053,31.11,93343.0,63.68,235000.0,none
2026-07-28T19:32:14,1733.01,S009_Anish_chicken1,house_A,spoil_free_pcb_v1,pcb_A,chamber_A,poultry,chicken,Warmup,1311,0.164,7997,1.0,423,0.053,31.11,93343.0,63.65,235600.0,none
2026-07-28T19:32:16,1735.02,S009_Anish_chicken1,house_A,spoil_free_pcb_v1,pcb_A,chamber_A,poultry,chicken,Warmup,1307,0.163,7998,1.0,423,0.053,31.11,93343.0,63.65,236600.0,none
2026-07-28T19:32:18,1737.01,S009_Anish_chicken1,house_A,spoil_free_pcb_v1,pcb_A,chamber_A,poultry,chicken,Warmup,1303,0.163,8000,1.0,422,0.053,31.12,93343.0,63.65,236600.0,none
2026-07-28T19:32:20,1739.01,S009_Anish_chicken1,house_A,spoil_free_pcb_v1,pcb_A,chamber_A,poultry,chicken,Warmup,1298,0.162,8001,1.0,422,0.053,31.12,93343.0,63.65,237300.0,none
2026-07-28T19:32:22,1741.01,S009_Anish_chicken1,house_A,spoil_free_pcb_v1,pcb_A,chamber_A,poultry,chicken,Warmup,1294,0.162,8001,1.0,421,0.053,31.12,93341.0,63.65,235600.0,none
2026-07-28T19:32:24,1743.01,S009_Anish_chicken1,house_A,spoil_free_pcb_v1,pcb_A,chamber_A,poultry,chicken,Warmup,1290,0.161,8003,1.0,422,0.053,31.12,93341.0,63.66,236100.0,none
2026-07-28T19:32:26,1745.01,S009_Anish_chicken1,house_A,spoil_free_pcb_v1,pcb_A,chamber_A,poultry,chicken,Warmup,1291,0.161,8002,1.0,422,0.053,31.12,93341.0,63.65,235900.0,none
2026-07-28T19:32:28,1747.01,S009_Anish_chicken1,house_A,spoil_free_pcb_v1,pcb_A,chamber_A,poultry,chicken,Warmup,1293,0.162,8001,1.0,422,0.053,31.13,93343.0,63.63,235500.0,none
2026-07-28T19:32:30,1749.01,S009_Anish_chicken1,house_A,spoil_free_pcb_v1,pcb_A,chamber_A,poultry,chicken,Warmup,1298,0.162,8003,1.0,423,0.053,31.13,93341.0,63.63,235300.0,none
2026-07-28T19:32:32,1751.02,S009_Anish_chicken1,house_A,spoil_free_pcb_v1,pcb_A,chamber_A,poultry,chicken,Warmup,1301,0.163,8002,1.0,423,0.053,31.13,93341.0,63.64,237800.0,none
2026-07-28T19:32:34,1753.01,S009_Anish_chicken1,house_A,spoil_free_pcb_v1,pcb_A,chamber_A,poultry,chicken,Warmup,1304,0.163,8002,1.0,422,0.053,31.13,93339.0,63.62,236800.0,none
2026-07-28T19:32:36,1755.0,S009_Anish_chicken1,house_A,spoil_free_pcb_v1,pcb_A,chamber_A,poultry,chicken,Warmup,1310,0.164,8001,1.0,422,0.053,31.13,93341.0,63.6,237400.0,none
2026-07-28T19:32:38,1757.01,S009_Anish_chicken1,house_A,spoil_free_pcb_v1,pcb_A,chamber_A,poultry,chicken,Warmup,1310,0.164,8001,1.0,423,0.053,31.13,93341.0,63.59,235100.0,none
2026-07-28T19:32:40,1759.01,S009_Anish_chicken1,house_A,spoil_free_pcb_v1,pcb_A,chamber_A,poultry,chicken,Warmup,1310,0.164,8001,1.0,422,0.053,31.13,93343.0,63.6,236800.0,none
2026-07-28T19:32:42,1761.01,S009_Anish_chicken1,house_A,spoil_free_pcb_v1,pcb_A,chamber_A,poultry,chicken,Warmup,1305,0.163,8000,1.0,422,0.053,31.13,93347.0,63.59,235900.0,none
2026-07-28T19:32:44,1763.0,S009_Anish_chicken1,house_A,spoil_free_pcb_v1,pcb_A,chamber_A,poultry,chicken,Warmup,1301,0.163,8001,1.0,422,0.053,31.14,93349.0,63.58,237300.0,none
2026-07-28T19:32:46,1765.02,S009_Anish_chicken1,house_A,spoil_free_pcb_v1,pcb_A,chamber_A,poultry,chicken,Warmup,1298,0.162,8002,1.0,422,0.053,31.14,93349.0,63.56,235500.0,none
2026-07-28T19:32:48,1767.01,S009_Anish_chicken1,house_A,spoil_free_pcb_v1,pcb_A,chamber_A,poultry,chicken,Warmup,1296,0.162,8002,1.0,422,0.053,31.14,93351.0,63.57,236400.0,none
2026-07-28T19:32:50,1769.01,S009_Anish_chicken1,house_A,spoil_free_pcb_v1,pcb_A,chamber_A,poultry,chicken,Warmup,1294,0.162,8001,1.0,423,0.053,31.14,93351.0,63.56,236800.0,none
2026-07-28T19:32:52,1771.01,S009_Anish_chicken1,house_A,spoil_free_pcb_v1,pcb_A,chamber_A,poultry,chicken,Warmup,1295,0.162,8002,1.0,423,0.053,31.14,93353.0,63.56,237100.0,none
2026-07-28T19:32:54,1773.01,S009_Anish_chicken1,house_A,spoil_free_pcb_v1,pcb_A,chamber_A,poultry,chicken,Warmup,1297,0.162,8001,1.0,422,0.053,31.15,93353.0,63.55,236300.0,none
2026-07-28T19:32:56,1775.01,S009_Anish_chicken1,house_A,spoil_free_pcb_v1,pcb_A,chamber_A,poultry,chicken,Warmup,1302,0.163,8001,1.0,422,0.053,31.15,93353.0,63.53,234300.0,none
2026-07-28T19:32:58,1777.0,S009_Anish_chicken1,house_A,spoil_free_pcb_v1,pcb_A,chamber_A,poultry,chicken,Warmup,1304,0.163,8002,1.0,423,0.053,31.15,93354.0,63.54,237300.0,none
2026-07-28T19:33:00,1779.0,S009_Anish_chicken1,house_A,spoil_free_pcb_v1,pcb_A,chamber_A,poultry,chicken,Warmup,1306,0.163,8002,1.0,423,0.053,31.15,93353.0,63.54,237400.0,none
2026-07-28T19:33:02,1781.01,S009_Anish_chicken1,house_A,spoil_free_pcb_v1,pcb_A,chamber_A,poultry,chicken,Warmup,1310,0.164,8002,1.0,423,0.053,31.15,93353.0,63.53,237800.0,none
2026-07-28T19:33:04,1783.01,S009_Anish_chicken1,house_A,spoil_free_pcb_v1,pcb_A,chamber_A,poultry,chicken,Warmup,1309,0.164,8002,1.0,423,0.053,31.15,93354.0,63.51,236800.0,none
2026-07-28T19:33:06,1785.01,S009_Anish_chicken1,house_A,spoil_free_pcb_v1,pcb_A,chamber_A,poultry,chicken,Warmup,1310,0.164,8000,1.0,424,0.053,31.15,93354.0,63.52,236800.0,none
2026-07-28T19:33:08,1787.0,S009_Anish_chicken1,house_A,spoil_free_pcb_v1,pcb_A,chamber_A,poultry,chicken,Warmup,1304,0.163,7999,1.0,422,0.053,31.16,93353.0,63.5,237300.0,none
2026-07-28T19:33:10,1789.01,S009_Anish_chicken1,house_A,spoil_free_pcb_v1,pcb_A,chamber_A,poultry,chicken,Warmup,1303,0.163,8002,1.0,422,0.053,31.16,93353.0,63.51,235100.0,none
2026-07-28T19:33:12,1791.0,S009_Anish_chicken1,house_A,spoil_free_pcb_v1,pcb_A,chamber_A,poultry,chicken,Warmup,1304,0.163,7998,1.0,423,0.053,31.16,93351.0,63.5,236900.0,none
2026-07-28T19:33:14,1793.01,S009_Anish_chicken1,house_A,spoil_free_pcb_v1,pcb_A,chamber_A,poultry,chicken,Warmup,1299,0.162,8000,1.0,422,0.053,31.16,93349.0,63.49,236900.0,none
2026-07-28T19:33:16,1795.01,S009_Anish_chicken1,house_A,spoil_free_pcb_v1,pcb_A,chamber_A,poultry,chicken,Warmup,1296,0.162,8001,1.0,422,0.053,31.16,93347.0,63.5,236900.0,none
2026-07-28T19:33:18,1797.0,S009_Anish_chicken1,house_A,spoil_free_pcb_v1,pcb_A,chamber_A,poultry,chicken,Warmup,1294,0.162,8001,1.0,423,0.053,31.16,93347.0,63.48,236900.0,none
2026-07-28T19:33:20,1799.01,S009_Anish_chicken1,house_A,spoil_free_pcb_v1,pcb_A,chamber_A,poultry,chicken,Warmup,1292,0.162,8002,1.0,422,0.053,31.16,93345.0,63.48,236800.0,none
