timestamp_iso,elapsed_s,session_id,site_id,pcb_design_id,device_id,container_id,food_category,food_name,phase,adc_NH3,v_NH3,adc_CH4,v_CH4,adc_H2S,v_H2S,temp_C,pressure_Pa,humidity_pct,bme_gas_ohms,image_filename
2026-07-28T19:39:37,0.0,S010_Anish_chickenreal1,house_A,spoil_free_pcb_v1,pcb_A,chamber_A,poultry,chicken,Warmup,1357,0.17,8467,1.058,424,0.053,30.75,93347.0,60.39,173300.0,none
2026-07-28T19:39:39,1.04,S010_Anish_chickenreal1,house_A,spoil_free_pcb_v1,pcb_A,chamber_A,poultry,chicken,Warmup,1357,0.17,8464,1.058,426,0.053,30.75,93347.0,60.18,181400.0,none
2026-07-28T19:39:41,3.04,S010_Anish_chickenreal1,house_A,spoil_free_pcb_v1,pcb_A,chamber_A,poultry,chicken,Warmup,1359,0.17,8465,1.058,424,0.053,30.76,93345.0,59.93,192400.0,none
2026-07-28T19:39:43,5.05,S010_Anish_chickenreal1,house_A,spoil_free_pcb_v1,pcb_A,chamber_A,poultry,chicken,Warmup,1362,0.17,8465,1.058,425,0.053,30.77,93343.0,59.69,195600.0,none
2026-07-28T19:39:45,7.05,S010_Anish_chickenreal1,house_A,spoil_free_pcb_v1,pcb_A,chamber_A,poultry,chicken,Warmup,1361,0.17,8456,1.057,425,0.053,30.77,93345.0,59.4,200000.0,none
2026-07-28T19:39:47,9.04,S010_Anish_chickenreal1,house_A,spoil_free_pcb_v1,pcb_A,chamber_A,poultry,chicken,Warmup,1360,0.17,8444,1.056,425,0.053,30.78,93343.0,59.18,203600.0,none
2026-07-28T19:39:49,11.04,S010_Anish_chickenreal1,house_A,spoil_free_pcb_v1,pcb_A,chamber_A,poultry,chicken,Warmup,1366,0.171,8433,1.054,424,0.053,30.79,93343.0,58.99,206800.0,none
2026-07-28T19:39:51,13.04,S010_Anish_chickenreal1,house_A,spoil_free_pcb_v1,pcb_A,chamber_A,poultry,chicken,Warmup,1365,0.171,8428,1.054,424,0.053,30.79,93347.0,58.81,209100.0,none
2026-07-28T19:39:53,15.05,S010_Anish_chickenreal1,house_A,spoil_free_pcb_v1,pcb_A,chamber_A,poultry,chicken,Warmup,1362,0.17,8417,1.052,424,0.053,30.79,93347.0,58.68,211900.0,none
2026-07-28T19:39:55,17.04,S010_Anish_chickenreal1,house_A,spoil_free_pcb_v1,pcb_A,chamber_A,poultry,chicken,Warmup,1357,0.17,8410,1.051,425,0.053,30.8,93347.0,58.58,216100.0,none
2026-07-28T19:39:57,19.04,S010_Anish_chickenreal1,house_A,spoil_free_pcb_v1,pcb_A,chamber_A,poultry,chicken,Warmup,1350,0.169,8406,1.051,424,0.053,30.8,93347.0,58.43,215500.0,none
2026-07-28T19:39:59,21.04,S010_Anish_chickenreal1,house_A,spoil_free_pcb_v1,pcb_A,chamber_A,poultry,chicken,Warmup,1343,0.168,8401,1.05,425,0.053,30.8,93347.0,58.35,218000.0,none
2026-07-28T19:40:01,23.04,S010_Anish_chickenreal1,house_A,spoil_free_pcb_v1,pcb_A,chamber_A,poultry,chicken,Warmup,1336,0.167,8400,1.05,424,0.053,30.8,93345.0,58.32,220100.0,none
2026-07-28T19:40:03,25.05,S010_Anish_chickenreal1,house_A,spoil_free_pcb_v1,pcb_A,chamber_A,poultry,chicken,Warmup,1331,0.166,8404,1.051,424,0.053,30.8,93347.0,58.28,220300.0,img_000001_20260728_194002.jpg
2026-07-28T19:40:05,27.53,S010_Anish_chickenreal1,house_A,spoil_free_pcb_v1,pcb_A,chamber_A,poultry,chicken,Warmup,1328,0.166,8400,1.05,424,0.053,30.79,93347.0,58.24,222800.0,none
2026-07-28T19:40:07,29.04,S010_Anish_chickenreal1,house_A,spoil_free_pcb_v1,pcb_A,chamber_A,poultry,chicken,Warmup,1323,0.165,8400,1.05,423,0.053,30.79,93347.0,58.31,224300.0,none
2026-07-28T19:40:09,31.04,S010_Anish_chickenreal1,house_A,spoil_free_pcb_v1,pcb_A,chamber_A,poultry,chicken,Warmup,1319,0.165,8399,1.05,424,0.053,30.78,93343.0,58.47,226100.0,none
2026-07-28T19:40:11,33.03,S010_Anish_chickenreal1,house_A,spoil_free_pcb_v1,pcb_A,chamber_A,poultry,chicken,Warmup,1325,0.166,8395,1.049,423,0.053,30.78,93343.0,58.63,225100.0,none
2026-07-28T19:40:13,35.05,S010_Anish_chickenreal1,house_A,spoil_free_pcb_v1,pcb_A,chamber_A,poultry,chicken,Warmup,1329,0.166,8393,1.049,424,0.053,30.77,93343.0,58.69,226900.0,none
2026-07-28T19:40:15,37.03,S010_Anish_chickenreal1,house_A,spoil_free_pcb_v1,pcb_A,chamber_A,poultry,chicken,Warmup,1334,0.167,8393,1.049,424,0.053,30.77,93343.0,58.69,228700.0,none
2026-07-28T19:40:17,39.03,S010_Anish_chickenreal1,house_A,spoil_free_pcb_v1,pcb_A,chamber_A,poultry,chicken,Warmup,1334,0.167,8391,1.049,424,0.053,30.77,93343.0,58.69,229800.0,none
2026-07-28T19:40:19,41.04,S010_Anish_chickenreal1,house_A,spoil_free_pcb_v1,pcb_A,chamber_A,poultry,chicken,Warmup,1334,0.167,8389,1.049,424,0.053,30.77,93343.0,58.63,229600.0,none
2026-07-28T19:40:21,44.03,S010_Anish_chickenreal1,house_A,spoil_free_pcb_v1,pcb_A,chamber_A,poultry,chicken,Warmup,1336,0.167,8386,1.048,423,0.053,30.77,93343.0,58.54,232100.0,none
2026-07-28T19:40:23,45.05,S010_Anish_chickenreal1,house_A,spoil_free_pcb_v1,pcb_A,chamber_A,poultry,chicken,Warmup,1337,0.167,8382,1.048,424,0.053,30.77,93343.0,58.39,232100.0,none
2026-07-28T19:40:25,47.03,S010_Anish_chickenreal1,house_A,spoil_free_pcb_v1,pcb_A,chamber_A,poultry,chicken,Warmup,1337,0.167,8375,1.047,424,0.053,30.77,93343.0,58.22,232700.0,none
2026-07-28T19:40:27,49.03,S010_Anish_chickenreal1,house_A,spoil_free_pcb_v1,pcb_A,chamber_A,poultry,chicken,Warmup,1337,0.167,8368,1.046,424,0.053,30.77,93343.0,58.04,233500.0,none
2026-07-28T19:40:29,51.04,S010_Anish_chickenreal1,house_A,spoil_free_pcb_v1,pcb_A,chamber_A,poultry,chicken,Warmup,1336,0.167,8361,1.045,422,0.053,30.77,93343.0,57.83,234200.0,none
2026-07-28T19:40:31,53.04,S010_Anish_chickenreal1,house_A,spoil_free_pcb_v1,pcb_A,chamber_A,poultry,chicken,Warmup,1337,0.167,8354,1.044,423,0.053,30.77,93345.0,57.77,235300.0,none
2026-07-28T19:40:33,55.04,S010_Anish_chickenreal1,house_A,spoil_free_pcb_v1,pcb_A,chamber_A,poultry,chicken,Warmup,1330,0.166,8342,1.043,424,0.053,30.77,93343.0,57.8,236600.0,none
2026-07-28T19:40:35,57.05,S010_Anish_chickenreal1,house_A,spoil_free_pcb_v1,pcb_A,chamber_A,poultry,chicken,Warmup,1328,0.166,8335,1.042,423,0.053,30.76,93343.0,57.76,235600.0,none
2026-07-28T19:40:37,59.04,S010_Anish_chickenreal1,house_A,spoil_free_pcb_v1,pcb_A,chamber_A,poultry,chicken,Warmup,1321,0.165,8326,1.041,423,0.053,30.76,93343.0,57.75,238300.0,none
2026-07-28T19:40:39,61.05,S010_Anish_chickenreal1,house_A,spoil_free_pcb_v1,pcb_A,chamber_A,poultry,chicken,Warmup,1320,0.165,8321,1.04,424,0.053,30.76,93343.0,57.8,237400.0,none
2026-07-28T19:40:41,63.05,S010_Anish_chickenreal1,house_A,spoil_free_pcb_v1,pcb_A,chamber_A,poultry,chicken,Warmup,1318,0.165,8316,1.039,423,0.053,30.76,93343.0,57.81,238600.0,none
2026-07-28T19:40:43,65.04,S010_Anish_chickenreal1,house_A,spoil_free_pcb_v1,pcb_A,chamber_A,poultry,chicken,Warmup,1315,0.164,8314,1.039,423,0.053,30.76,93343.0,57.77,239600.0,none
2026-07-28T19:40:45,67.04,S010_Anish_chickenreal1,house_A,spoil_free_pcb_v1,pcb_A,chamber_A,poultry,chicken,Warmup,1319,0.165,8315,1.039,424,0.053,30.76,93343.0,57.72,239600.0,none
2026-07-28T19:40:47,69.04,S010_Anish_chickenreal1,house_A,spoil_free_pcb_v1,pcb_A,chamber_A,poultry,chicken,Warmup,1324,0.166,8319,1.04,423,0.053,30.76,93343.0,57.64,241100.0,none
2026-07-28T19:40:49,71.04,S010_Anish_chickenreal1,house_A,spoil_free_pcb_v1,pcb_A,chamber_A,poultry,chicken,Warmup,1324,0.166,8321,1.04,423,0.053,30.76,93343.0,57.51,240300.0,none
2026-07-28T19:40:51,73.04,S010_Anish_chickenreal1,house_A,spoil_free_pcb_v1,pcb_A,chamber_A,poultry,chicken,Warmup,1328,0.166,8325,1.041,423,0.053,30.76,93343.0,57.38,243900.0,none
2026-07-28T19:40:53,75.04,S010_Anish_chickenreal1,house_A,spoil_free_pcb_v1,pcb_A,chamber_A,poultry,chicken,Warmup,1331,0.166,8328,1.041,423,0.053,30.75,93343.0,57.26,243900.0,none
2026-07-28T19:40:55,77.03,S010_Anish_chickenreal1,house_A,spoil_free_pcb_v1,pcb_A,chamber_A,poultry,chicken,Warmup,1333,0.167,8330,1.041,424,0.053,30.75,93343.0,57.2,243400.0,none
2026-07-28T19:40:57,79.05,S010_Anish_chickenreal1,house_A,spoil_free_pcb_v1,pcb_A,chamber_A,poultry,chicken,Warmup,1330,0.166,8336,1.042,423,0.053,30.75,93343.0,57.2,242700.0,none
2026-07-28T19:40:59,81.04,S010_Anish_chickenreal1,house_A,spoil_free_pcb_v1,pcb_A,chamber_A,poultry,chicken,Warmup,1326,0.166,8337,1.042,422,0.053,30.75,93343.0,57.21,243500.0,none
2026-07-28T19:41:01,83.05,S010_Anish_chickenreal1,house_A,spoil_free_pcb_v1,pcb_A,chamber_A,poultry,chicken,Warmup,1321,0.165,8335,1.042,423,0.053,30.75,93343.0,57.24,244800.0,none
2026-07-28T19:41:03,85.05,S010_Anish_chickenreal1,house_A,spoil_free_pcb_v1,pcb_A,chamber_A,poultry,chicken,Warmup,1317,0.165,8328,1.041,423,0.053,30.75,93343.0,57.23,244800.0,none
2026-07-28T19:41:05,87.05,S010_Anish_chickenreal1,house_A,spoil_free_pcb_v1,pcb_A,chamber_A,poultry,chicken,Warmup,1312,0.164,8319,1.04,423,0.053,30.75,93343.0,57.19,244100.0,none
2026-07-28T19:41:07,89.03,S010_Anish_chickenreal1,house_A,spoil_free_pcb_v1,pcb_A,chamber_A,poultry,chicken,Warmup,1312,0.164,8312,1.039,423,0.053,30.75,93343.0,57.15,245600.0,none
2026-07-28T19:41:09,91.05,S010_Anish_chickenreal1,house_A,spoil_free_pcb_v1,pcb_A,chamber_A,poultry,chicken,Warmup,1313,0.164,8307,1.038,423,0.053,30.75,93343.0,57.07,246300.0,none
2026-07-28T19:41:11,93.03,S010_Anish_chickenreal1,house_A,spoil_free_pcb_v1,pcb_A,chamber_A,poultry,chicken,Warmup,1317,0.165,8299,1.037,423,0.053,30.75,93343.0,57.0,247100.0,none
2026-07-28T19:41:13,95.04,S010_Anish_chickenreal1,house_A,spoil_free_pcb_v1,pcb_A,chamber_A,poultry,chicken,Warmup,1320,0.165,8301,1.038,422,0.053,30.75,93345.0,56.94,248100.0,none
2026-07-28T19:41:15,97.03,S010_Anish_chickenreal1,house_A,spoil_free_pcb_v1,pcb_A,chamber_A,poultry,chicken,Warmup,1324,0.166,8305,1.038,423,0.053,30.74,93345.0,56.87,247100.0,none
2026-07-28T19:41:17,100.03,S010_Anish_chickenreal1,house_A,spoil_free_pcb_v1,pcb_A,chamber_A,poultry,chicken,Warmup,1326,0.166,8304,1.038,423,0.053,30.74,93345.0,56.78,248900.0,none
2026-07-28T19:41:19,101.04,S010_Anish_chickenreal1,house_A,spoil_free_pcb_v1,pcb_A,chamber_A,poultry,chicken,Warmup,1332,0.167,8347,1.043,423,0.053,30.74,93345.0,56.69,248500.0,none
2026-07-28T19:41:21,103.04,S010_Anish_chickenreal1,house_A,spoil_free_pcb_v1,pcb_A,chamber_A,poultry,chicken,Warmup,1327,0.166,8361,1.045,422,0.053,30.75,93345.0,56.61,249600.0,none
2026-07-28T19:41:23,105.04,S010_Anish_chickenreal1,house_A,spoil_free_pcb_v1,pcb_A,chamber_A,poultry,chicken,Warmup,1325,0.166,8359,1.045,422,0.053,30.75,93345.0,56.6,250500.0,none
2026-07-28T19:41:25,107.04,S010_Anish_chickenreal1,house_A,spoil_free_pcb_v1,pcb_A,chamber_A,poultry,chicken,Warmup,1322,0.165,8356,1.044,424,0.053,30.74,93345.0,56.61,249400.0,none
2026-07-28T19:41:27,109.04,S010_Anish_chickenreal1,house_A,spoil_free_pcb_v1,pcb_A,chamber_A,poultry,chicken,Warmup,1321,0.165,8356,1.044,424,0.053,30.73,93345.0,56.69,250700.0,none
2026-07-28T19:41:29,111.05,S010_Anish_chickenreal1,house_A,spoil_free_pcb_v1,pcb_A,chamber_A,poultry,chicken,Warmup,1321,0.165,8360,1.045,423,0.053,30.73,93343.0,56.87,251200.0,none
2026-07-28T19:41:31,113.04,S010_Anish_chickenreal1,house_A,spoil_free_pcb_v1,pcb_A,chamber_A,poultry,chicken,Warmup,1317,0.165,8359,1.045,423,0.053,30.72,93345.0,57.11,250500.0,none
2026-07-28T19:41:33,115.04,S010_Anish_chickenreal1,house_A,spoil_free_pcb_v1,pcb_A,chamber_A,poultry,chicken,Warmup,1316,0.165,8354,1.044,423,0.053,30.71,93345.0,57.3,249200.0,none
2026-07-28T19:41:35,117.04,S010_Anish_chickenreal1,house_A,spoil_free_pcb_v1,pcb_A,chamber_A,poultry,chicken,Warmup,1316,0.165,8350,1.044,422,0.053,30.71,93347.0,57.54,250900.0,none
2026-07-28T19:41:37,119.03,S010_Anish_chickenreal1,house_A,spoil_free_pcb_v1,pcb_A,chamber_A,poultry,chicken,Warmup,1315,0.164,8349,1.044,423,0.053,30.71,93347.0,57.75,250300.0,none
2026-07-28T19:41:39,121.04,S010_Anish_chickenreal1,house_A,spoil_free_pcb_v1,pcb_A,chamber_A,poultry,chicken,Warmup,1314,0.164,8343,1.043,422,0.053,30.71,93349.0,57.87,249800.0,none
2026-07-28T19:41:41,123.04,S010_Anish_chickenreal1,house_A,spoil_free_pcb_v1,pcb_A,chamber_A,poultry,chicken,Warmup,1313,0.164,8341,1.043,423,0.053,30.71,93349.0,57.87,250100.0,none
2026-07-28T19:41:43,125.03,S010_Anish_chickenreal1,house_A,spoil_free_pcb_v1,pcb_A,chamber_A,poultry,chicken,Warmup,1314,0.164,8337,1.042,423,0.053,30.71,93349.0,57.79,250900.0,none
2026-07-28T19:41:45,127.04,S010_Anish_chickenreal1,house_A,spoil_free_pcb_v1,pcb_A,chamber_A,poultry,chicken,Warmup,1313,0.164,8330,1.041,423,0.053,30.71,93349.0,57.65,252500.0,none
2026-07-28T19:41:47,129.04,S010_Anish_chickenreal1,house_A,spoil_free_pcb_v1,pcb_A,chamber_A,poultry,chicken,Warmup,1317,0.165,8325,1.041,422,0.053,30.71,93347.0,57.49,250900.0,none
2026-07-28T19:41:49,131.03,S010_Anish_chickenreal1,house_A,spoil_free_pcb_v1,pcb_A,chamber_A,poultry,chicken,Warmup,1317,0.165,8319,1.04,423,0.053,30.71,93349.0,57.33,251400.0,none
2026-07-28T19:41:51,133.04,S010_Anish_chickenreal1,house_A,spoil_free_pcb_v1,pcb_A,chamber_A,poultry,chicken,Warmup,1320,0.165,8315,1.039,423,0.053,30.71,93349.0,57.22,251200.0,none
2026-07-28T19:41:53,135.04,S010_Anish_chickenreal1,house_A,spoil_free_pcb_v1,pcb_A,chamber_A,poultry,chicken,Warmup,1320,0.165,8316,1.039,422,0.053,30.71,93349.0,57.1,253700.0,none
2026-07-28T19:41:55,137.04,S010_Anish_chickenreal1,house_A,spoil_free_pcb_v1,pcb_A,chamber_A,poultry,chicken,Warmup,1320,0.165,8319,1.04,423,0.053,30.71,93347.0,57.01,253500.0,none
2026-07-28T19:41:57,139.03,S010_Anish_chickenreal1,house_A,spoil_free_pcb_v1,pcb_A,chamber_A,poultry,chicken,Warmup,1322,0.165,8316,1.039,422,0.053,30.71,93349.0,56.94,253500.0,none
2026-07-28T19:41:59,141.04,S010_Anish_chickenreal1,house_A,spoil_free_pcb_v1,pcb_A,chamber_A,poultry,chicken,Warmup,1324,0.166,8311,1.039,423,0.053,30.71,93345.0,56.86,253100.0,none
2026-07-28T19:42:01,143.04,S010_Anish_chickenreal1,house_A,spoil_free_pcb_v1,pcb_A,chamber_A,poultry,chicken,Warmup,1323,0.165,8307,1.038,423,0.053,30.71,93345.0,56.83,253500.0,none
2026-07-28T19:42:03,145.04,S010_Anish_chickenreal1,house_A,spoil_free_pcb_v1,pcb_A,chamber_A,poultry,chicken,Warmup,1323,0.165,8304,1.038,423,0.053,30.7,93345.0,56.84,254800.0,none
2026-07-28T19:42:05,147.04,S010_Anish_chickenreal1,house_A,spoil_free_pcb_v1,pcb_A,chamber_A,poultry,chicken,Warmup,1323,0.165,8301,1.038,422,0.053,30.7,93345.0,56.91,254000.0,none
2026-07-28T19:42:07,149.03,S010_Anish_chickenreal1,house_A,spoil_free_pcb_v1,pcb_A,chamber_A,poultry,chicken,Warmup,1323,0.165,8302,1.038,423,0.053,30.7,93343.0,56.97,254200.0,none
2026-07-28T19:42:09,151.04,S010_Anish_chickenreal1,house_A,spoil_free_pcb_v1,pcb_A,chamber_A,poultry,chicken,Warmup,1322,0.165,8304,1.038,421,0.053,30.7,93343.0,57.0,254200.0,none
2026-07-28T19:42:11,153.04,S010_Anish_chickenreal1,house_A,spoil_free_pcb_v1,pcb_A,chamber_A,poultry,chicken,Warmup,1323,0.165,8306,1.038,423,0.053,30.7,93343.0,57.17,255000.0,none
2026-07-28T19:42:13,155.04,S010_Anish_chickenreal1,house_A,spoil_free_pcb_v1,pcb_A,chamber_A,poultry,chicken,Warmup,1322,0.165,8305,1.038,422,0.053,30.7,93343.0,57.42,252900.0,none
2026-07-28T19:42:15,157.04,S010_Anish_chickenreal1,house_A,spoil_free_pcb_v1,pcb_A,chamber_A,poultry,chicken,Warmup,1323,0.165,8307,1.038,422,0.053,30.7,93341.0,57.66,253700.0,none
2026-07-28T19:42:17,159.03,S010_Anish_chickenreal1,house_A,spoil_free_pcb_v1,pcb_A,chamber_A,poultry,chicken,Warmup,1320,0.165,8309,1.039,423,0.053,30.7,93341.0,57.77,255200.0,none
2026-07-28T19:42:19,161.04,S010_Anish_chickenreal1,house_A,spoil_free_pcb_v1,pcb_A,chamber_A,poultry,chicken,Warmup,1319,0.165,8308,1.039,422,0.053,30.7,93341.0,57.75,253900.0,none
2026-07-28T19:42:21,163.03,S010_Anish_chickenreal1,house_A,spoil_free_pcb_v1,pcb_A,chamber_A,poultry,chicken,Warmup,1319,0.165,8310,1.039,422,0.053,30.7,93343.0,57.63,254600.0,none
2026-07-28T19:42:23,165.04,S010_Anish_chickenreal1,house_A,spoil_free_pcb_v1,pcb_A,chamber_A,poultry,chicken,Warmup,1321,0.165,8314,1.039,423,0.053,30.7,93343.0,57.51,255200.0,none
2026-07-28T19:42:25,167.04,S010_Anish_chickenreal1,house_A,spoil_free_pcb_v1,pcb_A,chamber_A,poultry,chicken,Warmup,1321,0.165,8314,1.039,423,0.053,30.7,93343.0,57.52,254600.0,none
2026-07-28T19:42:27,169.04,S010_Anish_chickenreal1,house_A,spoil_free_pcb_v1,pcb_A,chamber_A,poultry,chicken,Warmup,1322,0.165,8315,1.039,423,0.053,30.7,93343.0,57.61,255200.0,none
2026-07-28T19:42:29,171.04,S010_Anish_chickenreal1,house_A,spoil_free_pcb_v1,pcb_A,chamber_A,poultry,chicken,Warmup,1321,0.165,8321,1.04,423,0.053,30.7,93343.0,57.65,254800.0,none
2026-07-28T19:42:31,173.03,S010_Anish_chickenreal1,house_A,spoil_free_pcb_v1,pcb_A,chamber_A,poultry,chicken,Warmup,1320,0.165,8318,1.04,422,0.053,30.7,93343.0,57.62,255400.0,none
2026-07-28T19:42:33,175.04,S010_Anish_chickenreal1,house_A,spoil_free_pcb_v1,pcb_A,chamber_A,poultry,chicken,Warmup,1319,0.165,8314,1.039,423,0.053,30.7,93345.0,57.52,255000.0,none
2026-07-28T19:42:35,177.03,S010_Anish_chickenreal1,house_A,spoil_free_pcb_v1,pcb_A,chamber_A,poultry,chicken,Warmup,1319,0.165,8312,1.039,423,0.053,30.7,93345.0,57.4,253900.0,none
2026-07-28T19:42:37,179.05,S010_Anish_chickenreal1,house_A,spoil_free_pcb_v1,pcb_A,chamber_A,poultry,chicken,Warmup,1326,0.166,8307,1.038,423,0.053,30.7,93347.0,57.32,256700.0,none
2026-07-28T19:42:39,181.03,S010_Anish_chickenreal1,house_A,spoil_free_pcb_v1,pcb_A,chamber_A,poultry,chicken,Warmup,1318,0.165,8304,1.038,423,0.053,30.7,93347.0,57.29,255400.0,none
2026-07-28T19:42:41,183.03,S010_Anish_chickenreal1,house_A,spoil_free_pcb_v1,pcb_A,chamber_A,poultry,chicken,Warmup,1317,0.165,8301,1.038,423,0.053,30.69,93349.0,57.27,254600.0,none
2026-07-28T19:42:43,185.04,S010_Anish_chickenreal1,house_A,spoil_free_pcb_v1,pcb_A,chamber_A,poultry,chicken,Warmup,1318,0.165,8295,1.037,422,0.053,30.69,93349.0,57.23,255400.0,none
2026-07-28T19:42:45,187.04,S010_Anish_chickenreal1,house_A,spoil_free_pcb_v1,pcb_A,chamber_A,poultry,chicken,Warmup,1315,0.164,8292,1.037,423,0.053,30.69,93349.0,57.24,256700.0,none
2026-07-28T19:42:47,189.04,S010_Anish_chickenreal1,house_A,spoil_free_pcb_v1,pcb_A,chamber_A,poultry,chicken,Warmup,1315,0.164,8293,1.037,422,0.053,30.69,93349.0,57.39,256100.0,none
2026-07-28T19:42:49,191.03,S010_Anish_chickenreal1,house_A,spoil_free_pcb_v1,pcb_A,chamber_A,poultry,chicken,Warmup,1314,0.164,8296,1.037,422,0.053,30.69,93349.0,57.55,256000.0,none
2026-07-28T19:42:51,193.03,S010_Anish_chickenreal1,house_A,spoil_free_pcb_v1,pcb_A,chamber_A,poultry,chicken,Warmup,1314,0.164,8296,1.037,422,0.053,30.69,93347.0,57.67,256700.0,none
2026-07-28T19:42:53,195.04,S010_Anish_chickenreal1,house_A,spoil_free_pcb_v1,pcb_A,chamber_A,poultry,chicken,Warmup,1314,0.164,8299,1.037,422,0.053,30.69,93347.0,57.76,256500.0,none
2026-07-28T19:42:55,197.03,S010_Anish_chickenreal1,house_A,spoil_free_pcb_v1,pcb_A,chamber_A,poultry,chicken,Warmup,1315,0.164,8307,1.038,422,0.053,30.69,93347.0,57.79,256000.0,none
2026-07-28T19:42:57,199.04,S010_Anish_chickenreal1,house_A,spoil_free_pcb_v1,pcb_A,chamber_A,poultry,chicken,Warmup,1312,0.164,8306,1.038,422,0.053,30.69,93347.0,57.74,255800.0,none
2026-07-28T19:42:59,201.04,S010_Anish_chickenreal1,house_A,spoil_free_pcb_v1,pcb_A,chamber_A,poultry,chicken,Warmup,1315,0.164,8302,1.038,423,0.053,30.68,93347.0,57.68,256900.0,none
2026-07-28T19:43:01,203.03,S010_Anish_chickenreal1,house_A,spoil_free_pcb_v1,pcb_A,chamber_A,poultry,chicken,Warmup,1313,0.164,8297,1.037,422,0.053,30.68,93347.0,57.56,257300.0,none
2026-07-28T19:43:03,205.03,S010_Anish_chickenreal1,house_A,spoil_free_pcb_v1,pcb_A,chamber_A,poultry,chicken,Warmup,1314,0.164,8291,1.036,423,0.053,30.68,93347.0,57.46,257500.0,none
2026-07-28T19:43:05,207.04,S010_Anish_chickenreal1,house_A,spoil_free_pcb_v1,pcb_A,chamber_A,poultry,chicken,Warmup,1312,0.164,8286,1.036,422,0.053,30.68,93347.0,57.37,257100.0,none
2026-07-28T19:43:07,209.05,S010_Anish_chickenreal1,house_A,spoil_free_pcb_v1,pcb_A,chamber_A,poultry,chicken,Warmup,1309,0.164,8282,1.035,422,0.053,30.68,93347.0,57.29,258900.0,none
2026-07-28T19:43:09,211.04,S010_Anish_chickenreal1,house_A,spoil_free_pcb_v1,pcb_A,chamber_A,poultry,chicken,Warmup,1311,0.164,8278,1.035,422,0.053,30.68,93347.0,57.26,257500.0,none
2026-07-28T19:43:11,213.04,S010_Anish_chickenreal1,house_A,spoil_free_pcb_v1,pcb_A,chamber_A,poultry,chicken,Warmup,1309,0.164,8275,1.034,422,0.053,30.68,93347.0,57.21,258100.0,none
2026-07-28T19:43:13,215.04,S010_Anish_chickenreal1,house_A,spoil_free_pcb_v1,pcb_A,chamber_A,poultry,chicken,Warmup,1306,0.163,8273,1.034,422,0.053,30.68,93347.0,57.19,258100.0,none
2026-07-28T19:43:15,217.04,S010_Anish_chickenreal1,house_A,spoil_free_pcb_v1,pcb_A,chamber_A,poultry,chicken,Warmup,1305,0.163,8272,1.034,422,0.053,30.68,93347.0,57.14,257900.0,none
2026-07-28T19:43:17,219.04,S010_Anish_chickenreal1,house_A,spoil_free_pcb_v1,pcb_A,chamber_A,poultry,chicken,Warmup,1304,0.163,8275,1.034,422,0.053,30.68,93347.0,57.11,258500.0,none
2026-07-28T19:43:19,221.04,S010_Anish_chickenreal1,house_A,spoil_free_pcb_v1,pcb_A,chamber_A,poultry,chicken,Warmup,1305,0.163,8274,1.034,422,0.053,30.68,93349.0,57.04,259300.0,none
2026-07-28T19:43:21,223.04,S010_Anish_chickenreal1,house_A,spoil_free_pcb_v1,pcb_A,chamber_A,poultry,chicken,Warmup,1302,0.163,8276,1.035,422,0.053,30.68,93349.0,57.11,259300.0,none
2026-07-28T19:43:23,225.04,S010_Anish_chickenreal1,house_A,spoil_free_pcb_v1,pcb_A,chamber_A,poultry,chicken,Warmup,1303,0.163,8290,1.036,423,0.053,30.68,93349.0,57.29,258300.0,none
2026-07-28T19:43:25,227.03,S010_Anish_chickenreal1,house_A,spoil_free_pcb_v1,pcb_A,chamber_A,poultry,chicken,Warmup,1304,0.163,8313,1.039,422,0.053,30.68,93351.0,57.5,259500.0,none
2026-07-28T19:43:27,229.04,S010_Anish_chickenreal1,house_A,spoil_free_pcb_v1,pcb_A,chamber_A,poultry,chicken,Warmup,1305,0.163,8323,1.04,422,0.053,30.67,93351.0,57.65,257700.0,none
2026-07-28T19:43:29,231.05,S010_Anish_chickenreal1,house_A,spoil_free_pcb_v1,pcb_A,chamber_A,poultry,chicken,Warmup,1309,0.164,8326,1.041,423,0.053,30.67,93351.0,57.77,258500.0,none
2026-07-28T19:43:31,233.04,S010_Anish_chickenreal1,house_A,spoil_free_pcb_v1,pcb_A,chamber_A,poultry,chicken,Warmup,1312,0.164,8348,1.044,422,0.053,30.67,93351.0,57.83,257500.0,none
2026-07-28T19:43:33,235.04,S010_Anish_chickenreal1,house_A,spoil_free_pcb_v1,pcb_A,chamber_A,poultry,chicken,Warmup,1315,0.164,8374,1.047,422,0.053,30.68,93351.0,57.95,257700.0,none
2026-07-28T19:43:35,237.03,S010_Anish_chickenreal1,house_A,spoil_free_pcb_v1,pcb_A,chamber_A,poultry,chicken,Warmup,1317,0.165,8378,1.047,422,0.053,30.68,93351.0,58.1,256500.0,none
2026-07-28T19:43:37,239.04,S010_Anish_chickenreal1,house_A,spoil_free_pcb_v1,pcb_A,chamber_A,poultry,chicken,Warmup,1320,0.165,8369,1.046,423,0.053,30.68,93351.0,58.13,257900.0,none
2026-07-28T19:43:39,241.05,S010_Anish_chickenreal1,house_A,spoil_free_pcb_v1,pcb_A,chamber_A,poultry,chicken,Warmup,1322,0.165,8355,1.044,423,0.053,30.68,93351.0,58.09,257100.0,none
2026-07-28T19:43:41,243.03,S010_Anish_chickenreal1,house_A,spoil_free_pcb_v1,pcb_A,chamber_A,poultry,chicken,Warmup,1324,0.166,8341,1.043,423,0.053,30.68,93351.0,57.99,258100.0,none
2026-07-28T19:43:43,245.04,S010_Anish_chickenreal1,house_A,spoil_free_pcb_v1,pcb_A,chamber_A,poultry,chicken,Warmup,1325,0.166,8331,1.041,422,0.053,30.68,93351.0,57.9,257900.0,none
2026-07-28T19:43:45,247.04,S010_Anish_chickenreal1,house_A,spoil_free_pcb_v1,pcb_A,chamber_A,poultry,chicken,Warmup,1325,0.166,8327,1.041,422,0.053,30.68,93351.0,57.91,257900.0,none
2026-07-28T19:43:47,249.04,S010_Anish_chickenreal1,house_A,spoil_free_pcb_v1,pcb_A,chamber_A,poultry,chicken,Warmup,1328,0.166,8329,1.041,423,0.053,30.68,93353.0,57.97,257700.0,none
2026-07-28T19:43:49,251.04,S010_Anish_chickenreal1,house_A,spoil_free_pcb_v1,pcb_A,chamber_A,poultry,chicken,Warmup,1331,0.166,8325,1.041,422,0.053,30.68,93353.0,58.03,258300.0,none
2026-07-28T19:43:51,253.04,S010_Anish_chickenreal1,house_A,spoil_free_pcb_v1,pcb_A,chamber_A,poultry,chicken,Warmup,1330,0.166,8320,1.04,423,0.053,30.68,93353.0,58.09,256900.0,none
2026-07-28T19:43:53,255.03,S010_Anish_chickenreal1,house_A,spoil_free_pcb_v1,pcb_A,chamber_A,poultry,chicken,Warmup,1331,0.166,8319,1.04,422,0.053,30.68,93353.0,58.09,258900.0,none
2026-07-28T19:43:55,257.03,S010_Anish_chickenreal1,house_A,spoil_free_pcb_v1,pcb_A,chamber_A,poultry,chicken,Warmup,1331,0.166,8321,1.04,423,0.053,30.68,93353.0,58.09,259300.0,none
2026-07-28T19:43:57,259.04,S010_Anish_chickenreal1,house_A,spoil_free_pcb_v1,pcb_A,chamber_A,poultry,chicken,Warmup,1329,0.166,8324,1.041,422,0.053,30.68,93353.0,58.05,258500.0,none
2026-07-28T19:43:59,261.04,S010_Anish_chickenreal1,house_A,spoil_free_pcb_v1,pcb_A,chamber_A,poultry,chicken,Warmup,1328,0.166,8327,1.041,423,0.053,30.68,93353.0,58.0,258300.0,none
2026-07-28T19:44:01,263.03,S010_Anish_chickenreal1,house_A,spoil_free_pcb_v1,pcb_A,chamber_A,poultry,chicken,Warmup,1327,0.166,8327,1.041,422,0.053,30.68,93353.0,57.94,259100.0,none
2026-07-28T19:44:03,265.04,S010_Anish_chickenreal1,house_A,spoil_free_pcb_v1,pcb_A,chamber_A,poultry,chicken,Warmup,1324,0.166,8317,1.04,423,0.053,30.68,93354.0,57.85,260000.0,none
2026-07-28T19:44:05,267.03,S010_Anish_chickenreal1,house_A,spoil_free_pcb_v1,pcb_A,chamber_A,poultry,chicken,Warmup,1322,0.165,8326,1.041,423,0.053,30.68,93354.0,57.82,257700.0,none
2026-07-28T19:44:07,269.03,S010_Anish_chickenreal1,house_A,spoil_free_pcb_v1,pcb_A,chamber_A,poultry,chicken,Warmup,1321,0.165,8335,1.042,423,0.053,30.68,93353.0,57.88,259100.0,none
2026-07-28T19:44:09,271.04,S010_Anish_chickenreal1,house_A,spoil_free_pcb_v1,pcb_A,chamber_A,poultry,chicken,Warmup,1319,0.165,8334,1.042,422,0.053,30.68,93354.0,58.07,257100.0,none
2026-07-28T19:44:11,273.04,S010_Anish_chickenreal1,house_A,spoil_free_pcb_v1,pcb_A,chamber_A,poultry,chicken,Warmup,1315,0.164,8333,1.042,424,0.053,30.68,93353.0,58.24,257300.0,none
2026-07-28T19:44:13,275.04,S010_Anish_chickenreal1,house_A,spoil_free_pcb_v1,pcb_A,chamber_A,poultry,chicken,Warmup,1315,0.164,8328,1.041,422,0.053,30.68,93353.0,58.3,257700.0,none
2026-07-28T19:44:15,277.03,S010_Anish_chickenreal1,house_A,spoil_free_pcb_v1,pcb_A,chamber_A,poultry,chicken,Warmup,1312,0.164,8325,1.041,423,0.053,30.68,93353.0,58.32,256300.0,none
2026-07-28T19:44:17,279.03,S010_Anish_chickenreal1,house_A,spoil_free_pcb_v1,pcb_A,chamber_A,poultry,chicken,Warmup,1311,0.164,8320,1.04,422,0.053,30.68,93353.0,58.26,258300.0,none
2026-07-28T19:44:19,281.03,S010_Anish_chickenreal1,house_A,spoil_free_pcb_v1,pcb_A,chamber_A,poultry,chicken,Warmup,1310,0.164,8315,1.039,422,0.053,30.67,93353.0,58.17,257700.0,none
2026-07-28T19:44:21,283.03,S010_Anish_chickenreal1,house_A,spoil_free_pcb_v1,pcb_A,chamber_A,poultry,chicken,Warmup,1306,0.163,8312,1.039,422,0.053,30.67,93353.0,58.13,258500.0,none
2026-07-28T19:44:23,285.03,S010_Anish_chickenreal1,house_A,spoil_free_pcb_v1,pcb_A,chamber_A,poultry,chicken,Warmup,1308,0.164,8312,1.039,422,0.053,30.67,93353.0,58.26,258100.0,none
2026-07-28T19:44:25,287.04,S010_Anish_chickenreal1,house_A,spoil_free_pcb_v1,pcb_A,chamber_A,poultry,chicken,Warmup,1308,0.164,8314,1.039,422,0.053,30.67,93353.0,58.47,258500.0,none
2026-07-28T19:44:27,289.03,S010_Anish_chickenreal1,house_A,spoil_free_pcb_v1,pcb_A,chamber_A,poultry,chicken,Warmup,1312,0.164,8318,1.04,423,0.053,30.67,93353.0,58.63,257700.0,none
2026-07-28T19:44:29,291.04,S010_Anish_chickenreal1,house_A,spoil_free_pcb_v1,pcb_A,chamber_A,poultry,chicken,Warmup,1312,0.164,8320,1.04,423,0.053,30.67,93353.0,58.74,257700.0,none
2026-07-28T19:44:31,293.03,S010_Anish_chickenreal1,house_A,spoil_free_pcb_v1,pcb_A,chamber_A,poultry,chicken,Warmup,1314,0.164,8317,1.04,422,0.053,30.67,93353.0,58.77,257700.0,none
2026-07-28T19:44:33,295.04,S010_Anish_chickenreal1,house_A,spoil_free_pcb_v1,pcb_A,chamber_A,poultry,chicken,Warmup,1314,0.164,8314,1.039,424,0.053,30.67,93353.0,58.69,257500.0,none
2026-07-28T19:44:35,297.03,S010_Anish_chickenreal1,house_A,spoil_free_pcb_v1,pcb_A,chamber_A,poultry,chicken,Warmup,1315,0.164,8313,1.039,423,0.053,30.67,93353.0,58.59,256700.0,none
2026-07-28T19:44:37,299.03,S010_Anish_chickenreal1,house_A,spoil_free_pcb_v1,pcb_A,chamber_A,poultry,chicken,Warmup,1316,0.165,8308,1.039,422,0.053,30.67,93353.0,58.49,258100.0,none
2026-07-28T19:44:39,301.03,S010_Anish_chickenreal1,house_A,spoil_free_pcb_v1,pcb_A,chamber_A,poultry,chicken,Warmup,1315,0.164,8305,1.038,422,0.053,30.67,93353.0,58.36,260000.0,none
2026-07-28T19:44:41,303.03,S010_Anish_chickenreal1,house_A,spoil_free_pcb_v1,pcb_A,chamber_A,poultry,chicken,Warmup,1317,0.165,8302,1.038,423,0.053,30.67,93353.0,58.26,257300.0,none
2026-07-28T19:44:43,305.03,S010_Anish_chickenreal1,house_A,spoil_free_pcb_v1,pcb_A,chamber_A,poultry,chicken,Warmup,1318,0.165,8300,1.038,422,0.053,30.67,93353.0,58.19,258900.0,none
2026-07-28T19:44:45,307.04,S010_Anish_chickenreal1,house_A,spoil_free_pcb_v1,pcb_A,chamber_A,poultry,chicken,Warmup,1320,0.165,8301,1.038,423,0.053,30.67,93353.0,58.14,259100.0,none
2026-07-28T19:44:47,309.04,S010_Anish_chickenreal1,house_A,spoil_free_pcb_v1,pcb_A,chamber_A,poultry,chicken,Warmup,1322,0.165,8304,1.038,422,0.053,30.67,93353.0,58.09,259700.0,none
2026-07-28T19:44:49,311.04,S010_Anish_chickenreal1,house_A,spoil_free_pcb_v1,pcb_A,chamber_A,poultry,chicken,Warmup,1323,0.165,8311,1.039,423,0.053,30.67,93353.0,58.1,259100.0,none
2026-07-28T19:44:51,313.04,S010_Anish_chickenreal1,house_A,spoil_free_pcb_v1,pcb_A,chamber_A,poultry,chicken,Warmup,1324,0.166,8312,1.039,422,0.053,30.67,93351.0,58.12,258900.0,none
2026-07-28T19:44:53,315.04,S010_Anish_chickenreal1,house_A,spoil_free_pcb_v1,pcb_A,chamber_A,poultry,chicken,Warmup,1324,0.166,8311,1.039,423,0.053,30.67,93349.0,58.17,258500.0,none
2026-07-28T19:44:55,317.04,S010_Anish_chickenreal1,house_A,spoil_free_pcb_v1,pcb_A,chamber_A,poultry,chicken,Warmup,1325,0.166,8308,1.039,422,0.053,30.67,93351.0,58.27,259100.0,none
2026-07-28T19:44:57,319.04,S010_Anish_chickenreal1,house_A,spoil_free_pcb_v1,pcb_A,chamber_A,poultry,chicken,Warmup,1326,0.166,8309,1.039,423,0.053,30.66,93351.0,58.41,258900.0,none
2026-07-28T19:44:59,321.03,S010_Anish_chickenreal1,house_A,spoil_free_pcb_v1,pcb_A,chamber_A,poultry,chicken,Warmup,1329,0.166,8308,1.039,423,0.053,30.66,93351.0,58.6,257900.0,none
2026-07-28T19:45:01,323.04,S010_Anish_chickenreal1,house_A,spoil_free_pcb_v1,pcb_A,chamber_A,poultry,chicken,Warmup,1325,0.166,8308,1.039,424,0.053,30.66,93353.0,58.73,258500.0,none
2026-07-28T19:45:03,325.04,S010_Anish_chickenreal1,house_A,spoil_free_pcb_v1,pcb_A,chamber_A,poultry,chicken,Warmup,1327,0.166,8307,1.038,423,0.053,30.66,93353.0,58.74,259800.0,none
2026-07-28T19:45:05,327.03,S010_Anish_chickenreal1,house_A,spoil_free_pcb_v1,pcb_A,chamber_A,poultry,chicken,Warmup,1326,0.166,8308,1.039,423,0.053,30.66,93353.0,58.7,257500.0,none
2026-07-28T19:45:07,329.04,S010_Anish_chickenreal1,house_A,spoil_free_pcb_v1,pcb_A,chamber_A,poultry,chicken,Warmup,1325,0.166,8305,1.038,422,0.053,30.66,93353.0,58.74,257700.0,none
2026-07-28T19:45:09,331.04,S010_Anish_chickenreal1,house_A,spoil_free_pcb_v1,pcb_A,chamber_A,poultry,chicken,Warmup,1322,0.165,8303,1.038,423,0.053,30.66,93353.0,58.81,258700.0,none
2026-07-28T19:45:11,333.04,S010_Anish_chickenreal1,house_A,spoil_free_pcb_v1,pcb_A,chamber_A,poultry,chicken,Warmup,1321,0.165,8301,1.038,423,0.053,30.66,93353.0,58.84,257900.0,none
2026-07-28T19:45:13,335.04,S010_Anish_chickenreal1,house_A,spoil_free_pcb_v1,pcb_A,chamber_A,poultry,chicken,Warmup,1318,0.165,8297,1.037,423,0.053,30.66,93351.0,58.75,257500.0,none
2026-07-28T19:45:15,337.03,S010_Anish_chickenreal1,house_A,spoil_free_pcb_v1,pcb_A,chamber_A,poultry,chicken,Warmup,1312,0.164,8293,1.037,423,0.053,30.66,93351.0,58.66,258900.0,none
2026-07-28T19:45:17,339.03,S010_Anish_chickenreal1,house_A,spoil_free_pcb_v1,pcb_A,chamber_A,poultry,chicken,Warmup,1312,0.164,8288,1.036,422,0.053,30.66,93351.0,58.53,258500.0,none
2026-07-28T19:45:19,341.03,S010_Anish_chickenreal1,house_A,spoil_free_pcb_v1,pcb_A,chamber_A,poultry,chicken,Warmup,1310,0.164,8285,1.036,423,0.053,30.66,93351.0,58.44,261000.0,none
2026-07-28T19:45:21,343.03,S010_Anish_chickenreal1,house_A,spoil_free_pcb_v1,pcb_A,chamber_A,poultry,chicken,Warmup,1304,0.163,8284,1.036,423,0.053,30.66,93351.0,58.37,258500.0,none
2026-07-28T19:45:23,345.03,S010_Anish_chickenreal1,house_A,spoil_free_pcb_v1,pcb_A,chamber_A,poultry,chicken,Warmup,1308,0.164,8288,1.036,423,0.053,30.66,93351.0,58.48,258900.0,none
2026-07-28T19:45:25,347.04,S010_Anish_chickenreal1,house_A,spoil_free_pcb_v1,pcb_A,chamber_A,poultry,chicken,Warmup,1310,0.164,8291,1.036,422,0.053,30.66,93351.0,58.6,258700.0,none
2026-07-28T19:45:27,349.03,S010_Anish_chickenreal1,house_A,spoil_free_pcb_v1,pcb_A,chamber_A,poultry,chicken,Warmup,1312,0.164,8293,1.037,422,0.053,30.66,93353.0,58.67,259300.0,none
2026-07-28T19:45:29,351.03,S010_Anish_chickenreal1,house_A,spoil_free_pcb_v1,pcb_A,chamber_A,poultry,chicken,Warmup,1315,0.164,8296,1.037,424,0.053,30.66,93353.0,58.67,260000.0,none
2026-07-28T19:45:31,353.04,S010_Anish_chickenreal1,house_A,spoil_free_pcb_v1,pcb_A,chamber_A,poultry,chicken,Warmup,1318,0.165,8300,1.038,422,0.053,30.66,93353.0,58.71,259800.0,none
2026-07-28T19:45:33,355.04,S010_Anish_chickenreal1,house_A,spoil_free_pcb_v1,pcb_A,chamber_A,poultry,chicken,Warmup,1321,0.165,8303,1.038,424,0.053,30.66,93353.0,58.86,257100.0,none
2026-07-28T19:45:35,357.03,S010_Anish_chickenreal1,house_A,spoil_free_pcb_v1,pcb_A,chamber_A,poultry,chicken,Warmup,1326,0.166,8305,1.038,422,0.053,30.66,93353.0,59.01,257900.0,none
2026-07-28T19:45:37,359.04,S010_Anish_chickenreal1,house_A,spoil_free_pcb_v1,pcb_A,chamber_A,poultry,chicken,Warmup,1329,0.166,8310,1.039,423,0.053,30.66,93353.0,59.15,257500.0,none
2026-07-28T19:45:39,361.04,S010_Anish_chickenreal1,house_A,spoil_free_pcb_v1,pcb_A,chamber_A,poultry,chicken,Warmup,1328,0.166,8311,1.039,423,0.053,30.66,93353.0,59.16,257300.0,none
2026-07-28T19:45:41,363.04,S010_Anish_chickenreal1,house_A,spoil_free_pcb_v1,pcb_A,chamber_A,poultry,chicken,Warmup,1325,0.166,8312,1.039,422,0.053,30.66,93353.0,59.09,258500.0,none
2026-07-28T19:45:43,365.04,S010_Anish_chickenreal1,house_A,spoil_free_pcb_v1,pcb_A,chamber_A,poultry,chicken,Warmup,1323,0.165,8305,1.038,423,0.053,30.66,93353.0,58.99,256500.0,none
2026-07-28T19:45:45,367.04,S010_Anish_chickenreal1,house_A,spoil_free_pcb_v1,pcb_A,chamber_A,poultry,chicken,Warmup,1319,0.165,8299,1.037,423,0.053,30.66,93351.0,58.94,257700.0,none
2026-07-28T19:45:47,369.03,S010_Anish_chickenreal1,house_A,spoil_free_pcb_v1,pcb_A,chamber_A,poultry,chicken,Warmup,1317,0.165,8295,1.037,423,0.053,30.66,93351.0,58.86,259100.0,none
2026-07-28T19:45:49,371.04,S010_Anish_chickenreal1,house_A,spoil_free_pcb_v1,pcb_A,chamber_A,poultry,chicken,Warmup,1312,0.164,8293,1.037,423,0.053,30.66,93351.0,58.79,259500.0,none
2026-07-28T19:45:51,373.03,S010_Anish_chickenreal1,house_A,spoil_free_pcb_v1,pcb_A,chamber_A,poultry,chicken,Warmup,1311,0.164,8292,1.037,423,0.053,30.66,93351.0,58.72,258900.0,none
2026-07-28T19:45:53,375.03,S010_Anish_chickenreal1,house_A,spoil_free_pcb_v1,pcb_A,chamber_A,poultry,chicken,Warmup,1309,0.164,8292,1.037,423,0.053,30.66,93351.0,58.65,259700.0,none
2026-07-28T19:45:55,377.03,S010_Anish_chickenreal1,house_A,spoil_free_pcb_v1,pcb_A,chamber_A,poultry,chicken,Warmup,1309,0.164,8289,1.036,423,0.053,30.66,93351.0,58.57,258900.0,none
2026-07-28T19:45:57,379.03,S010_Anish_chickenreal1,house_A,spoil_free_pcb_v1,pcb_A,chamber_A,poultry,chicken,Warmup,1310,0.164,8291,1.036,423,0.053,30.66,93351.0,58.51,258100.0,none
2026-07-28T19:45:59,381.03,S010_Anish_chickenreal1,house_A,spoil_free_pcb_v1,pcb_A,chamber_A,poultry,chicken,Warmup,1312,0.164,8288,1.036,423,0.053,30.66,93351.0,58.48,258900.0,none
2026-07-28T19:46:01,383.04,S010_Anish_chickenreal1,house_A,spoil_free_pcb_v1,pcb_A,chamber_A,poultry,chicken,Warmup,1313,0.164,8288,1.036,422,0.053,30.66,93351.0,58.44,261000.0,none
2026-07-28T19:46:03,385.03,S010_Anish_chickenreal1,house_A,spoil_free_pcb_v1,pcb_A,chamber_A,poultry,chicken,Warmup,1316,0.165,8287,1.036,422,0.053,30.66,93351.0,58.44,259500.0,none
2026-07-28T19:46:05,387.03,S010_Anish_chickenreal1,house_A,spoil_free_pcb_v1,pcb_A,chamber_A,poultry,chicken,Warmup,1317,0.165,8287,1.036,424,0.053,30.66,93351.0,58.45,258700.0,none
2026-07-28T19:46:07,389.04,S010_Anish_chickenreal1,house_A,spoil_free_pcb_v1,pcb_A,chamber_A,poultry,chicken,Warmup,1319,0.165,8285,1.036,423,0.053,30.66,93351.0,58.47,260200.0,none
2026-07-28T19:46:09,391.04,S010_Anish_chickenreal1,house_A,spoil_free_pcb_v1,pcb_A,chamber_A,poultry,chicken,Warmup,1321,0.165,8281,1.035,424,0.053,30.66,93351.0,58.51,259100.0,none
2026-07-28T19:46:11,393.03,S010_Anish_chickenreal1,house_A,spoil_free_pcb_v1,pcb_A,chamber_A,poultry,chicken,Warmup,1321,0.165,8281,1.035,424,0.053,30.66,93351.0,58.56,259300.0,none
2026-07-28T19:46:13,395.03,S010_Anish_chickenreal1,house_A,spoil_free_pcb_v1,pcb_A,chamber_A,poultry,chicken,Warmup,1324,0.166,8282,1.035,423,0.053,30.66,93351.0,58.58,259100.0,none
2026-07-28T19:46:15,397.04,S010_Anish_chickenreal1,house_A,spoil_free_pcb_v1,pcb_A,chamber_A,poultry,chicken,Warmup,1324,0.166,8285,1.036,423,0.053,30.66,93351.0,58.63,259700.0,none
2026-07-28T19:46:17,399.03,S010_Anish_chickenreal1,house_A,spoil_free_pcb_v1,pcb_A,chamber_A,poultry,chicken,Warmup,1325,0.166,8289,1.036,423,0.053,30.66,93351.0,58.71,259300.0,none
2026-07-28T19:46:19,401.04,S010_Anish_chickenreal1,house_A,spoil_free_pcb_v1,pcb_A,chamber_A,poultry,chicken,Warmup,1323,0.165,8292,1.037,423,0.053,30.66,93351.0,58.76,258900.0,none
2026-07-28T19:46:21,403.03,S010_Anish_chickenreal1,house_A,spoil_free_pcb_v1,pcb_A,chamber_A,poultry,chicken,Warmup,1318,0.165,8298,1.037,423,0.053,30.66,93351.0,58.8,259100.0,none
2026-07-28T19:46:23,405.03,S010_Anish_chickenreal1,house_A,spoil_free_pcb_v1,pcb_A,chamber_A,poultry,chicken,Warmup,1318,0.165,8303,1.038,423,0.053,30.66,93351.0,58.8,259500.0,none
2026-07-28T19:46:25,407.04,S010_Anish_chickenreal1,house_A,spoil_free_pcb_v1,pcb_A,chamber_A,poultry,chicken,Warmup,1317,0.165,8301,1.038,424,0.053,30.66,93351.0,58.8,260600.0,none
2026-07-28T19:46:27,409.03,S010_Anish_chickenreal1,house_A,spoil_free_pcb_v1,pcb_A,chamber_A,poultry,chicken,Warmup,1313,0.164,8299,1.037,423,0.053,30.66,93351.0,58.75,258700.0,none
2026-07-28T19:46:29,411.03,S010_Anish_chickenreal1,house_A,spoil_free_pcb_v1,pcb_A,chamber_A,poultry,chicken,Warmup,1311,0.164,8298,1.037,423,0.053,30.66,93351.0,58.69,258700.0,none
2026-07-28T19:46:31,413.03,S010_Anish_chickenreal1,house_A,spoil_free_pcb_v1,pcb_A,chamber_A,poultry,chicken,Warmup,1309,0.164,8299,1.037,423,0.053,30.66,93351.0,58.63,260800.0,none
2026-07-28T19:46:33,415.03,S010_Anish_chickenreal1,house_A,spoil_free_pcb_v1,pcb_A,chamber_A,poultry,chicken,Warmup,1307,0.163,8302,1.038,422,0.053,30.66,93351.0,58.63,259300.0,none
2026-07-28T19:46:35,417.04,S010_Anish_chickenreal1,house_A,spoil_free_pcb_v1,pcb_A,chamber_A,poultry,chicken,Warmup,1307,0.163,8303,1.038,423,0.053,30.66,93353.0,58.66,258700.0,none
2026-07-28T19:46:37,419.03,S010_Anish_chickenreal1,house_A,spoil_free_pcb_v1,pcb_A,chamber_A,poultry,chicken,Warmup,1307,0.163,8304,1.038,424,0.053,30.66,93353.0,58.69,255600.0,none
2026-07-28T19:46:39,421.04,S010_Anish_chickenreal1,house_A,spoil_free_pcb_v1,pcb_A,chamber_A,poultry,chicken,Warmup,1308,0.164,8303,1.038,423,0.053,30.66,93353.0,58.77,259700.0,none
2026-07-28T19:46:41,423.04,S010_Anish_chickenreal1,house_A,spoil_free_pcb_v1,pcb_A,chamber_A,poultry,chicken,Warmup,1311,0.164,8304,1.038,424,0.053,30.66,93353.0,58.94,257700.0,none
2026-07-28T19:46:43,425.03,S010_Anish_chickenreal1,house_A,spoil_free_pcb_v1,pcb_A,chamber_A,poultry,chicken,Warmup,1312,0.164,8307,1.038,423,0.053,30.66,93354.0,59.13,258500.0,none
2026-07-28T19:46:45,427.03,S010_Anish_chickenreal1,house_A,spoil_free_pcb_v1,pcb_A,chamber_A,poultry,chicken,Warmup,1313,0.164,8309,1.039,423,0.053,30.66,93354.0,59.36,256900.0,none
2026-07-28T19:46:47,429.03,S010_Anish_chickenreal1,house_A,spoil_free_pcb_v1,pcb_A,chamber_A,poultry,chicken,Warmup,1315,0.164,8314,1.039,424,0.053,30.66,93354.0,59.53,259100.0,none
2026-07-28T19:46:49,431.04,S010_Anish_chickenreal1,house_A,spoil_free_pcb_v1,pcb_A,chamber_A,poultry,chicken,Warmup,1318,0.165,8319,1.04,423,0.053,30.66,93354.0,59.62,258100.0,none
2026-07-28T19:46:51,433.04,S010_Anish_chickenreal1,house_A,spoil_free_pcb_v1,pcb_A,chamber_A,poultry,chicken,Warmup,1319,0.165,8324,1.041,424,0.053,30.66,93354.0,59.61,257300.0,none
2026-07-28T19:46:53,435.04,S010_Anish_chickenreal1,house_A,spoil_free_pcb_v1,pcb_A,chamber_A,poultry,chicken,Warmup,1321,0.165,8319,1.04,423,0.053,30.66,93354.0,59.56,257900.0,none
2026-07-28T19:46:55,437.04,S010_Anish_chickenreal1,house_A,spoil_free_pcb_v1,pcb_A,chamber_A,poultry,chicken,Warmup,1324,0.166,8314,1.039,424,0.053,30.66,93354.0,59.53,256900.0,none
2026-07-28T19:46:57,439.04,S010_Anish_chickenreal1,house_A,spoil_free_pcb_v1,pcb_A,chamber_A,poultry,chicken,Warmup,1326,0.166,8309,1.039,424,0.053,30.66,93354.0,59.49,257100.0,none
2026-07-28T19:46:59,441.04,S010_Anish_chickenreal1,house_A,spoil_free_pcb_v1,pcb_A,chamber_A,poultry,chicken,Warmup,1329,0.166,8302,1.038,423,0.053,30.66,93353.0,59.44,258300.0,none
2026-07-28T19:47:01,443.04,S010_Anish_chickenreal1,house_A,spoil_free_pcb_v1,pcb_A,chamber_A,poultry,chicken,Warmup,1326,0.166,8302,1.038,423,0.053,30.66,93353.0,59.33,258500.0,none
2026-07-28T19:47:03,445.04,S010_Anish_chickenreal1,house_A,spoil_free_pcb_v1,pcb_A,chamber_A,poultry,chicken,Warmup,1322,0.165,8315,1.039,423,0.053,30.66,93353.0,59.24,257700.0,none
2026-07-28T19:47:05,447.04,S010_Anish_chickenreal1,house_A,spoil_free_pcb_v1,pcb_A,chamber_A,poultry,chicken,Warmup,1320,0.165,8323,1.04,422,0.053,30.67,93353.0,59.25,257300.0,none
2026-07-28T19:47:07,449.04,S010_Anish_chickenreal1,house_A,spoil_free_pcb_v1,pcb_A,chamber_A,poultry,chicken,Warmup,1317,0.165,8318,1.04,423,0.053,30.67,93353.0,59.32,257300.0,none
2026-07-28T19:47:09,451.04,S010_Anish_chickenreal1,house_A,spoil_free_pcb_v1,pcb_A,chamber_A,poultry,chicken,Warmup,1314,0.164,8319,1.04,423,0.053,30.67,93353.0,59.41,258300.0,none
2026-07-28T19:47:11,453.04,S010_Anish_chickenreal1,house_A,spoil_free_pcb_v1,pcb_A,chamber_A,poultry,chicken,Warmup,1312,0.164,8321,1.04,425,0.053,30.67,93353.0,59.47,257700.0,none
2026-07-28T19:47:13,455.04,S010_Anish_chickenreal1,house_A,spoil_free_pcb_v1,pcb_A,chamber_A,poultry,chicken,Warmup,1311,0.164,8321,1.04,423,0.053,30.67,93353.0,59.54,257700.0,none
2026-07-28T19:47:15,457.03,S010_Anish_chickenreal1,house_A,spoil_free_pcb_v1,pcb_A,chamber_A,poultry,chicken,Warmup,1312,0.164,8315,1.039,423,0.053,30.67,93353.0,59.6,256700.0,none
2026-07-28T19:47:17,459.04,S010_Anish_chickenreal1,house_A,spoil_free_pcb_v1,pcb_A,chamber_A,poultry,chicken,Warmup,1312,0.164,8314,1.039,423,0.053,30.67,93353.0,59.64,254600.0,none
2026-07-28T19:47:19,461.04,S010_Anish_chickenreal1,house_A,spoil_free_pcb_v1,pcb_A,chamber_A,poultry,chicken,Warmup,1313,0.164,8310,1.039,423,0.053,30.67,93353.0,59.65,257900.0,none
2026-07-28T19:47:21,463.04,S010_Anish_chickenreal1,house_A,spoil_free_pcb_v1,pcb_A,chamber_A,poultry,chicken,Warmup,1314,0.164,8310,1.039,423,0.053,30.67,93353.0,59.66,253500.0,none
2026-07-28T19:47:23,465.03,S010_Anish_chickenreal1,house_A,spoil_free_pcb_v1,pcb_A,chamber_A,poultry,chicken,Warmup,1316,0.165,8312,1.039,423,0.053,30.67,93353.0,59.72,256300.0,none
2026-07-28T19:47:25,467.03,S010_Anish_chickenreal1,house_A,spoil_free_pcb_v1,pcb_A,chamber_A,poultry,chicken,Warmup,1316,0.165,8316,1.039,423,0.053,30.66,93354.0,59.72,257500.0,none
2026-07-28T19:47:27,469.03,S010_Anish_chickenreal1,house_A,spoil_free_pcb_v1,pcb_A,chamber_A,poultry,chicken,Warmup,1320,0.165,8321,1.04,424,0.053,30.66,93354.0,59.71,256300.0,none
2026-07-28T19:47:29,471.04,S010_Anish_chickenreal1,house_A,spoil_free_pcb_v1,pcb_A,chamber_A,poultry,chicken,Warmup,1322,0.165,8320,1.04,423,0.053,30.66,93354.0,59.76,256500.0,none
2026-07-28T19:47:31,473.04,S010_Anish_chickenreal1,house_A,spoil_free_pcb_v1,pcb_A,chamber_A,poultry,chicken,Warmup,1325,0.166,8319,1.04,424,0.053,30.66,93354.0,59.86,257100.0,none
2026-07-28T19:47:33,475.04,S010_Anish_chickenreal1,house_A,spoil_free_pcb_v1,pcb_A,chamber_A,poultry,chicken,Warmup,1326,0.166,8315,1.039,424,0.053,30.65,93356.0,59.9,256100.0,none
2026-07-28T19:47:35,477.03,S010_Anish_chickenreal1,house_A,spoil_free_pcb_v1,pcb_A,chamber_A,poultry,chicken,Warmup,1329,0.166,8312,1.039,423,0.053,30.65,93353.0,59.93,255800.0,none
2026-07-28T19:47:37,479.04,S010_Anish_chickenreal1,house_A,spoil_free_pcb_v1,pcb_A,chamber_A,poultry,chicken,Warmup,1326,0.166,8309,1.039,424,0.053,30.65,93353.0,60.0,256000.0,none
2026-07-28T19:47:39,481.03,S010_Anish_chickenreal1,house_A,spoil_free_pcb_v1,pcb_A,chamber_A,poultry,chicken,Warmup,1322,0.165,8308,1.039,423,0.053,30.64,93353.0,60.08,256000.0,none
2026-07-28T19:47:41,483.03,S010_Anish_chickenreal1,house_A,spoil_free_pcb_v1,pcb_A,chamber_A,poultry,chicken,Warmup,1323,0.165,8306,1.038,423,0.053,30.64,93353.0,60.09,256000.0,none
2026-07-28T19:47:43,485.03,S010_Anish_chickenreal1,house_A,spoil_free_pcb_v1,pcb_A,chamber_A,poultry,chicken,Warmup,1313,0.164,8306,1.038,424,0.053,30.64,93353.0,60.06,256000.0,none
2026-07-28T19:47:45,487.04,S010_Anish_chickenreal1,house_A,spoil_free_pcb_v1,pcb_A,chamber_A,poultry,chicken,Warmup,1310,0.164,8304,1.038,423,0.053,30.65,93353.0,60.0,257100.0,none
2026-07-28T19:47:47,489.04,S010_Anish_chickenreal1,house_A,spoil_free_pcb_v1,pcb_A,chamber_A,poultry,chicken,Warmup,1311,0.164,8300,1.038,423,0.053,30.65,93353.0,59.91,254400.0,none
2026-07-28T19:47:49,491.04,S010_Anish_chickenreal1,house_A,spoil_free_pcb_v1,pcb_A,chamber_A,poultry,chicken,Warmup,1314,0.164,8302,1.038,423,0.053,30.64,93353.0,59.81,257300.0,none
2026-07-28T19:47:51,493.04,S010_Anish_chickenreal1,house_A,spoil_free_pcb_v1,pcb_A,chamber_A,poultry,chicken,Warmup,1319,0.165,8302,1.038,423,0.053,30.64,93353.0,59.72,256100.0,none
2026-07-28T19:47:53,495.04,S010_Anish_chickenreal1,house_A,spoil_free_pcb_v1,pcb_A,chamber_A,poultry,chicken,Warmup,1323,0.165,8304,1.038,424,0.053,30.64,93353.0,59.73,255800.0,none
2026-07-28T19:47:55,497.04,S010_Anish_chickenreal1,house_A,spoil_free_pcb_v1,pcb_A,chamber_A,poultry,chicken,Warmup,1327,0.166,8305,1.038,423,0.053,30.65,93353.0,59.82,257100.0,none
2026-07-28T19:47:57,499.03,S010_Anish_chickenreal1,house_A,spoil_free_pcb_v1,pcb_A,chamber_A,poultry,chicken,Warmup,1324,0.166,8311,1.039,424,0.053,30.65,93353.0,59.9,257300.0,none
2026-07-28T19:47:59,501.03,S010_Anish_chickenreal1,house_A,spoil_free_pcb_v1,pcb_A,chamber_A,poultry,chicken,Warmup,1319,0.165,8314,1.039,423,0.053,30.65,93354.0,59.96,256000.0,none
2026-07-28T19:48:01,503.03,S010_Anish_chickenreal1,house_A,spoil_free_pcb_v1,pcb_A,chamber_A,poultry,chicken,Warmup,1316,0.165,8312,1.039,424,0.053,30.65,93354.0,60.02,256000.0,none
2026-07-28T19:48:03,505.03,S010_Anish_chickenreal1,house_A,spoil_free_pcb_v1,pcb_A,chamber_A,poultry,chicken,Warmup,1309,0.164,8312,1.039,423,0.053,30.65,93354.0,60.06,256000.0,none
2026-07-28T19:48:05,507.03,S010_Anish_chickenreal1,house_A,spoil_free_pcb_v1,pcb_A,chamber_A,poultry,chicken,Warmup,1311,0.164,8312,1.039,423,0.053,30.64,93354.0,60.02,256300.0,none
2026-07-28T19:48:07,509.03,S010_Anish_chickenreal1,house_A,spoil_free_pcb_v1,pcb_A,chamber_A,poultry,chicken,Warmup,1313,0.164,8312,1.039,424,0.053,30.64,93354.0,59.99,255000.0,none
2026-07-28T19:48:09,511.03,S010_Anish_chickenreal1,house_A,spoil_free_pcb_v1,pcb_A,chamber_A,poultry,chicken,Warmup,1316,0.165,8307,1.038,423,0.053,30.64,93354.0,59.99,255000.0,none
2026-07-28T19:48:11,513.03,S010_Anish_chickenreal1,house_A,spoil_free_pcb_v1,pcb_A,chamber_A,poultry,chicken,Warmup,1319,0.165,8305,1.038,423,0.053,30.64,93354.0,59.97,254200.0,none
2026-07-28T19:48:13,515.03,S010_Anish_chickenreal1,house_A,spoil_free_pcb_v1,pcb_A,chamber_A,poultry,chicken,Warmup,1324,0.166,8304,1.038,424,0.053,30.64,93354.0,59.97,256100.0,none
2026-07-28T19:48:15,517.04,S010_Anish_chickenreal1,house_A,spoil_free_pcb_v1,pcb_A,chamber_A,poultry,chicken,Warmup,1326,0.166,8304,1.038,424,0.053,30.64,93354.0,60.01,255400.0,none
2026-07-28T19:48:17,519.04,S010_Anish_chickenreal1,house_A,spoil_free_pcb_v1,pcb_A,chamber_A,poultry,chicken,Warmup,1326,0.166,8306,1.038,423,0.053,30.64,93354.0,60.11,256100.0,none
2026-07-28T19:48:19,521.03,S010_Anish_chickenreal1,house_A,spoil_free_pcb_v1,pcb_A,chamber_A,poultry,chicken,Warmup,1325,0.166,8306,1.038,424,0.053,30.64,93354.0,60.18,256300.0,none
2026-07-28T19:48:21,523.03,S010_Anish_chickenreal1,house_A,spoil_free_pcb_v1,pcb_A,chamber_A,poultry,chicken,Warmup,1321,0.165,8309,1.039,424,0.053,30.64,93354.0,60.19,255200.0,none
2026-07-28T19:48:23,525.03,S010_Anish_chickenreal1,house_A,spoil_free_pcb_v1,pcb_A,chamber_A,poultry,chicken,Warmup,1317,0.165,8310,1.039,423,0.053,30.64,93354.0,60.19,254200.0,none
2026-07-28T19:48:25,527.04,S010_Anish_chickenreal1,house_A,spoil_free_pcb_v1,pcb_A,chamber_A,poultry,chicken,Warmup,1314,0.164,8311,1.039,423,0.053,30.64,93354.0,60.1,256000.0,none
2026-07-28T19:48:27,529.04,S010_Anish_chickenreal1,house_A,spoil_free_pcb_v1,pcb_A,chamber_A,poultry,chicken,Warmup,1313,0.164,8310,1.039,423,0.053,30.64,93354.0,60.01,256100.0,none
2026-07-28T19:48:29,531.04,S010_Anish_chickenreal1,house_A,spoil_free_pcb_v1,pcb_A,chamber_A,poultry,chicken,Warmup,1308,0.164,8311,1.039,424,0.053,30.64,93354.0,59.88,256300.0,none
2026-07-28T19:48:31,533.03,S010_Anish_chickenreal1,house_A,spoil_free_pcb_v1,pcb_A,chamber_A,poultry,chicken,Warmup,1310,0.164,8309,1.039,423,0.053,30.65,93354.0,59.79,255000.0,none
2026-07-28T19:48:33,535.04,S010_Anish_chickenreal1,house_A,spoil_free_pcb_v1,pcb_A,chamber_A,poultry,chicken,Warmup,1308,0.164,8307,1.038,423,0.053,30.65,93354.0,59.74,256300.0,none
2026-07-28T19:48:35,537.03,S010_Anish_chickenreal1,house_A,spoil_free_pcb_v1,pcb_A,chamber_A,poultry,chicken,Warmup,1312,0.164,8304,1.038,423,0.053,30.65,93354.0,59.73,257500.0,none
2026-07-28T19:48:37,539.03,S010_Anish_chickenreal1,house_A,spoil_free_pcb_v1,pcb_A,chamber_A,poultry,chicken,Warmup,1313,0.164,8301,1.038,423,0.053,30.65,93353.0,59.75,256500.0,none
2026-07-28T19:48:39,541.03,S010_Anish_chickenreal1,house_A,spoil_free_pcb_v1,pcb_A,chamber_A,poultry,chicken,Warmup,1312,0.164,8300,1.038,423,0.053,30.65,93353.0,59.78,257300.0,none
2026-07-28T19:48:41,543.03,S010_Anish_chickenreal1,house_A,spoil_free_pcb_v1,pcb_A,chamber_A,poultry,chicken,Warmup,1315,0.164,8302,1.038,423,0.053,30.65,93353.0,59.81,254800.0,none
2026-07-28T19:48:43,545.04,S010_Anish_chickenreal1,house_A,spoil_free_pcb_v1,pcb_A,chamber_A,poultry,chicken,Warmup,1318,0.165,8304,1.038,423,0.053,30.65,93354.0,59.82,256300.0,none
2026-07-28T19:48:45,547.04,S010_Anish_chickenreal1,house_A,spoil_free_pcb_v1,pcb_A,chamber_A,poultry,chicken,Warmup,1318,0.165,8308,1.039,423,0.053,30.65,93354.0,59.8,256300.0,none
2026-07-28T19:48:47,549.04,S010_Anish_chickenreal1,house_A,spoil_free_pcb_v1,pcb_A,chamber_A,poultry,chicken,Warmup,1324,0.166,8311,1.039,423,0.053,30.65,93354.0,59.77,257700.0,none
2026-07-28T19:48:49,551.03,S010_Anish_chickenreal1,house_A,spoil_free_pcb_v1,pcb_A,chamber_A,poultry,chicken,Warmup,1328,0.166,8311,1.039,424,0.053,30.65,93354.0,59.72,256900.0,none
2026-07-28T19:48:51,553.04,S010_Anish_chickenreal1,house_A,spoil_free_pcb_v1,pcb_A,chamber_A,poultry,chicken,Warmup,1331,0.166,8311,1.039,423,0.053,30.65,93356.0,59.7,255800.0,none
2026-07-28T19:48:53,555.03,S010_Anish_chickenreal1,house_A,spoil_free_pcb_v1,pcb_A,chamber_A,poultry,chicken,Warmup,1333,0.167,8310,1.039,424,0.053,30.65,93356.0,59.72,256500.0,none
2026-07-28T19:48:55,557.03,S010_Anish_chickenreal1,house_A,spoil_free_pcb_v1,pcb_A,chamber_A,poultry,chicken,Warmup,1327,0.166,8312,1.039,424,0.053,30.65,93356.0,59.74,255600.0,none
2026-07-28T19:48:57,559.03,S010_Anish_chickenreal1,house_A,spoil_free_pcb_v1,pcb_A,chamber_A,poultry,chicken,Warmup,1325,0.166,8313,1.039,423,0.053,30.65,93354.0,59.76,254600.0,none
2026-07-28T19:48:59,561.04,S010_Anish_chickenreal1,house_A,spoil_free_pcb_v1,pcb_A,chamber_A,poultry,chicken,Warmup,1321,0.165,8317,1.04,424,0.053,30.65,93354.0,59.83,256900.0,none
2026-07-28T19:49:01,563.04,S010_Anish_chickenreal1,house_A,spoil_free_pcb_v1,pcb_A,chamber_A,poultry,chicken,Warmup,1316,0.165,8318,1.04,424,0.053,30.65,93356.0,59.9,256300.0,none
2026-07-28T19:49:03,565.03,S010_Anish_chickenreal1,house_A,spoil_free_pcb_v1,pcb_A,chamber_A,poultry,chicken,Warmup,1308,0.164,8319,1.04,424,0.053,30.65,93354.0,59.96,256700.0,none
2026-07-28T19:49:05,567.04,S010_Anish_chickenreal1,house_A,spoil_free_pcb_v1,pcb_A,chamber_A,poultry,chicken,Warmup,1305,0.163,8320,1.04,424,0.053,30.65,93354.0,59.99,255800.0,none
2026-07-28T19:49:07,569.03,S010_Anish_chickenreal1,house_A,spoil_free_pcb_v1,pcb_A,chamber_A,poultry,chicken,Warmup,1310,0.164,8319,1.04,423,0.053,30.65,93354.0,59.97,255400.0,none
2026-07-28T19:49:09,571.04,S010_Anish_chickenreal1,house_A,spoil_free_pcb_v1,pcb_A,chamber_A,poultry,chicken,Warmup,1320,0.165,8317,1.04,424,0.053,30.65,93354.0,59.95,256300.0,none
2026-07-28T19:49:11,573.04,S010_Anish_chickenreal1,house_A,spoil_free_pcb_v1,pcb_A,chamber_A,poultry,chicken,Warmup,1324,0.166,8312,1.039,423,0.053,30.65,93354.0,59.94,258100.0,none
2026-07-28T19:49:13,575.03,S010_Anish_chickenreal1,house_A,spoil_free_pcb_v1,pcb_A,chamber_A,poultry,chicken,Warmup,1332,0.167,8310,1.039,425,0.053,30.65,93354.0,59.93,255600.0,none
2026-07-28T19:49:15,577.03,S010_Anish_chickenreal1,house_A,spoil_free_pcb_v1,pcb_A,chamber_A,poultry,chicken,Warmup,1324,0.166,8309,1.039,423,0.053,30.65,93354.0,59.9,257300.0,none
2026-07-28T19:49:17,579.03,S010_Anish_chickenreal1,house_A,spoil_free_pcb_v1,pcb_A,chamber_A,poultry,chicken,Warmup,1318,0.165,8305,1.038,423,0.053,30.65,93353.0,59.9,256500.0,none
2026-07-28T19:49:19,581.03,S010_Anish_chickenreal1,house_A,spoil_free_pcb_v1,pcb_A,chamber_A,poultry,chicken,Warmup,1309,0.164,8302,1.038,423,0.053,30.65,93353.0,59.95,256000.0,none
2026-07-28T19:49:21,583.03,S010_Anish_chickenreal1,house_A,spoil_free_pcb_v1,pcb_A,chamber_A,poultry,chicken,Warmup,1308,0.164,8299,1.037,423,0.053,30.65,93353.0,60.06,256300.0,none
2026-07-28T19:49:23,585.03,S010_Anish_chickenreal1,house_A,spoil_free_pcb_v1,pcb_A,chamber_A,poultry,chicken,Warmup,1313,0.164,8297,1.037,423,0.053,30.65,93353.0,60.13,255600.0,none
2026-07-28T19:49:25,587.03,S010_Anish_chickenreal1,house_A,spoil_free_pcb_v1,pcb_A,chamber_A,poultry,chicken,Warmup,1317,0.165,8298,1.037,424,0.053,30.65,93353.0,60.17,255200.0,none
2026-07-28T19:49:27,589.03,S010_Anish_chickenreal1,house_A,spoil_free_pcb_v1,pcb_A,chamber_A,poultry,chicken,Warmup,1327,0.166,8298,1.037,424,0.053,30.65,93356.0,60.13,256100.0,none
2026-07-28T19:49:29,591.03,S010_Anish_chickenreal1,house_A,spoil_free_pcb_v1,pcb_A,chamber_A,poultry,chicken,Warmup,1329,0.166,8303,1.038,424,0.053,30.65,93356.0,60.11,256300.0,none
2026-07-28T19:49:31,593.03,S010_Anish_chickenreal1,house_A,spoil_free_pcb_v1,pcb_A,chamber_A,poultry,chicken,Warmup,1325,0.166,8305,1.038,424,0.053,30.65,93356.0,60.04,255600.0,none
2026-07-28T19:49:33,595.04,S010_Anish_chickenreal1,house_A,spoil_free_pcb_v1,pcb_A,chamber_A,poultry,chicken,Warmup,1322,0.165,8304,1.038,424,0.053,30.65,93358.0,60.02,256700.0,none
2026-07-28T19:49:35,597.03,S010_Anish_chickenreal1,house_A,spoil_free_pcb_v1,pcb_A,chamber_A,poultry,chicken,Warmup,1315,0.164,8303,1.038,424,0.053,30.65,93358.0,60.0,255800.0,none
2026-07-28T19:49:37,599.04,S010_Anish_chickenreal1,house_A,spoil_free_pcb_v1,pcb_A,chamber_A,poultry,chicken,Warmup,1309,0.164,8301,1.038,423,0.053,30.65,93358.0,60.02,254400.0,none
2026-07-28T19:49:39,601.04,S010_Anish_chickenreal1,house_A,spoil_free_pcb_v1,pcb_A,chamber_A,poultry,chicken,Warmup,1310,0.164,8304,1.038,424,0.053,30.65,93358.0,60.02,256100.0,none
2026-07-28T19:49:41,603.04,S010_Anish_chickenreal1,house_A,spoil_free_pcb_v1,pcb_A,chamber_A,poultry,chicken,Warmup,1315,0.164,8302,1.038,424,0.053,30.65,93358.0,60.0,255800.0,none
2026-07-28T19:49:43,605.04,S010_Anish_chickenreal1,house_A,spoil_free_pcb_v1,pcb_A,chamber_A,poultry,chicken,Warmup,1319,0.165,8304,1.038,424,0.053,30.65,93358.0,59.96,256700.0,none
2026-07-28T19:49:45,607.03,S010_Anish_chickenreal1,house_A,spoil_free_pcb_v1,pcb_A,chamber_A,poultry,chicken,Warmup,1328,0.166,8303,1.038,424,0.053,30.65,93358.0,59.9,255000.0,none
2026-07-28T19:49:47,609.03,S010_Anish_chickenreal1,house_A,spoil_free_pcb_v1,pcb_A,chamber_A,poultry,chicken,Warmup,1326,0.166,8303,1.038,423,0.053,30.65,93358.0,59.86,255400.0,none
2026-07-28T19:49:49,611.03,S010_Anish_chickenreal1,house_A,spoil_free_pcb_v1,pcb_A,chamber_A,poultry,chicken,Warmup,1321,0.165,8300,1.038,424,0.053,30.65,93358.0,59.9,257300.0,none
2026-07-28T19:49:51,613.03,S010_Anish_chickenreal1,house_A,spoil_free_pcb_v1,pcb_A,chamber_A,poultry,chicken,Warmup,1317,0.165,8305,1.038,424,0.053,30.65,93358.0,59.95,256100.0,none
2026-07-28T19:49:53,615.03,S010_Anish_chickenreal1,house_A,spoil_free_pcb_v1,pcb_A,chamber_A,poultry,chicken,Warmup,1309,0.164,8305,1.038,424,0.053,30.65,93358.0,59.99,254800.0,none
2026-07-28T19:49:55,617.04,S010_Anish_chickenreal1,house_A,spoil_free_pcb_v1,pcb_A,chamber_A,poultry,chicken,Warmup,1309,0.164,8304,1.038,423,0.053,30.65,93356.0,60.02,256500.0,none
2026-07-28T19:49:57,619.03,S010_Anish_chickenreal1,house_A,spoil_free_pcb_v1,pcb_A,chamber_A,poultry,chicken,Warmup,1315,0.164,8304,1.038,423,0.053,30.65,93356.0,60.1,254600.0,none
2026-07-28T19:49:59,621.04,S010_Anish_chickenreal1,house_A,spoil_free_pcb_v1,pcb_A,chamber_A,poultry,chicken,Warmup,1321,0.165,8305,1.038,424,0.053,30.65,93356.0,60.21,254600.0,none
2026-07-28T19:50:01,623.03,S010_Anish_chickenreal1,house_A,spoil_free_pcb_v1,pcb_A,chamber_A,poultry,chicken,Warmup,1327,0.166,8303,1.038,424,0.053,30.64,93354.0,60.23,255000.0,none
2026-07-28T19:50:03,625.04,S010_Anish_chickenreal1,house_A,spoil_free_pcb_v1,pcb_A,chamber_A,poultry,chicken,Warmup,1324,0.166,8305,1.038,424,0.053,30.64,93354.0,60.28,256300.0,none
2026-07-28T19:50:05,627.03,S010_Anish_chickenreal1,house_A,spoil_free_pcb_v1,pcb_A,chamber_A,poultry,chicken,Warmup,1317,0.165,8307,1.038,424,0.053,30.64,93354.0,60.31,254600.0,none
2026-07-28T19:50:07,629.03,S010_Anish_chickenreal1,house_A,spoil_free_pcb_v1,pcb_A,chamber_A,poultry,chicken,Warmup,1312,0.164,8308,1.039,424,0.053,30.64,93354.0,60.33,252900.0,none
2026-07-28T19:50:09,631.03,S010_Anish_chickenreal1,house_A,spoil_free_pcb_v1,pcb_A,chamber_A,poultry,chicken,Warmup,1311,0.164,8310,1.039,424,0.053,30.64,93354.0,60.41,256500.0,none
2026-07-28T19:50:11,633.03,S010_Anish_chickenreal1,house_A,spoil_free_pcb_v1,pcb_A,chamber_A,poultry,chicken,Warmup,1316,0.165,8312,1.039,423,0.053,30.64,93353.0,60.46,254200.0,none
2026-07-28T19:50:13,635.02,S010_Anish_chickenreal1,house_A,spoil_free_pcb_v1,pcb_A,chamber_A,poultry,chicken,Warmup,1323,0.165,8311,1.039,424,0.053,30.64,93353.0,60.49,256000.0,none
2026-07-28T19:50:15,637.03,S010_Anish_chickenreal1,house_A,spoil_free_pcb_v1,pcb_A,chamber_A,poultry,chicken,Warmup,1335,0.167,8312,1.039,424,0.053,30.64,93353.0,60.48,255200.0,none
2026-07-28T19:50:17,639.03,S010_Anish_chickenreal1,house_A,spoil_free_pcb_v1,pcb_A,chamber_A,poultry,chicken,Warmup,1325,0.166,8311,1.039,423,0.053,30.64,93353.0,60.48,255600.0,none
2026-07-28T19:50:19,641.04,S010_Anish_chickenreal1,house_A,spoil_free_pcb_v1,pcb_A,chamber_A,poultry,chicken,Warmup,1319,0.165,8310,1.039,423,0.053,30.64,93353.0,60.47,254600.0,none
2026-07-28T19:50:21,643.04,S010_Anish_chickenreal1,house_A,spoil_free_pcb_v1,pcb_A,chamber_A,poultry,chicken,Warmup,1306,0.163,8309,1.039,423,0.053,30.64,93353.0,60.43,252500.0,none
2026-07-28T19:50:23,645.04,S010_Anish_chickenreal1,house_A,spoil_free_pcb_v1,pcb_A,chamber_A,poultry,chicken,Warmup,1307,0.163,8308,1.039,423,0.053,30.64,93353.0,60.38,254800.0,none
2026-07-28T19:50:25,647.02,S010_Anish_chickenreal1,house_A,spoil_free_pcb_v1,pcb_A,chamber_A,poultry,chicken,Warmup,1315,0.164,8308,1.039,424,0.053,30.64,93353.0,60.41,254000.0,none
2026-07-28T19:50:27,649.03,S010_Anish_chickenreal1,house_A,spoil_free_pcb_v1,pcb_A,chamber_A,poultry,chicken,Warmup,1324,0.166,8307,1.038,423,0.053,30.64,93353.0,60.43,253700.0,none
2026-07-28T19:50:29,651.03,S010_Anish_chickenreal1,house_A,spoil_free_pcb_v1,pcb_A,chamber_A,poultry,chicken,Warmup,1331,0.166,8306,1.038,424,0.053,30.65,93353.0,60.43,254600.0,none
2026-07-28T19:50:31,653.03,S010_Anish_chickenreal1,house_A,spoil_free_pcb_v1,pcb_A,chamber_A,poultry,chicken,Warmup,1328,0.166,8308,1.039,424,0.053,30.65,93354.0,60.43,253100.0,none
2026-07-28T19:50:33,655.04,S010_Anish_chickenreal1,house_A,spoil_free_pcb_v1,pcb_A,chamber_A,poultry,chicken,Warmup,1321,0.165,8310,1.039,423,0.053,30.65,93354.0,60.41,255000.0,none
2026-07-28T19:50:35,657.04,S010_Anish_chickenreal1,house_A,spoil_free_pcb_v1,pcb_A,chamber_A,poultry,chicken,Warmup,1312,0.164,8310,1.039,424,0.053,30.65,93354.0,60.38,254600.0,none
2026-07-28T19:50:37,659.03,S010_Anish_chickenreal1,house_A,spoil_free_pcb_v1,pcb_A,chamber_A,poultry,chicken,Warmup,1305,0.163,8308,1.039,423,0.053,30.65,93354.0,60.32,255000.0,none
2026-07-28T19:50:39,661.03,S010_Anish_chickenreal1,house_A,spoil_free_pcb_v1,pcb_A,chamber_A,poultry,chicken,Warmup,1307,0.163,8308,1.039,424,0.053,30.65,93356.0,60.29,254800.0,none
2026-07-28T19:50:41,663.03,S010_Anish_chickenreal1,house_A,spoil_free_pcb_v1,pcb_A,chamber_A,poultry,chicken,Warmup,1314,0.164,8305,1.038,424,0.053,30.65,93356.0,60.25,253900.0,none
2026-07-28T19:50:43,665.04,S010_Anish_chickenreal1,house_A,spoil_free_pcb_v1,pcb_A,chamber_A,poultry,chicken,Warmup,1323,0.165,8305,1.038,424,0.053,30.65,93356.0,60.23,253500.0,none
2026-07-28T19:50:45,667.03,S010_Anish_chickenreal1,house_A,spoil_free_pcb_v1,pcb_A,chamber_A,poultry,chicken,Warmup,1329,0.166,8304,1.038,424,0.053,30.65,93356.0,60.19,254400.0,none
2026-07-28T19:50:47,669.04,S010_Anish_chickenreal1,house_A,spoil_free_pcb_v1,pcb_A,chamber_A,poultry,chicken,Warmup,1330,0.166,8303,1.038,424,0.053,30.65,93356.0,60.19,255800.0,none
2026-07-28T19:50:49,671.04,S010_Anish_chickenreal1,house_A,spoil_free_pcb_v1,pcb_A,chamber_A,poultry,chicken,Warmup,1325,0.166,8303,1.038,424,0.053,30.65,93356.0,60.17,254400.0,none
2026-07-28T19:50:51,673.04,S010_Anish_chickenreal1,house_A,spoil_free_pcb_v1,pcb_A,chamber_A,poultry,chicken,Warmup,1319,0.165,8304,1.038,424,0.053,30.65,93356.0,60.19,255800.0,none
2026-07-28T19:50:53,675.03,S010_Anish_chickenreal1,house_A,spoil_free_pcb_v1,pcb_A,chamber_A,poultry,chicken,Warmup,1310,0.164,8308,1.039,424,0.053,30.65,93356.0,60.18,256100.0,none
2026-07-28T19:50:55,677.04,S010_Anish_chickenreal1,house_A,spoil_free_pcb_v1,pcb_A,chamber_A,poultry,chicken,Warmup,1306,0.163,8306,1.038,423,0.053,30.65,93356.0,60.22,256300.0,none
2026-07-28T19:50:57,679.04,S010_Anish_chickenreal1,house_A,spoil_free_pcb_v1,pcb_A,chamber_A,poultry,chicken,Warmup,1310,0.164,8305,1.038,424,0.053,30.65,93356.0,60.34,255000.0,none
2026-07-28T19:50:59,681.03,S010_Anish_chickenreal1,house_A,spoil_free_pcb_v1,pcb_A,chamber_A,poultry,chicken,Warmup,1317,0.165,8307,1.038,424,0.053,30.65,93356.0,60.48,255400.0,none
2026-07-28T19:51:01,683.04,S010_Anish_chickenreal1,house_A,spoil_free_pcb_v1,pcb_A,chamber_A,poultry,chicken,Warmup,1324,0.166,8305,1.038,425,0.053,30.66,93356.0,60.59,255400.0,none
2026-07-28T19:51:03,685.04,S010_Anish_chickenreal1,house_A,spoil_free_pcb_v1,pcb_A,chamber_A,poultry,chicken,Warmup,1330,0.166,8305,1.038,424,0.053,30.66,93356.0,60.63,252400.0,none
2026-07-28T19:51:05,687.04,S010_Anish_chickenreal1,house_A,spoil_free_pcb_v1,pcb_A,chamber_A,poultry,chicken,Warmup,1327,0.166,8309,1.039,424,0.053,30.66,93356.0,60.63,253900.0,none
2026-07-28T19:51:07,689.03,S010_Anish_chickenreal1,house_A,spoil_free_pcb_v1,pcb_A,chamber_A,poultry,chicken,Warmup,1319,0.165,8310,1.039,424,0.053,30.66,93356.0,60.58,254200.0,none
2026-07-28T19:51:09,691.03,S010_Anish_chickenreal1,house_A,spoil_free_pcb_v1,pcb_A,chamber_A,poultry,chicken,Warmup,1310,0.164,8312,1.039,424,0.053,30.66,93356.0,60.54,253900.0,none
2026-07-28T19:51:11,693.03,S010_Anish_chickenreal1,house_A,spoil_free_pcb_v1,pcb_A,chamber_A,poultry,chicken,Warmup,1310,0.164,8313,1.039,424,0.053,30.66,93356.0,60.51,253700.0,none
2026-07-28T19:51:13,695.03,S010_Anish_chickenreal1,house_A,spoil_free_pcb_v1,pcb_A,chamber_A,poultry,chicken,Warmup,1313,0.164,8314,1.039,424,0.053,30.66,93356.0,60.51,255800.0,none
2026-07-28T19:51:15,697.03,S010_Anish_chickenreal1,house_A,spoil_free_pcb_v1,pcb_A,chamber_A,poultry,chicken,Warmup,1319,0.165,8313,1.039,423,0.053,30.66,93356.0,60.47,254000.0,none
2026-07-28T19:51:17,699.03,S010_Anish_chickenreal1,house_A,spoil_free_pcb_v1,pcb_A,chamber_A,poultry,chicken,Warmup,1329,0.166,8313,1.039,423,0.053,30.66,93356.0,60.42,255000.0,none
2026-07-28T19:51:19,701.02,S010_Anish_chickenreal1,house_A,spoil_free_pcb_v1,pcb_A,chamber_A,poultry,chicken,Warmup,1328,0.166,8312,1.039,424,0.053,30.66,93356.0,60.4,254400.0,none
2026-07-28T19:51:21,703.04,S010_Anish_chickenreal1,house_A,spoil_free_pcb_v1,pcb_A,chamber_A,poultry,chicken,Warmup,1322,0.165,8311,1.039,424,0.053,30.66,93356.0,60.39,253700.0,none
2026-07-28T19:51:23,705.03,S010_Anish_chickenreal1,house_A,spoil_free_pcb_v1,pcb_A,chamber_A,poultry,chicken,Warmup,1313,0.164,8310,1.039,423,0.053,30.66,93356.0,60.39,254000.0,none
2026-07-28T19:51:25,707.02,S010_Anish_chickenreal1,house_A,spoil_free_pcb_v1,pcb_A,chamber_A,poultry,chicken,Warmup,1309,0.164,8313,1.039,424,0.053,30.66,93356.0,60.42,254600.0,none
2026-07-28T19:51:27,709.03,S010_Anish_chickenreal1,house_A,spoil_free_pcb_v1,pcb_A,chamber_A,poultry,chicken,Warmup,1310,0.164,8313,1.039,423,0.053,30.66,93356.0,60.47,253700.0,none
2026-07-28T19:51:29,711.02,S010_Anish_chickenreal1,house_A,spoil_free_pcb_v1,pcb_A,chamber_A,poultry,chicken,Warmup,1319,0.165,8314,1.039,424,0.053,30.66,93356.0,60.54,254000.0,none
2026-07-28T19:51:31,713.03,S010_Anish_chickenreal1,house_A,spoil_free_pcb_v1,pcb_A,chamber_A,poultry,chicken,Warmup,1323,0.165,8312,1.039,424,0.053,30.66,93356.0,60.63,253300.0,none
2026-07-28T19:51:33,715.02,S010_Anish_chickenreal1,house_A,spoil_free_pcb_v1,pcb_A,chamber_A,poultry,chicken,Warmup,1331,0.166,8311,1.039,423,0.053,30.66,93356.0,60.68,254200.0,none
2026-07-28T19:51:35,717.03,S010_Anish_chickenreal1,house_A,spoil_free_pcb_v1,pcb_A,chamber_A,poultry,chicken,Warmup,1328,0.166,8311,1.039,424,0.053,30.66,93356.0,60.69,255200.0,none
2026-07-28T19:51:37,719.03,S010_Anish_chickenreal1,house_A,spoil_free_pcb_v1,pcb_A,chamber_A,poultry,chicken,Warmup,1322,0.165,8313,1.039,424,0.053,30.66,93356.0,60.64,252900.0,none
2026-07-28T19:51:39,721.04,S010_Anish_chickenreal1,house_A,spoil_free_pcb_v1,pcb_A,chamber_A,poultry,chicken,Warmup,1315,0.164,8315,1.039,424,0.053,30.66,93356.0,60.61,254400.0,none
2026-07-28T19:51:41,723.02,S010_Anish_chickenreal1,house_A,spoil_free_pcb_v1,pcb_A,chamber_A,poultry,chicken,Warmup,1309,0.164,8317,1.04,424,0.053,30.66,93356.0,60.54,254800.0,none
2026-07-28T19:51:43,725.04,S010_Anish_chickenreal1,house_A,spoil_free_pcb_v1,pcb_A,chamber_A,poultry,chicken,Warmup,1307,0.163,8318,1.04,424,0.053,30.66,93356.0,60.47,253700.0,none
2026-07-28T19:51:45,727.02,S010_Anish_chickenreal1,house_A,spoil_free_pcb_v1,pcb_A,chamber_A,poultry,chicken,Warmup,1315,0.164,8318,1.04,424,0.053,30.67,93356.0,60.46,254000.0,none
2026-07-28T19:51:47,729.03,S010_Anish_chickenreal1,house_A,spoil_free_pcb_v1,pcb_A,chamber_A,poultry,chicken,Warmup,1319,0.165,8320,1.04,423,0.053,30.67,93356.0,60.5,254600.0,none
2026-07-28T19:51:49,731.03,S010_Anish_chickenreal1,house_A,spoil_free_pcb_v1,pcb_A,chamber_A,poultry,chicken,Warmup,1324,0.166,8320,1.04,423,0.053,30.67,93358.0,60.57,253500.0,none
2026-07-28T19:51:51,733.03,S010_Anish_chickenreal1,house_A,spoil_free_pcb_v1,pcb_A,chamber_A,poultry,chicken,Warmup,1330,0.166,8323,1.04,424,0.053,30.67,93356.0,60.7,253500.0,none
2026-07-28T19:51:53,735.03,S010_Anish_chickenreal1,house_A,spoil_free_pcb_v1,pcb_A,chamber_A,poultry,chicken,Warmup,1329,0.166,8328,1.041,424,0.053,30.67,93356.0,60.8,253100.0,none
2026-07-28T19:51:55,737.03,S010_Anish_chickenreal1,house_A,spoil_free_pcb_v1,pcb_A,chamber_A,poultry,chicken,Warmup,1323,0.165,8332,1.042,423,0.053,30.67,93356.0,60.85,253300.0,none
2026-07-28T19:51:57,739.02,S010_Anish_chickenreal1,house_A,spoil_free_pcb_v1,pcb_A,chamber_A,poultry,chicken,Warmup,1320,0.165,8332,1.042,424,0.053,30.68,93356.0,60.86,253500.0,none
2026-07-28T19:51:59,741.02,S010_Anish_chickenreal1,house_A,spoil_free_pcb_v1,pcb_A,chamber_A,poultry,chicken,Warmup,1315,0.164,8334,1.042,424,0.053,30.68,93356.0,60.8,252900.0,none
2026-07-28T19:52:01,743.03,S010_Anish_chickenreal1,house_A,spoil_free_pcb_v1,pcb_A,chamber_A,poultry,chicken,Warmup,1312,0.164,8334,1.042,424,0.053,30.68,93356.0,60.75,253900.0,none
2026-07-28T19:52:03,745.03,S010_Anish_chickenreal1,house_A,spoil_free_pcb_v1,pcb_A,chamber_A,poultry,chicken,Warmup,1313,0.164,8333,1.042,423,0.053,30.68,93356.0,60.69,252900.0,none
2026-07-28T19:52:05,747.03,S010_Anish_chickenreal1,house_A,spoil_free_pcb_v1,pcb_A,chamber_A,poultry,chicken,Warmup,1316,0.165,8334,1.042,424,0.053,30.68,93356.0,60.62,254000.0,none
2026-07-28T19:52:07,749.03,S010_Anish_chickenreal1,house_A,spoil_free_pcb_v1,pcb_A,chamber_A,poultry,chicken,Warmup,1323,0.165,8334,1.042,423,0.053,30.68,93356.0,60.59,252900.0,none
2026-07-28T19:52:09,751.03,S010_Anish_chickenreal1,house_A,spoil_free_pcb_v1,pcb_A,chamber_A,poultry,chicken,Warmup,1327,0.166,8335,1.042,423,0.053,30.68,93356.0,60.6,252400.0,none
2026-07-28T19:52:11,753.03,S010_Anish_chickenreal1,house_A,spoil_free_pcb_v1,pcb_A,chamber_A,poultry,chicken,Warmup,1329,0.166,8337,1.042,424,0.053,30.68,93356.0,60.63,252400.0,none
2026-07-28T19:52:13,755.03,S010_Anish_chickenreal1,house_A,spoil_free_pcb_v1,pcb_A,chamber_A,poultry,chicken,Warmup,1325,0.166,8336,1.042,424,0.053,30.68,93356.0,60.64,253700.0,none
2026-07-28T19:52:15,757.03,S010_Anish_chickenreal1,house_A,spoil_free_pcb_v1,pcb_A,chamber_A,poultry,chicken,Warmup,1321,0.165,8338,1.042,424,0.053,30.68,93356.0,60.66,252700.0,none
2026-07-28T19:52:17,759.02,S010_Anish_chickenreal1,house_A,spoil_free_pcb_v1,pcb_A,chamber_A,poultry,chicken,Warmup,1316,0.165,8334,1.042,424,0.053,30.68,93356.0,60.68,254400.0,none
2026-07-28T19:52:19,761.04,S010_Anish_chickenreal1,house_A,spoil_free_pcb_v1,pcb_A,chamber_A,poultry,chicken,Warmup,1314,0.164,8334,1.042,424,0.053,30.68,93356.0,60.69,254400.0,none
2026-07-28T19:52:21,763.03,S010_Anish_chickenreal1,house_A,spoil_free_pcb_v1,pcb_A,chamber_A,poultry,chicken,Warmup,1313,0.164,8333,1.042,424,0.053,30.68,93356.0,60.69,253900.0,none
2026-07-28T19:52:23,765.03,S010_Anish_chickenreal1,house_A,spoil_free_pcb_v1,pcb_A,chamber_A,poultry,chicken,Warmup,1317,0.165,8331,1.041,424,0.053,30.68,93358.0,60.71,253100.0,none
2026-07-28T19:52:25,767.04,S010_Anish_chickenreal1,house_A,spoil_free_pcb_v1,pcb_A,chamber_A,poultry,chicken,Warmup,1322,0.165,8329,1.041,423,0.053,30.68,93358.0,60.72,253100.0,none
2026-07-28T19:52:27,769.03,S010_Anish_chickenreal1,house_A,spoil_free_pcb_v1,pcb_A,chamber_A,poultry,chicken,Warmup,1328,0.166,8329,1.041,425,0.053,30.68,93358.0,60.75,252400.0,none
2026-07-28T19:52:29,771.03,S010_Anish_chickenreal1,house_A,spoil_free_pcb_v1,pcb_A,chamber_A,poultry,chicken,Warmup,1333,0.167,8327,1.041,425,0.053,30.68,93358.0,60.76,253300.0,none
2026-07-28T19:52:31,773.03,S010_Anish_chickenreal1,house_A,spoil_free_pcb_v1,pcb_A,chamber_A,poultry,chicken,Warmup,1329,0.166,8328,1.041,424,0.053,30.68,93358.0,60.77,253100.0,none
2026-07-28T19:52:33,775.03,S010_Anish_chickenreal1,house_A,spoil_free_pcb_v1,pcb_A,chamber_A,poultry,chicken,Warmup,1323,0.165,8330,1.041,424,0.053,30.68,93358.0,60.76,254200.0,none
2026-07-28T19:52:35,777.03,S010_Anish_chickenreal1,house_A,spoil_free_pcb_v1,pcb_A,chamber_A,poultry,chicken,Warmup,1318,0.165,8331,1.041,425,0.053,30.68,93358.0,60.76,253500.0,none
2026-07-28T19:52:37,779.03,S010_Anish_chickenreal1,house_A,spoil_free_pcb_v1,pcb_A,chamber_A,poultry,chicken,Warmup,1310,0.164,8332,1.042,424,0.053,30.68,93358.0,60.73,253500.0,none
2026-07-28T19:52:39,781.03,S010_Anish_chickenreal1,house_A,spoil_free_pcb_v1,pcb_A,chamber_A,poultry,chicken,Warmup,1314,0.164,8333,1.042,423,0.053,30.68,93358.0,60.72,255000.0,none
2026-07-28T19:52:41,783.02,S010_Anish_chickenreal1,house_A,spoil_free_pcb_v1,pcb_A,chamber_A,poultry,chicken,Warmup,1321,0.165,8333,1.042,424,0.053,30.68,93358.0,60.73,254200.0,none
2026-07-28T19:52:43,785.03,S010_Anish_chickenreal1,house_A,spoil_free_pcb_v1,pcb_A,chamber_A,poultry,chicken,Warmup,1328,0.166,8333,1.042,424,0.053,30.68,93358.0,60.73,253100.0,none
2026-07-28T19:52:45,787.03,S010_Anish_chickenreal1,house_A,spoil_free_pcb_v1,pcb_A,chamber_A,poultry,chicken,Warmup,1331,0.166,8333,1.042,424,0.053,30.68,93358.0,60.71,254000.0,none
2026-07-28T19:52:47,789.03,S010_Anish_chickenreal1,house_A,spoil_free_pcb_v1,pcb_A,chamber_A,poultry,chicken,Warmup,1326,0.166,8333,1.042,424,0.053,30.68,93358.0,60.75,252900.0,none
2026-07-28T19:52:49,791.03,S010_Anish_chickenreal1,house_A,spoil_free_pcb_v1,pcb_A,chamber_A,poultry,chicken,Warmup,1322,0.165,8333,1.042,424,0.053,30.68,93358.0,60.82,253100.0,none
2026-07-28T19:52:51,793.03,S010_Anish_chickenreal1,house_A,spoil_free_pcb_v1,pcb_A,chamber_A,poultry,chicken,Warmup,1316,0.165,8331,1.041,424,0.053,30.68,93358.0,60.9,252500.0,none
2026-07-28T19:52:53,795.03,S010_Anish_chickenreal1,house_A,spoil_free_pcb_v1,pcb_A,chamber_A,poultry,chicken,Warmup,1313,0.164,8332,1.042,424,0.053,30.69,93358.0,60.96,253100.0,none
2026-07-28T19:52:55,797.02,S010_Anish_chickenreal1,house_A,spoil_free_pcb_v1,pcb_A,chamber_A,poultry,chicken,Warmup,1314,0.164,8330,1.041,424,0.053,30.69,93358.0,61.0,253500.0,none
2026-07-28T19:52:57,799.03,S010_Anish_chickenreal1,house_A,spoil_free_pcb_v1,pcb_A,chamber_A,poultry,chicken,Warmup,1317,0.165,8329,1.041,424,0.053,30.69,93358.0,60.99,253100.0,none
2026-07-28T19:52:59,801.03,S010_Anish_chickenreal1,house_A,spoil_free_pcb_v1,pcb_A,chamber_A,poultry,chicken,Warmup,1323,0.165,8329,1.041,424,0.053,30.69,93358.0,60.98,252900.0,none
2026-07-28T19:53:01,803.03,S010_Anish_chickenreal1,house_A,spoil_free_pcb_v1,pcb_A,chamber_A,poultry,chicken,Warmup,1327,0.166,8329,1.041,424,0.053,30.69,93358.0,61.0,252700.0,none
2026-07-28T19:53:03,805.04,S010_Anish_chickenreal1,house_A,spoil_free_pcb_v1,pcb_A,chamber_A,poultry,chicken,Warmup,1328,0.166,8329,1.041,424,0.053,30.69,93362.0,61.0,252400.0,none
2026-07-28T19:53:05,807.03,S010_Anish_chickenreal1,house_A,spoil_free_pcb_v1,pcb_A,chamber_A,poultry,chicken,Warmup,1329,0.166,8328,1.041,425,0.053,30.69,93362.0,60.96,253100.0,none
2026-07-28T19:53:07,809.03,S010_Anish_chickenreal1,house_A,spoil_free_pcb_v1,pcb_A,chamber_A,poultry,chicken,Warmup,1327,0.166,8330,1.041,424,0.053,30.69,93362.0,60.92,253500.0,none
2026-07-28T19:53:09,811.03,S010_Anish_chickenreal1,house_A,spoil_free_pcb_v1,pcb_A,chamber_A,poultry,chicken,Warmup,1324,0.166,8332,1.042,424,0.053,30.69,93362.0,60.89,252400.0,none
2026-07-28T19:53:11,813.03,S010_Anish_chickenreal1,house_A,spoil_free_pcb_v1,pcb_A,chamber_A,poultry,chicken,Warmup,1322,0.165,8333,1.042,425,0.053,30.69,93362.0,60.88,252900.0,none
2026-07-28T19:53:13,815.04,S010_Anish_chickenreal1,house_A,spoil_free_pcb_v1,pcb_A,chamber_A,poultry,chicken,Warmup,1318,0.165,8333,1.042,424,0.053,30.69,93362.0,60.9,252900.0,none
2026-07-28T19:53:15,817.03,S010_Anish_chickenreal1,house_A,spoil_free_pcb_v1,pcb_A,chamber_A,poultry,chicken,Warmup,1315,0.164,8336,1.042,424,0.053,30.69,93362.0,60.95,252700.0,none
2026-07-28T19:53:17,819.03,S010_Anish_chickenreal1,house_A,spoil_free_pcb_v1,pcb_A,chamber_A,poultry,chicken,Warmup,1313,0.164,8336,1.042,424,0.053,30.69,93364.0,60.99,252700.0,none
2026-07-28T19:53:19,821.02,S010_Anish_chickenreal1,house_A,spoil_free_pcb_v1,pcb_A,chamber_A,poultry,chicken,Warmup,1315,0.164,8340,1.043,424,0.053,30.69,93364.0,61.02,252400.0,none
2026-07-28T19:53:21,823.03,S010_Anish_chickenreal1,house_A,spoil_free_pcb_v1,pcb_A,chamber_A,poultry,chicken,Warmup,1318,0.165,8341,1.043,423,0.053,30.69,93364.0,61.05,251800.0,none
2026-07-28T19:53:23,825.03,S010_Anish_chickenreal1,house_A,spoil_free_pcb_v1,pcb_A,chamber_A,poultry,chicken,Warmup,1322,0.165,8342,1.043,423,0.053,30.69,93364.0,61.07,253100.0,none
2026-07-28T19:53:25,827.03,S010_Anish_chickenreal1,house_A,spoil_free_pcb_v1,pcb_A,chamber_A,poultry,chicken,Warmup,1326,0.166,8343,1.043,424,0.053,30.69,93364.0,61.08,252000.0,none
2026-07-28T19:53:27,829.03,S010_Anish_chickenreal1,house_A,spoil_free_pcb_v1,pcb_A,chamber_A,poultry,chicken,Warmup,1329,0.166,8345,1.043,425,0.053,30.69,93364.0,61.07,251200.0,none
2026-07-28T19:53:29,831.03,S010_Anish_chickenreal1,house_A,spoil_free_pcb_v1,pcb_A,chamber_A,poultry,chicken,Warmup,1331,0.166,8350,1.044,425,0.053,30.69,93364.0,61.1,251400.0,none
2026-07-28T19:53:31,833.03,S010_Anish_chickenreal1,house_A,spoil_free_pcb_v1,pcb_A,chamber_A,poultry,chicken,Warmup,1330,0.166,8351,1.044,424,0.053,30.69,93364.0,61.08,250500.0,none
2026-07-28T19:53:33,835.03,S010_Anish_chickenreal1,house_A,spoil_free_pcb_v1,pcb_A,chamber_A,poultry,chicken,Warmup,1325,0.166,8351,1.044,424,0.053,30.69,93364.0,61.15,252000.0,none
2026-07-28T19:53:35,837.02,S010_Anish_chickenreal1,house_A,spoil_free_pcb_v1,pcb_A,chamber_A,poultry,chicken,Warmup,1323,0.165,8352,1.044,424,0.053,30.69,93364.0,61.28,251600.0,none
2026-07-28T19:53:37,839.03,S010_Anish_chickenreal1,house_A,spoil_free_pcb_v1,pcb_A,chamber_A,poultry,chicken,Warmup,1320,0.165,8355,1.044,424,0.053,30.69,93364.0,61.36,251200.0,none
2026-07-28T19:53:39,841.02,S010_Anish_chickenreal1,house_A,spoil_free_pcb_v1,pcb_A,chamber_A,poultry,chicken,Warmup,1318,0.165,8360,1.045,425,0.053,30.69,93364.0,61.43,251100.0,none
2026-07-28T19:53:41,843.03,S010_Anish_chickenreal1,house_A,spoil_free_pcb_v1,pcb_A,chamber_A,poultry,chicken,Warmup,1315,0.164,8363,1.045,424,0.053,30.69,93362.0,61.5,250500.0,none
2026-07-28T19:53:43,845.02,S010_Anish_chickenreal1,house_A,spoil_free_pcb_v1,pcb_A,chamber_A,poultry,chicken,Warmup,1317,0.165,8366,1.046,425,0.053,30.69,93362.0,61.58,250700.0,none
2026-07-28T19:53:45,847.03,S010_Anish_chickenreal1,house_A,spoil_free_pcb_v1,pcb_A,chamber_A,poultry,chicken,Warmup,1320,0.165,8368,1.046,424,0.053,30.7,93362.0,61.65,250900.0,none
2026-07-28T19:53:47,849.03,S010_Anish_chickenreal1,house_A,spoil_free_pcb_v1,pcb_A,chamber_A,poultry,chicken,Warmup,1324,0.166,8372,1.047,424,0.053,30.7,93362.0,61.67,247600.0,none
2026-07-28T19:53:49,851.03,S010_Anish_chickenreal1,house_A,spoil_free_pcb_v1,pcb_A,chamber_A,poultry,chicken,Warmup,1327,0.166,8375,1.047,425,0.053,30.7,93362.0,61.65,250000.0,none
2026-07-28T19:53:51,853.03,S010_Anish_chickenreal1,house_A,spoil_free_pcb_v1,pcb_A,chamber_A,poultry,chicken,Warmup,1331,0.166,8377,1.047,425,0.053,30.7,93362.0,61.63,249600.0,none
2026-07-28T19:53:53,855.02,S010_Anish_chickenreal1,house_A,spoil_free_pcb_v1,pcb_A,chamber_A,poultry,chicken,Warmup,1334,0.167,8378,1.047,424,0.053,30.69,93362.0,61.65,251200.0,none
2026-07-28T19:53:55,857.03,S010_Anish_chickenreal1,house_A,spoil_free_pcb_v1,pcb_A,chamber_A,poultry,chicken,Warmup,1334,0.167,8380,1.048,425,0.053,30.69,93362.0,61.69,250300.0,none
2026-07-28T19:53:57,859.03,S010_Anish_chickenreal1,house_A,spoil_free_pcb_v1,pcb_A,chamber_A,poultry,chicken,Warmup,1334,0.167,8381,1.048,424,0.053,30.69,93362.0,61.72,249800.0,none
2026-07-28T19:53:59,861.02,S010_Anish_chickenreal1,house_A,spoil_free_pcb_v1,pcb_A,chamber_A,poultry,chicken,Warmup,1333,0.167,8380,1.048,425,0.053,30.69,93362.0,61.75,251100.0,none
2026-07-28T19:54:01,863.03,S010_Anish_chickenreal1,house_A,spoil_free_pcb_v1,pcb_A,chamber_A,poultry,chicken,Warmup,1331,0.166,8380,1.048,425,0.053,30.69,93364.0,61.73,250000.0,none
2026-07-28T19:54:03,865.03,S010_Anish_chickenreal1,house_A,spoil_free_pcb_v1,pcb_A,chamber_A,poultry,chicken,Warmup,1330,0.166,8380,1.048,424,0.053,30.69,93364.0,61.77,251800.0,none
2026-07-28T19:54:05,867.03,S010_Anish_chickenreal1,house_A,spoil_free_pcb_v1,pcb_A,chamber_A,poultry,chicken,Warmup,1327,0.166,8382,1.048,424,0.053,30.69,93364.0,61.82,249800.0,none
2026-07-28T19:54:07,869.02,S010_Anish_chickenreal1,house_A,spoil_free_pcb_v1,pcb_A,chamber_A,poultry,chicken,Warmup,1326,0.166,8383,1.048,425,0.053,30.69,93364.0,61.81,249600.0,none
2026-07-28T19:54:09,871.03,S010_Anish_chickenreal1,house_A,spoil_free_pcb_v1,pcb_A,chamber_A,poultry,chicken,Warmup,1323,0.165,8382,1.048,424,0.053,30.69,93364.0,61.76,249800.0,none
2026-07-28T19:54:11,873.02,S010_Anish_chickenreal1,house_A,spoil_free_pcb_v1,pcb_A,chamber_A,poultry,chicken,Warmup,1320,0.165,8384,1.048,424,0.053,30.69,93364.0,61.67,250100.0,none
2026-07-28T19:54:13,875.03,S010_Anish_chickenreal1,house_A,spoil_free_pcb_v1,pcb_A,chamber_A,poultry,chicken,Warmup,1321,0.165,8386,1.048,425,0.053,30.69,93364.0,61.67,249000.0,none
2026-07-28T19:54:15,877.02,S010_Anish_chickenreal1,house_A,spoil_free_pcb_v1,pcb_A,chamber_A,poultry,chicken,Warmup,1321,0.165,8385,1.048,424,0.053,30.69,93364.0,61.72,250000.0,none
2026-07-28T19:54:17,879.03,S010_Anish_chickenreal1,house_A,spoil_free_pcb_v1,pcb_A,chamber_A,poultry,chicken,Warmup,1321,0.165,8388,1.049,425,0.053,30.69,93362.0,61.77,250300.0,none
2026-07-28T19:54:19,881.02,S010_Anish_chickenreal1,house_A,spoil_free_pcb_v1,pcb_A,chamber_A,poultry,chicken,Warmup,1321,0.165,8392,1.049,424,0.053,30.69,93362.0,61.79,249200.0,none
2026-07-28T19:54:21,883.03,S010_Anish_chickenreal1,house_A,spoil_free_pcb_v1,pcb_A,chamber_A,poultry,chicken,Warmup,1322,0.165,8394,1.049,424,0.053,30.69,93362.0,61.83,249800.0,none
2026-07-28T19:54:23,885.02,S010_Anish_chickenreal1,house_A,spoil_free_pcb_v1,pcb_A,chamber_A,poultry,chicken,Warmup,1323,0.165,8396,1.05,424,0.053,30.69,93362.0,61.81,250000.0,none
2026-07-28T19:54:25,887.03,S010_Anish_chickenreal1,house_A,spoil_free_pcb_v1,pcb_A,chamber_A,poultry,chicken,Warmup,1325,0.166,8395,1.049,425,0.053,30.69,93362.0,61.8,249800.0,none
2026-07-28T19:54:27,889.03,S010_Anish_chickenreal1,house_A,spoil_free_pcb_v1,pcb_A,chamber_A,poultry,chicken,Warmup,1327,0.166,8391,1.049,424,0.053,30.7,93362.0,61.76,250300.0,none
2026-07-28T19:54:29,891.04,S010_Anish_chickenreal1,house_A,spoil_free_pcb_v1,pcb_A,chamber_A,poultry,chicken,Warmup,1329,0.166,8390,1.049,424,0.053,30.7,93362.0,61.7,249200.0,none
2026-07-28T19:54:31,893.03,S010_Anish_chickenreal1,house_A,spoil_free_pcb_v1,pcb_A,chamber_A,poultry,chicken,Warmup,1329,0.166,8389,1.049,425,0.053,30.7,93362.0,61.64,248900.0,none
2026-07-28T19:54:33,895.03,S010_Anish_chickenreal1,house_A,spoil_free_pcb_v1,pcb_A,chamber_A,poultry,chicken,Warmup,1332,0.167,8387,1.048,424,0.053,30.7,93362.0,61.59,248900.0,none
2026-07-28T19:54:35,897.03,S010_Anish_chickenreal1,house_A,spoil_free_pcb_v1,pcb_A,chamber_A,poultry,chicken,Warmup,1334,0.167,8387,1.048,425,0.053,30.7,93362.0,61.53,250100.0,none
2026-07-28T19:54:37,899.02,S010_Anish_chickenreal1,house_A,spoil_free_pcb_v1,pcb_A,chamber_A,poultry,chicken,Warmup,1336,0.167,8387,1.048,424,0.053,30.7,93364.0,61.56,250000.0,none
2026-07-28T19:54:39,901.02,S010_Anish_chickenreal1,house_A,spoil_free_pcb_v1,pcb_A,chamber_A,poultry,chicken,Warmup,1338,0.167,8389,1.049,424,0.053,30.7,93364.0,61.62,249200.0,none
2026-07-28T19:54:41,903.03,S010_Anish_chickenreal1,house_A,spoil_free_pcb_v1,pcb_A,chamber_A,poultry,chicken,Warmup,1338,0.167,8393,1.049,424,0.053,30.7,93364.0,61.65,248300.0,none
2026-07-28T19:54:43,905.02,S010_Anish_chickenreal1,house_A,spoil_free_pcb_v1,pcb_A,chamber_A,poultry,chicken,Warmup,1335,0.167,8394,1.049,425,0.053,30.7,93364.0,61.71,248100.0,none
2026-07-28T19:54:45,907.03,S010_Anish_chickenreal1,house_A,spoil_free_pcb_v1,pcb_A,chamber_A,poultry,chicken,Warmup,1332,0.167,8398,1.05,424,0.053,30.7,93364.0,61.73,249200.0,none
2026-07-28T19:54:47,909.02,S010_Anish_chickenreal1,house_A,spoil_free_pcb_v1,pcb_A,chamber_A,poultry,chicken,Warmup,1331,0.166,8400,1.05,424,0.053,30.7,93364.0,61.74,248100.0,none
2026-07-28T19:54:49,911.03,S010_Anish_chickenreal1,house_A,spoil_free_pcb_v1,pcb_A,chamber_A,poultry,chicken,Warmup,1328,0.166,8399,1.05,424,0.053,30.7,93362.0,61.73,248900.0,none
2026-07-28T19:54:51,913.02,S010_Anish_chickenreal1,house_A,spoil_free_pcb_v1,pcb_A,chamber_A,poultry,chicken,Warmup,1325,0.166,8399,1.05,425,0.053,30.7,93362.0,61.7,249400.0,none
2026-07-28T19:54:53,915.04,S010_Anish_chickenreal1,house_A,spoil_free_pcb_v1,pcb_A,chamber_A,poultry,chicken,Warmup,1323,0.165,8400,1.05,424,0.053,30.7,93364.0,61.67,249000.0,none
2026-07-28T19:54:55,917.03,S010_Anish_chickenreal1,house_A,spoil_free_pcb_v1,pcb_A,chamber_A,poultry,chicken,Warmup,1320,0.165,8402,1.05,425,0.053,30.7,93364.0,61.67,248500.0,none
2026-07-28T19:54:57,919.02,S010_Anish_chickenreal1,house_A,spoil_free_pcb_v1,pcb_A,chamber_A,poultry,chicken,Warmup,1321,0.165,8405,1.051,425,0.053,30.7,93364.0,61.69,248900.0,none
2026-07-28T19:54:59,921.02,S010_Anish_chickenreal1,house_A,spoil_free_pcb_v1,pcb_A,chamber_A,poultry,chicken,Warmup,1324,0.166,8410,1.051,425,0.053,30.7,93364.0,61.69,248300.0,none
2026-07-28T19:55:01,923.03,S010_Anish_chickenreal1,house_A,spoil_free_pcb_v1,pcb_A,chamber_A,poultry,chicken,Warmup,1324,0.166,8413,1.052,425,0.053,30.7,93362.0,61.74,247800.0,none
2026-07-28T19:55:03,925.02,S010_Anish_chickenreal1,house_A,spoil_free_pcb_v1,pcb_A,chamber_A,poultry,chicken,Warmup,1328,0.166,8416,1.052,424,0.053,30.7,93362.0,61.76,248500.0,none
2026-07-28T19:55:05,927.02,S010_Anish_chickenreal1,house_A,spoil_free_pcb_v1,pcb_A,chamber_A,poultry,chicken,Warmup,1331,0.166,8417,1.052,424,0.053,30.7,93362.0,61.75,248000.0,none
2026-07-28T19:55:07,929.02,S010_Anish_chickenreal1,house_A,spoil_free_pcb_v1,pcb_A,chamber_A,poultry,chicken,Warmup,1339,0.167,8418,1.052,425,0.053,30.7,93362.0,61.75,248100.0,none
2026-07-28T19:55:09,931.03,S010_Anish_chickenreal1,house_A,spoil_free_pcb_v1,pcb_A,chamber_A,poultry,chicken,Warmup,1344,0.168,8419,1.052,425,0.053,30.7,93362.0,61.69,248100.0,none
2026-07-28T19:55:11,933.03,S010_Anish_chickenreal1,house_A,spoil_free_pcb_v1,pcb_A,chamber_A,poultry,chicken,Warmup,1347,0.168,8419,1.052,425,0.053,30.7,93362.0,61.68,247400.0,none
2026-07-28T19:55:13,935.03,S010_Anish_chickenreal1,house_A,spoil_free_pcb_v1,pcb_A,chamber_A,poultry,chicken,Warmup,1342,0.168,8418,1.052,424,0.053,30.7,93362.0,61.67,248700.0,none
2026-07-28T19:55:15,937.02,S010_Anish_chickenreal1,house_A,spoil_free_pcb_v1,pcb_A,chamber_A,poultry,chicken,Warmup,1340,0.168,8418,1.052,425,0.053,30.7,93362.0,61.64,247800.0,none
2026-07-28T19:55:17,939.02,S010_Anish_chickenreal1,house_A,spoil_free_pcb_v1,pcb_A,chamber_A,poultry,chicken,Warmup,1333,0.167,8417,1.052,425,0.053,30.7,93362.0,61.6,248100.0,none
2026-07-28T19:55:19,941.02,S010_Anish_chickenreal1,house_A,spoil_free_pcb_v1,pcb_A,chamber_A,poultry,chicken,Warmup,1325,0.166,8417,1.052,426,0.053,30.7,93362.0,61.71,248700.0,none
2026-07-28T19:55:21,943.03,S010_Anish_chickenreal1,house_A,spoil_free_pcb_v1,pcb_A,chamber_A,poultry,chicken,Warmup,1320,0.165,8417,1.052,425,0.053,30.7,93362.0,61.82,249000.0,none
2026-07-28T19:55:23,945.02,S010_Anish_chickenreal1,house_A,spoil_free_pcb_v1,pcb_A,chamber_A,poultry,chicken,Warmup,1317,0.165,8419,1.052,426,0.053,30.7,93362.0,61.89,248100.0,none
2026-07-28T19:55:25,947.03,S010_Anish_chickenreal1,house_A,spoil_free_pcb_v1,pcb_A,chamber_A,poultry,chicken,Warmup,1322,0.165,8419,1.052,425,0.053,30.7,93362.0,61.95,248100.0,none
2026-07-28T19:55:27,949.03,S010_Anish_chickenreal1,house_A,spoil_free_pcb_v1,pcb_A,chamber_A,poultry,chicken,Warmup,1323,0.165,8422,1.053,426,0.053,30.7,93364.0,62.01,247100.0,none
2026-07-28T19:55:29,951.03,S010_Anish_chickenreal1,house_A,spoil_free_pcb_v1,pcb_A,chamber_A,poultry,chicken,Warmup,1329,0.166,8423,1.053,425,0.053,30.7,93364.0,62.07,248700.0,none
2026-07-28T19:55:31,953.03,S010_Anish_chickenreal1,house_A,spoil_free_pcb_v1,pcb_A,chamber_A,poultry,chicken,Warmup,1336,0.167,8424,1.053,425,0.053,30.71,93364.0,62.07,246500.0,none
2026-07-28T19:55:33,955.02,S010_Anish_chickenreal1,house_A,spoil_free_pcb_v1,pcb_A,chamber_A,poultry,chicken,Warmup,1345,0.168,8423,1.053,425,0.053,30.71,93364.0,62.02,246700.0,none
2026-07-28T19:55:35,957.03,S010_Anish_chickenreal1,house_A,spoil_free_pcb_v1,pcb_A,chamber_A,poultry,chicken,Warmup,1349,0.169,8428,1.054,425,0.053,30.71,93364.0,61.99,246500.0,none
2026-07-28T19:55:37,959.03,S010_Anish_chickenreal1,house_A,spoil_free_pcb_v1,pcb_A,chamber_A,poultry,chicken,Warmup,1346,0.168,8429,1.054,425,0.053,30.71,93364.0,61.92,248900.0,none
2026-07-28T19:55:39,961.03,S010_Anish_chickenreal1,house_A,spoil_free_pcb_v1,pcb_A,chamber_A,poultry,chicken,Warmup,1341,0.168,8426,1.053,426,0.053,30.71,93364.0,61.88,246200.0,none
2026-07-28T19:55:41,963.02,S010_Anish_chickenreal1,house_A,spoil_free_pcb_v1,pcb_A,chamber_A,poultry,chicken,Warmup,1336,0.167,8428,1.054,425,0.053,30.71,93366.0,61.84,246500.0,none
2026-07-28T19:55:43,965.02,S010_Anish_chickenreal1,house_A,spoil_free_pcb_v1,pcb_A,chamber_A,poultry,chicken,Warmup,1330,0.166,8426,1.053,425,0.053,30.71,93366.0,61.87,247400.0,none
2026-07-28T19:55:45,967.02,S010_Anish_chickenreal1,house_A,spoil_free_pcb_v1,pcb_A,chamber_A,poultry,chicken,Warmup,1326,0.166,8426,1.053,425,0.053,30.71,93368.0,61.93,246900.0,none
2026-07-28T19:55:47,969.02,S010_Anish_chickenreal1,house_A,spoil_free_pcb_v1,pcb_A,chamber_A,poultry,chicken,Warmup,1324,0.166,8428,1.054,425,0.053,30.71,93368.0,62.01,245800.0,none
2026-07-28T19:55:49,971.03,S010_Anish_chickenreal1,house_A,spoil_free_pcb_v1,pcb_A,chamber_A,poultry,chicken,Warmup,1326,0.166,8431,1.054,425,0.053,30.71,93366.0,62.07,248000.0,none
2026-07-28T19:55:51,973.02,S010_Anish_chickenreal1,house_A,spoil_free_pcb_v1,pcb_A,chamber_A,poultry,chicken,Warmup,1326,0.166,8435,1.054,425,0.053,30.71,93366.0,62.06,246200.0,none
2026-07-28T19:55:53,975.03,S010_Anish_chickenreal1,house_A,spoil_free_pcb_v1,pcb_A,chamber_A,poultry,chicken,Warmup,1327,0.166,8435,1.054,425,0.053,30.71,93366.0,62.06,245800.0,none
2026-07-28T19:55:55,977.03,S010_Anish_chickenreal1,house_A,spoil_free_pcb_v1,pcb_A,chamber_A,poultry,chicken,Warmup,1329,0.166,8439,1.055,426,0.053,30.71,93366.0,62.06,247200.0,none
2026-07-28T19:55:57,979.03,S010_Anish_chickenreal1,house_A,spoil_free_pcb_v1,pcb_A,chamber_A,poultry,chicken,Warmup,1332,0.167,8440,1.055,425,0.053,30.71,93366.0,62.03,247400.0,none
2026-07-28T19:55:59,981.02,S010_Anish_chickenreal1,house_A,spoil_free_pcb_v1,pcb_A,chamber_A,poultry,chicken,Warmup,1329,0.166,8442,1.055,425,0.053,30.71,93366.0,62.01,246500.0,none
2026-07-28T19:56:01,983.03,S010_Anish_chickenreal1,house_A,spoil_free_pcb_v1,pcb_A,chamber_A,poultry,chicken,Warmup,1329,0.166,8448,1.056,425,0.053,30.71,93364.0,61.96,246300.0,none
2026-07-28T19:56:03,985.02,S010_Anish_chickenreal1,house_A,spoil_free_pcb_v1,pcb_A,chamber_A,poultry,chicken,Warmup,1337,0.167,8447,1.056,425,0.053,30.72,93364.0,61.92,246500.0,none
2026-07-28T19:56:05,987.03,S010_Anish_chickenreal1,house_A,spoil_free_pcb_v1,pcb_A,chamber_A,poultry,chicken,Warmup,1341,0.168,8451,1.056,425,0.053,30.72,93364.0,61.89,245500.0,none
2026-07-28T19:56:07,989.03,S010_Anish_chickenreal1,house_A,spoil_free_pcb_v1,pcb_A,chamber_A,poultry,chicken,Warmup,1340,0.168,8452,1.057,424,0.053,30.72,93364.0,61.87,246900.0,none
2026-07-28T19:56:09,991.03,S010_Anish_chickenreal1,house_A,spoil_free_pcb_v1,pcb_A,chamber_A,poultry,chicken,Warmup,1341,0.168,8453,1.057,425,0.053,30.72,93364.0,61.87,246000.0,none
2026-07-28T19:56:11,993.03,S010_Anish_chickenreal1,house_A,spoil_free_pcb_v1,pcb_A,chamber_A,poultry,chicken,Warmup,1341,0.168,8452,1.057,425,0.053,30.72,93364.0,61.85,247600.0,none
2026-07-28T19:56:13,995.03,S010_Anish_chickenreal1,house_A,spoil_free_pcb_v1,pcb_A,chamber_A,poultry,chicken,Warmup,1344,0.168,8454,1.057,425,0.053,30.72,93364.0,61.9,247600.0,none
2026-07-28T19:56:15,997.03,S010_Anish_chickenreal1,house_A,spoil_free_pcb_v1,pcb_A,chamber_A,poultry,chicken,Warmup,1342,0.168,8454,1.057,425,0.053,30.72,93364.0,61.96,245500.0,none
2026-07-28T19:56:17,999.03,S010_Anish_chickenreal1,house_A,spoil_free_pcb_v1,pcb_A,chamber_A,poultry,chicken,Warmup,1340,0.168,8452,1.057,425,0.053,30.71,93364.0,61.99,246500.0,none
2026-07-28T19:56:19,1001.02,S010_Anish_chickenreal1,house_A,spoil_free_pcb_v1,pcb_A,chamber_A,poultry,chicken,Warmup,1339,0.167,8455,1.057,425,0.053,30.71,93364.0,62.07,246900.0,none
2026-07-28T19:56:21,1003.02,S010_Anish_chickenreal1,house_A,spoil_free_pcb_v1,pcb_A,chamber_A,poultry,chicken,Warmup,1339,0.167,8455,1.057,425,0.053,30.71,93364.0,62.17,245500.0,none
2026-07-28T19:56:23,1005.02,S010_Anish_chickenreal1,house_A,spoil_free_pcb_v1,pcb_A,chamber_A,poultry,chicken,Warmup,1337,0.167,8460,1.058,425,0.053,30.71,93364.0,62.26,245300.0,none
2026-07-28T19:56:25,1007.03,S010_Anish_chickenreal1,house_A,spoil_free_pcb_v1,pcb_A,chamber_A,poultry,chicken,Warmup,1336,0.167,8468,1.059,426,0.053,30.71,93364.0,62.34,246000.0,none
2026-07-28T19:56:27,1009.02,S010_Anish_chickenreal1,house_A,spoil_free_pcb_v1,pcb_A,chamber_A,poultry,chicken,Warmup,1336,0.167,8473,1.059,426,0.053,30.71,93366.0,62.36,246200.0,none
2026-07-28T19:56:29,1011.03,S010_Anish_chickenreal1,house_A,spoil_free_pcb_v1,pcb_A,chamber_A,poultry,chicken,Warmup,1335,0.167,8476,1.06,426,0.053,30.71,93366.0,62.34,246900.0,none
2026-07-28T19:56:31,1013.03,S010_Anish_chickenreal1,house_A,spoil_free_pcb_v1,pcb_A,chamber_A,poultry,chicken,Warmup,1335,0.167,8475,1.059,426,0.053,30.71,93366.0,62.29,245100.0,none
2026-07-28T19:56:33,1015.02,S010_Anish_chickenreal1,house_A,spoil_free_pcb_v1,pcb_A,chamber_A,poultry,chicken,Warmup,1334,0.167,8474,1.059,426,0.053,30.71,93364.0,62.23,245500.0,none
2026-07-28T19:56:35,1017.02,S010_Anish_chickenreal1,house_A,spoil_free_pcb_v1,pcb_A,chamber_A,poultry,chicken,Warmup,1335,0.167,8473,1.059,426,0.053,30.71,93364.0,62.2,244200.0,none
2026-07-28T19:56:37,1019.03,S010_Anish_chickenreal1,house_A,spoil_free_pcb_v1,pcb_A,chamber_A,poultry,chicken,Warmup,1336,0.167,8470,1.059,426,0.053,30.72,93364.0,62.16,245300.0,none
2026-07-28T19:56:39,1021.03,S010_Anish_chickenreal1,house_A,spoil_free_pcb_v1,pcb_A,chamber_A,poultry,chicken,Warmup,1337,0.167,8472,1.059,426,0.053,30.72,93364.0,62.12,245500.0,none
2026-07-28T19:56:41,1023.03,S010_Anish_chickenreal1,house_A,spoil_free_pcb_v1,pcb_A,chamber_A,poultry,chicken,Warmup,1339,0.167,8469,1.059,425,0.053,30.72,93364.0,62.09,244900.0,none
2026-07-28T19:56:43,1025.02,S010_Anish_chickenreal1,house_A,spoil_free_pcb_v1,pcb_A,chamber_A,poultry,chicken,Warmup,1341,0.168,8467,1.058,425,0.053,30.72,93366.0,62.06,244100.0,none
2026-07-28T19:56:45,1027.03,S010_Anish_chickenreal1,house_A,spoil_free_pcb_v1,pcb_A,chamber_A,poultry,chicken,Warmup,1342,0.168,8466,1.058,426,0.053,30.72,93366.0,62.05,244600.0,none
2026-07-28T19:56:47,1029.03,S010_Anish_chickenreal1,house_A,spoil_free_pcb_v1,pcb_A,chamber_A,poultry,chicken,Warmup,1345,0.168,8468,1.059,426,0.053,30.72,93366.0,62.04,246900.0,none
2026-07-28T19:56:49,1031.03,S010_Anish_chickenreal1,house_A,spoil_free_pcb_v1,pcb_A,chamber_A,poultry,chicken,Warmup,1345,0.168,8468,1.059,425,0.053,30.72,93368.0,62.04,244800.0,none
2026-07-28T19:56:51,1033.02,S010_Anish_chickenreal1,house_A,spoil_free_pcb_v1,pcb_A,chamber_A,poultry,chicken,Warmup,1347,0.168,8468,1.059,427,0.053,30.72,93368.0,62.09,245300.0,none
2026-07-28T19:56:53,1035.03,S010_Anish_chickenreal1,house_A,spoil_free_pcb_v1,pcb_A,chamber_A,poultry,chicken,Warmup,1346,0.168,8471,1.059,427,0.053,30.72,93368.0,62.12,245300.0,none
2026-07-28T19:56:55,1037.03,S010_Anish_chickenreal1,house_A,spoil_free_pcb_v1,pcb_A,chamber_A,poultry,chicken,Warmup,1346,0.168,8474,1.059,426,0.053,30.73,93368.0,62.14,246300.0,none
2026-07-28T19:56:57,1039.02,S010_Anish_chickenreal1,house_A,spoil_free_pcb_v1,pcb_A,chamber_A,poultry,chicken,Warmup,1344,0.168,8477,1.06,426,0.053,30.73,93368.0,62.19,244800.0,none
2026-07-28T19:56:59,1041.03,S010_Anish_chickenreal1,house_A,spoil_free_pcb_v1,pcb_A,chamber_A,poultry,chicken,Warmup,1342,0.168,8479,1.06,425,0.053,30.73,93368.0,62.21,243400.0,none
2026-07-28T19:57:01,1043.02,S010_Anish_chickenreal1,house_A,spoil_free_pcb_v1,pcb_A,chamber_A,poultry,chicken,Warmup,1341,0.168,8481,1.06,426,0.053,30.73,93368.0,62.23,244800.0,none
2026-07-28T19:57:03,1045.02,S010_Anish_chickenreal1,house_A,spoil_free_pcb_v1,pcb_A,chamber_A,poultry,chicken,Warmup,1338,0.167,8482,1.06,425,0.053,30.73,93370.0,62.23,244100.0,none
2026-07-28T19:57:05,1047.03,S010_Anish_chickenreal1,house_A,spoil_free_pcb_v1,pcb_A,chamber_A,poultry,chicken,Warmup,1337,0.167,8483,1.06,425,0.053,30.73,93370.0,62.22,244200.0,none
2026-07-28T19:57:07,1049.02,S010_Anish_chickenreal1,house_A,spoil_free_pcb_v1,pcb_A,chamber_A,poultry,chicken,Warmup,1334,0.167,8483,1.06,425,0.053,30.73,93368.0,62.21,245500.0,none
2026-07-28T19:57:09,1051.03,S010_Anish_chickenreal1,house_A,spoil_free_pcb_v1,pcb_A,chamber_A,poultry,chicken,Warmup,1335,0.167,8486,1.061,425,0.053,30.73,93368.0,62.19,243700.0,none
2026-07-28T19:57:11,1053.02,S010_Anish_chickenreal1,house_A,spoil_free_pcb_v1,pcb_A,chamber_A,poultry,chicken,Warmup,1338,0.167,8488,1.061,427,0.053,30.73,93368.0,62.16,244400.0,none
2026-07-28T19:57:13,1055.02,S010_Anish_chickenreal1,house_A,spoil_free_pcb_v1,pcb_A,chamber_A,poultry,chicken,Warmup,1341,0.168,8490,1.061,426,0.053,30.73,93366.0,62.16,244200.0,none
2026-07-28T19:57:15,1057.02,S010_Anish_chickenreal1,house_A,spoil_free_pcb_v1,pcb_A,chamber_A,poultry,chicken,Warmup,1345,0.168,8491,1.061,426,0.053,30.73,93366.0,62.14,239600.0,none
2026-07-28T19:57:17,1059.03,S010_Anish_chickenreal1,house_A,spoil_free_pcb_v1,pcb_A,chamber_A,poultry,chicken,Warmup,1347,0.168,8493,1.062,426,0.053,30.73,93366.0,62.16,243200.0,none
2026-07-28T19:57:19,1061.03,S010_Anish_chickenreal1,house_A,spoil_free_pcb_v1,pcb_A,chamber_A,poultry,chicken,Warmup,1349,0.169,8492,1.062,426,0.053,30.74,93366.0,62.19,242800.0,none
2026-07-28T19:57:21,1063.03,S010_Anish_chickenreal1,house_A,spoil_free_pcb_v1,pcb_A,chamber_A,poultry,chicken,Warmup,1352,0.169,8494,1.062,426,0.053,30.74,93368.0,62.23,244200.0,none
2026-07-28T19:57:23,1065.03,S010_Anish_chickenreal1,house_A,spoil_free_pcb_v1,pcb_A,chamber_A,poultry,chicken,Warmup,1350,0.169,8494,1.062,426,0.053,30.74,93368.0,62.24,243400.0,none
2026-07-28T19:57:25,1067.03,S010_Anish_chickenreal1,house_A,spoil_free_pcb_v1,pcb_A,chamber_A,poultry,chicken,Warmup,1345,0.168,8494,1.062,426,0.053,30.74,93368.0,62.24,243000.0,none
2026-07-28T19:57:27,1069.03,S010_Anish_chickenreal1,house_A,spoil_free_pcb_v1,pcb_A,chamber_A,poultry,chicken,Warmup,1344,0.168,8495,1.062,426,0.053,30.74,93368.0,62.22,244100.0,none
2026-07-28T19:57:29,1071.03,S010_Anish_chickenreal1,house_A,spoil_free_pcb_v1,pcb_A,chamber_A,poultry,chicken,Warmup,1342,0.168,8495,1.062,426,0.053,30.74,93368.0,62.2,243400.0,none
2026-07-28T19:57:31,1073.02,S010_Anish_chickenreal1,house_A,spoil_free_pcb_v1,pcb_A,chamber_A,poultry,chicken,Warmup,1340,0.168,8494,1.062,426,0.053,30.74,93368.0,62.2,244900.0,none
2026-07-28T19:57:33,1075.02,S010_Anish_chickenreal1,house_A,spoil_free_pcb_v1,pcb_A,chamber_A,poultry,chicken,Warmup,1342,0.168,8494,1.062,426,0.053,30.74,93366.0,62.2,243500.0,none
2026-07-28T19:57:35,1077.02,S010_Anish_chickenreal1,house_A,spoil_free_pcb_v1,pcb_A,chamber_A,poultry,chicken,Warmup,1346,0.168,8495,1.062,426,0.053,30.74,93366.0,62.22,242800.0,none
2026-07-28T19:57:37,1079.02,S010_Anish_chickenreal1,house_A,spoil_free_pcb_v1,pcb_A,chamber_A,poultry,chicken,Warmup,1346,0.168,8495,1.062,426,0.053,30.74,93366.0,62.24,242700.0,none
2026-07-28T19:57:39,1081.03,S010_Anish_chickenreal1,house_A,spoil_free_pcb_v1,pcb_A,chamber_A,poultry,chicken,Warmup,1352,0.169,8495,1.062,426,0.053,30.74,93364.0,62.24,240100.0,none
2026-07-28T19:57:41,1083.03,S010_Anish_chickenreal1,house_A,spoil_free_pcb_v1,pcb_A,chamber_A,poultry,chicken,Warmup,1352,0.169,8495,1.062,428,0.054,30.74,93364.0,62.26,243400.0,none
2026-07-28T19:57:43,1085.02,S010_Anish_chickenreal1,house_A,spoil_free_pcb_v1,pcb_A,chamber_A,poultry,chicken,Warmup,1353,0.169,8499,1.062,426,0.053,30.74,93364.0,62.35,243500.0,none
2026-07-28T19:57:45,1087.02,S010_Anish_chickenreal1,house_A,spoil_free_pcb_v1,pcb_A,chamber_A,poultry,chicken,Warmup,1350,0.169,8497,1.062,426,0.053,30.74,93364.0,62.4,242300.0,none
2026-07-28T19:57:47,1089.02,S010_Anish_chickenreal1,house_A,spoil_free_pcb_v1,pcb_A,chamber_A,poultry,chicken,Warmup,1347,0.168,8502,1.063,427,0.053,30.74,93364.0,62.49,242300.0,none
2026-07-28T19:57:49,1091.02,S010_Anish_chickenreal1,house_A,spoil_free_pcb_v1,pcb_A,chamber_A,poultry,chicken,Warmup,1344,0.168,8503,1.063,427,0.053,30.74,93366.0,62.6,244200.0,none
2026-07-28T19:57:51,1093.02,S010_Anish_chickenreal1,house_A,spoil_free_pcb_v1,pcb_A,chamber_A,poultry,chicken,Warmup,1342,0.168,8504,1.063,427,0.053,30.74,93366.0,62.64,239600.0,none
2026-07-28T19:57:53,1095.02,S010_Anish_chickenreal1,house_A,spoil_free_pcb_v1,pcb_A,chamber_A,poultry,chicken,Warmup,1344,0.168,8502,1.063,426,0.053,30.74,93366.0,62.66,242700.0,none
2026-07-28T19:57:55,1097.02,S010_Anish_chickenreal1,house_A,spoil_free_pcb_v1,pcb_A,chamber_A,poultry,chicken,Warmup,1346,0.168,8503,1.063,427,0.053,30.74,93366.0,62.63,243700.0,none
2026-07-28T19:57:57,1099.03,S010_Anish_chickenreal1,house_A,spoil_free_pcb_v1,pcb_A,chamber_A,poultry,chicken,Warmup,1348,0.169,8504,1.063,426,0.053,30.74,93366.0,62.56,241600.0,none
2026-07-28T19:57:59,1101.03,S010_Anish_chickenreal1,house_A,spoil_free_pcb_v1,pcb_A,chamber_A,poultry,chicken,Warmup,1352,0.169,8502,1.063,427,0.053,30.74,93366.0,62.5,241300.0,none
2026-07-28T19:58:01,1103.03,S010_Anish_chickenreal1,house_A,spoil_free_pcb_v1,pcb_A,chamber_A,poultry,chicken,Warmup,1355,0.169,8501,1.063,427,0.053,30.73,93368.0,62.52,241800.0,none
2026-07-28T19:58:03,1105.03,S010_Anish_chickenreal1,house_A,spoil_free_pcb_v1,pcb_A,chamber_A,poultry,chicken,Warmup,1357,0.17,8502,1.063,426,0.053,30.73,93368.0,62.56,243000.0,none
2026-07-28T19:58:05,1107.02,S010_Anish_chickenreal1,house_A,spoil_free_pcb_v1,pcb_A,chamber_A,poultry,chicken,Warmup,1354,0.169,8503,1.063,427,0.053,30.73,93368.0,62.61,240800.0,none
2026-07-28T19:58:07,1109.02,S010_Anish_chickenreal1,house_A,spoil_free_pcb_v1,pcb_A,chamber_A,poultry,chicken,Warmup,1352,0.169,8506,1.063,426,0.053,30.74,93368.0,62.63,242100.0,none
2026-07-28T19:58:09,1111.03,S010_Anish_chickenreal1,house_A,spoil_free_pcb_v1,pcb_A,chamber_A,poultry,chicken,Warmup,1351,0.169,8509,1.064,427,0.053,30.74,93368.0,62.66,242000.0,none
2026-07-28T19:58:11,1113.02,S010_Anish_chickenreal1,house_A,spoil_free_pcb_v1,pcb_A,chamber_A,poultry,chicken,Warmup,1350,0.169,8511,1.064,427,0.053,30.74,93366.0,62.68,239900.0,none
2026-07-28T19:58:13,1115.02,S010_Anish_chickenreal1,house_A,spoil_free_pcb_v1,pcb_A,chamber_A,poultry,chicken,Warmup,1349,0.169,8515,1.064,427,0.053,30.74,93366.0,62.72,240800.0,none
2026-07-28T19:58:15,1117.02,S010_Anish_chickenreal1,house_A,spoil_free_pcb_v1,pcb_A,chamber_A,poultry,chicken,Warmup,1347,0.168,8516,1.065,427,0.053,30.74,93366.0,62.72,240900.0,none
2026-07-28T19:58:17,1119.03,S010_Anish_chickenreal1,house_A,spoil_free_pcb_v1,pcb_A,chamber_A,poultry,chicken,Warmup,1348,0.169,8518,1.065,426,0.053,30.75,93366.0,62.75,240900.0,none
2026-07-28T19:58:19,1121.02,S010_Anish_chickenreal1,house_A,spoil_free_pcb_v1,pcb_A,chamber_A,poultry,chicken,Warmup,1347,0.168,8521,1.065,426,0.053,30.75,93366.0,62.73,240800.0,none
2026-07-28T19:58:21,1123.02,S010_Anish_chickenreal1,house_A,spoil_free_pcb_v1,pcb_A,chamber_A,poultry,chicken,Warmup,1349,0.169,8524,1.066,426,0.053,30.75,93364.0,62.7,241800.0,none
2026-07-28T19:58:23,1125.03,S010_Anish_chickenreal1,house_A,spoil_free_pcb_v1,pcb_A,chamber_A,poultry,chicken,Warmup,1348,0.169,8526,1.066,427,0.053,30.75,93366.0,62.67,240300.0,none
2026-07-28T19:58:25,1127.02,S010_Anish_chickenreal1,house_A,spoil_free_pcb_v1,pcb_A,chamber_A,poultry,chicken,Warmup,1350,0.169,8530,1.066,426,0.053,30.75,93366.0,62.62,238400.0,none
2026-07-28T19:58:27,1129.02,S010_Anish_chickenreal1,house_A,spoil_free_pcb_v1,pcb_A,chamber_A,poultry,chicken,Warmup,1352,0.169,8532,1.067,427,0.053,30.75,93366.0,62.6,240900.0,none
2026-07-28T19:58:29,1131.02,S010_Anish_chickenreal1,house_A,spoil_free_pcb_v1,pcb_A,chamber_A,poultry,chicken,Warmup,1352,0.169,8532,1.067,426,0.053,30.75,93366.0,62.58,241300.0,none
2026-07-28T19:58:31,1133.02,S010_Anish_chickenreal1,house_A,spoil_free_pcb_v1,pcb_A,chamber_A,poultry,chicken,Warmup,1356,0.17,8534,1.067,427,0.053,30.75,93366.0,62.6,242100.0,none
2026-07-28T19:58:33,1135.03,S010_Anish_chickenreal1,house_A,spoil_free_pcb_v1,pcb_A,chamber_A,poultry,chicken,Warmup,1361,0.17,8533,1.067,428,0.054,30.76,93366.0,62.69,242000.0,none
2026-07-28T19:58:35,1137.03,S010_Anish_chickenreal1,house_A,spoil_free_pcb_v1,pcb_A,chamber_A,poultry,chicken,Warmup,1364,0.171,8533,1.067,426,0.053,30.76,93366.0,62.8,240400.0,none
2026-07-28T19:58:37,1139.02,S010_Anish_chickenreal1,house_A,spoil_free_pcb_v1,pcb_A,chamber_A,poultry,chicken,Warmup,1363,0.17,8535,1.067,426,0.053,30.76,93366.0,62.93,238600.0,none
2026-07-28T19:58:39,1141.02,S010_Anish_chickenreal1,house_A,spoil_free_pcb_v1,pcb_A,chamber_A,poultry,chicken,Warmup,1358,0.17,8534,1.067,427,0.053,30.76,93366.0,62.98,240400.0,none
2026-07-28T19:58:41,1143.02,S010_Anish_chickenreal1,house_A,spoil_free_pcb_v1,pcb_A,chamber_A,poultry,chicken,Warmup,1356,0.17,8538,1.067,427,0.053,30.76,93364.0,63.01,239800.0,none
2026-07-28T19:58:43,1145.03,S010_Anish_chickenreal1,house_A,spoil_free_pcb_v1,pcb_A,chamber_A,poultry,chicken,Warmup,1341,0.168,8542,1.068,427,0.053,30.76,93364.0,63.0,239900.0,none
2026-07-28T19:58:45,1147.02,S010_Anish_chickenreal1,house_A,spoil_free_pcb_v1,pcb_A,chamber_A,poultry,chicken,Warmup,1330,0.166,8544,1.068,427,0.053,30.76,93364.0,62.97,239900.0,none
2026-07-28T19:58:47,1149.02,S010_Anish_chickenreal1,house_A,spoil_free_pcb_v1,pcb_A,chamber_A,poultry,chicken,Warmup,1346,0.168,8545,1.068,427,0.053,30.76,93364.0,62.9,238100.0,none
2026-07-28T19:58:49,1151.03,S010_Anish_chickenreal1,house_A,spoil_free_pcb_v1,pcb_A,chamber_A,poultry,chicken,Warmup,1357,0.17,8543,1.068,426,0.053,30.76,93364.0,62.84,238400.0,none
2026-07-28T19:58:51,1153.03,S010_Anish_chickenreal1,house_A,spoil_free_pcb_v1,pcb_A,chamber_A,poultry,chicken,Warmup,1362,0.17,8542,1.068,427,0.053,30.76,93364.0,62.77,238400.0,none
2026-07-28T19:58:53,1155.03,S010_Anish_chickenreal1,house_A,spoil_free_pcb_v1,pcb_A,chamber_A,poultry,chicken,Warmup,1371,0.171,8542,1.068,427,0.053,30.76,93364.0,62.74,238800.0,none
2026-07-28T19:58:55,1157.03,S010_Anish_chickenreal1,house_A,spoil_free_pcb_v1,pcb_A,chamber_A,poultry,chicken,Warmup,1368,0.171,8541,1.068,426,0.053,30.76,93364.0,62.71,239300.0,none
2026-07-28T19:58:57,1159.03,S010_Anish_chickenreal1,house_A,spoil_free_pcb_v1,pcb_A,chamber_A,poultry,chicken,Warmup,1360,0.17,8539,1.067,427,0.053,30.76,93364.0,62.71,238100.0,none
2026-07-28T19:58:59,1161.03,S010_Anish_chickenreal1,house_A,spoil_free_pcb_v1,pcb_A,chamber_A,poultry,chicken,Warmup,1353,0.169,8540,1.067,428,0.054,30.76,93364.0,62.71,238800.0,none
2026-07-28T19:59:01,1163.03,S010_Anish_chickenreal1,house_A,spoil_free_pcb_v1,pcb_A,chamber_A,poultry,chicken,Warmup,1350,0.169,8542,1.068,427,0.053,30.76,93364.0,62.71,238100.0,none
2026-07-28T19:59:03,1165.02,S010_Anish_chickenreal1,house_A,spoil_free_pcb_v1,pcb_A,chamber_A,poultry,chicken,Warmup,1348,0.169,8546,1.068,427,0.053,30.76,93364.0,62.72,238400.0,none
2026-07-28T19:59:05,1167.02,S010_Anish_chickenreal1,house_A,spoil_free_pcb_v1,pcb_A,chamber_A,poultry,chicken,Warmup,1354,0.169,8550,1.069,427,0.053,30.76,93364.0,62.73,239300.0,none
2026-07-28T19:59:07,1169.03,S010_Anish_chickenreal1,house_A,spoil_free_pcb_v1,pcb_A,chamber_A,poultry,chicken,Warmup,1359,0.17,8555,1.069,428,0.054,30.76,93362.0,62.76,239100.0,none
2026-07-28T19:59:09,1171.02,S010_Anish_chickenreal1,house_A,spoil_free_pcb_v1,pcb_A,chamber_A,poultry,chicken,Warmup,1361,0.17,8558,1.07,427,0.053,30.76,93362.0,62.75,240400.0,none
2026-07-28T19:59:11,1173.03,S010_Anish_chickenreal1,house_A,spoil_free_pcb_v1,pcb_A,chamber_A,poultry,chicken,Warmup,1365,0.171,8563,1.07,428,0.054,30.76,93362.0,62.78,237600.0,none
2026-07-28T19:59:13,1175.02,S010_Anish_chickenreal1,house_A,spoil_free_pcb_v1,pcb_A,chamber_A,poultry,chicken,Warmup,1374,0.172,8567,1.071,427,0.053,30.76,93362.0,62.77,238400.0,none
2026-07-28T19:59:15,1177.03,S010_Anish_chickenreal1,house_A,spoil_free_pcb_v1,pcb_A,chamber_A,poultry,chicken,Warmup,1362,0.17,8568,1.071,427,0.053,30.76,93362.0,62.76,237800.0,none
2026-07-28T19:59:17,1179.02,S010_Anish_chickenreal1,house_A,spoil_free_pcb_v1,pcb_A,chamber_A,poultry,chicken,Warmup,1361,0.17,8572,1.072,427,0.053,30.76,93362.0,62.78,238400.0,none
2026-07-28T19:59:19,1181.02,S010_Anish_chickenreal1,house_A,spoil_free_pcb_v1,pcb_A,chamber_A,poultry,chicken,Warmup,1358,0.17,8575,1.072,428,0.054,30.77,93362.0,62.78,237300.0,none
2026-07-28T19:59:21,1183.03,S010_Anish_chickenreal1,house_A,spoil_free_pcb_v1,pcb_A,chamber_A,poultry,chicken,Warmup,1355,0.169,8579,1.072,428,0.054,30.77,93362.0,62.79,237800.0,none
2026-07-28T19:59:23,1185.02,S010_Anish_chickenreal1,house_A,spoil_free_pcb_v1,pcb_A,chamber_A,poultry,chicken,Warmup,1349,0.169,8579,1.072,428,0.054,30.77,93362.0,62.86,236800.0,none
2026-07-28T19:59:25,1187.02,S010_Anish_chickenreal1,house_A,spoil_free_pcb_v1,pcb_A,chamber_A,poultry,chicken,Warmup,1348,0.169,8584,1.073,428,0.054,30.77,93366.0,62.91,238400.0,none
2026-07-28T19:59:27,1189.02,S010_Anish_chickenreal1,house_A,spoil_free_pcb_v1,pcb_A,chamber_A,poultry,chicken,Warmup,1353,0.169,8584,1.073,427,0.053,30.77,93366.0,62.93,236900.0,none
2026-07-28T19:59:29,1191.02,S010_Anish_chickenreal1,house_A,spoil_free_pcb_v1,pcb_A,chamber_A,poultry,chicken,Warmup,1343,0.168,8583,1.073,428,0.054,30.77,93366.0,62.95,238400.0,none
2026-07-28T19:59:31,1193.03,S010_Anish_chickenreal1,house_A,spoil_free_pcb_v1,pcb_A,chamber_A,poultry,chicken,Warmup,1371,0.171,8583,1.073,428,0.054,30.77,93366.0,62.91,237100.0,none
2026-07-28T19:59:33,1195.02,S010_Anish_chickenreal1,house_A,spoil_free_pcb_v1,pcb_A,chamber_A,poultry,chicken,Warmup,1412,0.177,8583,1.073,427,0.053,30.77,93364.0,62.9,237100.0,none
2026-07-28T19:59:35,1197.02,S010_Anish_chickenreal1,house_A,spoil_free_pcb_v1,pcb_A,chamber_A,poultry,chicken,Warmup,1399,0.175,8584,1.073,429,0.054,30.77,93364.0,62.89,237300.0,none
2026-07-28T19:59:37,1199.03,S010_Anish_chickenreal1,house_A,spoil_free_pcb_v1,pcb_A,chamber_A,poultry,chicken,Warmup,1371,0.171,8585,1.073,428,0.054,30.77,93364.0,62.91,236900.0,none
2026-07-28T19:59:39,1201.02,S010_Anish_chickenreal1,house_A,spoil_free_pcb_v1,pcb_A,chamber_A,poultry,chicken,Warmup,1327,0.166,8587,1.073,428,0.054,30.77,93364.0,62.95,237100.0,none
2026-07-28T19:59:41,1203.02,S010_Anish_chickenreal1,house_A,spoil_free_pcb_v1,pcb_A,chamber_A,poultry,chicken,Warmup,1326,0.166,8589,1.074,428,0.054,30.77,93364.0,63.01,236300.0,none
2026-07-28T19:59:43,1205.02,S010_Anish_chickenreal1,house_A,spoil_free_pcb_v1,pcb_A,chamber_A,poultry,chicken,Warmup,1366,0.171,8590,1.074,429,0.054,30.77,93362.0,63.04,236400.0,none
2026-07-28T19:59:45,1207.03,S010_Anish_chickenreal1,house_A,spoil_free_pcb_v1,pcb_A,chamber_A,poultry,chicken,Warmup,1383,0.173,8592,1.074,429,0.054,30.77,93362.0,63.04,237100.0,none
2026-07-28T19:59:47,1209.02,S010_Anish_chickenreal1,house_A,spoil_free_pcb_v1,pcb_A,chamber_A,poultry,chicken,Warmup,1380,0.173,8594,1.074,428,0.054,30.77,93362.0,63.04,235100.0,none
2026-07-28T19:59:49,1211.02,S010_Anish_chickenreal1,house_A,spoil_free_pcb_v1,pcb_A,chamber_A,poultry,chicken,Warmup,1371,0.171,8595,1.074,428,0.054,30.77,93364.0,63.04,235500.0,none
2026-07-28T19:59:51,1213.02,S010_Anish_chickenreal1,house_A,spoil_free_pcb_v1,pcb_A,chamber_A,poultry,chicken,Warmup,1360,0.17,8595,1.074,427,0.053,30.77,93364.0,63.06,235600.0,none
2026-07-28T19:59:53,1215.02,S010_Anish_chickenreal1,house_A,spoil_free_pcb_v1,pcb_A,chamber_A,poultry,chicken,Warmup,1351,0.169,8597,1.075,428,0.054,30.77,93364.0,63.06,236800.0,none
2026-07-28T19:59:55,1217.03,S010_Anish_chickenreal1,house_A,spoil_free_pcb_v1,pcb_A,chamber_A,poultry,chicken,Warmup,1349,0.169,8598,1.075,428,0.054,30.77,93364.0,63.06,236100.0,none
2026-07-28T19:59:57,1219.01,S010_Anish_chickenreal1,house_A,spoil_free_pcb_v1,pcb_A,chamber_A,poultry,chicken,Warmup,1359,0.17,8597,1.075,428,0.054,30.77,93362.0,63.05,237100.0,none
2026-07-28T19:59:59,1221.02,S010_Anish_chickenreal1,house_A,spoil_free_pcb_v1,pcb_A,chamber_A,poultry,chicken,Warmup,1369,0.171,8599,1.075,428,0.054,30.77,93364.0,63.01,236400.0,none
2026-07-28T20:00:01,1223.02,S010_Anish_chickenreal1,house_A,spoil_free_pcb_v1,pcb_A,chamber_A,poultry,chicken,Warmup,1377,0.172,8598,1.075,429,0.054,30.77,93362.0,63.01,236300.0,none
2026-07-28T20:00:03,1225.02,S010_Anish_chickenreal1,house_A,spoil_free_pcb_v1,pcb_A,chamber_A,poultry,chicken,Warmup,1387,0.173,8602,1.075,428,0.054,30.77,93362.0,63.01,236800.0,none
2026-07-28T20:00:05,1227.03,S010_Anish_chickenreal1,house_A,spoil_free_pcb_v1,pcb_A,chamber_A,poultry,chicken,Warmup,1380,0.173,8603,1.075,429,0.054,30.77,93362.0,63.01,235900.0,none
2026-07-28T20:00:07,1229.02,S010_Anish_chickenreal1,house_A,spoil_free_pcb_v1,pcb_A,chamber_A,poultry,chicken,Warmup,1375,0.172,8602,1.075,428,0.054,30.77,93360.0,63.01,236100.0,none
2026-07-28T20:00:09,1231.03,S010_Anish_chickenreal1,house_A,spoil_free_pcb_v1,pcb_A,chamber_A,poultry,chicken,Warmup,1369,0.171,8602,1.075,429,0.054,30.77,93360.0,63.03,235500.0,none
2026-07-28T20:00:11,1233.02,S010_Anish_chickenreal1,house_A,spoil_free_pcb_v1,pcb_A,chamber_A,poultry,chicken,Warmup,1358,0.17,8604,1.076,429,0.054,30.77,93360.0,63.03,236100.0,none
2026-07-28T20:00:13,1235.03,S010_Anish_chickenreal1,house_A,spoil_free_pcb_v1,pcb_A,chamber_A,poultry,chicken,Warmup,1351,0.169,8606,1.076,428,0.054,30.77,93360.0,63.07,234700.0,none
2026-07-28T20:00:15,1237.02,S010_Anish_chickenreal1,house_A,spoil_free_pcb_v1,pcb_A,chamber_A,poultry,chicken,Warmup,1323,0.165,8609,1.076,428,0.054,30.77,93360.0,63.08,236600.0,none
2026-07-28T20:00:17,1239.02,S010_Anish_chickenreal1,house_A,spoil_free_pcb_v1,pcb_A,chamber_A,poultry,chicken,Warmup,1341,0.168,8612,1.077,429,0.054,30.77,93360.0,63.11,235300.0,none
2026-07-28T20:00:19,1241.02,S010_Anish_chickenreal1,house_A,spoil_free_pcb_v1,pcb_A,chamber_A,poultry,chicken,Warmup,1373,0.172,8616,1.077,429,0.054,30.77,93362.0,63.13,235600.0,none
2026-07-28T20:00:21,1243.02,S010_Anish_chickenreal1,house_A,spoil_free_pcb_v1,pcb_A,chamber_A,poultry,chicken,Warmup,1384,0.173,8617,1.077,428,0.054,30.77,93362.0,63.13,234800.0,none
2026-07-28T20:00:23,1245.02,S010_Anish_chickenreal1,house_A,spoil_free_pcb_v1,pcb_A,chamber_A,poultry,chicken,Warmup,1416,0.177,8619,1.077,429,0.054,30.77,93362.0,63.11,235000.0,none
2026-07-28T20:00:25,1247.02,S010_Anish_chickenreal1,house_A,spoil_free_pcb_v1,pcb_A,chamber_A,poultry,chicken,Warmup,1417,0.177,8619,1.077,429,0.054,30.77,93360.0,63.1,234200.0,none
2026-07-28T20:00:27,1249.02,S010_Anish_chickenreal1,house_A,spoil_free_pcb_v1,pcb_A,chamber_A,poultry,chicken,Warmup,1374,0.172,8619,1.077,429,0.054,30.77,93360.0,63.08,234200.0,none
2026-07-28T20:00:29,1251.03,S010_Anish_chickenreal1,house_A,spoil_free_pcb_v1,pcb_A,chamber_A,poultry,chicken,Warmup,1370,0.171,8620,1.078,429,0.054,30.77,93360.0,63.1,235300.0,none
2026-07-28T20:00:31,1253.03,S010_Anish_chickenreal1,house_A,spoil_free_pcb_v1,pcb_A,chamber_A,poultry,chicken,Warmup,1364,0.171,8619,1.077,431,0.054,30.77,93360.0,63.11,234800.0,none
2026-07-28T20:00:33,1255.02,S010_Anish_chickenreal1,house_A,spoil_free_pcb_v1,pcb_A,chamber_A,poultry,chicken,Warmup,1359,0.17,8618,1.077,432,0.054,30.77,93360.0,63.16,233500.0,none
2026-07-28T20:00:35,1257.02,S010_Anish_chickenreal1,house_A,spoil_free_pcb_v1,pcb_A,chamber_A,poultry,chicken,Warmup,1360,0.17,8617,1.077,432,0.054,30.77,93362.0,63.22,233700.0,none
2026-07-28T20:00:37,1259.02,S010_Anish_chickenreal1,house_A,spoil_free_pcb_v1,pcb_A,chamber_A,poultry,chicken,Warmup,1365,0.171,8617,1.077,433,0.054,30.77,93362.0,63.26,233400.0,none
2026-07-28T20:00:39,1261.01,S010_Anish_chickenreal1,house_A,spoil_free_pcb_v1,pcb_A,chamber_A,poultry,chicken,Warmup,1370,0.171,8617,1.077,433,0.054,30.77,93362.0,63.29,233800.0,none
2026-07-28T20:00:41,1263.03,S010_Anish_chickenreal1,house_A,spoil_free_pcb_v1,pcb_A,chamber_A,poultry,chicken,Warmup,1376,0.172,8617,1.077,433,0.054,30.77,93362.0,63.28,233400.0,none
2026-07-28T20:00:43,1265.02,S010_Anish_chickenreal1,house_A,spoil_free_pcb_v1,pcb_A,chamber_A,poultry,chicken,Warmup,1383,0.173,8619,1.077,432,0.054,30.77,93362.0,63.28,234200.0,none
2026-07-28T20:00:45,1267.03,S010_Anish_chickenreal1,house_A,spoil_free_pcb_v1,pcb_A,chamber_A,poultry,chicken,Warmup,1383,0.173,8618,1.077,433,0.054,30.77,93364.0,63.32,233500.0,none
2026-07-28T20:00:47,1269.03,S010_Anish_chickenreal1,house_A,spoil_free_pcb_v1,pcb_A,chamber_A,poultry,chicken,Warmup,1379,0.172,8620,1.078,433,0.054,30.77,93364.0,63.35,233200.0,none
2026-07-28T20:00:49,1271.02,S010_Anish_chickenreal1,house_A,spoil_free_pcb_v1,pcb_A,chamber_A,poultry,chicken,Warmup,1375,0.172,8622,1.078,433,0.054,30.78,93364.0,63.39,232900.0,none
2026-07-28T20:00:51,1273.03,S010_Anish_chickenreal1,house_A,spoil_free_pcb_v1,pcb_A,chamber_A,poultry,chicken,Warmup,1369,0.171,8621,1.078,433,0.054,30.78,93364.0,63.38,232300.0,none
2026-07-28T20:00:53,1275.03,S010_Anish_chickenreal1,house_A,spoil_free_pcb_v1,pcb_A,chamber_A,poultry,chicken,Warmup,1365,0.171,8625,1.078,433,0.054,30.78,93366.0,63.35,232700.0,none
2026-07-28T20:00:55,1277.01,S010_Anish_chickenreal1,house_A,spoil_free_pcb_v1,pcb_A,chamber_A,poultry,chicken,Warmup,1363,0.17,8623,1.078,433,0.054,30.78,93366.0,63.35,232700.0,none
2026-07-28T20:00:57,1279.01,S010_Anish_chickenreal1,house_A,spoil_free_pcb_v1,pcb_A,chamber_A,poultry,chicken,Warmup,1370,0.171,8624,1.078,433,0.054,30.78,93366.0,63.39,233200.0,none
2026-07-28T20:00:59,1281.03,S010_Anish_chickenreal1,house_A,spoil_free_pcb_v1,pcb_A,chamber_A,poultry,chicken,Warmup,1374,0.172,8623,1.078,433,0.054,30.78,93366.0,63.43,231900.0,none
2026-07-28T20:01:01,1283.02,S010_Anish_chickenreal1,house_A,spoil_free_pcb_v1,pcb_A,chamber_A,poultry,chicken,Warmup,1383,0.173,8624,1.078,433,0.054,30.78,93366.0,63.48,232600.0,none
2026-07-28T20:01:03,1285.03,S010_Anish_chickenreal1,house_A,spoil_free_pcb_v1,pcb_A,chamber_A,poultry,chicken,Warmup,1387,0.173,8625,1.078,433,0.054,30.78,93366.0,63.49,232900.0,none
2026-07-28T20:01:05,1287.02,S010_Anish_chickenreal1,house_A,spoil_free_pcb_v1,pcb_A,chamber_A,poultry,chicken,Warmup,1380,0.173,8625,1.078,433,0.054,30.78,93366.0,63.49,233500.0,none
2026-07-28T20:01:07,1289.03,S010_Anish_chickenreal1,house_A,spoil_free_pcb_v1,pcb_A,chamber_A,poultry,chicken,Warmup,1373,0.172,8627,1.078,433,0.054,30.78,93366.0,63.47,231900.0,none
2026-07-28T20:01:09,1291.02,S010_Anish_chickenreal1,house_A,spoil_free_pcb_v1,pcb_A,chamber_A,poultry,chicken,Warmup,1365,0.171,8626,1.078,433,0.054,30.77,93368.0,63.48,233500.0,none
2026-07-28T20:01:11,1293.03,S010_Anish_chickenreal1,house_A,spoil_free_pcb_v1,pcb_A,chamber_A,poultry,chicken,Warmup,1368,0.171,8627,1.078,433,0.054,30.77,93368.0,63.48,232700.0,none
2026-07-28T20:01:13,1295.02,S010_Anish_chickenreal1,house_A,spoil_free_pcb_v1,pcb_A,chamber_A,poultry,chicken,Warmup,1376,0.172,8626,1.078,434,0.054,30.77,93368.0,63.48,232100.0,none
2026-07-28T20:01:15,1297.02,S010_Anish_chickenreal1,house_A,spoil_free_pcb_v1,pcb_A,chamber_A,poultry,chicken,Warmup,1380,0.173,8629,1.079,433,0.054,30.77,93368.0,63.48,231500.0,none
2026-07-28T20:01:17,1299.02,S010_Anish_chickenreal1,house_A,spoil_free_pcb_v1,pcb_A,chamber_A,poultry,chicken,Warmup,1385,0.173,8629,1.079,433,0.054,30.78,93368.0,63.51,232100.0,none
2026-07-28T20:01:19,1301.02,S010_Anish_chickenreal1,house_A,spoil_free_pcb_v1,pcb_A,chamber_A,poultry,chicken,Warmup,1380,0.173,8632,1.079,434,0.054,30.78,93368.0,63.49,232600.0,none
2026-07-28T20:01:21,1303.02,S010_Anish_chickenreal1,house_A,spoil_free_pcb_v1,pcb_A,chamber_A,poultry,chicken,Warmup,1375,0.172,8634,1.079,433,0.054,30.78,93368.0,63.5,231200.0,none
2026-07-28T20:01:23,1305.02,S010_Anish_chickenreal1,house_A,spoil_free_pcb_v1,pcb_A,chamber_A,poultry,chicken,Warmup,1369,0.171,8634,1.079,433,0.054,30.78,93366.0,63.47,231000.0,none
2026-07-28T20:01:25,1307.02,S010_Anish_chickenreal1,house_A,spoil_free_pcb_v1,pcb_A,chamber_A,poultry,chicken,Warmup,1367,0.171,8637,1.08,434,0.054,30.78,93366.0,63.43,231600.0,none
2026-07-28T20:01:27,1309.03,S010_Anish_chickenreal1,house_A,spoil_free_pcb_v1,pcb_A,chamber_A,poultry,chicken,Warmup,1374,0.172,8645,1.081,433,0.054,30.78,93366.0,63.42,231200.0,none
2026-07-28T20:01:29,1311.03,S010_Anish_chickenreal1,house_A,spoil_free_pcb_v1,pcb_A,chamber_A,poultry,chicken,Warmup,1379,0.172,8648,1.081,432,0.054,30.78,93366.0,63.42,231900.0,none
2026-07-28T20:01:31,1313.02,S010_Anish_chickenreal1,house_A,spoil_free_pcb_v1,pcb_A,chamber_A,poultry,chicken,Warmup,1384,0.173,8649,1.081,433,0.054,30.78,93366.0,63.43,232300.0,none
2026-07-28T20:01:33,1315.02,S010_Anish_chickenreal1,house_A,spoil_free_pcb_v1,pcb_A,chamber_A,poultry,chicken,Warmup,1390,0.174,8651,1.081,433,0.054,30.78,93366.0,63.48,229600.0,none
2026-07-28T20:01:35,1317.02,S010_Anish_chickenreal1,house_A,spoil_free_pcb_v1,pcb_A,chamber_A,poultry,chicken,Warmup,1387,0.173,8653,1.082,433,0.054,30.78,93366.0,63.54,231200.0,none
2026-07-28T20:01:37,1319.02,S010_Anish_chickenreal1,house_A,spoil_free_pcb_v1,pcb_A,chamber_A,poultry,chicken,Warmup,1385,0.173,8655,1.082,433,0.054,30.79,93366.0,63.56,231800.0,none
2026-07-28T20:01:39,1321.01,S010_Anish_chickenreal1,house_A,spoil_free_pcb_v1,pcb_A,chamber_A,poultry,chicken,Warmup,1382,0.173,8656,1.082,433,0.054,30.79,93366.0,63.6,230200.0,none
2026-07-28T20:01:41,1323.03,S010_Anish_chickenreal1,house_A,spoil_free_pcb_v1,pcb_A,chamber_A,poultry,chicken,Warmup,1377,0.172,8655,1.082,434,0.054,30.79,93364.0,63.62,230400.0,none
2026-07-28T20:01:43,1325.02,S010_Anish_chickenreal1,house_A,spoil_free_pcb_v1,pcb_A,chamber_A,poultry,chicken,Warmup,1375,0.172,8655,1.082,434,0.054,30.79,93364.0,63.67,230400.0,none
2026-07-28T20:01:45,1327.03,S010_Anish_chickenreal1,house_A,spoil_free_pcb_v1,pcb_A,chamber_A,poultry,chicken,Warmup,1378,0.172,8655,1.082,434,0.054,30.79,93366.0,63.67,230200.0,none
2026-07-28T20:01:47,1329.02,S010_Anish_chickenreal1,house_A,spoil_free_pcb_v1,pcb_A,chamber_A,poultry,chicken,Warmup,1382,0.173,8657,1.082,433,0.054,30.79,93366.0,63.67,230500.0,none
2026-07-28T20:01:49,1331.03,S010_Anish_chickenreal1,house_A,spoil_free_pcb_v1,pcb_A,chamber_A,poultry,chicken,Warmup,1386,0.173,8657,1.082,434,0.054,30.79,93366.0,63.65,230100.0,none
2026-07-28T20:01:51,1333.02,S010_Anish_chickenreal1,house_A,spoil_free_pcb_v1,pcb_A,chamber_A,poultry,chicken,Warmup,1391,0.174,8657,1.082,434,0.054,30.79,93366.0,63.64,230100.0,none
2026-07-28T20:01:53,1335.03,S010_Anish_chickenreal1,house_A,spoil_free_pcb_v1,pcb_A,chamber_A,poultry,chicken,Warmup,1394,0.174,8658,1.082,433,0.054,30.79,93366.0,63.63,230400.0,none
2026-07-28T20:01:55,1337.03,S010_Anish_chickenreal1,house_A,spoil_free_pcb_v1,pcb_A,chamber_A,poultry,chicken,Warmup,1390,0.174,8661,1.083,433,0.054,30.79,93366.0,63.61,229800.0,none
2026-07-28T20:01:57,1339.02,S010_Anish_chickenreal1,house_A,spoil_free_pcb_v1,pcb_A,chamber_A,poultry,chicken,Warmup,1386,0.173,8661,1.083,433,0.054,30.79,93366.0,63.61,230100.0,none
2026-07-28T20:01:59,1341.03,S010_Anish_chickenreal1,house_A,spoil_free_pcb_v1,pcb_A,chamber_A,poultry,chicken,Warmup,1383,0.173,8664,1.083,434,0.054,30.79,93370.0,63.62,230400.0,none
2026-07-28T20:02:01,1343.03,S010_Anish_chickenreal1,house_A,spoil_free_pcb_v1,pcb_A,chamber_A,poultry,chicken,Warmup,1378,0.172,8663,1.083,434,0.054,30.79,93364.0,63.7,230100.0,none
2026-07-28T20:02:03,1345.02,S010_Anish_chickenreal1,house_A,spoil_free_pcb_v1,pcb_A,chamber_A,poultry,chicken,Warmup,1378,0.172,8663,1.083,434,0.054,30.79,93364.0,63.72,229000.0,none
2026-07-28T20:02:05,1347.01,S010_Anish_chickenreal1,house_A,spoil_free_pcb_v1,pcb_A,chamber_A,poultry,chicken,Warmup,1383,0.173,8666,1.083,434,0.054,30.79,93370.0,63.74,228500.0,none
2026-07-28T20:02:07,1349.01,S010_Anish_chickenreal1,house_A,spoil_free_pcb_v1,pcb_A,chamber_A,poultry,chicken,Warmup,1387,0.173,8667,1.083,433,0.054,30.79,93366.0,63.76,229600.0,none
2026-07-28T20:02:09,1351.02,S010_Anish_chickenreal1,house_A,spoil_free_pcb_v1,pcb_A,chamber_A,poultry,chicken,Warmup,1392,0.174,8668,1.084,433,0.054,30.79,93366.0,63.75,228800.0,none
2026-07-28T20:02:11,1353.03,S010_Anish_chickenreal1,house_A,spoil_free_pcb_v1,pcb_A,chamber_A,poultry,chicken,Warmup,1393,0.174,8667,1.083,434,0.054,30.79,93372.0,63.76,228100.0,none
2026-07-28T20:02:13,1355.02,S010_Anish_chickenreal1,house_A,spoil_free_pcb_v1,pcb_A,chamber_A,poultry,chicken,Warmup,1410,0.176,8668,1.084,434,0.054,30.79,93370.0,63.79,228800.0,none
2026-07-28T20:02:15,1357.03,S010_Anish_chickenreal1,house_A,spoil_free_pcb_v1,pcb_A,chamber_A,poultry,chicken,Warmup,1393,0.174,8669,1.084,434,0.054,30.79,93370.0,63.78,229300.0,none
2026-07-28T20:02:17,1359.03,S010_Anish_chickenreal1,house_A,spoil_free_pcb_v1,pcb_A,chamber_A,poultry,chicken,Warmup,1384,0.173,8670,1.084,434,0.054,30.79,93370.0,63.8,228200.0,none
2026-07-28T20:02:19,1361.02,S010_Anish_chickenreal1,house_A,spoil_free_pcb_v1,pcb_A,chamber_A,poultry,chicken,Warmup,1382,0.173,8669,1.084,434,0.054,30.79,93372.0,63.79,228500.0,none
2026-07-28T20:02:21,1363.01,S010_Anish_chickenreal1,house_A,spoil_free_pcb_v1,pcb_A,chamber_A,poultry,chicken,Warmup,1382,0.173,8671,1.084,434,0.054,30.79,93370.0,63.78,227300.0,none
2026-07-28T20:02:23,1365.02,S010_Anish_chickenreal1,house_A,spoil_free_pcb_v1,pcb_A,chamber_A,poultry,chicken,Warmup,1387,0.173,8672,1.084,434,0.054,30.79,93370.0,63.75,228800.0,none
2026-07-28T20:02:25,1367.02,S010_Anish_chickenreal1,house_A,spoil_free_pcb_v1,pcb_A,chamber_A,poultry,chicken,Warmup,1391,0.174,8671,1.084,434,0.054,30.79,93370.0,63.72,228200.0,none
2026-07-28T20:02:27,1369.02,S010_Anish_chickenreal1,house_A,spoil_free_pcb_v1,pcb_A,chamber_A,poultry,chicken,Warmup,1391,0.174,8670,1.084,434,0.054,30.79,93370.0,63.72,228700.0,none
2026-07-28T20:02:29,1371.01,S010_Anish_chickenreal1,house_A,spoil_free_pcb_v1,pcb_A,chamber_A,poultry,chicken,Warmup,1394,0.174,8671,1.084,435,0.054,30.79,93370.0,63.7,228400.0,none
2026-07-28T20:02:31,1373.03,S010_Anish_chickenreal1,house_A,spoil_free_pcb_v1,pcb_A,chamber_A,poultry,chicken,Warmup,1395,0.174,8671,1.084,434,0.054,30.8,93370.0,63.7,228200.0,none
2026-07-28T20:02:33,1375.03,S010_Anish_chickenreal1,house_A,spoil_free_pcb_v1,pcb_A,chamber_A,poultry,chicken,Warmup,1393,0.174,8672,1.084,434,0.054,30.8,93370.0,63.73,229300.0,none
2026-07-28T20:02:35,1377.03,S010_Anish_chickenreal1,house_A,spoil_free_pcb_v1,pcb_A,chamber_A,poultry,chicken,Warmup,1389,0.174,8674,1.084,435,0.054,30.8,93370.0,63.77,228700.0,none
2026-07-28T20:02:37,1379.03,S010_Anish_chickenreal1,house_A,spoil_free_pcb_v1,pcb_A,chamber_A,poultry,chicken,Warmup,1386,0.173,8672,1.084,435,0.054,30.8,93372.0,63.81,227600.0,none
2026-07-28T20:02:39,1381.01,S010_Anish_chickenreal1,house_A,spoil_free_pcb_v1,pcb_A,chamber_A,poultry,chicken,Warmup,1378,0.172,8674,1.084,435,0.054,30.8,93372.0,63.85,227300.0,none
2026-07-28T20:02:41,1383.02,S010_Anish_chickenreal1,house_A,spoil_free_pcb_v1,pcb_A,chamber_A,poultry,chicken,Warmup,1378,0.172,8675,1.084,434,0.054,30.8,93372.0,63.88,227000.0,none
2026-07-28T20:02:43,1385.02,S010_Anish_chickenreal1,house_A,spoil_free_pcb_v1,pcb_A,chamber_A,poultry,chicken,Warmup,1382,0.173,8675,1.084,435,0.054,30.79,93372.0,63.92,228100.0,none
2026-07-28T20:02:45,1387.01,S010_Anish_chickenreal1,house_A,spoil_free_pcb_v1,pcb_A,chamber_A,poultry,chicken,Warmup,1387,0.173,8677,1.085,434,0.054,30.79,93372.0,63.94,227300.0,none
2026-07-28T20:02:47,1389.03,S010_Anish_chickenreal1,house_A,spoil_free_pcb_v1,pcb_A,chamber_A,poultry,chicken,Warmup,1393,0.174,8676,1.085,434,0.054,30.79,93372.0,63.98,226900.0,none
2026-07-28T20:02:49,1391.03,S010_Anish_chickenreal1,house_A,spoil_free_pcb_v1,pcb_A,chamber_A,poultry,chicken,Warmup,1403,0.175,8679,1.085,435,0.054,30.8,93372.0,64.02,226200.0,none
2026-07-28T20:02:51,1393.02,S010_Anish_chickenreal1,house_A,spoil_free_pcb_v1,pcb_A,chamber_A,poultry,chicken,Warmup,1411,0.176,8677,1.085,435,0.054,30.8,93372.0,64.02,226500.0,none
2026-07-28T20:02:53,1395.02,S010_Anish_chickenreal1,house_A,spoil_free_pcb_v1,pcb_A,chamber_A,poultry,chicken,Warmup,1409,0.176,8679,1.085,435,0.054,30.8,93372.0,64.02,227500.0,none
2026-07-28T20:02:55,1397.02,S010_Anish_chickenreal1,house_A,spoil_free_pcb_v1,pcb_A,chamber_A,poultry,chicken,Warmup,1422,0.178,8679,1.085,435,0.054,30.8,93372.0,64.02,226400.0,none
2026-07-28T20:02:57,1399.02,S010_Anish_chickenreal1,house_A,spoil_free_pcb_v1,pcb_A,chamber_A,poultry,chicken,Warmup,1397,0.175,8679,1.085,435,0.054,30.8,93372.0,63.99,226700.0,none
2026-07-28T20:02:59,1401.02,S010_Anish_chickenreal1,house_A,spoil_free_pcb_v1,pcb_A,chamber_A,poultry,chicken,Warmup,1382,0.173,8679,1.085,435,0.054,30.8,93372.0,64.01,225900.0,none
2026-07-28T20:03:01,1403.02,S010_Anish_chickenreal1,house_A,spoil_free_pcb_v1,pcb_A,chamber_A,poultry,chicken,Warmup,1380,0.173,8680,1.085,435,0.054,30.8,93372.0,63.99,227800.0,none
2026-07-28T20:03:03,1405.02,S010_Anish_chickenreal1,house_A,spoil_free_pcb_v1,pcb_A,chamber_A,poultry,chicken,Warmup,1385,0.173,8681,1.085,433,0.054,30.8,93372.0,63.97,227600.0,none
2026-07-28T20:03:05,1407.03,S010_Anish_chickenreal1,house_A,spoil_free_pcb_v1,pcb_A,chamber_A,poultry,chicken,Warmup,1391,0.174,8680,1.085,433,0.054,30.8,93372.0,63.95,226900.0,none
2026-07-28T20:03:07,1409.02,S010_Anish_chickenreal1,house_A,spoil_free_pcb_v1,pcb_A,chamber_A,poultry,chicken,Warmup,1395,0.174,8681,1.085,434,0.054,30.8,93372.0,63.92,227200.0,none
2026-07-28T20:03:09,1411.01,S010_Anish_chickenreal1,house_A,spoil_free_pcb_v1,pcb_A,chamber_A,poultry,chicken,Warmup,1402,0.175,8681,1.085,433,0.054,30.8,93372.0,63.91,226400.0,none
2026-07-28T20:03:11,1413.03,S010_Anish_chickenreal1,house_A,spoil_free_pcb_v1,pcb_A,chamber_A,poultry,chicken,Warmup,1406,0.176,8682,1.085,433,0.054,30.8,93370.0,63.87,226900.0,none
2026-07-28T20:03:13,1415.02,S010_Anish_chickenreal1,house_A,spoil_free_pcb_v1,pcb_A,chamber_A,poultry,chicken,Warmup,1405,0.176,8682,1.085,433,0.054,30.8,93370.0,63.89,227300.0,none
2026-07-28T20:03:15,1417.02,S010_Anish_chickenreal1,house_A,spoil_free_pcb_v1,pcb_A,chamber_A,poultry,chicken,Warmup,1398,0.175,8682,1.085,433,0.054,30.8,93370.0,63.95,226400.0,none
2026-07-28T20:03:17,1419.01,S010_Anish_chickenreal1,house_A,spoil_free_pcb_v1,pcb_A,chamber_A,poultry,chicken,Warmup,1392,0.174,8681,1.085,433,0.054,30.8,93370.0,63.99,225200.0,none
2026-07-28T20:03:19,1421.03,S010_Anish_chickenreal1,house_A,spoil_free_pcb_v1,pcb_A,chamber_A,poultry,chicken,Warmup,1386,0.173,8684,1.086,434,0.054,30.8,93368.0,64.01,226200.0,none
2026-07-28T20:03:21,1423.02,S010_Anish_chickenreal1,house_A,spoil_free_pcb_v1,pcb_A,chamber_A,poultry,chicken,Warmup,1343,0.168,8684,1.086,433,0.054,30.8,93368.0,64.01,226400.0,none
2026-07-28T20:03:23,1425.03,S010_Anish_chickenreal1,house_A,spoil_free_pcb_v1,pcb_A,chamber_A,poultry,chicken,Warmup,1376,0.172,8683,1.085,433,0.054,30.8,93368.0,63.99,225600.0,none
2026-07-28T20:03:25,1427.02,S010_Anish_chickenreal1,house_A,spoil_free_pcb_v1,pcb_A,chamber_A,poultry,chicken,Warmup,1392,0.174,8684,1.086,433,0.054,30.8,93368.0,63.98,225900.0,none
2026-07-28T20:03:27,1429.02,S010_Anish_chickenreal1,house_A,spoil_free_pcb_v1,pcb_A,chamber_A,poultry,chicken,Warmup,1399,0.175,8684,1.086,433,0.054,30.8,93370.0,63.99,226500.0,none
2026-07-28T20:03:29,1431.02,S010_Anish_chickenreal1,house_A,spoil_free_pcb_v1,pcb_A,chamber_A,poultry,chicken,Warmup,1410,0.176,8684,1.086,434,0.054,30.8,93370.0,63.99,224900.0,none
2026-07-28T20:03:31,1433.03,S010_Anish_chickenreal1,house_A,spoil_free_pcb_v1,pcb_A,chamber_A,poultry,chicken,Warmup,1423,0.178,8684,1.086,434,0.054,30.8,93370.0,64.03,224300.0,none
2026-07-28T20:03:33,1435.02,S010_Anish_chickenreal1,house_A,spoil_free_pcb_v1,pcb_A,chamber_A,poultry,chicken,Warmup,1435,0.179,8683,1.085,434,0.054,30.8,93370.0,64.01,225900.0,none
2026-07-28T20:03:35,1437.02,S010_Anish_chickenreal1,house_A,spoil_free_pcb_v1,pcb_A,chamber_A,poultry,chicken,Warmup,1412,0.177,8684,1.086,433,0.054,30.8,93372.0,64.04,224800.0,none
2026-07-28T20:03:37,1439.01,S010_Anish_chickenreal1,house_A,spoil_free_pcb_v1,pcb_A,chamber_A,poultry,chicken,Warmup,1397,0.175,8685,1.086,434,0.054,30.8,93372.0,64.08,225200.0,none
2026-07-28T20:03:39,1441.03,S010_Anish_chickenreal1,house_A,spoil_free_pcb_v1,pcb_A,chamber_A,poultry,chicken,Warmup,1392,0.174,8685,1.086,433,0.054,30.8,93372.0,64.13,224800.0,none
2026-07-28T20:03:41,1443.02,S010_Anish_chickenreal1,house_A,spoil_free_pcb_v1,pcb_A,chamber_A,poultry,chicken,Warmup,1392,0.174,8689,1.086,433,0.054,30.8,93372.0,64.15,223900.0,none
2026-07-28T20:03:43,1445.02,S010_Anish_chickenreal1,house_A,spoil_free_pcb_v1,pcb_A,chamber_A,poultry,chicken,Warmup,1389,0.174,8692,1.087,434,0.054,30.81,93374.0,64.17,225100.0,none
2026-07-28T20:03:45,1447.02,S010_Anish_chickenreal1,house_A,spoil_free_pcb_v1,pcb_A,chamber_A,poultry,chicken,Warmup,1397,0.175,8691,1.086,434,0.054,30.81,93374.0,64.2,226700.0,none
2026-07-28T20:03:47,1449.02,S010_Anish_chickenreal1,house_A,spoil_free_pcb_v1,pcb_A,chamber_A,poultry,chicken,Warmup,1396,0.175,8695,1.087,435,0.054,30.81,93374.0,64.22,224800.0,none
2026-07-28T20:03:49,1451.02,S010_Anish_chickenreal1,house_A,spoil_free_pcb_v1,pcb_A,chamber_A,poultry,chicken,Warmup,1424,0.178,8694,1.087,434,0.054,30.81,93378.0,64.23,223300.0,none
2026-07-28T20:03:51,1453.02,S010_Anish_chickenreal1,house_A,spoil_free_pcb_v1,pcb_A,chamber_A,poultry,chicken,Warmup,1453,0.182,8696,1.087,434,0.054,30.81,93378.0,64.22,223700.0,none
2026-07-28T20:03:53,1455.02,S010_Anish_chickenreal1,house_A,spoil_free_pcb_v1,pcb_A,chamber_A,poultry,chicken,Warmup,1438,0.18,8698,1.087,435,0.054,30.81,93378.0,64.22,224300.0,none
2026-07-28T20:03:55,1457.03,S010_Anish_chickenreal1,house_A,spoil_free_pcb_v1,pcb_A,chamber_A,poultry,chicken,Warmup,1404,0.176,8699,1.087,434,0.054,30.81,93378.0,64.21,224900.0,none
2026-07-28T20:03:57,1459.01,S010_Anish_chickenreal1,house_A,spoil_free_pcb_v1,pcb_A,chamber_A,poultry,chicken,Warmup,1396,0.175,8699,1.087,433,0.054,30.81,93378.0,64.2,223700.0,none
2026-07-28T20:03:59,1461.01,S010_Anish_chickenreal1,house_A,spoil_free_pcb_v1,pcb_A,chamber_A,poultry,chicken,Warmup,1388,0.174,8701,1.088,435,0.054,30.81,93376.0,64.15,223100.0,none
2026-07-28T20:04:01,1463.02,S010_Anish_chickenreal1,house_A,spoil_free_pcb_v1,pcb_A,chamber_A,poultry,chicken,Warmup,1393,0.174,8700,1.088,435,0.054,30.81,93378.0,64.15,223000.0,none
2026-07-28T20:04:03,1465.02,S010_Anish_chickenreal1,house_A,spoil_free_pcb_v1,pcb_A,chamber_A,poultry,chicken,Warmup,1396,0.175,8700,1.088,434,0.054,30.81,93376.0,64.13,223300.0,none
2026-07-28T20:04:05,1467.01,S010_Anish_chickenreal1,house_A,spoil_free_pcb_v1,pcb_A,chamber_A,poultry,chicken,Warmup,1401,0.175,8702,1.088,436,0.055,30.81,93376.0,64.16,224600.0,none
2026-07-28T20:04:07,1469.02,S010_Anish_chickenreal1,house_A,spoil_free_pcb_v1,pcb_A,chamber_A,poultry,chicken,Warmup,1408,0.176,8702,1.088,435,0.054,30.81,93376.0,64.22,223000.0,none
2026-07-28T20:04:09,1471.01,S010_Anish_chickenreal1,house_A,spoil_free_pcb_v1,pcb_A,chamber_A,poultry,chicken,Warmup,1410,0.176,8700,1.088,434,0.054,30.81,93374.0,64.24,224200.0,none
2026-07-28T20:04:11,1473.02,S010_Anish_chickenreal1,house_A,spoil_free_pcb_v1,pcb_A,chamber_A,poultry,chicken,Warmup,1412,0.177,8701,1.088,434,0.054,30.81,93374.0,64.26,223400.0,none
2026-07-28T20:04:13,1475.02,S010_Anish_chickenreal1,house_A,spoil_free_pcb_v1,pcb_A,chamber_A,poultry,chicken,Warmup,1408,0.176,8700,1.088,435,0.054,30.81,93374.0,64.3,224500.0,none
2026-07-28T20:04:15,1477.02,S010_Anish_chickenreal1,house_A,spoil_free_pcb_v1,pcb_A,chamber_A,poultry,chicken,Warmup,1408,0.176,8699,1.087,435,0.054,30.81,93374.0,64.33,223100.0,none
2026-07-28T20:04:17,1479.02,S010_Anish_chickenreal1,house_A,spoil_free_pcb_v1,pcb_A,chamber_A,poultry,chicken,Warmup,1404,0.176,8700,1.088,435,0.054,30.81,93372.0,64.37,223100.0,none
2026-07-28T20:04:19,1481.02,S010_Anish_chickenreal1,house_A,spoil_free_pcb_v1,pcb_A,chamber_A,poultry,chicken,Warmup,1402,0.175,8701,1.088,435,0.054,30.81,93372.0,64.31,223600.0,none
2026-07-28T20:04:21,1483.01,S010_Anish_chickenreal1,house_A,spoil_free_pcb_v1,pcb_A,chamber_A,poultry,chicken,Warmup,1396,0.175,8703,1.088,435,0.054,30.81,93374.0,64.28,223000.0,none
2026-07-28T20:04:23,1485.02,S010_Anish_chickenreal1,house_A,spoil_free_pcb_v1,pcb_A,chamber_A,poultry,chicken,Warmup,1383,0.173,8705,1.088,435,0.054,30.81,93374.0,64.26,222600.0,none
2026-07-28T20:04:25,1487.01,S010_Anish_chickenreal1,house_A,spoil_free_pcb_v1,pcb_A,chamber_A,poultry,chicken,Warmup,1392,0.174,8704,1.088,435,0.054,30.81,93374.0,64.25,224200.0,none
2026-07-28T20:04:27,1489.02,S010_Anish_chickenreal1,house_A,spoil_free_pcb_v1,pcb_A,chamber_A,poultry,chicken,Warmup,1346,0.168,8703,1.088,436,0.055,30.81,93374.0,64.22,222700.0,none
2026-07-28T20:04:29,1491.02,S010_Anish_chickenreal1,house_A,spoil_free_pcb_v1,pcb_A,chamber_A,poultry,chicken,Warmup,1353,0.169,8704,1.088,436,0.055,30.81,93374.0,64.21,220500.0,none
2026-07-28T20:04:31,1493.02,S010_Anish_chickenreal1,house_A,spoil_free_pcb_v1,pcb_A,chamber_A,poultry,chicken,Warmup,1353,0.169,8704,1.088,435,0.054,30.81,93374.0,64.19,221400.0,none
2026-07-28T20:04:33,1495.02,S010_Anish_chickenreal1,house_A,spoil_free_pcb_v1,pcb_A,chamber_A,poultry,chicken,Warmup,1359,0.17,8704,1.088,435,0.054,30.81,93374.0,64.2,223300.0,none
2026-07-28T20:04:35,1497.02,S010_Anish_chickenreal1,house_A,spoil_free_pcb_v1,pcb_A,chamber_A,poultry,chicken,Warmup,1362,0.17,8707,1.088,436,0.055,30.81,93374.0,64.24,222300.0,none
2026-07-28T20:04:37,1499.01,S010_Anish_chickenreal1,house_A,spoil_free_pcb_v1,pcb_A,chamber_A,poultry,chicken,Warmup,1359,0.17,8706,1.088,435,0.054,30.81,93374.0,64.23,221100.0,none
2026-07-28T20:04:39,1501.02,S010_Anish_chickenreal1,house_A,spoil_free_pcb_v1,pcb_A,chamber_A,poultry,chicken,Warmup,1363,0.17,8708,1.089,435,0.054,30.81,93374.0,64.22,222100.0,none
2026-07-28T20:04:41,1503.02,S010_Anish_chickenreal1,house_A,spoil_free_pcb_v1,pcb_A,chamber_A,poultry,chicken,Warmup,1364,0.171,8707,1.088,436,0.055,30.81,93374.0,64.24,223000.0,none
2026-07-28T20:04:43,1505.02,S010_Anish_chickenreal1,house_A,spoil_free_pcb_v1,pcb_A,chamber_A,poultry,chicken,Warmup,1365,0.171,8709,1.089,435,0.054,30.81,93374.0,64.24,221400.0,none
2026-07-28T20:04:45,1507.01,S010_Anish_chickenreal1,house_A,spoil_free_pcb_v1,pcb_A,chamber_A,poultry,chicken,Warmup,1366,0.171,8707,1.088,436,0.055,30.81,93374.0,64.23,222400.0,none
2026-07-28T20:04:47,1509.01,S010_Anish_chickenreal1,house_A,spoil_free_pcb_v1,pcb_A,chamber_A,poultry,chicken,Warmup,1366,0.171,8708,1.089,435,0.054,30.81,93374.0,64.22,222700.0,none
2026-07-28T20:04:49,1511.02,S010_Anish_chickenreal1,house_A,spoil_free_pcb_v1,pcb_A,chamber_A,poultry,chicken,Warmup,1367,0.171,8708,1.089,435,0.054,30.81,93374.0,64.22,222000.0,none
2026-07-28T20:04:51,1513.02,S010_Anish_chickenreal1,house_A,spoil_free_pcb_v1,pcb_A,chamber_A,poultry,chicken,Warmup,1367,0.171,8709,1.089,436,0.055,30.81,93374.0,64.21,222000.0,none
2026-07-28T20:04:53,1515.03,S010_Anish_chickenreal1,house_A,spoil_free_pcb_v1,pcb_A,chamber_A,poultry,chicken,Warmup,1364,0.171,8710,1.089,436,0.055,30.81,93374.0,64.2,221500.0,none
2026-07-28T20:04:55,1517.01,S010_Anish_chickenreal1,house_A,spoil_free_pcb_v1,pcb_A,chamber_A,poultry,chicken,Warmup,1359,0.17,8711,1.089,436,0.055,30.81,93374.0,64.2,221500.0,none
2026-07-28T20:04:57,1519.01,S010_Anish_chickenreal1,house_A,spoil_free_pcb_v1,pcb_A,chamber_A,poultry,chicken,Warmup,1356,0.17,8711,1.089,436,0.055,30.81,93374.0,64.2,221300.0,none
2026-07-28T20:04:59,1521.02,S010_Anish_chickenreal1,house_A,spoil_free_pcb_v1,pcb_A,chamber_A,poultry,chicken,Warmup,1380,0.173,8713,1.089,436,0.055,30.81,93374.0,64.2,221400.0,none
2026-07-28T20:05:01,1523.02,S010_Anish_chickenreal1,house_A,spoil_free_pcb_v1,pcb_A,chamber_A,poultry,chicken,Warmup,1345,0.168,8711,1.089,436,0.055,30.81,93374.0,64.2,221700.0,none
2026-07-28T20:05:03,1525.02,S010_Anish_chickenreal1,house_A,spoil_free_pcb_v1,pcb_A,chamber_A,poultry,chicken,Warmup,1351,0.169,8714,1.089,436,0.055,30.81,93374.0,64.24,221000.0,none
2026-07-28T20:05:05,1527.01,S010_Anish_chickenreal1,house_A,spoil_free_pcb_v1,pcb_A,chamber_A,poultry,chicken,Warmup,1376,0.172,8715,1.089,437,0.055,30.82,93374.0,64.31,219400.0,none
2026-07-28T20:05:07,1529.02,S010_Anish_chickenreal1,house_A,spoil_free_pcb_v1,pcb_A,chamber_A,poultry,chicken,Warmup,1405,0.176,8714,1.089,437,0.055,30.82,93374.0,64.33,222000.0,none
2026-07-28T20:05:09,1531.02,S010_Anish_chickenreal1,house_A,spoil_free_pcb_v1,pcb_A,chamber_A,poultry,chicken,Warmup,1402,0.175,8714,1.089,436,0.055,30.81,93372.0,64.38,221500.0,none
2026-07-28T20:05:11,1533.02,S010_Anish_chickenreal1,house_A,spoil_free_pcb_v1,pcb_A,chamber_A,poultry,chicken,Warmup,1409,0.176,8715,1.089,437,0.055,30.82,93372.0,64.37,220100.0,none
2026-07-28T20:05:13,1535.02,S010_Anish_chickenreal1,house_A,spoil_free_pcb_v1,pcb_A,chamber_A,poultry,chicken,Warmup,1421,0.178,8716,1.09,435,0.054,30.81,93372.0,64.39,221300.0,none
2026-07-28T20:05:15,1537.02,S010_Anish_chickenreal1,house_A,spoil_free_pcb_v1,pcb_A,chamber_A,poultry,chicken,Warmup,1429,0.179,8716,1.09,437,0.055,30.81,93372.0,64.38,220700.0,none
2026-07-28T20:05:17,1539.01,S010_Anish_chickenreal1,house_A,spoil_free_pcb_v1,pcb_A,chamber_A,poultry,chicken,Warmup,1435,0.179,8716,1.09,437,0.055,30.81,93372.0,64.4,220300.0,none
2026-07-28T20:05:19,1541.01,S010_Anish_chickenreal1,house_A,spoil_free_pcb_v1,pcb_A,chamber_A,poultry,chicken,Warmup,1427,0.178,8717,1.09,437,0.055,30.81,93372.0,64.43,219800.0,none
2026-07-28T20:05:21,1543.03,S010_Anish_chickenreal1,house_A,spoil_free_pcb_v1,pcb_A,chamber_A,poultry,chicken,Warmup,1427,0.178,8718,1.09,437,0.055,30.81,93372.0,64.44,221300.0,none
2026-07-28T20:05:23,1545.01,S010_Anish_chickenreal1,house_A,spoil_free_pcb_v1,pcb_A,chamber_A,poultry,chicken,Warmup,1421,0.178,8720,1.09,437,0.055,30.82,93372.0,64.45,220300.0,none
2026-07-28T20:05:25,1547.02,S010_Anish_chickenreal1,house_A,spoil_free_pcb_v1,pcb_A,chamber_A,poultry,chicken,Warmup,1417,0.177,8721,1.09,436,0.055,30.82,93372.0,64.46,220400.0,none
2026-07-28T20:05:27,1549.02,S010_Anish_chickenreal1,house_A,spoil_free_pcb_v1,pcb_A,chamber_A,poultry,chicken,Warmup,1411,0.176,8722,1.09,438,0.055,30.82,93372.0,64.45,221500.0,none
2026-07-28T20:05:29,1551.01,S010_Anish_chickenreal1,house_A,spoil_free_pcb_v1,pcb_A,chamber_A,poultry,chicken,Warmup,1411,0.176,8722,1.09,438,0.055,30.82,93372.0,64.46,220700.0,none
2026-07-28T20:05:31,1553.01,S010_Anish_chickenreal1,house_A,spoil_free_pcb_v1,pcb_A,chamber_A,poultry,chicken,Warmup,1408,0.176,8722,1.09,437,0.055,30.82,93372.0,64.44,219400.0,none
2026-07-28T20:05:33,1555.01,S010_Anish_chickenreal1,house_A,spoil_free_pcb_v1,pcb_A,chamber_A,poultry,chicken,Warmup,1404,0.176,8725,1.091,437,0.055,30.82,93372.0,64.43,219600.0,none
2026-07-28T20:05:35,1557.02,S010_Anish_chickenreal1,house_A,spoil_free_pcb_v1,pcb_A,chamber_A,poultry,chicken,Warmup,1400,0.175,8724,1.09,438,0.055,30.82,93370.0,64.43,220300.0,none
2026-07-28T20:05:37,1559.02,S010_Anish_chickenreal1,house_A,spoil_free_pcb_v1,pcb_A,chamber_A,poultry,chicken,Warmup,1399,0.175,8723,1.09,437,0.055,30.82,93370.0,64.44,218700.0,none
2026-07-28T20:05:39,1561.02,S010_Anish_chickenreal1,house_A,spoil_free_pcb_v1,pcb_A,chamber_A,poultry,chicken,Warmup,1401,0.175,8724,1.09,437,0.055,30.82,93370.0,64.43,219000.0,none
2026-07-28T20:05:41,1563.02,S010_Anish_chickenreal1,house_A,spoil_free_pcb_v1,pcb_A,chamber_A,poultry,chicken,Warmup,1407,0.176,8723,1.09,437,0.055,30.82,93370.0,64.46,218600.0,none
2026-07-28T20:05:43,1565.01,S010_Anish_chickenreal1,house_A,spoil_free_pcb_v1,pcb_A,chamber_A,poultry,chicken,Warmup,1416,0.177,8724,1.09,438,0.055,30.82,93372.0,64.49,218100.0,none
2026-07-28T20:05:45,1567.02,S010_Anish_chickenreal1,house_A,spoil_free_pcb_v1,pcb_A,chamber_A,poultry,chicken,Warmup,1423,0.178,8724,1.09,437,0.055,30.82,93372.0,64.55,219100.0,none
2026-07-28T20:05:47,1569.02,S010_Anish_chickenreal1,house_A,spoil_free_pcb_v1,pcb_A,chamber_A,poultry,chicken,Warmup,1427,0.178,8724,1.09,438,0.055,30.82,93374.0,64.62,217300.0,none
2026-07-28T20:05:49,1571.01,S010_Anish_chickenreal1,house_A,spoil_free_pcb_v1,pcb_A,chamber_A,poultry,chicken,Warmup,1434,0.179,8725,1.091,437,0.055,30.82,93374.0,64.67,219600.0,none
2026-07-28T20:05:51,1573.01,S010_Anish_chickenreal1,house_A,spoil_free_pcb_v1,pcb_A,chamber_A,poultry,chicken,Warmup,1437,0.18,8725,1.091,438,0.055,30.82,93374.0,64.67,219400.0,none
2026-07-28T20:05:53,1575.02,S010_Anish_chickenreal1,house_A,spoil_free_pcb_v1,pcb_A,chamber_A,poultry,chicken,Warmup,1436,0.18,8726,1.091,437,0.055,30.82,93374.0,64.64,217900.0,none
2026-07-28T20:05:55,1577.02,S010_Anish_chickenreal1,house_A,spoil_free_pcb_v1,pcb_A,chamber_A,poultry,chicken,Warmup,1430,0.179,8726,1.091,438,0.055,30.82,93374.0,64.62,218300.0,none
2026-07-28T20:05:57,1579.02,S010_Anish_chickenreal1,house_A,spoil_free_pcb_v1,pcb_A,chamber_A,poultry,chicken,Warmup,1423,0.178,8728,1.091,437,0.055,30.82,93374.0,64.58,217900.0,none
2026-07-28T20:05:59,1581.02,S010_Anish_chickenreal1,house_A,spoil_free_pcb_v1,pcb_A,chamber_A,poultry,chicken,Warmup,1417,0.177,8730,1.091,438,0.055,30.82,93374.0,64.58,218800.0,none
2026-07-28T20:06:01,1583.01,S010_Anish_chickenreal1,house_A,spoil_free_pcb_v1,pcb_A,chamber_A,poultry,chicken,Warmup,1419,0.177,8730,1.091,438,0.055,30.82,93374.0,64.57,219000.0,none
2026-07-28T20:06:03,1585.02,S010_Anish_chickenreal1,house_A,spoil_free_pcb_v1,pcb_A,chamber_A,poultry,chicken,Warmup,1417,0.177,8731,1.091,438,0.055,30.82,93374.0,64.56,217300.0,none
2026-07-28T20:06:05,1587.02,S010_Anish_chickenreal1,house_A,spoil_free_pcb_v1,pcb_A,chamber_A,poultry,chicken,Warmup,1414,0.177,8730,1.091,439,0.055,30.82,93374.0,64.55,218000.0,none
2026-07-28T20:06:07,1589.01,S010_Anish_chickenreal1,house_A,spoil_free_pcb_v1,pcb_A,chamber_A,poultry,chicken,Warmup,1414,0.177,8732,1.092,438,0.055,30.82,93372.0,64.56,218100.0,none
2026-07-28T20:06:09,1591.01,S010_Anish_chickenreal1,house_A,spoil_free_pcb_v1,pcb_A,chamber_A,poultry,chicken,Warmup,1413,0.177,8732,1.092,438,0.055,30.82,93374.0,64.57,217000.0,none
2026-07-28T20:06:11,1593.02,S010_Anish_chickenreal1,house_A,spoil_free_pcb_v1,pcb_A,chamber_A,poultry,chicken,Warmup,1414,0.177,8732,1.092,438,0.055,30.82,93374.0,64.57,217600.0,none
2026-07-28T20:06:13,1595.02,S010_Anish_chickenreal1,house_A,spoil_free_pcb_v1,pcb_A,chamber_A,poultry,chicken,Warmup,1415,0.177,8732,1.092,438,0.055,30.82,93374.0,64.56,217300.0,none
2026-07-28T20:06:15,1597.01,S010_Anish_chickenreal1,house_A,spoil_free_pcb_v1,pcb_A,chamber_A,poultry,chicken,Warmup,1415,0.177,8732,1.092,438,0.055,30.82,93372.0,64.56,218100.0,none
2026-07-28T20:06:17,1599.01,S010_Anish_chickenreal1,house_A,spoil_free_pcb_v1,pcb_A,chamber_A,poultry,chicken,Warmup,1416,0.177,8731,1.091,438,0.055,30.82,93374.0,64.56,219300.0,none
2026-07-28T20:06:19,1601.01,S010_Anish_chickenreal1,house_A,spoil_free_pcb_v1,pcb_A,chamber_A,poultry,chicken,Warmup,1416,0.177,8732,1.092,438,0.055,30.82,93372.0,64.57,218100.0,none
2026-07-28T20:06:21,1603.01,S010_Anish_chickenreal1,house_A,spoil_free_pcb_v1,pcb_A,chamber_A,poultry,chicken,Warmup,1410,0.176,8732,1.092,438,0.055,30.82,93372.0,64.58,217300.0,none
2026-07-28T20:06:23,1605.02,S010_Anish_chickenreal1,house_A,spoil_free_pcb_v1,pcb_A,chamber_A,poultry,chicken,Warmup,1406,0.176,8733,1.092,438,0.055,30.82,93374.0,64.62,218000.0,none
2026-07-28T20:06:25,1607.01,S010_Anish_chickenreal1,house_A,spoil_free_pcb_v1,pcb_A,chamber_A,poultry,chicken,Warmup,1409,0.176,8734,1.092,437,0.055,30.82,93374.0,64.64,217000.0,none
2026-07-28T20:06:27,1609.02,S010_Anish_chickenreal1,house_A,spoil_free_pcb_v1,pcb_A,chamber_A,poultry,chicken,Warmup,1409,0.176,8733,1.092,438,0.055,30.82,93374.0,64.67,217900.0,none
2026-07-28T20:06:29,1611.02,S010_Anish_chickenreal1,house_A,spoil_free_pcb_v1,pcb_A,chamber_A,poultry,chicken,Warmup,1413,0.177,8735,1.092,438,0.055,30.82,93374.0,64.68,217500.0,none
2026-07-28T20:06:31,1613.02,S010_Anish_chickenreal1,house_A,spoil_free_pcb_v1,pcb_A,chamber_A,poultry,chicken,Warmup,1418,0.177,8736,1.092,438,0.055,30.82,93374.0,64.68,216600.0,none
2026-07-28T20:06:33,1615.01,S010_Anish_chickenreal1,house_A,spoil_free_pcb_v1,pcb_A,chamber_A,poultry,chicken,Warmup,1421,0.178,8735,1.092,438,0.055,30.82,93374.0,64.69,216100.0,none
2026-07-28T20:06:35,1617.02,S010_Anish_chickenreal1,house_A,spoil_free_pcb_v1,pcb_A,chamber_A,poultry,chicken,Warmup,1426,0.178,8736,1.092,439,0.055,30.82,93374.0,64.71,216500.0,none
2026-07-28T20:06:37,1619.02,S010_Anish_chickenreal1,house_A,spoil_free_pcb_v1,pcb_A,chamber_A,poultry,chicken,Warmup,1434,0.179,8736,1.092,437,0.055,30.82,93374.0,64.72,216800.0,none
2026-07-28T20:06:39,1621.03,S010_Anish_chickenreal1,house_A,spoil_free_pcb_v1,pcb_A,chamber_A,poultry,chicken,Warmup,1440,0.18,8736,1.092,438,0.055,30.82,93374.0,64.75,216200.0,none
2026-07-28T20:06:41,1623.02,S010_Anish_chickenreal1,house_A,spoil_free_pcb_v1,pcb_A,chamber_A,poultry,chicken,Warmup,1446,0.181,8736,1.092,439,0.055,30.82,93374.0,64.75,215400.0,none
2026-07-28T20:06:43,1625.02,S010_Anish_chickenreal1,house_A,spoil_free_pcb_v1,pcb_A,chamber_A,poultry,chicken,Warmup,1452,0.182,8737,1.092,439,0.055,30.82,93374.0,64.76,216500.0,none
2026-07-28T20:06:45,1627.01,S010_Anish_chickenreal1,house_A,spoil_free_pcb_v1,pcb_A,chamber_A,poultry,chicken,Warmup,1455,0.182,8737,1.092,439,0.055,30.82,93376.0,64.76,215500.0,none
2026-07-28T20:06:47,1629.02,S010_Anish_chickenreal1,house_A,spoil_free_pcb_v1,pcb_A,chamber_A,poultry,chicken,Warmup,1456,0.182,8739,1.092,439,0.055,30.82,93376.0,64.77,215800.0,none
2026-07-28T20:06:49,1631.02,S010_Anish_chickenreal1,house_A,spoil_free_pcb_v1,pcb_A,chamber_A,poultry,chicken,Warmup,1454,0.182,8740,1.093,438,0.055,30.82,93376.0,64.79,216600.0,none
2026-07-28T20:06:51,1633.01,S010_Anish_chickenreal1,house_A,spoil_free_pcb_v1,pcb_A,chamber_A,poultry,chicken,Warmup,1452,0.182,8742,1.093,440,0.055,30.82,93376.0,64.79,215900.0,none
2026-07-28T20:06:53,1635.01,S010_Anish_chickenreal1,house_A,spoil_free_pcb_v1,pcb_A,chamber_A,poultry,chicken,Warmup,1443,0.18,8742,1.093,439,0.055,30.82,93376.0,64.76,215500.0,none
2026-07-28T20:06:55,1637.02,S010_Anish_chickenreal1,house_A,spoil_free_pcb_v1,pcb_A,chamber_A,poultry,chicken,Warmup,1442,0.18,8742,1.093,439,0.055,30.82,93378.0,64.76,216200.0,none
2026-07-28T20:06:57,1639.02,S010_Anish_chickenreal1,house_A,spoil_free_pcb_v1,pcb_A,chamber_A,poultry,chicken,Warmup,1445,0.181,8742,1.093,439,0.055,30.82,93378.0,64.76,214700.0,none
2026-07-28T20:06:59,1641.02,S010_Anish_chickenreal1,house_A,spoil_free_pcb_v1,pcb_A,chamber_A,poultry,chicken,Warmup,1413,0.177,8742,1.093,439,0.055,30.82,93380.0,64.74,215500.0,none
2026-07-28T20:07:01,1643.01,S010_Anish_chickenreal1,house_A,spoil_free_pcb_v1,pcb_A,chamber_A,poultry,chicken,Warmup,1398,0.175,8742,1.093,440,0.055,30.82,93380.0,64.76,214900.0,none
2026-07-28T20:07:03,1645.02,S010_Anish_chickenreal1,house_A,spoil_free_pcb_v1,pcb_A,chamber_A,poultry,chicken,Warmup,1382,0.173,8743,1.093,439,0.055,30.82,93380.0,64.72,215100.0,none
2026-07-28T20:07:05,1647.02,S010_Anish_chickenreal1,house_A,spoil_free_pcb_v1,pcb_A,chamber_A,poultry,chicken,Warmup,1389,0.174,8743,1.093,439,0.055,30.82,93382.0,64.72,215300.0,none
2026-07-28T20:07:07,1649.01,S010_Anish_chickenreal1,house_A,spoil_free_pcb_v1,pcb_A,chamber_A,poultry,chicken,Warmup,1396,0.175,8745,1.093,438,0.055,30.82,93382.0,64.74,214700.0,none
2026-07-28T20:07:09,1651.02,S010_Anish_chickenreal1,house_A,spoil_free_pcb_v1,pcb_A,chamber_A,poultry,chicken,Warmup,1408,0.176,8745,1.093,439,0.055,30.82,93382.0,64.73,215500.0,none
2026-07-28T20:07:11,1653.02,S010_Anish_chickenreal1,house_A,spoil_free_pcb_v1,pcb_A,chamber_A,poultry,chicken,Warmup,1425,0.178,8746,1.093,439,0.055,30.82,93380.0,64.77,214600.0,none
2026-07-28T20:07:13,1655.02,S010_Anish_chickenreal1,house_A,spoil_free_pcb_v1,pcb_A,chamber_A,poultry,chicken,Warmup,1453,0.182,8746,1.093,439,0.055,30.82,93380.0,64.81,215300.0,none
2026-07-28T20:07:15,1657.02,S010_Anish_chickenreal1,house_A,spoil_free_pcb_v1,pcb_A,chamber_A,poultry,chicken,Warmup,1482,0.185,8748,1.094,439,0.055,30.82,93380.0,64.87,215400.0,none
2026-07-28T20:07:17,1659.01,S010_Anish_chickenreal1,house_A,spoil_free_pcb_v1,pcb_A,chamber_A,poultry,chicken,Warmup,1487,0.186,8749,1.094,439,0.055,30.82,93380.0,64.91,214200.0,none
2026-07-28T20:07:19,1661.01,S010_Anish_chickenreal1,house_A,spoil_free_pcb_v1,pcb_A,chamber_A,poultry,chicken,Warmup,1481,0.185,8751,1.094,440,0.055,30.82,93380.0,64.95,214600.0,none
2026-07-28T20:07:21,1663.02,S010_Anish_chickenreal1,house_A,spoil_free_pcb_v1,pcb_A,chamber_A,poultry,chicken,Warmup,1470,0.184,8753,1.094,439,0.055,30.82,93380.0,64.95,214000.0,none
2026-07-28T20:07:23,1665.02,S010_Anish_chickenreal1,house_A,spoil_free_pcb_v1,pcb_A,chamber_A,poultry,chicken,Warmup,1464,0.183,8753,1.094,439,0.055,30.82,93378.0,64.95,213200.0,none
2026-07-28T20:07:25,1667.01,S010_Anish_chickenreal1,house_A,spoil_free_pcb_v1,pcb_A,chamber_A,poultry,chicken,Warmup,1444,0.181,8756,1.095,440,0.055,30.82,93378.0,64.91,214000.0,none
2026-07-28T20:07:27,1669.02,S010_Anish_chickenreal1,house_A,spoil_free_pcb_v1,pcb_A,chamber_A,poultry,chicken,Warmup,1417,0.177,8760,1.095,439,0.055,30.82,93380.0,64.88,213100.0,none
2026-07-28T20:07:29,1671.01,S010_Anish_chickenreal1,house_A,spoil_free_pcb_v1,pcb_A,chamber_A,poultry,chicken,Warmup,1395,0.174,8759,1.095,439,0.055,30.82,93380.0,64.86,213200.0,none
2026-07-28T20:07:31,1673.02,S010_Anish_chickenreal1,house_A,spoil_free_pcb_v1,pcb_A,chamber_A,poultry,chicken,Warmup,1386,0.173,8757,1.095,439,0.055,30.82,93380.0,64.84,212600.0,none
2026-07-28T20:07:33,1675.02,S010_Anish_chickenreal1,house_A,spoil_free_pcb_v1,pcb_A,chamber_A,poultry,chicken,Warmup,1397,0.175,8758,1.095,439,0.055,30.82,93380.0,64.84,213600.0,none
2026-07-28T20:07:35,1677.01,S010_Anish_chickenreal1,house_A,spoil_free_pcb_v1,pcb_A,chamber_A,poultry,chicken,Warmup,1403,0.175,8759,1.095,440,0.055,30.82,93380.0,64.85,212700.0,none
2026-07-28T20:07:37,1679.02,S010_Anish_chickenreal1,house_A,spoil_free_pcb_v1,pcb_A,chamber_A,poultry,chicken,Warmup,1413,0.177,8759,1.095,440,0.055,30.82,93380.0,64.86,213800.0,none
2026-07-28T20:07:39,1681.02,S010_Anish_chickenreal1,house_A,spoil_free_pcb_v1,pcb_A,chamber_A,poultry,chicken,Warmup,1436,0.18,8760,1.095,439,0.055,30.82,93380.0,64.88,213600.0,none
2026-07-28T20:07:41,1683.01,S010_Anish_chickenreal1,house_A,spoil_free_pcb_v1,pcb_A,chamber_A,poultry,chicken,Warmup,1460,0.183,8760,1.095,439,0.055,30.82,93382.0,64.88,212400.0,none
2026-07-28T20:07:43,1685.01,S010_Anish_chickenreal1,house_A,spoil_free_pcb_v1,pcb_A,chamber_A,poultry,chicken,Warmup,1482,0.185,8758,1.095,440,0.055,30.82,93380.0,64.9,213400.0,none
2026-07-28T20:07:45,1687.01,S010_Anish_chickenreal1,house_A,spoil_free_pcb_v1,pcb_A,chamber_A,poultry,chicken,Warmup,1483,0.185,8759,1.095,440,0.055,30.82,93382.0,64.91,213100.0,none
2026-07-28T20:07:47,1689.01,S010_Anish_chickenreal1,house_A,spoil_free_pcb_v1,pcb_A,chamber_A,poultry,chicken,Warmup,1475,0.184,8759,1.095,439,0.055,30.82,93382.0,64.92,211900.0,none
2026-07-28T20:07:49,1691.02,S010_Anish_chickenreal1,house_A,spoil_free_pcb_v1,pcb_A,chamber_A,poultry,chicken,Warmup,1464,0.183,8761,1.095,439,0.055,30.82,93382.0,64.94,213600.0,none
2026-07-28T20:07:51,1693.01,S010_Anish_chickenreal1,house_A,spoil_free_pcb_v1,pcb_A,chamber_A,poultry,chicken,Warmup,1446,0.181,8761,1.095,440,0.055,30.82,93382.0,64.93,213000.0,none
2026-07-28T20:07:53,1695.01,S010_Anish_chickenreal1,house_A,spoil_free_pcb_v1,pcb_A,chamber_A,poultry,chicken,Warmup,1423,0.178,8761,1.095,440,0.055,30.82,93384.0,64.91,213500.0,none
2026-07-28T20:07:55,1697.01,S010_Anish_chickenreal1,house_A,spoil_free_pcb_v1,pcb_A,chamber_A,poultry,chicken,Warmup,1400,0.175,8762,1.095,441,0.055,30.83,93384.0,64.9,215400.0,none
2026-07-28T20:07:57,1699.01,S010_Anish_chickenreal1,house_A,spoil_free_pcb_v1,pcb_A,chamber_A,poultry,chicken,Warmup,1404,0.176,8762,1.095,440,0.055,30.83,93384.0,64.89,212700.0,none
2026-07-28T20:07:59,1701.01,S010_Anish_chickenreal1,house_A,spoil_free_pcb_v1,pcb_A,chamber_A,poultry,chicken,Warmup,1412,0.177,8763,1.095,439,0.055,30.83,93386.0,64.88,212300.0,none
2026-07-28T20:08:01,1703.02,S010_Anish_chickenreal1,house_A,spoil_free_pcb_v1,pcb_A,chamber_A,poultry,chicken,Warmup,1425,0.178,8763,1.095,440,0.055,30.83,93384.0,64.87,212200.0,none
2026-07-28T20:08:03,1705.02,S010_Anish_chickenreal1,house_A,spoil_free_pcb_v1,pcb_A,chamber_A,poultry,chicken,Warmup,1452,0.182,8761,1.095,441,0.055,30.83,93384.0,64.89,211700.0,none
2026-07-28T20:08:05,1707.02,S010_Anish_chickenreal1,house_A,spoil_free_pcb_v1,pcb_A,chamber_A,poultry,chicken,Warmup,1481,0.185,8763,1.095,440,0.055,30.83,93384.0,64.89,212400.0,none
2026-07-28T20:08:07,1709.02,S010_Anish_chickenreal1,house_A,spoil_free_pcb_v1,pcb_A,chamber_A,poultry,chicken,Warmup,1484,0.186,8763,1.095,440,0.055,30.83,93384.0,64.89,211900.0,none
2026-07-28T20:08:09,1711.01,S010_Anish_chickenreal1,house_A,spoil_free_pcb_v1,pcb_A,chamber_A,poultry,chicken,Warmup,1475,0.184,8763,1.095,441,0.055,30.83,93384.0,64.92,211500.0,none
2026-07-28T20:08:11,1713.02,S010_Anish_chickenreal1,house_A,spoil_free_pcb_v1,pcb_A,chamber_A,poultry,chicken,Warmup,1467,0.183,8763,1.095,440,0.055,30.83,93384.0,64.97,212000.0,none
2026-07-28T20:08:13,1715.01,S010_Anish_chickenreal1,house_A,spoil_free_pcb_v1,pcb_A,chamber_A,poultry,chicken,Warmup,1452,0.182,8763,1.095,441,0.055,30.83,93384.0,65.0,211100.0,none
2026-07-28T20:08:15,1717.02,S010_Anish_chickenreal1,house_A,spoil_free_pcb_v1,pcb_A,chamber_A,poultry,chicken,Warmup,1422,0.178,8763,1.095,440,0.055,30.83,93384.0,65.02,212000.0,none
2026-07-28T20:08:17,1719.02,S010_Anish_chickenreal1,house_A,spoil_free_pcb_v1,pcb_A,chamber_A,poultry,chicken,Warmup,1405,0.176,8762,1.095,440,0.055,30.83,93384.0,65.02,212300.0,none
2026-07-28T20:08:19,1721.02,S010_Anish_chickenreal1,house_A,spoil_free_pcb_v1,pcb_A,chamber_A,poultry,chicken,Warmup,1404,0.176,8764,1.096,441,0.055,30.83,93384.0,65.01,211800.0,none
2026-07-28T20:08:21,1723.01,S010_Anish_chickenreal1,house_A,spoil_free_pcb_v1,pcb_A,chamber_A,poultry,chicken,Warmup,1413,0.177,8764,1.096,440,0.055,30.83,93382.0,64.99,211400.0,none
2026-07-28T20:08:23,1725.01,S010_Anish_chickenreal1,house_A,spoil_free_pcb_v1,pcb_A,chamber_A,poultry,chicken,Warmup,1422,0.178,8765,1.096,440,0.055,30.83,93382.0,65.0,211100.0,none
2026-07-28T20:08:25,1727.01,S010_Anish_chickenreal1,house_A,spoil_free_pcb_v1,pcb_A,chamber_A,poultry,chicken,Warmup,1436,0.18,8765,1.096,441,0.055,30.83,93382.0,65.05,210900.0,none
2026-07-28T20:08:27,1729.02,S010_Anish_chickenreal1,house_A,spoil_free_pcb_v1,pcb_A,chamber_A,poultry,chicken,Warmup,1456,0.182,8765,1.096,441,0.055,30.82,93384.0,65.1,210000.0,none
2026-07-28T20:08:29,1731.02,S010_Anish_chickenreal1,house_A,spoil_free_pcb_v1,pcb_A,chamber_A,poultry,chicken,Warmup,1485,0.186,8764,1.096,441,0.055,30.82,93382.0,65.13,210300.0,none
2026-07-28T20:08:31,1733.02,S010_Anish_chickenreal1,house_A,spoil_free_pcb_v1,pcb_A,chamber_A,poultry,chicken,Warmup,1500,0.188,8764,1.096,442,0.055,30.82,93382.0,65.14,211000.0,none
2026-07-28T20:08:33,1735.02,S010_Anish_chickenreal1,house_A,spoil_free_pcb_v1,pcb_A,chamber_A,poultry,chicken,Warmup,1494,0.187,8766,1.096,442,0.055,30.82,93382.0,65.13,210500.0,none
2026-07-28T20:08:35,1737.01,S010_Anish_chickenreal1,house_A,spoil_free_pcb_v1,pcb_A,chamber_A,poultry,chicken,Warmup,1483,0.185,8765,1.096,441,0.055,30.82,93382.0,65.13,211400.0,none
2026-07-28T20:08:37,1739.02,S010_Anish_chickenreal1,house_A,spoil_free_pcb_v1,pcb_A,chamber_A,poultry,chicken,Warmup,1475,0.184,8764,1.096,442,0.055,30.82,93382.0,65.11,209600.0,none
2026-07-28T20:08:39,1741.01,S010_Anish_chickenreal1,house_A,spoil_free_pcb_v1,pcb_A,chamber_A,poultry,chicken,Warmup,1446,0.181,8765,1.096,441,0.055,30.82,93382.0,65.08,210600.0,none
2026-07-28T20:08:41,1743.02,S010_Anish_chickenreal1,house_A,spoil_free_pcb_v1,pcb_A,chamber_A,poultry,chicken,Warmup,1416,0.177,8766,1.096,441,0.055,30.82,93382.0,65.1,209800.0,none
2026-07-28T20:08:43,1745.01,S010_Anish_chickenreal1,house_A,spoil_free_pcb_v1,pcb_A,chamber_A,poultry,chicken,Warmup,1404,0.176,8766,1.096,440,0.055,30.82,93382.0,65.06,209800.0,none
2026-07-28T20:08:45,1747.01,S010_Anish_chickenreal1,house_A,spoil_free_pcb_v1,pcb_A,chamber_A,poultry,chicken,Warmup,1414,0.177,8769,1.096,440,0.055,30.83,93382.0,65.06,210500.0,none
2026-07-28T20:08:47,1749.01,S010_Anish_chickenreal1,house_A,spoil_free_pcb_v1,pcb_A,chamber_A,poultry,chicken,Warmup,1426,0.178,8768,1.096,441,0.055,30.83,93382.0,65.06,209600.0,none
2026-07-28T20:08:49,1751.02,S010_Anish_chickenreal1,house_A,spoil_free_pcb_v1,pcb_A,chamber_A,poultry,chicken,Warmup,1448,0.181,8770,1.096,441,0.055,30.83,93384.0,65.05,209300.0,none
2026-07-28T20:08:51,1753.02,S010_Anish_chickenreal1,house_A,spoil_free_pcb_v1,pcb_A,chamber_A,poultry,chicken,Warmup,1468,0.184,8771,1.096,442,0.055,30.83,93384.0,65.06,210300.0,none
2026-07-28T20:08:53,1755.02,S010_Anish_chickenreal1,house_A,spoil_free_pcb_v1,pcb_A,chamber_A,poultry,chicken,Warmup,1476,0.185,8771,1.096,441,0.055,30.83,93384.0,65.07,208300.0,none
2026-07-28T20:08:55,1757.02,S010_Anish_chickenreal1,house_A,spoil_free_pcb_v1,pcb_A,chamber_A,poultry,chicken,Warmup,1474,0.184,8770,1.096,442,0.055,30.83,93384.0,65.07,209800.0,none
2026-07-28T20:08:57,1759.01,S010_Anish_chickenreal1,house_A,spoil_free_pcb_v1,pcb_A,chamber_A,poultry,chicken,Warmup,1469,0.184,8772,1.097,442,0.055,30.83,93384.0,65.07,208900.0,none
2026-07-28T20:08:59,1761.01,S010_Anish_chickenreal1,house_A,spoil_free_pcb_v1,pcb_A,chamber_A,poultry,chicken,Warmup,1466,0.183,8772,1.097,442,0.055,30.83,93384.0,65.08,209100.0,none
2026-07-28T20:09:01,1763.02,S010_Anish_chickenreal1,house_A,spoil_free_pcb_v1,pcb_A,chamber_A,poultry,chicken,Warmup,1455,0.182,8772,1.097,441,0.055,30.82,93384.0,65.1,211000.0,none
2026-07-28T20:09:03,1765.01,S010_Anish_chickenreal1,house_A,spoil_free_pcb_v1,pcb_A,chamber_A,poultry,chicken,Warmup,1437,0.18,8771,1.096,441,0.055,30.82,93384.0,65.1,209700.0,none
2026-07-28T20:09:05,1767.01,S010_Anish_chickenreal1,house_A,spoil_free_pcb_v1,pcb_A,chamber_A,poultry,chicken,Warmup,1432,0.179,8771,1.096,442,0.055,30.83,93386.0,65.12,208900.0,none
2026-07-28T20:09:07,1769.01,S010_Anish_chickenreal1,house_A,spoil_free_pcb_v1,pcb_A,chamber_A,poultry,chicken,Warmup,1433,0.179,8773,1.097,442,0.055,30.83,93386.0,65.14,209200.0,none
2026-07-28T20:09:09,1771.02,S010_Anish_chickenreal1,house_A,spoil_free_pcb_v1,pcb_A,chamber_A,poultry,chicken,Warmup,1437,0.18,8775,1.097,442,0.055,30.83,93386.0,65.14,208900.0,none
2026-07-28T20:09:11,1773.01,S010_Anish_chickenreal1,house_A,spoil_free_pcb_v1,pcb_A,chamber_A,poultry,chicken,Warmup,1442,0.18,8776,1.097,442,0.055,30.83,93386.0,65.16,208200.0,none
2026-07-28T20:09:13,1775.02,S010_Anish_chickenreal1,house_A,spoil_free_pcb_v1,pcb_A,chamber_A,poultry,chicken,Warmup,1454,0.182,8778,1.097,442,0.055,30.83,93386.0,65.14,208800.0,none
2026-07-28T20:09:15,1777.01,S010_Anish_chickenreal1,house_A,spoil_free_pcb_v1,pcb_A,chamber_A,poultry,chicken,Warmup,1469,0.184,8777,1.097,441,0.055,30.82,93386.0,65.13,208400.0,none
2026-07-28T20:09:17,1779.01,S010_Anish_chickenreal1,house_A,spoil_free_pcb_v1,pcb_A,chamber_A,poultry,chicken,Warmup,1481,0.185,8778,1.097,443,0.055,30.82,93386.0,65.16,207800.0,none
2026-07-28T20:09:19,1781.01,S010_Anish_chickenreal1,house_A,spoil_free_pcb_v1,pcb_A,chamber_A,poultry,chicken,Warmup,1483,0.185,8779,1.097,442,0.055,30.82,93386.0,65.15,209100.0,none
2026-07-28T20:09:21,1783.02,S010_Anish_chickenreal1,house_A,spoil_free_pcb_v1,pcb_A,chamber_A,poultry,chicken,Warmup,1476,0.185,8778,1.097,442,0.055,30.82,93386.0,65.18,206900.0,none
2026-07-28T20:09:23,1785.02,S010_Anish_chickenreal1,house_A,spoil_free_pcb_v1,pcb_A,chamber_A,poultry,chicken,Warmup,1473,0.184,8778,1.097,442,0.055,30.82,93386.0,65.19,208700.0,none
2026-07-28T20:09:25,1787.01,S010_Anish_chickenreal1,house_A,spoil_free_pcb_v1,pcb_A,chamber_A,poultry,chicken,Warmup,1465,0.183,8779,1.097,442,0.055,30.82,93386.0,65.18,208000.0,none
2026-07-28T20:09:27,1789.02,S010_Anish_chickenreal1,house_A,spoil_free_pcb_v1,pcb_A,chamber_A,poultry,chicken,Warmup,1448,0.181,8778,1.097,442,0.055,30.82,93384.0,65.21,208400.0,none
2026-07-28T20:09:29,1791.01,S010_Anish_chickenreal1,house_A,spoil_free_pcb_v1,pcb_A,chamber_A,poultry,chicken,Warmup,1449,0.181,8779,1.097,443,0.055,30.82,93384.0,65.19,208800.0,none
2026-07-28T20:09:31,1793.01,S010_Anish_chickenreal1,house_A,spoil_free_pcb_v1,pcb_A,chamber_A,poultry,chicken,Warmup,1451,0.181,8780,1.098,443,0.055,30.82,93384.0,65.21,208300.0,none
2026-07-28T20:09:33,1795.01,S010_Anish_chickenreal1,house_A,spoil_free_pcb_v1,pcb_A,chamber_A,poultry,chicken,Warmup,1456,0.182,8782,1.098,442,0.055,30.82,93384.0,65.24,208200.0,none
2026-07-28T20:09:35,1797.01,S010_Anish_chickenreal1,house_A,spoil_free_pcb_v1,pcb_A,chamber_A,poultry,chicken,Warmup,1458,0.182,8782,1.098,443,0.055,30.82,93384.0,65.28,207200.0,none
2026-07-28T20:09:37,1799.01,S010_Anish_chickenreal1,house_A,spoil_free_pcb_v1,pcb_A,chamber_A,poultry,chicken,Warmup,1464,0.183,8782,1.098,442,0.055,30.82,93384.0,65.29,207300.0,none
2026-07-28T20:09:41,1802.98,S010_Anish_chickenreal1,house_A,spoil_free_pcb_v1,pcb_A,chamber_A,poultry,chicken,Baseline,1467,0.183,8783,1.098,443,0.055,30.83,93384.0,65.31,207200.0,img_000002_20260728_200940.jpg
2026-07-28T20:09:43,1805.55,S010_Anish_chickenreal1,house_A,spoil_free_pcb_v1,pcb_A,chamber_A,poultry,chicken,Baseline,1485,0.186,8786,1.098,444,0.056,30.83,93384.0,65.27,207900.0,none
2026-07-28T20:09:45,1807.01,S010_Anish_chickenreal1,house_A,spoil_free_pcb_v1,pcb_A,chamber_A,poultry,chicken,Baseline,1466,0.183,8786,1.098,443,0.055,30.83,93384.0,65.27,207700.0,none
2026-07-28T20:09:47,1809.02,S010_Anish_chickenreal1,house_A,spoil_free_pcb_v1,pcb_A,chamber_A,poultry,chicken,Baseline,1469,0.184,8785,1.098,444,0.056,30.83,93384.0,65.26,207300.0,none
2026-07-28T20:09:49,1811.01,S010_Anish_chickenreal1,house_A,spoil_free_pcb_v1,pcb_A,chamber_A,poultry,chicken,Baseline,1458,0.182,8786,1.098,443,0.055,30.83,93384.0,65.24,206900.0,none
2026-07-28T20:09:51,1813.01,S010_Anish_chickenreal1,house_A,spoil_free_pcb_v1,pcb_A,chamber_A,poultry,chicken,Baseline,1454,0.182,8786,1.098,444,0.056,30.83,93384.0,65.23,207300.0,none
2026-07-28T20:09:53,1815.01,S010_Anish_chickenreal1,house_A,spoil_free_pcb_v1,pcb_A,chamber_A,poultry,chicken,Baseline,1452,0.182,8788,1.099,443,0.055,30.83,93384.0,65.23,208300.0,none
2026-07-28T20:09:55,1817.02,S010_Anish_chickenreal1,house_A,spoil_free_pcb_v1,pcb_A,chamber_A,poultry,chicken,Baseline,1458,0.182,8787,1.098,443,0.055,30.83,93384.0,65.21,206200.0,none
2026-07-28T20:09:57,1819.02,S010_Anish_chickenreal1,house_A,spoil_free_pcb_v1,pcb_A,chamber_A,poultry,chicken,Baseline,1460,0.183,8787,1.098,443,0.055,30.83,93386.0,65.24,206300.0,none
2026-07-28T20:09:59,1821.02,S010_Anish_chickenreal1,house_A,spoil_free_pcb_v1,pcb_A,chamber_A,poultry,chicken,Baseline,1468,0.184,8789,1.099,444,0.056,30.83,93388.0,65.25,207300.0,none
2026-07-28T20:10:01,1823.01,S010_Anish_chickenreal1,house_A,spoil_free_pcb_v1,pcb_A,chamber_A,poultry,chicken,Baseline,1480,0.185,8786,1.098,443,0.055,30.83,93388.0,65.26,207200.0,none
2026-07-28T20:10:03,1825.02,S010_Anish_chickenreal1,house_A,spoil_free_pcb_v1,pcb_A,chamber_A,poultry,chicken,Baseline,1486,0.186,8789,1.099,444,0.056,30.83,93386.0,65.3,207200.0,none
2026-07-28T20:10:05,1827.01,S010_Anish_chickenreal1,house_A,spoil_free_pcb_v1,pcb_A,chamber_A,poultry,chicken,Baseline,1479,0.185,8789,1.099,444,0.056,30.83,93386.0,65.3,207000.0,none
2026-07-28T20:10:07,1829.01,S010_Anish_chickenreal1,house_A,spoil_free_pcb_v1,pcb_A,chamber_A,poultry,chicken,Baseline,1473,0.184,8791,1.099,443,0.055,30.83,93386.0,65.28,206900.0,none
2026-07-28T20:10:09,1831.01,S010_Anish_chickenreal1,house_A,spoil_free_pcb_v1,pcb_A,chamber_A,poultry,chicken,Baseline,1463,0.183,8790,1.099,443,0.055,30.83,93386.0,65.29,206800.0,none
2026-07-28T20:10:11,1833.02,S010_Anish_chickenreal1,house_A,spoil_free_pcb_v1,pcb_A,chamber_A,poultry,chicken,Baseline,1454,0.182,8790,1.099,443,0.055,30.83,93386.0,65.31,207000.0,none
2026-07-28T20:10:13,1835.01,S010_Anish_chickenreal1,house_A,spoil_free_pcb_v1,pcb_A,chamber_A,poultry,chicken,Baseline,1450,0.181,8793,1.099,444,0.056,30.83,93386.0,65.32,206300.0,none
2026-07-28T20:10:15,1837.01,S010_Anish_chickenreal1,house_A,spoil_free_pcb_v1,pcb_A,chamber_A,poultry,chicken,Baseline,1456,0.182,8793,1.099,443,0.055,30.83,93388.0,65.32,206400.0,none
2026-07-28T20:10:17,1839.01,S010_Anish_chickenreal1,house_A,spoil_free_pcb_v1,pcb_A,chamber_A,poultry,chicken,Baseline,1465,0.183,8793,1.099,444,0.056,30.83,93388.0,65.37,205200.0,none
2026-07-28T20:10:19,1841.01,S010_Anish_chickenreal1,house_A,spoil_free_pcb_v1,pcb_A,chamber_A,poultry,chicken,Baseline,1472,0.184,8797,1.1,445,0.056,30.83,93392.0,65.37,204500.0,none
2026-07-28T20:10:21,1843.02,S010_Anish_chickenreal1,house_A,spoil_free_pcb_v1,pcb_A,chamber_A,poultry,chicken,Baseline,1484,0.186,8799,1.1,444,0.056,30.83,93390.0,65.38,206300.0,none
2026-07-28T20:10:23,1845.02,S010_Anish_chickenreal1,house_A,spoil_free_pcb_v1,pcb_A,chamber_A,poultry,chicken,Baseline,1493,0.187,8802,1.1,444,0.056,30.83,93390.0,65.39,204900.0,none
2026-07-28T20:10:25,1847.01,S010_Anish_chickenreal1,house_A,spoil_free_pcb_v1,pcb_A,chamber_A,poultry,chicken,Baseline,1496,0.187,8803,1.1,444,0.056,30.83,93390.0,65.41,204500.0,none
2026-07-28T20:10:27,1849.01,S010_Anish_chickenreal1,house_A,spoil_free_pcb_v1,pcb_A,chamber_A,poultry,chicken,Baseline,1495,0.187,8804,1.101,444,0.056,30.83,93390.0,65.44,204400.0,none
2026-07-28T20:10:29,1851.02,S010_Anish_chickenreal1,house_A,spoil_free_pcb_v1,pcb_A,chamber_A,poultry,chicken,Baseline,1495,0.187,8805,1.101,444,0.056,30.83,93390.0,65.49,205300.0,none
2026-07-28T20:10:31,1853.02,S010_Anish_chickenreal1,house_A,spoil_free_pcb_v1,pcb_A,chamber_A,poultry,chicken,Baseline,1491,0.186,8807,1.101,444,0.056,30.83,93388.0,65.51,205200.0,none
2026-07-28T20:10:33,1855.02,S010_Anish_chickenreal1,house_A,spoil_free_pcb_v1,pcb_A,chamber_A,poultry,chicken,Baseline,1485,0.186,8808,1.101,444,0.056,30.83,93388.0,65.54,205300.0,none
2026-07-28T20:10:35,1857.02,S010_Anish_chickenreal1,house_A,spoil_free_pcb_v1,pcb_A,chamber_A,poultry,chicken,Baseline,1478,0.185,8810,1.101,444,0.056,30.84,93390.0,65.53,204900.0,none
2026-07-28T20:10:37,1859.01,S010_Anish_chickenreal1,house_A,spoil_free_pcb_v1,pcb_A,chamber_A,poultry,chicken,Baseline,1467,0.183,8810,1.101,444,0.056,30.84,93390.0,65.52,204500.0,none
2026-07-28T20:10:39,1861.01,S010_Anish_chickenreal1,house_A,spoil_free_pcb_v1,pcb_A,chamber_A,poultry,chicken,Baseline,1458,0.182,8812,1.102,444,0.056,30.84,93390.0,65.49,204300.0,none
2026-07-28T20:10:41,1863.01,S010_Anish_chickenreal1,house_A,spoil_free_pcb_v1,pcb_A,chamber_A,poultry,chicken,Baseline,1459,0.182,8814,1.102,444,0.056,30.83,93390.0,65.47,205200.0,none
2026-07-28T20:10:43,1865.02,S010_Anish_chickenreal1,house_A,spoil_free_pcb_v1,pcb_A,chamber_A,poultry,chicken,Baseline,1464,0.183,8814,1.102,445,0.056,30.84,93390.0,65.46,206700.0,none
2026-07-28T20:10:45,1867.01,S010_Anish_chickenreal1,house_A,spoil_free_pcb_v1,pcb_A,chamber_A,poultry,chicken,Baseline,1469,0.184,8817,1.102,445,0.056,30.84,93390.0,65.47,204500.0,none
2026-07-28T20:10:47,1869.02,S010_Anish_chickenreal1,house_A,spoil_free_pcb_v1,pcb_A,chamber_A,poultry,chicken,Baseline,1474,0.184,8816,1.102,444,0.056,30.84,93390.0,65.48,204700.0,none
2026-07-28T20:10:49,1871.01,S010_Anish_chickenreal1,house_A,spoil_free_pcb_v1,pcb_A,chamber_A,poultry,chicken,Baseline,1486,0.186,8816,1.102,445,0.056,30.84,93390.0,65.47,204700.0,none
2026-07-28T20:10:51,1873.01,S010_Anish_chickenreal1,house_A,spoil_free_pcb_v1,pcb_A,chamber_A,poultry,chicken,Baseline,1497,0.187,8818,1.102,446,0.056,30.84,93390.0,65.45,203900.0,none
2026-07-28T20:10:53,1875.02,S010_Anish_chickenreal1,house_A,spoil_free_pcb_v1,pcb_A,chamber_A,poultry,chicken,Baseline,1503,0.188,8819,1.102,445,0.056,30.84,93390.0,65.47,204800.0,none
2026-07-28T20:10:55,1877.01,S010_Anish_chickenreal1,house_A,spoil_free_pcb_v1,pcb_A,chamber_A,poultry,chicken,Baseline,1498,0.187,8818,1.102,446,0.056,30.84,93390.0,65.48,204500.0,none
2026-07-28T20:10:57,1879.02,S010_Anish_chickenreal1,house_A,spoil_free_pcb_v1,pcb_A,chamber_A,poultry,chicken,Baseline,1493,0.187,8820,1.103,445,0.056,30.84,93390.0,65.48,205200.0,none
2026-07-28T20:10:59,1881.01,S010_Anish_chickenreal1,house_A,spoil_free_pcb_v1,pcb_A,chamber_A,poultry,chicken,Baseline,1492,0.187,8820,1.103,445,0.056,30.84,93390.0,65.49,203900.0,none
2026-07-28T20:11:01,1883.01,S010_Anish_chickenreal1,house_A,spoil_free_pcb_v1,pcb_A,chamber_A,poultry,chicken,Baseline,1485,0.186,8820,1.103,446,0.056,30.84,93390.0,65.49,203400.0,none
2026-07-28T20:11:03,1885.01,S010_Anish_chickenreal1,house_A,spoil_free_pcb_v1,pcb_A,chamber_A,poultry,chicken,Baseline,1473,0.184,8821,1.103,445,0.056,30.83,93390.0,65.5,203200.0,none
2026-07-28T20:11:05,1887.01,S010_Anish_chickenreal1,house_A,spoil_free_pcb_v1,pcb_A,chamber_A,poultry,chicken,Baseline,1464,0.183,8822,1.103,445,0.056,30.83,93390.0,65.51,202100.0,none
2026-07-28T20:11:07,1889.02,S010_Anish_chickenreal1,house_A,spoil_free_pcb_v1,pcb_A,chamber_A,poultry,chicken,Baseline,1457,0.182,8823,1.103,445,0.056,30.83,93390.0,65.53,200300.0,none
2026-07-28T20:11:09,1891.01,S010_Anish_chickenreal1,house_A,spoil_free_pcb_v1,pcb_A,chamber_A,poultry,chicken,Baseline,1460,0.183,8825,1.103,446,0.056,30.83,93390.0,65.55,203900.0,none
2026-07-28T20:11:11,1893.02,S010_Anish_chickenreal1,house_A,spoil_free_pcb_v1,pcb_A,chamber_A,poultry,chicken,Baseline,1465,0.183,8827,1.103,445,0.056,30.83,93390.0,65.56,203900.0,none
2026-07-28T20:11:13,1895.02,S010_Anish_chickenreal1,house_A,spoil_free_pcb_v1,pcb_A,chamber_A,poultry,chicken,Baseline,1465,0.183,8828,1.104,445,0.056,30.83,93390.0,65.56,203700.0,none
2026-07-28T20:11:15,1897.01,S010_Anish_chickenreal1,house_A,spoil_free_pcb_v1,pcb_A,chamber_A,poultry,chicken,Baseline,1469,0.184,8828,1.104,445,0.056,30.83,93390.0,65.57,202000.0,none
2026-07-28T20:11:17,1899.02,S010_Anish_chickenreal1,house_A,spoil_free_pcb_v1,pcb_A,chamber_A,poultry,chicken,Baseline,1484,0.186,8831,1.104,446,0.056,30.83,93390.0,65.57,203000.0,none
2026-07-28T20:11:19,1901.01,S010_Anish_chickenreal1,house_A,spoil_free_pcb_v1,pcb_A,chamber_A,poultry,chicken,Baseline,1487,0.186,8831,1.104,446,0.056,30.83,93390.0,65.57,203100.0,none
2026-07-28T20:11:21,1903.01,S010_Anish_chickenreal1,house_A,spoil_free_pcb_v1,pcb_A,chamber_A,poultry,chicken,Baseline,1489,0.186,8832,1.104,446,0.056,30.84,93390.0,65.57,201300.0,none
2026-07-28T20:11:23,1905.01,S010_Anish_chickenreal1,house_A,spoil_free_pcb_v1,pcb_A,chamber_A,poultry,chicken,Baseline,1495,0.187,8834,1.104,446,0.056,30.84,93390.0,65.6,202500.0,none
2026-07-28T20:11:25,1907.02,S010_Anish_chickenreal1,house_A,spoil_free_pcb_v1,pcb_A,chamber_A,poultry,chicken,Baseline,1498,0.187,8836,1.105,446,0.056,30.84,93388.0,65.6,203100.0,none
2026-07-28T20:11:27,1909.01,S010_Anish_chickenreal1,house_A,spoil_free_pcb_v1,pcb_A,chamber_A,poultry,chicken,Baseline,1503,0.188,8836,1.105,446,0.056,30.84,93390.0,65.6,202200.0,none
2026-07-28T20:11:29,1911.01,S010_Anish_chickenreal1,house_A,spoil_free_pcb_v1,pcb_A,chamber_A,poultry,chicken,Baseline,1510,0.189,8835,1.104,447,0.056,30.84,93390.0,65.58,203100.0,none
2026-07-28T20:11:31,1913.02,S010_Anish_chickenreal1,house_A,spoil_free_pcb_v1,pcb_A,chamber_A,poultry,chicken,Baseline,1512,0.189,8837,1.105,447,0.056,30.84,93390.0,65.57,202600.0,none
2026-07-28T20:11:33,1915.0,S010_Anish_chickenreal1,house_A,spoil_free_pcb_v1,pcb_A,chamber_A,poultry,chicken,Baseline,1510,0.189,8837,1.105,446,0.056,30.84,93390.0,65.56,201200.0,none
2026-07-28T20:11:35,1917.01,S010_Anish_chickenreal1,house_A,spoil_free_pcb_v1,pcb_A,chamber_A,poultry,chicken,Baseline,1497,0.187,8839,1.105,446,0.056,30.83,93390.0,65.56,201400.0,none
2026-07-28T20:11:37,1919.02,S010_Anish_chickenreal1,house_A,spoil_free_pcb_v1,pcb_A,chamber_A,poultry,chicken,Baseline,1493,0.187,8839,1.105,446,0.056,30.83,93390.0,65.56,202100.0,none
2026-07-28T20:11:39,1921.02,S010_Anish_chickenreal1,house_A,spoil_free_pcb_v1,pcb_A,chamber_A,poultry,chicken,Baseline,1489,0.186,8838,1.105,447,0.056,30.83,93390.0,65.58,202000.0,none
2026-07-28T20:11:41,1923.02,S010_Anish_chickenreal1,house_A,spoil_free_pcb_v1,pcb_A,chamber_A,poultry,chicken,Baseline,1488,0.186,8841,1.105,446,0.056,30.83,93390.0,65.58,202000.0,none
2026-07-28T20:11:43,1925.01,S010_Anish_chickenreal1,house_A,spoil_free_pcb_v1,pcb_A,chamber_A,poultry,chicken,Baseline,1486,0.186,8841,1.105,447,0.056,30.83,93390.0,65.61,201600.0,none
2026-07-28T20:11:45,1927.02,S010_Anish_chickenreal1,house_A,spoil_free_pcb_v1,pcb_A,chamber_A,poultry,chicken,Baseline,1481,0.185,8843,1.105,446,0.056,30.83,93390.0,65.61,202600.0,none
2026-07-28T20:11:47,1929.01,S010_Anish_chickenreal1,house_A,spoil_free_pcb_v1,pcb_A,chamber_A,poultry,chicken,Baseline,1478,0.185,8845,1.106,446,0.056,30.83,93390.0,65.62,202500.0,none
2026-07-28T20:11:49,1931.01,S010_Anish_chickenreal1,house_A,spoil_free_pcb_v1,pcb_A,chamber_A,poultry,chicken,Baseline,1476,0.185,8843,1.105,446,0.056,30.83,93390.0,65.61,201800.0,none
2026-07-28T20:11:51,1933.02,S010_Anish_chickenreal1,house_A,spoil_free_pcb_v1,pcb_A,chamber_A,poultry,chicken,Baseline,1478,0.185,8844,1.106,446,0.056,30.83,93390.0,65.61,200900.0,none
2026-07-28T20:11:53,1935.01,S010_Anish_chickenreal1,house_A,spoil_free_pcb_v1,pcb_A,chamber_A,poultry,chicken,Baseline,1478,0.185,8845,1.106,447,0.056,30.83,93388.0,65.62,201800.0,none
2026-07-28T20:11:55,1937.01,S010_Anish_chickenreal1,house_A,spoil_free_pcb_v1,pcb_A,chamber_A,poultry,chicken,Baseline,1478,0.185,8847,1.106,447,0.056,30.83,93388.0,65.61,202100.0,none
2026-07-28T20:11:57,1939.01,S010_Anish_chickenreal1,house_A,spoil_free_pcb_v1,pcb_A,chamber_A,poultry,chicken,Baseline,1475,0.184,8848,1.106,447,0.056,30.83,93388.0,65.63,200700.0,none
2026-07-28T20:11:59,1941.01,S010_Anish_chickenreal1,house_A,spoil_free_pcb_v1,pcb_A,chamber_A,poultry,chicken,Baseline,1487,0.186,8850,1.106,447,0.056,30.84,93388.0,65.62,200700.0,none
2026-07-28T20:12:01,1943.01,S010_Anish_chickenreal1,house_A,spoil_free_pcb_v1,pcb_A,chamber_A,poultry,chicken,Baseline,1485,0.186,8849,1.106,447,0.056,30.84,93388.0,65.62,202100.0,none
2026-07-28T20:12:03,1945.0,S010_Anish_chickenreal1,house_A,spoil_free_pcb_v1,pcb_A,chamber_A,poultry,chicken,Baseline,1492,0.187,8850,1.106,447,0.056,30.84,93388.0,65.63,201000.0,none
2026-07-28T20:12:05,1947.02,S010_Anish_chickenreal1,house_A,spoil_free_pcb_v1,pcb_A,chamber_A,poultry,chicken,Baseline,1500,0.188,8854,1.107,447,0.056,30.84,93386.0,65.62,200800.0,none
2026-07-28T20:12:07,1949.02,S010_Anish_chickenreal1,house_A,spoil_free_pcb_v1,pcb_A,chamber_A,poultry,chicken,Baseline,1508,0.189,8855,1.107,448,0.056,30.84,93386.0,65.64,200700.0,none
2026-07-28T20:12:09,1951.02,S010_Anish_chickenreal1,house_A,spoil_free_pcb_v1,pcb_A,chamber_A,poultry,chicken,Baseline,1508,0.189,8856,1.107,447,0.056,30.84,93386.0,65.67,200800.0,none
2026-07-28T20:12:11,1953.02,S010_Anish_chickenreal1,house_A,spoil_free_pcb_v1,pcb_A,chamber_A,poultry,chicken,Baseline,1504,0.188,8854,1.107,446,0.056,30.84,93386.0,65.69,201800.0,none
2026-07-28T20:12:13,1955.02,S010_Anish_chickenreal1,house_A,spoil_free_pcb_v1,pcb_A,chamber_A,poultry,chicken,Baseline,1500,0.188,8854,1.107,447,0.056,30.83,93386.0,65.71,200200.0,none
2026-07-28T20:12:15,1957.02,S010_Anish_chickenreal1,house_A,spoil_free_pcb_v1,pcb_A,chamber_A,poultry,chicken,Baseline,1494,0.187,8858,1.107,447,0.056,30.84,93386.0,65.72,201500.0,none
2026-07-28T20:12:17,1959.0,S010_Anish_chickenreal1,house_A,spoil_free_pcb_v1,pcb_A,chamber_A,poultry,chicken,Baseline,1485,0.186,8859,1.107,447,0.056,30.83,93386.0,65.74,201300.0,none
2026-07-28T20:12:19,1961.02,S010_Anish_chickenreal1,house_A,spoil_free_pcb_v1,pcb_A,chamber_A,poultry,chicken,Baseline,1482,0.185,8861,1.108,447,0.056,30.83,93386.0,65.74,201800.0,none
2026-07-28T20:12:21,1963.02,S010_Anish_chickenreal1,house_A,spoil_free_pcb_v1,pcb_A,chamber_A,poultry,chicken,Baseline,1481,0.185,8861,1.108,446,0.056,30.83,93388.0,65.74,197800.0,none
2026-07-28T20:12:23,1965.02,S010_Anish_chickenreal1,house_A,spoil_free_pcb_v1,pcb_A,chamber_A,poultry,chicken,Baseline,1487,0.186,8863,1.108,447,0.056,30.83,93388.0,65.73,200900.0,none
2026-07-28T20:12:25,1967.02,S010_Anish_chickenreal1,house_A,spoil_free_pcb_v1,pcb_A,chamber_A,poultry,chicken,Baseline,1491,0.186,8863,1.108,447,0.056,30.83,93388.0,65.74,200600.0,none
2026-07-28T20:12:27,1969.02,S010_Anish_chickenreal1,house_A,spoil_free_pcb_v1,pcb_A,chamber_A,poultry,chicken,Baseline,1489,0.186,8866,1.108,447,0.056,30.83,93388.0,65.71,199600.0,none
2026-07-28T20:12:29,1971.02,S010_Anish_chickenreal1,house_A,spoil_free_pcb_v1,pcb_A,chamber_A,poultry,chicken,Baseline,1499,0.187,8866,1.108,447,0.056,30.83,93388.0,65.73,199500.0,none
2026-07-28T20:12:31,1973.02,S010_Anish_chickenreal1,house_A,spoil_free_pcb_v1,pcb_A,chamber_A,poultry,chicken,Baseline,1508,0.189,8867,1.108,448,0.056,30.83,93388.0,65.73,200900.0,none
2026-07-28T20:12:33,1975.01,S010_Anish_chickenreal1,house_A,spoil_free_pcb_v1,pcb_A,chamber_A,poultry,chicken,Baseline,1508,0.189,8869,1.109,447,0.056,30.83,93390.0,65.73,199400.0,none
2026-07-28T20:12:35,1977.02,S010_Anish_chickenreal1,house_A,spoil_free_pcb_v1,pcb_A,chamber_A,poultry,chicken,Baseline,1502,0.188,8870,1.109,447,0.056,30.83,93390.0,65.76,199600.0,none
2026-07-28T20:12:37,1979.01,S010_Anish_chickenreal1,house_A,spoil_free_pcb_v1,pcb_A,chamber_A,poultry,chicken,Baseline,1496,0.187,8868,1.109,448,0.056,30.83,93390.0,65.77,199500.0,none
2026-07-28T20:12:39,1981.01,S010_Anish_chickenreal1,house_A,spoil_free_pcb_v1,pcb_A,chamber_A,poultry,chicken,Baseline,1487,0.186,8871,1.109,447,0.056,30.83,93390.0,65.81,199600.0,none
2026-07-28T20:12:41,1983.01,S010_Anish_chickenreal1,house_A,spoil_free_pcb_v1,pcb_A,chamber_A,poultry,chicken,Baseline,1479,0.185,8872,1.109,448,0.056,30.83,93390.0,65.81,200200.0,none
2026-07-28T20:12:43,1985.01,S010_Anish_chickenreal1,house_A,spoil_free_pcb_v1,pcb_A,chamber_A,poultry,chicken,Baseline,1482,0.185,8873,1.109,447,0.056,30.83,93390.0,65.81,200800.0,none
2026-07-28T20:12:45,1987.01,S010_Anish_chickenreal1,house_A,spoil_free_pcb_v1,pcb_A,chamber_A,poultry,chicken,Baseline,1488,0.186,8875,1.109,447,0.056,30.83,93390.0,65.8,199400.0,none
2026-07-28T20:12:47,1989.02,S010_Anish_chickenreal1,house_A,spoil_free_pcb_v1,pcb_A,chamber_A,poultry,chicken,Baseline,1487,0.186,8875,1.109,448,0.056,30.83,93390.0,65.83,198800.0,none
2026-07-28T20:12:49,1991.02,S010_Anish_chickenreal1,house_A,spoil_free_pcb_v1,pcb_A,chamber_A,poultry,chicken,Baseline,1494,0.187,8878,1.11,447,0.056,30.83,93390.0,65.83,199400.0,none
2026-07-28T20:12:51,1993.02,S010_Anish_chickenreal1,house_A,spoil_free_pcb_v1,pcb_A,chamber_A,poultry,chicken,Baseline,1500,0.188,8879,1.11,447,0.056,30.83,93390.0,65.84,199300.0,none
2026-07-28T20:12:53,1995.02,S010_Anish_chickenreal1,house_A,spoil_free_pcb_v1,pcb_A,chamber_A,poultry,chicken,Baseline,1505,0.188,8881,1.11,448,0.056,30.83,93390.0,65.84,198800.0,none
2026-07-28T20:12:55,1997.01,S010_Anish_chickenreal1,house_A,spoil_free_pcb_v1,pcb_A,chamber_A,poultry,chicken,Baseline,1512,0.189,8883,1.11,448,0.056,30.83,93390.0,65.85,199600.0,none
2026-07-28T20:12:57,1999.01,S010_Anish_chickenreal1,house_A,spoil_free_pcb_v1,pcb_A,chamber_A,poultry,chicken,Baseline,1513,0.189,8884,1.111,448,0.056,30.83,93392.0,65.85,199800.0,none
2026-07-28T20:12:59,2001.01,S010_Anish_chickenreal1,house_A,spoil_free_pcb_v1,pcb_A,chamber_A,poultry,chicken,Baseline,1511,0.189,8884,1.111,447,0.056,30.83,93392.0,65.85,199200.0,none
2026-07-28T20:13:01,2003.01,S010_Anish_chickenreal1,house_A,spoil_free_pcb_v1,pcb_A,chamber_A,poultry,chicken,Baseline,1508,0.189,8888,1.111,447,0.056,30.83,93392.0,65.85,198700.0,none
2026-07-28T20:13:03,2005.01,S010_Anish_chickenreal1,house_A,spoil_free_pcb_v1,pcb_A,chamber_A,poultry,chicken,Baseline,1505,0.188,8891,1.111,449,0.056,30.83,93390.0,65.83,198800.0,none
2026-07-28T20:13:05,2007.01,S010_Anish_chickenreal1,house_A,spoil_free_pcb_v1,pcb_A,chamber_A,poultry,chicken,Baseline,1502,0.188,8890,1.111,448,0.056,30.83,93392.0,65.84,198400.0,none
2026-07-28T20:13:07,2009.01,S010_Anish_chickenreal1,house_A,spoil_free_pcb_v1,pcb_A,chamber_A,poultry,chicken,Baseline,1502,0.188,8894,1.112,448,0.056,30.83,93392.0,65.83,197400.0,none
2026-07-28T20:13:09,2011.02,S010_Anish_chickenreal1,house_A,spoil_free_pcb_v1,pcb_A,chamber_A,poultry,chicken,Baseline,1500,0.188,8895,1.112,448,0.056,30.83,93392.0,65.84,197600.0,none
2026-07-28T20:13:11,2013.0,S010_Anish_chickenreal1,house_A,spoil_free_pcb_v1,pcb_A,chamber_A,poultry,chicken,Baseline,1497,0.187,8894,1.112,448,0.056,30.83,93392.0,65.84,198800.0,none
2026-07-28T20:13:13,2015.01,S010_Anish_chickenreal1,house_A,spoil_free_pcb_v1,pcb_A,chamber_A,poultry,chicken,Baseline,1496,0.187,8895,1.112,448,0.056,30.83,93392.0,65.84,197200.0,none
2026-07-28T20:13:15,2017.01,S010_Anish_chickenreal1,house_A,spoil_free_pcb_v1,pcb_A,chamber_A,poultry,chicken,Baseline,1495,0.187,8895,1.112,448,0.056,30.83,93394.0,65.83,198900.0,none
2026-07-28T20:13:17,2019.01,S010_Anish_chickenreal1,house_A,spoil_free_pcb_v1,pcb_A,chamber_A,poultry,chicken,Baseline,1489,0.186,8894,1.112,448,0.056,30.83,93394.0,65.84,198800.0,none
2026-07-28T20:13:19,2021.01,S010_Anish_chickenreal1,house_A,spoil_free_pcb_v1,pcb_A,chamber_A,poultry,chicken,Baseline,1487,0.186,8895,1.112,448,0.056,30.83,93394.0,65.85,199200.0,none
2026-07-28T20:13:21,2023.02,S010_Anish_chickenreal1,house_A,spoil_free_pcb_v1,pcb_A,chamber_A,poultry,chicken,Baseline,1481,0.185,8897,1.112,447,0.056,30.83,93394.0,65.84,199300.0,none
2026-07-28T20:13:23,2025.0,S010_Anish_chickenreal1,house_A,spoil_free_pcb_v1,pcb_A,chamber_A,poultry,chicken,Baseline,1480,0.185,8898,1.112,449,0.056,30.83,93394.0,65.84,198000.0,none
2026-07-28T20:13:25,2027.01,S010_Anish_chickenreal1,house_A,spoil_free_pcb_v1,pcb_A,chamber_A,poultry,chicken,Baseline,1477,0.185,8898,1.112,448,0.056,30.83,93394.0,65.85,199300.0,none
2026-07-28T20:13:27,2029.01,S010_Anish_chickenreal1,house_A,spoil_free_pcb_v1,pcb_A,chamber_A,poultry,chicken,Baseline,1480,0.185,8898,1.112,448,0.056,30.83,93394.0,65.85,198500.0,none
2026-07-28T20:13:29,2031.01,S010_Anish_chickenreal1,house_A,spoil_free_pcb_v1,pcb_A,chamber_A,poultry,chicken,Baseline,1485,0.186,8902,1.113,448,0.056,30.83,93392.0,65.86,199100.0,none
2026-07-28T20:13:31,2033.01,S010_Anish_chickenreal1,house_A,spoil_free_pcb_v1,pcb_A,chamber_A,poultry,chicken,Baseline,1494,0.187,8902,1.113,447,0.056,30.83,93392.0,65.86,197600.0,none
2026-07-28T20:13:33,2035.02,S010_Anish_chickenreal1,house_A,spoil_free_pcb_v1,pcb_A,chamber_A,poultry,chicken,Baseline,1499,0.187,8904,1.113,449,0.056,30.83,93392.0,65.88,198800.0,none
2026-07-28T20:13:35,2037.01,S010_Anish_chickenreal1,house_A,spoil_free_pcb_v1,pcb_A,chamber_A,poultry,chicken,Baseline,1502,0.188,8905,1.113,448,0.056,30.83,93392.0,65.91,199300.0,none
2026-07-28T20:13:37,2039.01,S010_Anish_chickenreal1,house_A,spoil_free_pcb_v1,pcb_A,chamber_A,poultry,chicken,Baseline,1505,0.188,8906,1.113,449,0.056,30.83,93392.0,65.92,199100.0,none
2026-07-28T20:13:39,2041.01,S010_Anish_chickenreal1,house_A,spoil_free_pcb_v1,pcb_A,chamber_A,poultry,chicken,Baseline,1507,0.188,8906,1.113,449,0.056,30.83,93392.0,65.93,198800.0,none
2026-07-28T20:13:41,2043.01,S010_Anish_chickenreal1,house_A,spoil_free_pcb_v1,pcb_A,chamber_A,poultry,chicken,Baseline,1511,0.189,8907,1.113,449,0.056,30.83,93390.0,65.94,198800.0,none
2026-07-28T20:13:43,2045.01,S010_Anish_chickenreal1,house_A,spoil_free_pcb_v1,pcb_A,chamber_A,poultry,chicken,Baseline,1514,0.189,8910,1.114,448,0.056,30.83,93390.0,65.96,198600.0,none
2026-07-28T20:13:45,2047.01,S010_Anish_chickenreal1,house_A,spoil_free_pcb_v1,pcb_A,chamber_A,poultry,chicken,Baseline,1513,0.189,8912,1.114,449,0.056,30.83,93388.0,65.97,196900.0,none
2026-07-28T20:13:47,2049.0,S010_Anish_chickenreal1,house_A,spoil_free_pcb_v1,pcb_A,chamber_A,poultry,chicken,Baseline,1510,0.189,8913,1.114,448,0.056,30.83,93388.0,65.93,197900.0,none
2026-07-28T20:13:49,2051.01,S010_Anish_chickenreal1,house_A,spoil_free_pcb_v1,pcb_A,chamber_A,poultry,chicken,Baseline,1504,0.188,8914,1.114,449,0.056,30.83,93388.0,65.93,198200.0,none
2026-07-28T20:13:51,2053.01,S010_Anish_chickenreal1,house_A,spoil_free_pcb_v1,pcb_A,chamber_A,poultry,chicken,Baseline,1501,0.188,8914,1.114,449,0.056,30.83,93388.0,65.93,197200.0,none
2026-07-28T20:13:53,2055.02,S010_Anish_chickenreal1,house_A,spoil_free_pcb_v1,pcb_A,chamber_A,poultry,chicken,Baseline,1498,0.187,8914,1.114,449,0.056,30.83,93388.0,65.93,198100.0,none
2026-07-28T20:13:55,2057.01,S010_Anish_chickenreal1,house_A,spoil_free_pcb_v1,pcb_A,chamber_A,poultry,chicken,Baseline,1496,0.187,8916,1.115,449,0.056,30.83,93388.0,65.93,197000.0,none
2026-07-28T20:13:57,2059.0,S010_Anish_chickenreal1,house_A,spoil_free_pcb_v1,pcb_A,chamber_A,poultry,chicken,Baseline,1490,0.186,8917,1.115,448,0.056,30.83,93388.0,65.93,198100.0,none
2026-07-28T20:13:59,2061.01,S010_Anish_chickenreal1,house_A,spoil_free_pcb_v1,pcb_A,chamber_A,poultry,chicken,Baseline,1485,0.186,8917,1.115,448,0.056,30.83,93388.0,65.94,198600.0,none
2026-07-28T20:14:01,2063.0,S010_Anish_chickenreal1,house_A,spoil_free_pcb_v1,pcb_A,chamber_A,poultry,chicken,Baseline,1483,0.185,8917,1.115,449,0.056,30.83,93388.0,65.93,197600.0,none
2026-07-28T20:14:03,2065.02,S010_Anish_chickenreal1,house_A,spoil_free_pcb_v1,pcb_A,chamber_A,poultry,chicken,Baseline,1481,0.185,8918,1.115,449,0.056,30.83,93388.0,65.94,196100.0,none
2026-07-28T20:14:05,2067.01,S010_Anish_chickenreal1,house_A,spoil_free_pcb_v1,pcb_A,chamber_A,poultry,chicken,Baseline,1484,0.186,8919,1.115,450,0.056,30.83,93388.0,65.95,197400.0,none
2026-07-28T20:14:07,2069.01,S010_Anish_chickenreal1,house_A,spoil_free_pcb_v1,pcb_A,chamber_A,poultry,chicken,Baseline,1489,0.186,8920,1.115,449,0.056,30.83,93388.0,65.96,197300.0,none
2026-07-28T20:14:09,2071.01,S010_Anish_chickenreal1,house_A,spoil_free_pcb_v1,pcb_A,chamber_A,poultry,chicken,Baseline,1490,0.186,8919,1.115,450,0.056,30.83,93390.0,65.97,198000.0,none
2026-07-28T20:14:11,2073.01,S010_Anish_chickenreal1,house_A,spoil_free_pcb_v1,pcb_A,chamber_A,poultry,chicken,Baseline,1493,0.187,8919,1.115,450,0.056,30.83,93390.0,65.96,197700.0,none
2026-07-28T20:14:13,2075.01,S010_Anish_chickenreal1,house_A,spoil_free_pcb_v1,pcb_A,chamber_A,poultry,chicken,Baseline,1498,0.187,8920,1.115,449,0.056,30.83,93390.0,65.99,197400.0,none
2026-07-28T20:14:15,2077.01,S010_Anish_chickenreal1,house_A,spoil_free_pcb_v1,pcb_A,chamber_A,poultry,chicken,Baseline,1505,0.188,8920,1.115,450,0.056,30.83,93390.0,66.0,198400.0,none
2026-07-28T20:14:17,2079.01,S010_Anish_chickenreal1,house_A,spoil_free_pcb_v1,pcb_A,chamber_A,poultry,chicken,Baseline,1509,0.189,8921,1.115,448,0.056,30.82,93390.0,65.98,197700.0,none
2026-07-28T20:14:19,2081.01,S010_Anish_chickenreal1,house_A,spoil_free_pcb_v1,pcb_A,chamber_A,poultry,chicken,Baseline,1515,0.189,8921,1.115,450,0.056,30.82,93390.0,66.02,196000.0,none
2026-07-28T20:14:21,2083.0,S010_Anish_chickenreal1,house_A,spoil_free_pcb_v1,pcb_A,chamber_A,poultry,chicken,Baseline,1511,0.189,8922,1.115,449,0.056,30.82,93390.0,66.02,196900.0,none
2026-07-28T20:14:23,2085.01,S010_Anish_chickenreal1,house_A,spoil_free_pcb_v1,pcb_A,chamber_A,poultry,chicken,Baseline,1505,0.188,8922,1.115,449,0.056,30.82,93390.0,66.04,197700.0,none
2026-07-28T20:14:25,2087.01,S010_Anish_chickenreal1,house_A,spoil_free_pcb_v1,pcb_A,chamber_A,poultry,chicken,Baseline,1500,0.188,8922,1.115,450,0.056,30.82,93392.0,66.06,196400.0,none
2026-07-28T20:14:27,2089.02,S010_Anish_chickenreal1,house_A,spoil_free_pcb_v1,pcb_A,chamber_A,poultry,chicken,Baseline,1494,0.187,8923,1.115,450,0.056,30.82,93392.0,66.06,196900.0,none
2026-07-28T20:14:29,2091.02,S010_Anish_chickenreal1,house_A,spoil_free_pcb_v1,pcb_A,chamber_A,poultry,chicken,Baseline,1484,0.186,8926,1.116,450,0.056,30.82,93390.0,66.07,197300.0,none
2026-07-28T20:14:31,2093.0,S010_Anish_chickenreal1,house_A,spoil_free_pcb_v1,pcb_A,chamber_A,poultry,chicken,Baseline,1480,0.185,8926,1.116,450,0.056,30.82,93390.0,66.07,196500.0,none
2026-07-28T20:14:33,2095.01,S010_Anish_chickenreal1,house_A,spoil_free_pcb_v1,pcb_A,chamber_A,poultry,chicken,Baseline,1484,0.186,8927,1.116,449,0.056,30.82,93390.0,66.07,195200.0,none
2026-07-28T20:14:35,2097.01,S010_Anish_chickenreal1,house_A,spoil_free_pcb_v1,pcb_A,chamber_A,poultry,chicken,Baseline,1493,0.187,8928,1.116,449,0.056,30.82,93390.0,66.05,197100.0,none
2026-07-28T20:14:37,2099.01,S010_Anish_chickenreal1,house_A,spoil_free_pcb_v1,pcb_A,chamber_A,poultry,chicken,Baseline,1497,0.187,8930,1.116,451,0.056,30.82,93390.0,66.05,197100.0,none
2026-07-28T20:14:39,2101.01,S010_Anish_chickenreal1,house_A,spoil_free_pcb_v1,pcb_A,chamber_A,poultry,chicken,Baseline,1506,0.188,8932,1.117,451,0.056,30.82,93390.0,66.05,196300.0,none
2026-07-28T20:14:41,2103.01,S010_Anish_chickenreal1,house_A,spoil_free_pcb_v1,pcb_A,chamber_A,poultry,chicken,Baseline,1516,0.19,8933,1.117,450,0.056,30.82,93390.0,66.04,197300.0,img_000003_20260728_201440.jpg
2026-07-28T20:14:43,2105.5,S010_Anish_chickenreal1,house_A,spoil_free_pcb_v1,pcb_A,chamber_A,poultry,chicken,Baseline,1518,0.19,8934,1.117,450,0.056,30.82,93390.0,66.05,197000.0,none
2026-07-28T20:14:45,2107.01,S010_Anish_chickenreal1,house_A,spoil_free_pcb_v1,pcb_A,chamber_A,poultry,chicken,Baseline,1512,0.189,8936,1.117,450,0.056,30.82,93390.0,66.05,194300.0,none
2026-07-28T20:14:47,2109.01,S010_Anish_chickenreal1,house_A,spoil_free_pcb_v1,pcb_A,chamber_A,poultry,chicken,Baseline,1505,0.188,8937,1.117,450,0.056,30.82,93390.0,66.05,197300.0,none
2026-07-28T20:14:49,2111.02,S010_Anish_chickenreal1,house_A,spoil_free_pcb_v1,pcb_A,chamber_A,poultry,chicken,Baseline,1501,0.188,8938,1.117,450,0.056,30.82,93390.0,66.05,196800.0,none
2026-07-28T20:14:51,2113.01,S010_Anish_chickenreal1,house_A,spoil_free_pcb_v1,pcb_A,chamber_A,poultry,chicken,Baseline,1491,0.186,8936,1.117,450,0.056,30.82,93390.0,66.07,196000.0,none
2026-07-28T20:14:53,2115.0,S010_Anish_chickenreal1,house_A,spoil_free_pcb_v1,pcb_A,chamber_A,poultry,chicken,Baseline,1486,0.186,8937,1.117,449,0.056,30.82,93390.0,66.11,196300.0,none
2026-07-28T20:14:55,2117.0,S010_Anish_chickenreal1,house_A,spoil_free_pcb_v1,pcb_A,chamber_A,poultry,chicken,Baseline,1483,0.185,8938,1.117,449,0.056,30.82,93390.0,66.13,195900.0,none
2026-07-28T20:14:57,2119.01,S010_Anish_chickenreal1,house_A,spoil_free_pcb_v1,pcb_A,chamber_A,poultry,chicken,Baseline,1481,0.185,8938,1.117,449,0.056,30.82,93390.0,66.14,196000.0,none
2026-07-28T20:14:59,2121.01,S010_Anish_chickenreal1,house_A,spoil_free_pcb_v1,pcb_A,chamber_A,poultry,chicken,Baseline,1482,0.185,8937,1.117,451,0.056,30.82,93390.0,66.12,196200.0,none
2026-07-28T20:15:01,2124.0,S010_Anish_chickenreal1,house_A,spoil_free_pcb_v1,pcb_A,chamber_A,poultry,chicken,Baseline,1483,0.185,8937,1.117,450,0.056,30.82,93390.0,66.12,195100.0,none
2026-07-28T20:15:03,2125.0,S010_Anish_chickenreal1,house_A,spoil_free_pcb_v1,pcb_A,chamber_A,poultry,chicken,Baseline,1487,0.186,8939,1.117,449,0.056,30.82,93390.0,66.12,196400.0,none
2026-07-28T20:15:05,2127.0,S010_Anish_chickenreal1,house_A,spoil_free_pcb_v1,pcb_A,chamber_A,poultry,chicken,Baseline,1489,0.186,8940,1.118,449,0.056,30.82,93390.0,66.13,196900.0,none
2026-07-28T20:15:07,2129.01,S010_Anish_chickenreal1,house_A,spoil_free_pcb_v1,pcb_A,chamber_A,poultry,chicken,Baseline,1490,0.186,8942,1.118,449,0.056,30.82,93390.0,66.14,196300.0,none
2026-07-28T20:15:09,2131.01,S010_Anish_chickenreal1,house_A,spoil_free_pcb_v1,pcb_A,chamber_A,poultry,chicken,Baseline,1490,0.186,8944,1.118,450,0.056,30.82,93390.0,66.15,196500.0,none
2026-07-28T20:15:11,2132.99,S010_Anish_chickenreal1,house_A,spoil_free_pcb_v1,pcb_A,chamber_A,poultry,chicken,Baseline,1493,0.187,8944,1.118,450,0.056,30.82,93390.0,66.15,195600.0,none
2026-07-28T20:15:13,2135.0,S010_Anish_chickenreal1,house_A,spoil_free_pcb_v1,pcb_A,chamber_A,poultry,chicken,Baseline,1492,0.187,8944,1.118,450,0.056,30.81,93390.0,66.17,195500.0,none
2026-07-28T20:15:15,2137.0,S010_Anish_chickenreal1,house_A,spoil_free_pcb_v1,pcb_A,chamber_A,poultry,chicken,Baseline,1494,0.187,8948,1.118,450,0.056,30.81,93390.0,66.17,195700.0,none
2026-07-28T20:15:17,2138.99,S010_Anish_chickenreal1,house_A,spoil_free_pcb_v1,pcb_A,chamber_A,poultry,chicken,Baseline,1495,0.187,8950,1.119,450,0.056,30.81,93390.0,66.17,196100.0,none
2026-07-28T20:15:19,2141.0,S010_Anish_chickenreal1,house_A,spoil_free_pcb_v1,pcb_A,chamber_A,poultry,chicken,Baseline,1495,0.187,8952,1.119,449,0.056,30.82,93390.0,66.18,195500.0,none
2026-07-28T20:15:21,2143.0,S010_Anish_chickenreal1,house_A,spoil_free_pcb_v1,pcb_A,chamber_A,poultry,chicken,Baseline,1497,0.187,8953,1.119,450,0.056,30.82,93390.0,66.19,196400.0,none
2026-07-28T20:15:23,2145.01,S010_Anish_chickenreal1,house_A,spoil_free_pcb_v1,pcb_A,chamber_A,poultry,chicken,Baseline,1501,0.188,8956,1.12,450,0.056,30.82,93390.0,66.18,195400.0,none
2026-07-28T20:15:25,2147.0,S010_Anish_chickenreal1,house_A,spoil_free_pcb_v1,pcb_A,chamber_A,poultry,chicken,Baseline,1505,0.188,8959,1.12,449,0.056,30.82,93390.0,66.21,195300.0,none
2026-07-28T20:15:27,2149.01,S010_Anish_chickenreal1,house_A,spoil_free_pcb_v1,pcb_A,chamber_A,poultry,chicken,Baseline,1508,0.189,8963,1.12,450,0.056,30.81,93390.0,66.21,195500.0,none
2026-07-28T20:15:29,2151.0,S010_Anish_chickenreal1,house_A,spoil_free_pcb_v1,pcb_A,chamber_A,poultry,chicken,Baseline,1511,0.189,8964,1.121,450,0.056,30.81,93390.0,66.2,196400.0,none
2026-07-28T20:15:31,2153.0,S010_Anish_chickenreal1,house_A,spoil_free_pcb_v1,pcb_A,chamber_A,poultry,chicken,Baseline,1512,0.189,8967,1.121,450,0.056,30.81,93390.0,66.21,195300.0,none
2026-07-28T20:15:33,2155.01,S010_Anish_chickenreal1,house_A,spoil_free_pcb_v1,pcb_A,chamber_A,poultry,chicken,Baseline,1515,0.189,8970,1.121,450,0.056,30.81,93390.0,66.21,195600.0,none
2026-07-28T20:15:35,2157.0,S010_Anish_chickenreal1,house_A,spoil_free_pcb_v1,pcb_A,chamber_A,poultry,chicken,Baseline,1514,0.189,8973,1.122,450,0.056,30.81,93390.0,66.21,195200.0,none
2026-07-28T20:15:37,2159.0,S010_Anish_chickenreal1,house_A,spoil_free_pcb_v1,pcb_A,chamber_A,poultry,chicken,Baseline,1512,0.189,8977,1.122,450,0.056,30.81,93390.0,66.2,194600.0,none
2026-07-28T20:15:39,2161.01,S010_Anish_chickenreal1,house_A,spoil_free_pcb_v1,pcb_A,chamber_A,poultry,chicken,Baseline,1510,0.189,8979,1.122,450,0.056,30.81,93392.0,66.2,195900.0,none
2026-07-28T20:15:41,2163.01,S010_Anish_chickenreal1,house_A,spoil_free_pcb_v1,pcb_A,chamber_A,poultry,chicken,Baseline,1509,0.189,8982,1.123,451,0.056,30.81,93392.0,66.18,194800.0,none
2026-07-28T20:15:43,2166.0,S010_Anish_chickenreal1,house_A,spoil_free_pcb_v1,pcb_A,chamber_A,poultry,chicken,Baseline,1505,0.188,8983,1.123,450,0.056,30.81,93392.0,66.2,194800.0,none
2026-07-28T20:15:45,2167.01,S010_Anish_chickenreal1,house_A,spoil_free_pcb_v1,pcb_A,chamber_A,poultry,chicken,Baseline,1504,0.188,8986,1.123,451,0.056,30.81,93392.0,66.18,196300.0,none
2026-07-28T20:15:47,2169.01,S010_Anish_chickenreal1,house_A,spoil_free_pcb_v1,pcb_A,chamber_A,poultry,chicken,Baseline,1501,0.188,8990,1.124,450,0.056,30.81,93392.0,66.16,195500.0,none
2026-07-28T20:15:49,2170.99,S010_Anish_chickenreal1,house_A,spoil_free_pcb_v1,pcb_A,chamber_A,poultry,chicken,Baseline,1500,0.188,8993,1.124,450,0.056,30.81,93392.0,66.16,196600.0,none
2026-07-28T20:15:51,2173.01,S010_Anish_chickenreal1,house_A,spoil_free_pcb_v1,pcb_A,chamber_A,poultry,chicken,Baseline,1495,0.187,8994,1.124,451,0.056,30.81,93392.0,66.18,196100.0,none
2026-07-28T20:15:53,2175.01,S010_Anish_chickenreal1,house_A,spoil_free_pcb_v1,pcb_A,chamber_A,poultry,chicken,Baseline,1497,0.187,8997,1.125,450,0.056,30.81,93392.0,66.18,195600.0,none
2026-07-28T20:15:55,2177.0,S010_Anish_chickenreal1,house_A,spoil_free_pcb_v1,pcb_A,chamber_A,poultry,chicken,Baseline,1493,0.187,8998,1.125,450,0.056,30.81,93392.0,66.2,195400.0,none
2026-07-28T20:15:57,2179.0,S010_Anish_chickenreal1,house_A,spoil_free_pcb_v1,pcb_A,chamber_A,poultry,chicken,Baseline,1487,0.186,9002,1.125,451,0.056,30.81,93392.0,66.21,195700.0,none
2026-07-28T20:15:59,2181.0,S010_Anish_chickenreal1,house_A,spoil_free_pcb_v1,pcb_A,chamber_A,poultry,chicken,Baseline,1484,0.186,9004,1.126,450,0.056,30.81,93392.0,66.22,193200.0,none
2026-07-28T20:16:01,2183.01,S010_Anish_chickenreal1,house_A,spoil_free_pcb_v1,pcb_A,chamber_A,poultry,chicken,Baseline,1482,0.185,9007,1.126,450,0.056,30.81,93392.0,66.22,194300.0,none
2026-07-28T20:16:03,2185.01,S010_Anish_chickenreal1,house_A,spoil_free_pcb_v1,pcb_A,chamber_A,poultry,chicken,Baseline,1484,0.186,9009,1.126,451,0.056,30.81,93392.0,66.21,195400.0,none
2026-07-28T20:16:05,2186.99,S010_Anish_chickenreal1,house_A,spoil_free_pcb_v1,pcb_A,chamber_A,poultry,chicken,Baseline,1486,0.186,9012,1.127,451,0.056,30.81,93392.0,66.22,194700.0,none
2026-07-28T20:16:07,2189.0,S010_Anish_chickenreal1,house_A,spoil_free_pcb_v1,pcb_A,chamber_A,poultry,chicken,Baseline,1489,0.186,9014,1.127,451,0.056,30.81,93392.0,66.24,194800.0,none
2026-07-28T20:16:09,2191.0,S010_Anish_chickenreal1,house_A,spoil_free_pcb_v1,pcb_A,chamber_A,poultry,chicken,Baseline,1491,0.186,9016,1.127,451,0.056,30.81,93392.0,66.24,194200.0,none
2026-07-28T20:16:11,2192.99,S010_Anish_chickenreal1,house_A,spoil_free_pcb_v1,pcb_A,chamber_A,poultry,chicken,Baseline,1493,0.187,9021,1.128,451,0.056,30.81,93392.0,66.24,195100.0,none
2026-07-28T20:16:13,2195.0,S010_Anish_chickenreal1,house_A,spoil_free_pcb_v1,pcb_A,chamber_A,poultry,chicken,Baseline,1493,0.187,9025,1.128,450,0.056,30.81,93392.0,66.25,194500.0,none
2026-07-28T20:16:15,2196.99,S010_Anish_chickenreal1,house_A,spoil_free_pcb_v1,pcb_A,chamber_A,poultry,chicken,Baseline,1492,0.187,9028,1.129,451,0.056,30.81,93394.0,66.25,194200.0,none
2026-07-28T20:16:17,2199.0,S010_Anish_chickenreal1,house_A,spoil_free_pcb_v1,pcb_A,chamber_A,poultry,chicken,Baseline,1492,0.187,9034,1.129,451,0.056,30.81,93394.0,66.28,194400.0,none
2026-07-28T20:16:19,2200.99,S010_Anish_chickenreal1,house_A,spoil_free_pcb_v1,pcb_A,chamber_A,poultry,chicken,Baseline,1496,0.187,9035,1.129,451,0.056,30.81,93390.0,66.28,194400.0,none
2026-07-28T20:16:21,2202.99,S010_Anish_chickenreal1,house_A,spoil_free_pcb_v1,pcb_A,chamber_A,poultry,chicken,Baseline,1496,0.187,9040,1.13,451,0.056,30.81,93390.0,66.3,194000.0,none
2026-07-28T20:16:23,2205.0,S010_Anish_chickenreal1,house_A,spoil_free_pcb_v1,pcb_A,chamber_A,poultry,chicken,Baseline,1494,0.187,9045,1.131,451,0.056,30.81,93390.0,66.32,194200.0,none
2026-07-28T20:16:25,2207.0,S010_Anish_chickenreal1,house_A,spoil_free_pcb_v1,pcb_A,chamber_A,poultry,chicken,Baseline,1494,0.187,9048,1.131,451,0.056,30.81,93392.0,66.32,195200.0,none
2026-07-28T20:16:27,2209.01,S010_Anish_chickenreal1,house_A,spoil_free_pcb_v1,pcb_A,chamber_A,poultry,chicken,Baseline,1495,0.187,9053,1.132,451,0.056,30.81,93392.0,66.31,194300.0,none
2026-07-28T20:16:29,2211.0,S010_Anish_chickenreal1,house_A,spoil_free_pcb_v1,pcb_A,chamber_A,poultry,chicken,Baseline,1495,0.187,9055,1.132,451,0.056,30.81,93392.0,66.33,194200.0,none
2026-07-28T20:16:31,2212.99,S010_Anish_chickenreal1,house_A,spoil_free_pcb_v1,pcb_A,chamber_A,poultry,chicken,Baseline,1496,0.187,9058,1.132,452,0.057,30.81,93390.0,66.35,194300.0,none
2026-07-28T20:16:33,2215.01,S010_Anish_chickenreal1,house_A,spoil_free_pcb_v1,pcb_A,chamber_A,poultry,chicken,Baseline,1497,0.187,9063,1.133,452,0.057,30.81,93390.0,66.35,194100.0,none
2026-07-28T20:16:35,2217.01,S010_Anish_chickenreal1,house_A,spoil_free_pcb_v1,pcb_A,chamber_A,poultry,chicken,Baseline,1498,0.187,9071,1.134,451,0.056,30.81,93390.0,66.36,193600.0,none
2026-07-28T20:16:37,2219.0,S010_Anish_chickenreal1,house_A,spoil_free_pcb_v1,pcb_A,chamber_A,poultry,chicken,Baseline,1497,0.187,9076,1.135,451,0.056,30.8,93390.0,66.36,194300.0,none
2026-07-28T20:16:39,2221.01,S010_Anish_chickenreal1,house_A,spoil_free_pcb_v1,pcb_A,chamber_A,poultry,chicken,Baseline,1498,0.187,9082,1.135,450,0.056,30.8,93390.0,66.38,194200.0,none
2026-07-28T20:16:41,2223.0,S010_Anish_chickenreal1,house_A,spoil_free_pcb_v1,pcb_A,chamber_A,poultry,chicken,Baseline,1499,0.187,9086,1.136,450,0.056,30.8,93390.0,66.4,193900.0,none
2026-07-28T20:16:43,2225.01,S010_Anish_chickenreal1,house_A,spoil_free_pcb_v1,pcb_A,chamber_A,poultry,chicken,Baseline,1499,0.187,9090,1.136,451,0.056,30.8,93390.0,66.41,194200.0,none
2026-07-28T20:16:45,2227.01,S010_Anish_chickenreal1,house_A,spoil_free_pcb_v1,pcb_A,chamber_A,poultry,chicken,Baseline,1499,0.187,9096,1.137,451,0.056,30.8,93390.0,66.4,193700.0,none
2026-07-28T20:16:47,2229.01,S010_Anish_chickenreal1,house_A,spoil_free_pcb_v1,pcb_A,chamber_A,poultry,chicken,Baseline,1501,0.188,9100,1.138,450,0.056,30.8,93390.0,66.4,193600.0,none
2026-07-28T20:16:49,2231.0,S010_Anish_chickenreal1,house_A,spoil_free_pcb_v1,pcb_A,chamber_A,poultry,chicken,Baseline,1501,0.188,9103,1.138,451,0.056,30.8,93390.0,66.39,194200.0,none
2026-07-28T20:16:51,2233.0,S010_Anish_chickenreal1,house_A,spoil_free_pcb_v1,pcb_A,chamber_A,poultry,chicken,Baseline,1501,0.188,9107,1.138,451,0.056,30.8,93390.0,66.37,193700.0,none
2026-07-28T20:16:53,2235.01,S010_Anish_chickenreal1,house_A,spoil_free_pcb_v1,pcb_A,chamber_A,poultry,chicken,Baseline,1503,0.188,9113,1.139,451,0.056,30.8,93392.0,66.38,193400.0,none
2026-07-28T20:16:55,2237.0,S010_Anish_chickenreal1,house_A,spoil_free_pcb_v1,pcb_A,chamber_A,poultry,chicken,Baseline,1505,0.188,9119,1.14,451,0.056,30.8,93392.0,66.38,193500.0,none
2026-07-28T20:16:57,2239.01,S010_Anish_chickenreal1,house_A,spoil_free_pcb_v1,pcb_A,chamber_A,poultry,chicken,Baseline,1507,0.188,9127,1.141,451,0.056,30.8,93392.0,66.4,193500.0,none
2026-07-28T20:16:59,2240.99,S010_Anish_chickenreal1,house_A,spoil_free_pcb_v1,pcb_A,chamber_A,poultry,chicken,Baseline,1508,0.189,9131,1.141,450,0.056,30.8,93392.0,66.38,193000.0,none
2026-07-28T20:17:01,2243.0,S010_Anish_chickenreal1,house_A,spoil_free_pcb_v1,pcb_A,chamber_A,poultry,chicken,Baseline,1512,0.189,9136,1.142,452,0.057,30.8,93392.0,66.4,193200.0,none
2026-07-28T20:17:03,2245.0,S010_Anish_chickenreal1,house_A,spoil_free_pcb_v1,pcb_A,chamber_A,poultry,chicken,Baseline,1512,0.189,9141,1.143,452,0.057,30.8,93392.0,66.41,193400.0,none
2026-07-28T20:17:05,2246.99,S010_Anish_chickenreal1,house_A,spoil_free_pcb_v1,pcb_A,chamber_A,poultry,chicken,Baseline,1515,0.189,9151,1.144,452,0.057,30.8,93392.0,66.4,193100.0,none
2026-07-28T20:17:07,2249.01,S010_Anish_chickenreal1,house_A,spoil_free_pcb_v1,pcb_A,chamber_A,poultry,chicken,Baseline,1514,0.189,9159,1.145,451,0.056,30.8,93394.0,66.4,193000.0,none
2026-07-28T20:17:09,2251.01,S010_Anish_chickenreal1,house_A,spoil_free_pcb_v1,pcb_A,chamber_A,poultry,chicken,Baseline,1517,0.19,9164,1.146,451,0.056,30.8,93394.0,66.42,193500.0,none
2026-07-28T20:17:11,2253.0,S010_Anish_chickenreal1,house_A,spoil_free_pcb_v1,pcb_A,chamber_A,poultry,chicken,Baseline,1513,0.189,9169,1.146,452,0.057,30.8,93394.0,66.41,191900.0,none
2026-07-28T20:17:13,2255.01,S010_Anish_chickenreal1,house_A,spoil_free_pcb_v1,pcb_A,chamber_A,poultry,chicken,Baseline,1514,0.189,9173,1.147,451,0.056,30.8,93394.0,66.41,193200.0,none
2026-07-28T20:17:15,2257.01,S010_Anish_chickenreal1,house_A,spoil_free_pcb_v1,pcb_A,chamber_A,poultry,chicken,Baseline,1511,0.189,9178,1.147,451,0.056,30.8,93392.0,66.41,192300.0,none
2026-07-28T20:17:17,2259.0,S010_Anish_chickenreal1,house_A,spoil_free_pcb_v1,pcb_A,chamber_A,poultry,chicken,Baseline,1508,0.189,9183,1.148,451,0.056,30.8,93394.0,66.4,192800.0,none
2026-07-28T20:17:19,2260.99,S010_Anish_chickenreal1,house_A,spoil_free_pcb_v1,pcb_A,chamber_A,poultry,chicken,Baseline,1505,0.188,9186,1.148,452,0.057,30.79,93394.0,66.39,193400.0,none
2026-07-28T20:17:21,2263.01,S010_Anish_chickenreal1,house_A,spoil_free_pcb_v1,pcb_A,chamber_A,poultry,chicken,Baseline,1502,0.188,9190,1.149,452,0.057,30.79,93394.0,66.4,192900.0,none
2026-07-28T20:17:23,2265.0,S010_Anish_chickenreal1,house_A,spoil_free_pcb_v1,pcb_A,chamber_A,poultry,chicken,Baseline,1498,0.187,9195,1.149,452,0.057,30.79,93394.0,66.41,193300.0,none
2026-07-28T20:17:25,2267.01,S010_Anish_chickenreal1,house_A,spoil_free_pcb_v1,pcb_A,chamber_A,poultry,chicken,Baseline,1494,0.187,9199,1.15,452,0.057,30.79,93396.0,66.43,192600.0,none
2026-07-28T20:17:27,2269.01,S010_Anish_chickenreal1,house_A,spoil_free_pcb_v1,pcb_A,chamber_A,poultry,chicken,Baseline,1492,0.187,9202,1.15,453,0.057,30.79,93396.0,66.45,192900.0,none
2026-07-28T20:17:29,2271.01,S010_Anish_chickenreal1,house_A,spoil_free_pcb_v1,pcb_A,chamber_A,poultry,chicken,Baseline,1490,0.186,9209,1.151,451,0.056,30.79,93396.0,66.46,193400.0,none
2026-07-28T20:17:31,2273.01,S010_Anish_chickenreal1,house_A,spoil_free_pcb_v1,pcb_A,chamber_A,poultry,chicken,Baseline,1488,0.186,9211,1.151,452,0.057,30.79,93394.0,66.46,193200.0,none
2026-07-28T20:17:33,2275.0,S010_Anish_chickenreal1,house_A,spoil_free_pcb_v1,pcb_A,chamber_A,poultry,chicken,Baseline,1488,0.186,9216,1.152,452,0.057,30.79,93394.0,66.46,193300.0,none
2026-07-28T20:17:35,2276.99,S010_Anish_chickenreal1,house_A,spoil_free_pcb_v1,pcb_A,chamber_A,poultry,chicken,Baseline,1488,0.186,9219,1.152,451,0.056,30.79,93394.0,66.46,191400.0,none
2026-07-28T20:17:37,2279.0,S010_Anish_chickenreal1,house_A,spoil_free_pcb_v1,pcb_A,chamber_A,poultry,chicken,Baseline,1489,0.186,9222,1.153,452,0.057,30.79,93394.0,66.43,192600.0,none
2026-07-28T20:17:39,2280.99,S010_Anish_chickenreal1,house_A,spoil_free_pcb_v1,pcb_A,chamber_A,poultry,chicken,Baseline,1493,0.187,9228,1.154,451,0.056,30.79,93396.0,66.43,191400.0,none
2026-07-28T20:17:41,2283.0,S010_Anish_chickenreal1,house_A,spoil_free_pcb_v1,pcb_A,chamber_A,poultry,chicken,Baseline,1496,0.187,9234,1.154,452,0.057,30.79,93396.0,66.42,192500.0,none
2026-07-28T20:17:43,2285.01,S010_Anish_chickenreal1,house_A,spoil_free_pcb_v1,pcb_A,chamber_A,poultry,chicken,Baseline,1499,0.187,9237,1.155,451,0.056,30.79,93396.0,66.42,192300.0,none
2026-07-28T20:17:45,2287.01,S010_Anish_chickenreal1,house_A,spoil_free_pcb_v1,pcb_A,chamber_A,poultry,chicken,Baseline,1503,0.188,9240,1.155,452,0.057,30.8,93396.0,66.43,193100.0,none
2026-07-28T20:17:47,2288.99,S010_Anish_chickenreal1,house_A,spoil_free_pcb_v1,pcb_A,chamber_A,poultry,chicken,Baseline,1509,0.189,9246,1.156,451,0.056,30.79,93396.0,66.45,192200.0,none
2026-07-28T20:17:49,2291.01,S010_Anish_chickenreal1,house_A,spoil_free_pcb_v1,pcb_A,chamber_A,poultry,chicken,Baseline,1516,0.19,9251,1.156,452,0.057,30.79,93396.0,66.43,186400.0,none
2026-07-28T20:17:51,2293.01,S010_Anish_chickenreal1,house_A,spoil_free_pcb_v1,pcb_A,chamber_A,poultry,chicken,Baseline,1524,0.191,9258,1.157,453,0.057,30.79,93396.0,66.44,191100.0,none
2026-07-28T20:17:53,2295.01,S010_Anish_chickenreal1,house_A,spoil_free_pcb_v1,pcb_A,chamber_A,poultry,chicken,Baseline,1524,0.191,9263,1.158,452,0.057,30.79,93396.0,66.47,192200.0,none
2026-07-28T20:17:55,2297.01,S010_Anish_chickenreal1,house_A,spoil_free_pcb_v1,pcb_A,chamber_A,poultry,chicken,Baseline,1521,0.19,9269,1.159,452,0.057,30.79,93396.0,66.47,192100.0,none
2026-07-28T20:17:57,2299.01,S010_Anish_chickenreal1,house_A,spoil_free_pcb_v1,pcb_A,chamber_A,poultry,chicken,Baseline,1518,0.19,9272,1.159,453,0.057,30.79,93396.0,66.48,191100.0,none
2026-07-28T20:17:59,2301.99,S010_Anish_chickenreal1,house_A,spoil_free_pcb_v1,pcb_A,chamber_A,poultry,chicken,Baseline,1514,0.189,9275,1.159,452,0.057,30.79,93396.0,66.48,185400.0,none
2026-07-28T20:18:01,2303.01,S010_Anish_chickenreal1,house_A,spoil_free_pcb_v1,pcb_A,chamber_A,poultry,chicken,Baseline,1511,0.189,9279,1.16,452,0.057,30.79,93396.0,66.5,191900.0,none
2026-07-28T20:18:03,2304.99,S010_Anish_chickenreal1,house_A,spoil_free_pcb_v1,pcb_A,chamber_A,poultry,chicken,Baseline,1504,0.188,9279,1.16,452,0.057,30.79,93396.0,66.49,187200.0,none
2026-07-28T20:18:05,2307.01,S010_Anish_chickenreal1,house_A,spoil_free_pcb_v1,pcb_A,chamber_A,poultry,chicken,Baseline,1499,0.187,9281,1.16,453,0.057,30.79,93396.0,66.49,192400.0,none
2026-07-28T20:18:07,2309.0,S010_Anish_chickenreal1,house_A,spoil_free_pcb_v1,pcb_A,chamber_A,poultry,chicken,Baseline,1494,0.187,9283,1.16,452,0.057,30.79,93396.0,66.51,191900.0,none
2026-07-28T20:18:09,2310.99,S010_Anish_chickenreal1,house_A,spoil_free_pcb_v1,pcb_A,chamber_A,poultry,chicken,Baseline,1495,0.187,9286,1.161,453,0.057,30.79,93396.0,66.51,192200.0,none
2026-07-28T20:18:11,2313.01,S010_Anish_chickenreal1,house_A,spoil_free_pcb_v1,pcb_A,chamber_A,poultry,chicken,Baseline,1500,0.188,9289,1.161,453,0.057,30.79,93396.0,66.51,187200.0,none
2026-07-28T20:18:13,2315.01,S010_Anish_chickenreal1,house_A,spoil_free_pcb_v1,pcb_A,chamber_A,poultry,chicken,Baseline,1506,0.188,9291,1.161,453,0.057,30.79,93396.0,66.52,191700.0,none
2026-07-28T20:18:15,2317.99,S010_Anish_chickenreal1,house_A,spoil_free_pcb_v1,pcb_A,chamber_A,poultry,chicken,Baseline,1511,0.189,9291,1.161,452,0.057,30.79,93398.0,66.51,191900.0,none
2026-07-28T20:18:17,2319.0,S010_Anish_chickenreal1,house_A,spoil_free_pcb_v1,pcb_A,chamber_A,poultry,chicken,Baseline,1518,0.19,9292,1.162,453,0.057,30.79,93398.0,66.51,192500.0,none
2026-07-28T20:18:19,2321.01,S010_Anish_chickenreal1,house_A,spoil_free_pcb_v1,pcb_A,chamber_A,poultry,chicken,Baseline,1523,0.19,9294,1.162,453,0.057,30.79,93398.0,66.53,191200.0,none
2026-07-28T20:18:21,2323.01,S010_Anish_chickenreal1,house_A,spoil_free_pcb_v1,pcb_A,chamber_A,poultry,chicken,Baseline,1526,0.191,9297,1.162,453,0.057,30.79,93398.0,66.52,191900.0,none
2026-07-28T20:18:23,2325.0,S010_Anish_chickenreal1,house_A,spoil_free_pcb_v1,pcb_A,chamber_A,poultry,chicken,Baseline,1516,0.19,9299,1.162,454,0.057,30.79,93398.0,66.54,191400.0,none
2026-07-28T20:18:25,2327.01,S010_Anish_chickenreal1,house_A,spoil_free_pcb_v1,pcb_A,chamber_A,poultry,chicken,Baseline,1513,0.189,9303,1.163,453,0.057,30.79,93398.0,66.55,185400.0,none
2026-07-28T20:18:27,2329.99,S010_Anish_chickenreal1,house_A,spoil_free_pcb_v1,pcb_A,chamber_A,poultry,chicken,Baseline,1513,0.189,9304,1.163,452,0.057,30.79,93398.0,66.55,187200.0,none
2026-07-28T20:18:29,2331.99,S010_Anish_chickenreal1,house_A,spoil_free_pcb_v1,pcb_A,chamber_A,poultry,chicken,Baseline,1508,0.189,9304,1.163,453,0.057,30.79,93398.0,66.55,186800.0,none
2026-07-28T20:18:31,2333.0,S010_Anish_chickenreal1,house_A,spoil_free_pcb_v1,pcb_A,chamber_A,poultry,chicken,Baseline,1506,0.188,9305,1.163,453,0.057,30.79,93398.0,66.59,191700.0,none
2026-07-28T20:18:33,2335.01,S010_Anish_chickenreal1,house_A,spoil_free_pcb_v1,pcb_A,chamber_A,poultry,chicken,Baseline,1504,0.188,9308,1.164,453,0.057,30.79,93398.0,66.6,191100.0,none
2026-07-28T20:18:35,2337.01,S010_Anish_chickenreal1,house_A,spoil_free_pcb_v1,pcb_A,chamber_A,poultry,chicken,Baseline,1509,0.189,9309,1.164,453,0.057,30.79,93398.0,66.59,186400.0,none
2026-07-28T20:18:37,2339.0,S010_Anish_chickenreal1,house_A,spoil_free_pcb_v1,pcb_A,chamber_A,poultry,chicken,Baseline,1515,0.189,9310,1.164,454,0.057,30.79,93398.0,66.6,186600.0,none
2026-07-28T20:18:39,2341.0,S010_Anish_chickenreal1,house_A,spoil_free_pcb_v1,pcb_A,chamber_A,poultry,chicken,Baseline,1517,0.19,9310,1.164,453,0.057,30.79,93392.0,66.6,186800.0,none
2026-07-28T20:18:41,2343.99,S010_Anish_chickenreal1,house_A,spoil_free_pcb_v1,pcb_A,chamber_A,poultry,chicken,Baseline,1519,0.19,9311,1.164,454,0.057,30.79,93392.0,66.61,187200.0,none
2026-07-28T20:18:43,2345.0,S010_Anish_chickenreal1,house_A,spoil_free_pcb_v1,pcb_A,chamber_A,poultry,chicken,Baseline,1522,0.19,9312,1.164,453,0.057,30.79,93392.0,66.6,191000.0,none
2026-07-28T20:18:45,2347.01,S010_Anish_chickenreal1,house_A,spoil_free_pcb_v1,pcb_A,chamber_A,poultry,chicken,Baseline,1529,0.191,9315,1.164,453,0.057,30.79,93392.0,66.62,186000.0,none
2026-07-28T20:18:47,2349.0,S010_Anish_chickenreal1,house_A,spoil_free_pcb_v1,pcb_A,chamber_A,poultry,chicken,Baseline,1528,0.191,9315,1.164,454,0.057,30.79,93392.0,66.61,191600.0,none
2026-07-28T20:18:49,2351.0,S010_Anish_chickenreal1,house_A,spoil_free_pcb_v1,pcb_A,chamber_A,poultry,chicken,Baseline,1523,0.19,9315,1.164,454,0.057,30.79,93398.0,66.64,186400.0,none
2026-07-28T20:18:51,2352.99,S010_Anish_chickenreal1,house_A,spoil_free_pcb_v1,pcb_A,chamber_A,poultry,chicken,Baseline,1522,0.19,9316,1.164,454,0.057,30.79,93396.0,66.63,186200.0,none
2026-07-28T20:18:53,2355.0,S010_Anish_chickenreal1,house_A,spoil_free_pcb_v1,pcb_A,chamber_A,poultry,chicken,Baseline,1518,0.19,9316,1.164,453,0.057,30.79,93392.0,66.63,185600.0,none
2026-07-28T20:18:55,2357.0,S010_Anish_chickenreal1,house_A,spoil_free_pcb_v1,pcb_A,chamber_A,poultry,chicken,Baseline,1517,0.19,9315,1.164,452,0.057,30.79,93392.0,66.63,185600.0,none
2026-07-28T20:18:57,2359.99,S010_Anish_chickenreal1,house_A,spoil_free_pcb_v1,pcb_A,chamber_A,poultry,chicken,Baseline,1511,0.189,9318,1.165,454,0.057,30.79,93392.0,66.65,186600.0,none
2026-07-28T20:18:59,2361.99,S010_Anish_chickenreal1,house_A,spoil_free_pcb_v1,pcb_A,chamber_A,poultry,chicken,Baseline,1508,0.189,9318,1.165,453,0.057,30.78,93392.0,66.65,185600.0,none
2026-07-28T20:19:01,2363.01,S010_Anish_chickenreal1,house_A,spoil_free_pcb_v1,pcb_A,chamber_A,poultry,chicken,Baseline,1508,0.189,9320,1.165,455,0.057,30.78,93394.0,66.67,186200.0,none
2026-07-28T20:19:03,2365.01,S010_Anish_chickenreal1,house_A,spoil_free_pcb_v1,pcb_A,chamber_A,poultry,chicken,Baseline,1512,0.189,9319,1.165,454,0.057,30.78,93394.0,66.67,183200.0,none
2026-07-28T20:19:05,2367.0,S010_Anish_chickenreal1,house_A,spoil_free_pcb_v1,pcb_A,chamber_A,poultry,chicken,Baseline,1518,0.19,9323,1.165,454,0.057,30.78,93394.0,66.68,182600.0,none
2026-07-28T20:19:07,2369.0,S010_Anish_chickenreal1,house_A,spoil_free_pcb_v1,pcb_A,chamber_A,poultry,chicken,Baseline,1523,0.19,9325,1.166,454,0.057,30.78,93394.0,66.69,185600.0,none
2026-07-28T20:19:09,2370.99,S010_Anish_chickenreal1,house_A,spoil_free_pcb_v1,pcb_A,chamber_A,poultry,chicken,Baseline,1529,0.191,9325,1.166,454,0.057,30.78,93394.0,66.68,186200.0,none
2026-07-28T20:19:11,2373.01,S010_Anish_chickenreal1,house_A,spoil_free_pcb_v1,pcb_A,chamber_A,poultry,chicken,Baseline,1536,0.192,9327,1.166,454,0.057,30.78,93394.0,66.67,184000.0,none
2026-07-28T20:19:13,2375.01,S010_Anish_chickenreal1,house_A,spoil_free_pcb_v1,pcb_A,chamber_A,poultry,chicken,Baseline,1538,0.192,9330,1.166,454,0.057,30.78,93394.0,66.68,186000.0,none
2026-07-28T20:19:15,2377.0,S010_Anish_chickenreal1,house_A,spoil_free_pcb_v1,pcb_A,chamber_A,poultry,chicken,Baseline,1535,0.192,9331,1.166,453,0.057,30.78,93394.0,66.69,186200.0,none
2026-07-28T20:19:17,2379.01,S010_Anish_chickenreal1,house_A,spoil_free_pcb_v1,pcb_A,chamber_A,poultry,chicken,Baseline,1529,0.191,9331,1.166,455,0.057,30.78,93394.0,66.7,186000.0,none
2026-07-28T20:19:19,2381.99,S010_Anish_chickenreal1,house_A,spoil_free_pcb_v1,pcb_A,chamber_A,poultry,chicken,Baseline,1522,0.19,9331,1.166,454,0.057,30.78,93394.0,66.71,185800.0,none
2026-07-28T20:19:21,2383.0,S010_Anish_chickenreal1,house_A,spoil_free_pcb_v1,pcb_A,chamber_A,poultry,chicken,Baseline,1521,0.19,9332,1.167,454,0.057,30.78,93394.0,66.72,185200.0,none
2026-07-28T20:19:23,2385.0,S010_Anish_chickenreal1,house_A,spoil_free_pcb_v1,pcb_A,chamber_A,poultry,chicken,Baseline,1515,0.189,9332,1.167,454,0.057,30.78,93394.0,66.72,185600.0,none
2026-07-28T20:19:25,2387.0,S010_Anish_chickenreal1,house_A,spoil_free_pcb_v1,pcb_A,chamber_A,poultry,chicken,Baseline,1513,0.189,9332,1.167,454,0.057,30.78,93394.0,66.71,187200.0,none
2026-07-28T20:19:27,2389.01,S010_Anish_chickenreal1,house_A,spoil_free_pcb_v1,pcb_A,chamber_A,poultry,chicken,Baseline,1508,0.189,9334,1.167,455,0.057,30.78,93396.0,66.72,184600.0,none
2026-07-28T20:19:29,2391.01,S010_Anish_chickenreal1,house_A,spoil_free_pcb_v1,pcb_A,chamber_A,poultry,chicken,Baseline,1510,0.189,9334,1.167,454,0.057,30.78,93396.0,66.72,185200.0,none
2026-07-28T20:19:31,2393.0,S010_Anish_chickenreal1,house_A,spoil_free_pcb_v1,pcb_A,chamber_A,poultry,chicken,Baseline,1515,0.189,9335,1.167,455,0.057,30.78,93396.0,66.72,186200.0,none
2026-07-28T20:19:33,2395.99,S010_Anish_chickenreal1,house_A,spoil_free_pcb_v1,pcb_A,chamber_A,poultry,chicken,Baseline,1519,0.19,9335,1.167,455,0.057,30.78,93396.0,66.71,186400.0,none
2026-07-28T20:19:35,2397.01,S010_Anish_chickenreal1,house_A,spoil_free_pcb_v1,pcb_A,chamber_A,poultry,chicken,Baseline,1524,0.191,9335,1.167,455,0.057,30.78,93396.0,66.75,185200.0,none
2026-07-28T20:19:37,2399.01,S010_Anish_chickenreal1,house_A,spoil_free_pcb_v1,pcb_A,chamber_A,poultry,chicken,Baseline,1527,0.191,9335,1.167,455,0.057,30.78,93396.0,66.76,185000.0,none
2026-07-28T20:19:39,2401.01,S010_Anish_chickenreal1,house_A,spoil_free_pcb_v1,pcb_A,chamber_A,poultry,chicken,Baseline,1530,0.191,9337,1.167,454,0.057,30.78,93396.0,66.76,185800.0,none
2026-07-28T20:19:41,2403.0,S010_Anish_chickenreal1,house_A,spoil_free_pcb_v1,pcb_A,chamber_A,poultry,chicken,Baseline,1537,0.192,9337,1.167,454,0.057,30.78,93396.0,66.78,183800.0,img_000004_20260728_201940.jpg
2026-07-28T20:19:43,2405.49,S010_Anish_chickenreal1,house_A,spoil_free_pcb_v1,pcb_A,chamber_A,poultry,chicken,Baseline,1531,0.191,9339,1.167,455,0.057,30.78,93396.0,66.79,185200.0,none
2026-07-28T20:19:45,2407.01,S010_Anish_chickenreal1,house_A,spoil_free_pcb_v1,pcb_A,chamber_A,poultry,chicken,Baseline,1533,0.192,9338,1.167,454,0.057,30.78,93396.0,66.81,184800.0,none
2026-07-28T20:19:47,2409.0,S010_Anish_chickenreal1,house_A,spoil_free_pcb_v1,pcb_A,chamber_A,poultry,chicken,Baseline,1536,0.192,9338,1.167,454,0.057,30.78,93396.0,66.81,184800.0,none
2026-07-28T20:19:49,2411.0,S010_Anish_chickenreal1,house_A,spoil_free_pcb_v1,pcb_A,chamber_A,poultry,chicken,Baseline,1532,0.192,9339,1.167,455,0.057,30.78,93396.0,66.81,183400.0,none
2026-07-28T20:19:51,2413.0,S010_Anish_chickenreal1,house_A,spoil_free_pcb_v1,pcb_A,chamber_A,poultry,chicken,Baseline,1530,0.191,9338,1.167,455,0.057,30.78,93394.0,66.8,184400.0,none
2026-07-28T20:19:53,2415.01,S010_Anish_chickenreal1,house_A,spoil_free_pcb_v1,pcb_A,chamber_A,poultry,chicken,Baseline,1529,0.191,9339,1.167,455,0.057,30.78,93394.0,66.79,184600.0,none
2026-07-28T20:19:55,2417.01,S010_Anish_chickenreal1,house_A,spoil_free_pcb_v1,pcb_A,chamber_A,poultry,chicken,Baseline,1526,0.191,9339,1.167,454,0.057,30.78,93394.0,66.8,184600.0,none
2026-07-28T20:19:57,2419.0,S010_Anish_chickenreal1,house_A,spoil_free_pcb_v1,pcb_A,chamber_A,poultry,chicken,Baseline,1525,0.191,9342,1.168,455,0.057,30.78,93394.0,66.79,184800.0,none
2026-07-28T20:19:59,2421.99,S010_Anish_chickenreal1,house_A,spoil_free_pcb_v1,pcb_A,chamber_A,poultry,chicken,Baseline,1526,0.191,9343,1.168,454,0.057,30.78,93394.0,66.79,185000.0,none
2026-07-28T20:20:01,2423.99,S010_Anish_chickenreal1,house_A,spoil_free_pcb_v1,pcb_A,chamber_A,poultry,chicken,Baseline,1523,0.19,9343,1.168,455,0.057,30.78,93394.0,66.82,183600.0,none
2026-07-28T20:20:03,2424.99,S010_Anish_chickenreal1,house_A,spoil_free_pcb_v1,pcb_A,chamber_A,poultry,chicken,Baseline,1521,0.19,9342,1.168,456,0.057,30.78,93394.0,66.82,184600.0,none
2026-07-28T20:20:05,2427.01,S010_Anish_chickenreal1,house_A,spoil_free_pcb_v1,pcb_A,chamber_A,poultry,chicken,Baseline,1522,0.19,9341,1.168,455,0.057,30.78,93394.0,66.83,183000.0,none
2026-07-28T20:20:07,2429.98,S010_Anish_chickenreal1,house_A,spoil_free_pcb_v1,pcb_A,chamber_A,poultry,chicken,Baseline,1521,0.19,9341,1.168,455,0.057,30.78,93394.0,66.84,185200.0,none
2026-07-28T20:20:09,2431.99,S010_Anish_chickenreal1,house_A,spoil_free_pcb_v1,pcb_A,chamber_A,poultry,chicken,Baseline,1522,0.19,9344,1.168,455,0.057,30.78,93394.0,66.86,184200.0,none
2026-07-28T20:20:11,2432.99,S010_Anish_chickenreal1,house_A,spoil_free_pcb_v1,pcb_A,chamber_A,poultry,chicken,Baseline,1523,0.19,9343,1.168,455,0.057,30.78,93394.0,66.87,183800.0,none
2026-07-28T20:20:13,2435.01,S010_Anish_chickenreal1,house_A,spoil_free_pcb_v1,pcb_A,chamber_A,poultry,chicken,Baseline,1524,0.191,9341,1.168,455,0.057,30.78,93396.0,66.88,183800.0,none
2026-07-28T20:20:15,2437.01,S010_Anish_chickenreal1,house_A,spoil_free_pcb_v1,pcb_A,chamber_A,poultry,chicken,Baseline,1525,0.191,9343,1.168,455,0.057,30.78,93396.0,66.85,184400.0,none
2026-07-28T20:20:17,2439.0,S010_Anish_chickenreal1,house_A,spoil_free_pcb_v1,pcb_A,chamber_A,poultry,chicken,Baseline,1527,0.191,9341,1.168,455,0.057,30.78,93396.0,66.83,184600.0,none
2026-07-28T20:20:19,2441.01,S010_Anish_chickenreal1,house_A,spoil_free_pcb_v1,pcb_A,chamber_A,poultry,chicken,Baseline,1525,0.191,9341,1.168,455,0.057,30.78,93396.0,66.83,182800.0,none
2026-07-28T20:20:21,2443.01,S010_Anish_chickenreal1,house_A,spoil_free_pcb_v1,pcb_A,chamber_A,poultry,chicken,Baseline,1528,0.191,9342,1.168,455,0.057,30.78,93396.0,66.83,183800.0,none
2026-07-28T20:20:23,2444.99,S010_Anish_chickenreal1,house_A,spoil_free_pcb_v1,pcb_A,chamber_A,poultry,chicken,Baseline,1528,0.191,9343,1.168,456,0.057,30.78,93396.0,66.81,181300.0,none
2026-07-28T20:20:25,2447.99,S010_Anish_chickenreal1,house_A,spoil_free_pcb_v1,pcb_A,chamber_A,poultry,chicken,Baseline,1530,0.191,9343,1.168,455,0.057,30.78,93396.0,66.83,182000.0,none
2026-07-28T20:20:27,2449.99,S010_Anish_chickenreal1,house_A,spoil_free_pcb_v1,pcb_A,chamber_A,poultry,chicken,Baseline,1532,0.192,9347,1.168,456,0.057,30.78,93396.0,66.83,184000.0,none
2026-07-28T20:20:29,2450.99,S010_Anish_chickenreal1,house_A,spoil_free_pcb_v1,pcb_A,chamber_A,poultry,chicken,Baseline,1531,0.191,9345,1.168,456,0.057,30.78,93396.0,66.83,184400.0,none
2026-07-28T20:20:31,2453.01,S010_Anish_chickenreal1,house_A,spoil_free_pcb_v1,pcb_A,chamber_A,poultry,chicken,Baseline,1530,0.191,9345,1.168,456,0.057,30.78,93396.0,66.85,183600.0,none
2026-07-28T20:20:33,2455.0,S010_Anish_chickenreal1,house_A,spoil_free_pcb_v1,pcb_A,chamber_A,poultry,chicken,Baseline,1531,0.191,9346,1.168,456,0.057,30.78,93396.0,66.86,183800.0,none
2026-07-28T20:20:35,2457.99,S010_Anish_chickenreal1,house_A,spoil_free_pcb_v1,pcb_A,chamber_A,poultry,chicken,Baseline,1530,0.191,9347,1.168,456,0.057,30.78,93398.0,66.9,182400.0,none
2026-07-28T20:20:37,2459.01,S010_Anish_chickenreal1,house_A,spoil_free_pcb_v1,pcb_A,chamber_A,poultry,chicken,Baseline,1532,0.192,9348,1.169,456,0.057,30.78,93398.0,66.92,182400.0,none
2026-07-28T20:20:39,2461.01,S010_Anish_chickenreal1,house_A,spoil_free_pcb_v1,pcb_A,chamber_A,poultry,chicken,Baseline,1531,0.191,9348,1.169,456,0.057,30.78,93396.0,66.93,183600.0,none
2026-07-28T20:20:41,2462.99,S010_Anish_chickenreal1,house_A,spoil_free_pcb_v1,pcb_A,chamber_A,poultry,chicken,Baseline,1532,0.192,9349,1.169,455,0.057,30.78,93396.0,66.92,182000.0,none
2026-07-28T20:20:43,2465.0,S010_Anish_chickenreal1,house_A,spoil_free_pcb_v1,pcb_A,chamber_A,poultry,chicken,Baseline,1534,0.192,9350,1.169,457,0.057,30.78,93396.0,66.93,182800.0,none
2026-07-28T20:20:45,2467.99,S010_Anish_chickenreal1,house_A,spoil_free_pcb_v1,pcb_A,chamber_A,poultry,chicken,Baseline,1534,0.192,9350,1.169,456,0.057,30.78,93396.0,66.92,182400.0,none
2026-07-28T20:20:47,2469.01,S010_Anish_chickenreal1,house_A,spoil_free_pcb_v1,pcb_A,chamber_A,poultry,chicken,Baseline,1534,0.192,9349,1.169,456,0.057,30.78,93396.0,66.93,182200.0,none
2026-07-28T20:20:49,2471.01,S010_Anish_chickenreal1,house_A,spoil_free_pcb_v1,pcb_A,chamber_A,poultry,chicken,Baseline,1534,0.192,9350,1.169,456,0.057,30.78,93396.0,66.91,183200.0,none
2026-07-28T20:20:51,2473.0,S010_Anish_chickenreal1,house_A,spoil_free_pcb_v1,pcb_A,chamber_A,poultry,chicken,Baseline,1533,0.192,9350,1.169,456,0.057,30.78,93396.0,66.92,183200.0,none
2026-07-28T20:20:53,2475.99,S010_Anish_chickenreal1,house_A,spoil_free_pcb_v1,pcb_A,chamber_A,poultry,chicken,Baseline,1532,0.192,9350,1.169,457,0.057,30.78,93396.0,66.93,183200.0,none
2026-07-28T20:20:55,2477.01,S010_Anish_chickenreal1,house_A,spoil_free_pcb_v1,pcb_A,chamber_A,poultry,chicken,Baseline,1531,0.191,9351,1.169,457,0.057,30.78,93394.0,66.94,183800.0,none
2026-07-28T20:20:57,2479.01,S010_Anish_chickenreal1,house_A,spoil_free_pcb_v1,pcb_A,chamber_A,poultry,chicken,Baseline,1533,0.192,9351,1.169,456,0.057,30.78,93394.0,66.95,180700.0,none
2026-07-28T20:20:59,2480.99,S010_Anish_chickenreal1,house_A,spoil_free_pcb_v1,pcb_A,chamber_A,poultry,chicken,Baseline,1530,0.191,9352,1.169,455,0.057,30.78,93394.0,66.95,182800.0,none
2026-07-28T20:21:01,2483.99,S010_Anish_chickenreal1,house_A,spoil_free_pcb_v1,pcb_A,chamber_A,poultry,chicken,Baseline,1529,0.191,9353,1.169,456,0.057,30.78,93394.0,66.98,184600.0,none
2026-07-28T20:21:03,2485.01,S010_Anish_chickenreal1,house_A,spoil_free_pcb_v1,pcb_A,chamber_A,poultry,chicken,Baseline,1529,0.191,9353,1.169,457,0.057,30.78,93394.0,66.98,182800.0,none
2026-07-28T20:21:05,2486.99,S010_Anish_chickenreal1,house_A,spoil_free_pcb_v1,pcb_A,chamber_A,poultry,chicken,Baseline,1530,0.191,9354,1.169,457,0.057,30.78,93394.0,67.0,183400.0,none
2026-07-28T20:21:07,2488.99,S010_Anish_chickenreal1,house_A,spoil_free_pcb_v1,pcb_A,chamber_A,poultry,chicken,Baseline,1529,0.191,9354,1.169,457,0.057,30.78,93394.0,67.0,182400.0,none
2026-07-28T20:21:09,2491.0,S010_Anish_chickenreal1,house_A,spoil_free_pcb_v1,pcb_A,chamber_A,poultry,chicken,Baseline,1529,0.191,9355,1.169,457,0.057,30.78,93394.0,67.03,182200.0,none
2026-07-28T20:21:11,2493.0,S010_Anish_chickenreal1,house_A,spoil_free_pcb_v1,pcb_A,chamber_A,poultry,chicken,Baseline,1529,0.191,9355,1.169,456,0.057,30.78,93394.0,67.05,183200.0,none
2026-07-28T20:21:13,2495.01,S010_Anish_chickenreal1,house_A,spoil_free_pcb_v1,pcb_A,chamber_A,poultry,chicken,Baseline,1529,0.191,9357,1.17,456,0.057,30.78,93394.0,67.06,182000.0,none
2026-07-28T20:21:15,2497.01,S010_Anish_chickenreal1,house_A,spoil_free_pcb_v1,pcb_A,chamber_A,poultry,chicken,Baseline,1533,0.192,9355,1.169,457,0.057,30.78,93394.0,67.07,180500.0,none
2026-07-28T20:21:17,2499.0,S010_Anish_chickenreal1,house_A,spoil_free_pcb_v1,pcb_A,chamber_A,poultry,chicken,Baseline,1531,0.191,9358,1.17,457,0.057,30.78,93394.0,67.1,181800.0,none
2026-07-28T20:21:19,2501.99,S010_Anish_chickenreal1,house_A,spoil_free_pcb_v1,pcb_A,chamber_A,poultry,chicken,Baseline,1534,0.192,9358,1.17,456,0.057,30.78,93394.0,67.11,182400.0,none
2026-07-28T20:21:21,2502.99,S010_Anish_chickenreal1,house_A,spoil_free_pcb_v1,pcb_A,chamber_A,poultry,chicken,Baseline,1537,0.192,9358,1.17,457,0.057,30.78,93394.0,67.12,181100.0,none
2026-07-28T20:21:23,2504.99,S010_Anish_chickenreal1,house_A,spoil_free_pcb_v1,pcb_A,chamber_A,poultry,chicken,Baseline,1538,0.192,9358,1.17,456,0.057,30.78,93394.0,67.12,182400.0,none
2026-07-28T20:21:25,2506.99,S010_Anish_chickenreal1,house_A,spoil_free_pcb_v1,pcb_A,chamber_A,poultry,chicken,Baseline,1540,0.193,9357,1.17,457,0.057,30.78,93394.0,67.12,181600.0,none
2026-07-28T20:21:27,2508.99,S010_Anish_chickenreal1,house_A,spoil_free_pcb_v1,pcb_A,chamber_A,poultry,chicken,Baseline,1540,0.193,9358,1.17,458,0.057,30.78,93394.0,67.12,181800.0,none
2026-07-28T20:21:29,2511.99,S010_Anish_chickenreal1,house_A,spoil_free_pcb_v1,pcb_A,chamber_A,poultry,chicken,Baseline,1541,0.193,9359,1.17,457,0.057,30.78,93394.0,67.13,181800.0,none
2026-07-28T20:21:31,2512.99,S010_Anish_chickenreal1,house_A,spoil_free_pcb_v1,pcb_A,chamber_A,poultry,chicken,Baseline,1540,0.193,9360,1.17,457,0.057,30.78,93394.0,67.14,181400.0,none
2026-07-28T20:21:33,2515.01,S010_Anish_chickenreal1,house_A,spoil_free_pcb_v1,pcb_A,chamber_A,poultry,chicken,Baseline,1540,0.193,9360,1.17,457,0.057,30.78,93396.0,67.15,181800.0,none
2026-07-28T20:21:35,2516.99,S010_Anish_chickenreal1,house_A,spoil_free_pcb_v1,pcb_A,chamber_A,poultry,chicken,Baseline,1541,0.193,9360,1.17,457,0.057,30.78,93396.0,67.14,181100.0,none
2026-07-28T20:21:37,2519.0,S010_Anish_chickenreal1,house_A,spoil_free_pcb_v1,pcb_A,chamber_A,poultry,chicken,Baseline,1540,0.193,9360,1.17,457,0.057,30.78,93396.0,67.17,182000.0,none
2026-07-28T20:21:39,2521.99,S010_Anish_chickenreal1,house_A,spoil_free_pcb_v1,pcb_A,chamber_A,poultry,chicken,Baseline,1540,0.193,9361,1.17,458,0.057,30.79,93396.0,67.17,182200.0,none
2026-07-28T20:21:41,2523.01,S010_Anish_chickenreal1,house_A,spoil_free_pcb_v1,pcb_A,chamber_A,poultry,chicken,Baseline,1539,0.192,9362,1.17,457,0.057,30.78,93396.0,67.16,180500.0,none
2026-07-28T20:21:43,2525.0,S010_Anish_chickenreal1,house_A,spoil_free_pcb_v1,pcb_A,chamber_A,poultry,chicken,Baseline,1536,0.192,9362,1.17,457,0.057,30.78,93396.0,67.18,181300.0,none
2026-07-28T20:21:45,2527.99,S010_Anish_chickenreal1,house_A,spoil_free_pcb_v1,pcb_A,chamber_A,poultry,chicken,Baseline,1535,0.192,9363,1.17,458,0.057,30.78,93396.0,67.18,181300.0,none
2026-07-28T20:21:47,2529.99,S010_Anish_chickenreal1,house_A,spoil_free_pcb_v1,pcb_A,chamber_A,poultry,chicken,Baseline,1532,0.192,9362,1.17,457,0.057,30.78,93396.0,67.17,181100.0,none
2026-07-28T20:21:49,2530.99,S010_Anish_chickenreal1,house_A,spoil_free_pcb_v1,pcb_A,chamber_A,poultry,chicken,Baseline,1531,0.191,9362,1.17,458,0.057,30.78,93396.0,67.18,180700.0,none
2026-07-28T20:21:51,2533.01,S010_Anish_chickenreal1,house_A,spoil_free_pcb_v1,pcb_A,chamber_A,poultry,chicken,Baseline,1531,0.191,9362,1.17,457,0.057,30.78,93396.0,67.17,180700.0,none
2026-07-28T20:21:53,2535.0,S010_Anish_chickenreal1,house_A,spoil_free_pcb_v1,pcb_A,chamber_A,poultry,chicken,Baseline,1530,0.191,9363,1.17,457,0.057,30.78,93396.0,67.19,180100.0,none
2026-07-28T20:21:55,2537.99,S010_Anish_chickenreal1,house_A,spoil_free_pcb_v1,pcb_A,chamber_A,poultry,chicken,Baseline,1528,0.191,9364,1.171,458,0.057,30.79,93396.0,67.18,182000.0,none
2026-07-28T20:21:57,2539.0,S010_Anish_chickenreal1,house_A,spoil_free_pcb_v1,pcb_A,chamber_A,poultry,chicken,Baseline,1530,0.191,9364,1.171,457,0.057,30.79,93396.0,67.2,181400.0,none
2026-07-28T20:21:59,2541.01,S010_Anish_chickenreal1,house_A,spoil_free_pcb_v1,pcb_A,chamber_A,poultry,chicken,Baseline,1527,0.191,9363,1.17,457,0.057,30.79,93396.0,67.21,180100.0,none
2026-07-28T20:22:01,2542.99,S010_Anish_chickenreal1,house_A,spoil_free_pcb_v1,pcb_A,chamber_A,poultry,chicken,Baseline,1529,0.191,9364,1.171,457,0.057,30.79,93398.0,67.21,180900.0,none
2026-07-28T20:22:03,2545.0,S010_Anish_chickenreal1,house_A,spoil_free_pcb_v1,pcb_A,chamber_A,poultry,chicken,Baseline,1528,0.191,9363,1.17,457,0.057,30.79,93396.0,67.23,180700.0,none
2026-07-28T20:22:05,2547.99,S010_Anish_chickenreal1,house_A,spoil_free_pcb_v1,pcb_A,chamber_A,poultry,chicken,Baseline,1528,0.191,9365,1.171,456,0.057,30.79,93396.0,67.23,180300.0,none
2026-07-28T20:22:07,2549.0,S010_Anish_chickenreal1,house_A,spoil_free_pcb_v1,pcb_A,chamber_A,poultry,chicken,Baseline,1528,0.191,9364,1.171,457,0.057,30.79,93396.0,67.25,180500.0,none
2026-07-28T20:22:09,2551.0,S010_Anish_chickenreal1,house_A,spoil_free_pcb_v1,pcb_A,chamber_A,poultry,chicken,Baseline,1527,0.191,9364,1.171,457,0.057,30.79,93396.0,67.25,181600.0,none
2026-07-28T20:22:11,2553.0,S010_Anish_chickenreal1,house_A,spoil_free_pcb_v1,pcb_A,chamber_A,poultry,chicken,Baseline,1529,0.191,9365,1.171,458,0.057,30.79,93400.0,67.24,180500.0,none
2026-07-28T20:22:13,2555.0,S010_Anish_chickenreal1,house_A,spoil_free_pcb_v1,pcb_A,chamber_A,poultry,chicken,Baseline,1526,0.191,9365,1.171,457,0.057,30.79,93400.0,67.25,179700.0,none
2026-07-28T20:22:15,2557.01,S010_Anish_chickenreal1,house_A,spoil_free_pcb_v1,pcb_A,chamber_A,poultry,chicken,Baseline,1528,0.191,9367,1.171,457,0.057,30.79,93400.0,67.25,180100.0,none
2026-07-28T20:22:17,2559.01,S010_Anish_chickenreal1,house_A,spoil_free_pcb_v1,pcb_A,chamber_A,poultry,chicken,Baseline,1528,0.191,9366,1.171,457,0.057,30.79,93400.0,67.25,181400.0,none
2026-07-28T20:22:19,2561.0,S010_Anish_chickenreal1,house_A,spoil_free_pcb_v1,pcb_A,chamber_A,poultry,chicken,Baseline,1528,0.191,9367,1.171,458,0.057,30.79,93400.0,67.24,181800.0,none
2026-07-28T20:22:21,2563.99,S010_Anish_chickenreal1,house_A,spoil_free_pcb_v1,pcb_A,chamber_A,poultry,chicken,Baseline,1529,0.191,9367,1.171,458,0.057,30.79,93400.0,67.25,182000.0,none
2026-07-28T20:22:23,2565.99,S010_Anish_chickenreal1,house_A,spoil_free_pcb_v1,pcb_A,chamber_A,poultry,chicken,Baseline,1526,0.191,9367,1.171,456,0.057,30.79,93400.0,67.25,180900.0,none
2026-07-28T20:22:25,2567.01,S010_Anish_chickenreal1,house_A,spoil_free_pcb_v1,pcb_A,chamber_A,poultry,chicken,Baseline,1530,0.191,9368,1.171,458,0.057,30.79,93400.0,67.25,180100.0,none
2026-07-28T20:22:27,2568.99,S010_Anish_chickenreal1,house_A,spoil_free_pcb_v1,pcb_A,chamber_A,poultry,chicken,Baseline,1530,0.191,9367,1.171,459,0.057,30.79,93400.0,67.25,180100.0,none
2026-07-28T20:22:29,2571.99,S010_Anish_chickenreal1,house_A,spoil_free_pcb_v1,pcb_A,chamber_A,poultry,chicken,Baseline,1528,0.191,9367,1.171,458,0.057,30.79,93400.0,67.28,180900.0,none
2026-07-28T20:22:31,2573.99,S010_Anish_chickenreal1,house_A,spoil_free_pcb_v1,pcb_A,chamber_A,poultry,chicken,Baseline,1530,0.191,9367,1.171,457,0.057,30.79,93400.0,67.28,180300.0,none
2026-07-28T20:22:33,2575.01,S010_Anish_chickenreal1,house_A,spoil_free_pcb_v1,pcb_A,chamber_A,poultry,chicken,Baseline,1533,0.192,9368,1.171,457,0.057,30.79,93400.0,67.31,180100.0,none
2026-07-28T20:22:35,2577.0,S010_Anish_chickenreal1,house_A,spoil_free_pcb_v1,pcb_A,chamber_A,poultry,chicken,Baseline,1533,0.192,9368,1.171,458,0.057,30.79,93400.0,67.31,181300.0,none
2026-07-28T20:22:37,2578.99,S010_Anish_chickenreal1,house_A,spoil_free_pcb_v1,pcb_A,chamber_A,poultry,chicken,Baseline,1532,0.192,9369,1.171,458,0.057,30.79,93400.0,67.31,180300.0,none
2026-07-28T20:22:39,2581.0,S010_Anish_chickenreal1,house_A,spoil_free_pcb_v1,pcb_A,chamber_A,poultry,chicken,Baseline,1533,0.192,9369,1.171,458,0.057,30.79,93398.0,67.33,180900.0,none
2026-07-28T20:22:41,2583.99,S010_Anish_chickenreal1,house_A,spoil_free_pcb_v1,pcb_A,chamber_A,poultry,chicken,Baseline,1536,0.192,9369,1.171,458,0.057,30.79,93398.0,67.33,179300.0,none
2026-07-28T20:22:43,2585.0,S010_Anish_chickenreal1,house_A,spoil_free_pcb_v1,pcb_A,chamber_A,poultry,chicken,Baseline,1536,0.192,9369,1.171,458,0.057,30.79,93398.0,67.33,180500.0,none
2026-07-28T20:22:45,2587.01,S010_Anish_chickenreal1,house_A,spoil_free_pcb_v1,pcb_A,chamber_A,poultry,chicken,Baseline,1538,0.192,9369,1.171,458,0.057,30.79,93398.0,67.32,180100.0,none
2026-07-28T20:22:47,2589.0,S010_Anish_chickenreal1,house_A,spoil_free_pcb_v1,pcb_A,chamber_A,poultry,chicken,Baseline,1538,0.192,9370,1.171,458,0.057,30.79,93398.0,67.32,179500.0,none
2026-07-28T20:22:49,2591.99,S010_Anish_chickenreal1,house_A,spoil_free_pcb_v1,pcb_A,chamber_A,poultry,chicken,Baseline,1540,0.193,9367,1.171,457,0.057,30.79,93398.0,67.31,179700.0,none
2026-07-28T20:22:51,2592.99,S010_Anish_chickenreal1,house_A,spoil_free_pcb_v1,pcb_A,chamber_A,poultry,chicken,Baseline,1542,0.193,9367,1.171,458,0.057,30.8,93398.0,67.33,179000.0,none
2026-07-28T20:22:53,2594.99,S010_Anish_chickenreal1,house_A,spoil_free_pcb_v1,pcb_A,chamber_A,poultry,chicken,Baseline,1539,0.192,9367,1.171,458,0.057,30.8,93398.0,67.31,179900.0,none
2026-07-28T20:22:55,2597.0,S010_Anish_chickenreal1,house_A,spoil_free_pcb_v1,pcb_A,chamber_A,poultry,chicken,Baseline,1540,0.193,9366,1.171,460,0.058,30.79,93398.0,67.28,179300.0,none
2026-07-28T20:22:57,2599.99,S010_Anish_chickenreal1,house_A,spoil_free_pcb_v1,pcb_A,chamber_A,poultry,chicken,Baseline,1540,0.193,9365,1.171,458,0.057,30.79,93396.0,67.28,180300.0,none
2026-07-28T20:22:59,2600.99,S010_Anish_chickenreal1,house_A,spoil_free_pcb_v1,pcb_A,chamber_A,poultry,chicken,Baseline,1540,0.193,9364,1.171,458,0.057,30.79,93396.0,67.29,180300.0,none
2026-07-28T20:23:01,2603.0,S010_Anish_chickenreal1,house_A,spoil_free_pcb_v1,pcb_A,chamber_A,poultry,chicken,Baseline,1541,0.193,9361,1.17,458,0.057,30.79,93396.0,67.27,179300.0,none
2026-07-28T20:23:03,2604.99,S010_Anish_chickenreal1,house_A,spoil_free_pcb_v1,pcb_A,chamber_A,poultry,chicken,Baseline,1539,0.192,9361,1.17,458,0.057,30.79,93396.0,67.28,179900.0,none
2026-07-28T20:23:05,2607.0,S010_Anish_chickenreal1,house_A,spoil_free_pcb_v1,pcb_A,chamber_A,poultry,chicken,Baseline,1538,0.192,9361,1.17,458,0.057,30.79,93396.0,67.28,179300.0,none
2026-07-28T20:23:07,2609.99,S010_Anish_chickenreal1,house_A,spoil_free_pcb_v1,pcb_A,chamber_A,poultry,chicken,Baseline,1539,0.192,9360,1.17,458,0.057,30.79,93396.0,67.28,179200.0,none
2026-07-28T20:23:09,2611.0,S010_Anish_chickenreal1,house_A,spoil_free_pcb_v1,pcb_A,chamber_A,poultry,chicken,Baseline,1538,0.192,9360,1.17,458,0.057,30.8,93396.0,67.27,180300.0,none
2026-07-28T20:23:11,2612.99,S010_Anish_chickenreal1,house_A,spoil_free_pcb_v1,pcb_A,chamber_A,poultry,chicken,Baseline,1538,0.192,9359,1.17,458,0.057,30.8,93396.0,67.29,180300.0,none
2026-07-28T20:23:13,2615.0,S010_Anish_chickenreal1,house_A,spoil_free_pcb_v1,pcb_A,chamber_A,poultry,chicken,Baseline,1537,0.192,9359,1.17,459,0.057,30.8,93396.0,67.26,179200.0,none
2026-07-28T20:23:15,2617.0,S010_Anish_chickenreal1,house_A,spoil_free_pcb_v1,pcb_A,chamber_A,poultry,chicken,Baseline,1537,0.192,9357,1.17,459,0.057,30.8,93396.0,67.29,176700.0,none
2026-07-28T20:23:17,2619.99,S010_Anish_chickenreal1,house_A,spoil_free_pcb_v1,pcb_A,chamber_A,poultry,chicken,Baseline,1537,0.192,9355,1.169,458,0.057,30.8,93396.0,67.28,178400.0,none
2026-07-28T20:23:19,2621.01,S010_Anish_chickenreal1,house_A,spoil_free_pcb_v1,pcb_A,chamber_A,poultry,chicken,Baseline,1536,0.192,9354,1.169,459,0.057,30.8,93396.0,67.29,177100.0,none
2026-07-28T20:23:21,2623.01,S010_Anish_chickenreal1,house_A,spoil_free_pcb_v1,pcb_A,chamber_A,poultry,chicken,Baseline,1533,0.192,9353,1.169,459,0.057,30.8,93398.0,67.29,179300.0,none
2026-07-28T20:23:23,2625.98,S010_Anish_chickenreal1,house_A,spoil_free_pcb_v1,pcb_A,chamber_A,poultry,chicken,Baseline,1533,0.192,9353,1.169,458,0.057,30.8,93398.0,67.29,179200.0,none
2026-07-28T20:23:25,2627.99,S010_Anish_chickenreal1,house_A,spoil_free_pcb_v1,pcb_A,chamber_A,poultry,chicken,Baseline,1532,0.192,9352,1.169,459,0.057,30.8,93398.0,67.29,180300.0,none
2026-07-28T20:23:27,2628.99,S010_Anish_chickenreal1,house_A,spoil_free_pcb_v1,pcb_A,chamber_A,poultry,chicken,Baseline,1530,0.191,9350,1.169,459,0.057,30.8,93398.0,67.3,176200.0,none
2026-07-28T20:23:29,2630.99,S010_Anish_chickenreal1,house_A,spoil_free_pcb_v1,pcb_A,chamber_A,poultry,chicken,Baseline,1529,0.191,9350,1.169,457,0.057,30.8,93398.0,67.29,179500.0,none
2026-07-28T20:23:31,2633.0,S010_Anish_chickenreal1,house_A,spoil_free_pcb_v1,pcb_A,chamber_A,poultry,chicken,Baseline,1528,0.191,9348,1.169,458,0.057,30.8,93396.0,67.3,177900.0,none
2026-07-28T20:23:33,2635.99,S010_Anish_chickenreal1,house_A,spoil_free_pcb_v1,pcb_A,chamber_A,poultry,chicken,Baseline,1527,0.191,9349,1.169,459,0.057,30.8,93398.0,67.29,179700.0,none
2026-07-28T20:23:35,2637.0,S010_Anish_chickenreal1,house_A,spoil_free_pcb_v1,pcb_A,chamber_A,poultry,chicken,Baseline,1526,0.191,9348,1.169,458,0.057,30.8,93398.0,67.32,179300.0,none
2026-07-28T20:23:37,2639.0,S010_Anish_chickenreal1,house_A,spoil_free_pcb_v1,pcb_A,chamber_A,poultry,chicken,Baseline,1524,0.191,9345,1.168,459,0.057,30.8,93396.0,67.3,180300.0,none
2026-07-28T20:23:39,2640.99,S010_Anish_chickenreal1,house_A,spoil_free_pcb_v1,pcb_A,chamber_A,poultry,chicken,Baseline,1524,0.191,9346,1.168,459,0.057,30.8,93396.0,67.29,179700.0,none
2026-07-28T20:23:41,2643.0,S010_Anish_chickenreal1,house_A,spoil_free_pcb_v1,pcb_A,chamber_A,poultry,chicken,Baseline,1525,0.191,9345,1.168,458,0.057,30.8,93396.0,67.31,178600.0,none
2026-07-28T20:23:43,2645.99,S010_Anish_chickenreal1,house_A,spoil_free_pcb_v1,pcb_A,chamber_A,poultry,chicken,Baseline,1525,0.191,9343,1.168,459,0.057,30.8,93396.0,67.3,179200.0,none
2026-07-28T20:23:45,2647.0,S010_Anish_chickenreal1,house_A,spoil_free_pcb_v1,pcb_A,chamber_A,poultry,chicken,Baseline,1524,0.191,9341,1.168,459,0.057,30.8,93396.0,67.32,180100.0,none
2026-07-28T20:23:47,2649.0,S010_Anish_chickenreal1,house_A,spoil_free_pcb_v1,pcb_A,chamber_A,poultry,chicken,Baseline,1524,0.191,9342,1.168,460,0.058,30.8,93396.0,67.32,179700.0,none
2026-07-28T20:23:49,2651.0,S010_Anish_chickenreal1,house_A,spoil_free_pcb_v1,pcb_A,chamber_A,poultry,chicken,Baseline,1524,0.191,9340,1.168,459,0.057,30.8,93396.0,67.3,179700.0,none
2026-07-28T20:23:51,2653.99,S010_Anish_chickenreal1,house_A,spoil_free_pcb_v1,pcb_A,chamber_A,poultry,chicken,Baseline,1525,0.191,9339,1.167,459,0.057,30.8,93396.0,67.32,176600.0,none
2026-07-28T20:23:53,2655.01,S010_Anish_chickenreal1,house_A,spoil_free_pcb_v1,pcb_A,chamber_A,poultry,chicken,Baseline,1527,0.191,9338,1.167,459,0.057,30.8,93396.0,67.32,179300.0,none
2026-07-28T20:23:55,2657.99,S010_Anish_chickenreal1,house_A,spoil_free_pcb_v1,pcb_A,chamber_A,poultry,chicken,Baseline,1525,0.191,9338,1.167,459,0.057,30.8,93396.0,67.32,179900.0,none
2026-07-28T20:23:57,2658.99,S010_Anish_chickenreal1,house_A,spoil_free_pcb_v1,pcb_A,chamber_A,poultry,chicken,Baseline,1527,0.191,9337,1.167,459,0.057,30.8,93396.0,67.33,179700.0,none
2026-07-28T20:23:59,2661.0,S010_Anish_chickenreal1,house_A,spoil_free_pcb_v1,pcb_A,chamber_A,poultry,chicken,Baseline,1529,0.191,9336,1.167,459,0.057,30.8,93396.0,67.32,179700.0,none
2026-07-28T20:24:01,2663.0,S010_Anish_chickenreal1,house_A,spoil_free_pcb_v1,pcb_A,chamber_A,poultry,chicken,Baseline,1530,0.191,9336,1.167,459,0.057,30.8,93396.0,67.33,178600.0,none
2026-07-28T20:24:03,2665.0,S010_Anish_chickenreal1,house_A,spoil_free_pcb_v1,pcb_A,chamber_A,poultry,chicken,Baseline,1531,0.191,9335,1.167,460,0.058,30.81,93396.0,67.33,179300.0,none
2026-07-28T20:24:05,2666.99,S010_Anish_chickenreal1,house_A,spoil_free_pcb_v1,pcb_A,chamber_A,poultry,chicken,Baseline,1534,0.192,9335,1.167,459,0.057,30.81,93396.0,67.35,178400.0,none
2026-07-28T20:24:07,2668.99,S010_Anish_chickenreal1,house_A,spoil_free_pcb_v1,pcb_A,chamber_A,poultry,chicken,Baseline,1534,0.192,9332,1.167,459,0.057,30.81,93396.0,67.35,178600.0,none
2026-07-28T20:24:09,2671.0,S010_Anish_chickenreal1,house_A,spoil_free_pcb_v1,pcb_A,chamber_A,poultry,chicken,Baseline,1535,0.192,9332,1.167,459,0.057,30.81,93396.0,67.36,179300.0,none
2026-07-28T20:24:11,2673.0,S010_Anish_chickenreal1,house_A,spoil_free_pcb_v1,pcb_A,chamber_A,poultry,chicken,Baseline,1537,0.192,9331,1.166,459,0.057,30.81,93396.0,67.36,179500.0,none
2026-07-28T20:24:13,2675.99,S010_Anish_chickenreal1,house_A,spoil_free_pcb_v1,pcb_A,chamber_A,poultry,chicken,Baseline,1535,0.192,9331,1.166,459,0.057,30.81,93396.0,67.35,178800.0,none
2026-07-28T20:24:15,2676.99,S010_Anish_chickenreal1,house_A,spoil_free_pcb_v1,pcb_A,chamber_A,poultry,chicken,Baseline,1533,0.192,9330,1.166,459,0.057,30.81,93396.0,67.37,178600.0,none
2026-07-28T20:24:17,2679.0,S010_Anish_chickenreal1,house_A,spoil_free_pcb_v1,pcb_A,chamber_A,poultry,chicken,Baseline,1533,0.192,9328,1.166,459,0.057,30.81,93396.0,67.39,179700.0,none
2026-07-28T20:24:19,2681.01,S010_Anish_chickenreal1,house_A,spoil_free_pcb_v1,pcb_A,chamber_A,poultry,chicken,Baseline,1530,0.191,9327,1.166,459,0.057,30.81,93396.0,67.38,179200.0,none
2026-07-28T20:24:21,2683.0,S010_Anish_chickenreal1,house_A,spoil_free_pcb_v1,pcb_A,chamber_A,poultry,chicken,Baseline,1525,0.191,9324,1.166,459,0.057,30.81,93394.0,67.38,178800.0,none
2026-07-28T20:24:23,2684.99,S010_Anish_chickenreal1,house_A,spoil_free_pcb_v1,pcb_A,chamber_A,poultry,chicken,Baseline,1524,0.191,9324,1.166,459,0.057,30.81,93394.0,67.38,178400.0,none
2026-07-28T20:24:25,2687.98,S010_Anish_chickenreal1,house_A,spoil_free_pcb_v1,pcb_A,chamber_A,poultry,chicken,Baseline,1523,0.19,9322,1.165,460,0.058,30.81,93398.0,67.37,179900.0,none
2026-07-28T20:24:27,2689.0,S010_Anish_chickenreal1,house_A,spoil_free_pcb_v1,pcb_A,chamber_A,poultry,chicken,Baseline,1520,0.19,9319,1.165,459,0.057,30.81,93396.0,67.36,179200.0,none
2026-07-28T20:24:29,2691.0,S010_Anish_chickenreal1,house_A,spoil_free_pcb_v1,pcb_A,chamber_A,poultry,chicken,Baseline,1521,0.19,9316,1.164,459,0.057,30.81,93396.0,67.36,180100.0,none
2026-07-28T20:24:31,2692.99,S010_Anish_chickenreal1,house_A,spoil_free_pcb_v1,pcb_A,chamber_A,poultry,chicken,Baseline,1522,0.19,9313,1.164,459,0.057,30.81,93396.0,67.34,179900.0,none
2026-07-28T20:24:33,2695.0,S010_Anish_chickenreal1,house_A,spoil_free_pcb_v1,pcb_A,chamber_A,poultry,chicken,Baseline,1524,0.191,9312,1.164,461,0.058,30.81,93396.0,67.36,179300.0,none
2026-07-28T20:24:35,2697.99,S010_Anish_chickenreal1,house_A,spoil_free_pcb_v1,pcb_A,chamber_A,poultry,chicken,Baseline,1524,0.191,9309,1.164,460,0.058,30.81,93396.0,67.34,177500.0,none
2026-07-28T20:24:37,2699.99,S010_Anish_chickenreal1,house_A,spoil_free_pcb_v1,pcb_A,chamber_A,poultry,chicken,Baseline,1526,0.191,9308,1.164,459,0.057,30.81,93396.0,67.35,179300.0,none
2026-07-28T20:24:39,2701.01,S010_Anish_chickenreal1,house_A,spoil_free_pcb_v1,pcb_A,chamber_A,poultry,chicken,Baseline,1526,0.191,9307,1.163,459,0.057,30.81,93396.0,67.33,178800.0,none
2026-07-28T20:24:41,2702.99,S010_Anish_chickenreal1,house_A,spoil_free_pcb_v1,pcb_A,chamber_A,poultry,chicken,Baseline,1529,0.191,9305,1.163,459,0.057,30.81,93396.0,67.33,179900.0,img_000005_20260728_202440.jpg
2026-07-28T20:24:43,2705.53,S010_Anish_chickenreal1,house_A,spoil_free_pcb_v1,pcb_A,chamber_A,poultry,chicken,Baseline,1530,0.191,9304,1.163,460,0.058,30.81,93394.0,67.33,178600.0,none
2026-07-28T20:24:45,2707.0,S010_Anish_chickenreal1,house_A,spoil_free_pcb_v1,pcb_A,chamber_A,poultry,chicken,Baseline,1533,0.192,9301,1.163,460,0.058,30.81,93394.0,67.32,180100.0,none
2026-07-28T20:24:47,2709.0,S010_Anish_chickenreal1,house_A,spoil_free_pcb_v1,pcb_A,chamber_A,poultry,chicken,Baseline,1534,0.192,9299,1.162,460,0.058,30.81,93394.0,67.34,178600.0,none
2026-07-28T20:24:49,2711.01,S010_Anish_chickenreal1,house_A,spoil_free_pcb_v1,pcb_A,chamber_A,poultry,chicken,Baseline,1532,0.192,9298,1.162,459,0.057,30.81,93394.0,67.34,179500.0,none
2026-07-28T20:24:51,2713.0,S010_Anish_chickenreal1,house_A,spoil_free_pcb_v1,pcb_A,chamber_A,poultry,chicken,Baseline,1530,0.191,9298,1.162,460,0.058,30.81,93394.0,67.33,178200.0,none
2026-07-28T20:24:53,2715.99,S010_Anish_chickenreal1,house_A,spoil_free_pcb_v1,pcb_A,chamber_A,poultry,chicken,Baseline,1530,0.191,9295,1.162,460,0.058,30.82,93394.0,67.35,179300.0,none
2026-07-28T20:24:55,2717.0,S010_Anish_chickenreal1,house_A,spoil_free_pcb_v1,pcb_A,chamber_A,poultry,chicken,Baseline,1528,0.191,9295,1.162,459,0.057,30.82,93394.0,67.36,179200.0,none
2026-07-28T20:24:57,2719.01,S010_Anish_chickenreal1,house_A,spoil_free_pcb_v1,pcb_A,chamber_A,poultry,chicken,Baseline,1523,0.19,9293,1.162,459,0.057,30.82,93394.0,67.37,179700.0,none
2026-07-28T20:24:59,2720.99,S010_Anish_chickenreal1,house_A,spoil_free_pcb_v1,pcb_A,chamber_A,poultry,chicken,Baseline,1523,0.19,9289,1.161,460,0.058,30.82,93394.0,67.37,179200.0,none
2026-07-28T20:25:01,2723.98,S010_Anish_chickenreal1,house_A,spoil_free_pcb_v1,pcb_A,chamber_A,poultry,chicken,Baseline,1520,0.19,9291,1.161,460,0.058,30.82,93394.0,67.39,179500.0,none
2026-07-28T20:25:03,2725.99,S010_Anish_chickenreal1,house_A,spoil_free_pcb_v1,pcb_A,chamber_A,poultry,chicken,Baseline,1518,0.19,9287,1.161,459,0.057,30.82,93394.0,67.39,179000.0,none
2026-07-28T20:25:05,2727.0,S010_Anish_chickenreal1,house_A,spoil_free_pcb_v1,pcb_A,chamber_A,poultry,chicken,Baseline,1520,0.19,9285,1.161,460,0.058,30.82,93394.0,67.39,179500.0,none
2026-07-28T20:25:07,2728.99,S010_Anish_chickenreal1,house_A,spoil_free_pcb_v1,pcb_A,chamber_A,poultry,chicken,Baseline,1517,0.19,9283,1.16,461,0.058,30.82,93394.0,67.38,179000.0,none
2026-07-28T20:25:09,2731.0,S010_Anish_chickenreal1,house_A,spoil_free_pcb_v1,pcb_A,chamber_A,poultry,chicken,Baseline,1520,0.19,9281,1.16,460,0.058,30.82,93396.0,67.37,178200.0,none
2026-07-28T20:25:11,2733.0,S010_Anish_chickenreal1,house_A,spoil_free_pcb_v1,pcb_A,chamber_A,poultry,chicken,Baseline,1522,0.19,9279,1.16,460,0.058,30.82,93396.0,67.36,176900.0,none
2026-07-28T20:25:13,2734.99,S010_Anish_chickenreal1,house_A,spoil_free_pcb_v1,pcb_A,chamber_A,poultry,chicken,Baseline,1523,0.19,9276,1.16,461,0.058,30.82,93396.0,67.38,179000.0,none
2026-07-28T20:25:15,2736.99,S010_Anish_chickenreal1,house_A,spoil_free_pcb_v1,pcb_A,chamber_A,poultry,chicken,Baseline,1526,0.191,9273,1.159,460,0.058,30.82,93396.0,67.36,179300.0,none
2026-07-28T20:25:17,2738.99,S010_Anish_chickenreal1,house_A,spoil_free_pcb_v1,pcb_A,chamber_A,poultry,chicken,Baseline,1527,0.191,9272,1.159,459,0.057,30.82,93396.0,67.36,179900.0,none
2026-07-28T20:25:19,2741.99,S010_Anish_chickenreal1,house_A,spoil_free_pcb_v1,pcb_A,chamber_A,poultry,chicken,Baseline,1530,0.191,9268,1.159,461,0.058,30.82,93396.0,67.34,179500.0,none
2026-07-28T20:25:21,2743.0,S010_Anish_chickenreal1,house_A,spoil_free_pcb_v1,pcb_A,chamber_A,poultry,chicken,Baseline,1528,0.191,9265,1.158,460,0.058,30.82,93396.0,67.35,179300.0,none
2026-07-28T20:25:23,2744.99,S010_Anish_chickenreal1,house_A,spoil_free_pcb_v1,pcb_A,chamber_A,poultry,chicken,Baseline,1526,0.191,9262,1.158,460,0.058,30.82,93396.0,67.35,178800.0,none
2026-07-28T20:25:25,2746.99,S010_Anish_chickenreal1,house_A,spoil_free_pcb_v1,pcb_A,chamber_A,poultry,chicken,Baseline,1525,0.191,9258,1.157,461,0.058,30.82,93396.0,67.34,179200.0,none
2026-07-28T20:25:27,2749.98,S010_Anish_chickenreal1,house_A,spoil_free_pcb_v1,pcb_A,chamber_A,poultry,chicken,Baseline,1523,0.19,9258,1.157,460,0.058,30.82,93396.0,67.33,180100.0,none
2026-07-28T20:25:29,2751.0,S010_Anish_chickenreal1,house_A,spoil_free_pcb_v1,pcb_A,chamber_A,poultry,chicken,Baseline,1521,0.19,9254,1.157,461,0.058,30.82,93394.0,67.33,179500.0,none
2026-07-28T20:25:31,2753.0,S010_Anish_chickenreal1,house_A,spoil_free_pcb_v1,pcb_A,chamber_A,poultry,chicken,Baseline,1518,0.19,9253,1.157,459,0.057,30.82,93394.0,67.33,179300.0,none
2026-07-28T20:25:33,2754.99,S010_Anish_chickenreal1,house_A,spoil_free_pcb_v1,pcb_A,chamber_A,poultry,chicken,Baseline,1517,0.19,9249,1.156,461,0.058,30.82,93394.0,67.33,179300.0,none
2026-07-28T20:25:35,2757.98,S010_Anish_chickenreal1,house_A,spoil_free_pcb_v1,pcb_A,chamber_A,poultry,chicken,Baseline,1513,0.189,9245,1.156,461,0.058,30.82,93394.0,67.33,178400.0,none
2026-07-28T20:25:37,2759.99,S010_Anish_chickenreal1,house_A,spoil_free_pcb_v1,pcb_A,chamber_A,poultry,chicken,Baseline,1513,0.189,9244,1.156,460,0.058,30.82,93394.0,67.35,178600.0,none
2026-07-28T20:25:39,2761.0,S010_Anish_chickenreal1,house_A,spoil_free_pcb_v1,pcb_A,chamber_A,poultry,chicken,Baseline,1511,0.189,9240,1.155,459,0.057,30.82,93394.0,67.33,177300.0,none
2026-07-28T20:25:41,2762.99,S010_Anish_chickenreal1,house_A,spoil_free_pcb_v1,pcb_A,chamber_A,poultry,chicken,Baseline,1510,0.189,9237,1.155,459,0.057,30.82,93394.0,67.35,179900.0,none
2026-07-28T20:25:43,2764.99,S010_Anish_chickenreal1,house_A,spoil_free_pcb_v1,pcb_A,chamber_A,poultry,chicken,Baseline,1514,0.189,9234,1.154,460,0.058,30.82,93394.0,67.34,179900.0,none
2026-07-28T20:25:45,2767.98,S010_Anish_chickenreal1,house_A,spoil_free_pcb_v1,pcb_A,chamber_A,poultry,chicken,Baseline,1516,0.19,9232,1.154,460,0.058,30.83,93394.0,67.34,179700.0,none
2026-07-28T20:25:47,2769.99,S010_Anish_chickenreal1,house_A,spoil_free_pcb_v1,pcb_A,chamber_A,poultry,chicken,Baseline,1517,0.19,9230,1.154,460,0.058,30.83,93394.0,67.34,178800.0,none
2026-07-28T20:25:49,2771.0,S010_Anish_chickenreal1,house_A,spoil_free_pcb_v1,pcb_A,chamber_A,poultry,chicken,Baseline,1521,0.19,9229,1.154,460,0.058,30.83,93394.0,67.34,179900.0,none
2026-07-28T20:25:51,2773.01,S010_Anish_chickenreal1,house_A,spoil_free_pcb_v1,pcb_A,chamber_A,poultry,chicken,Baseline,1522,0.19,9228,1.154,460,0.058,30.83,93394.0,67.34,177900.0,none
2026-07-28T20:25:53,2774.99,S010_Anish_chickenreal1,house_A,spoil_free_pcb_v1,pcb_A,chamber_A,poultry,chicken,Baseline,1524,0.191,9225,1.153,461,0.058,30.83,93394.0,67.35,179700.0,none
2026-07-28T20:25:55,2777.0,S010_Anish_chickenreal1,house_A,spoil_free_pcb_v1,pcb_A,chamber_A,poultry,chicken,Baseline,1525,0.191,9222,1.153,460,0.058,30.83,93394.0,67.34,179900.0,none
2026-07-28T20:25:57,2778.99,S010_Anish_chickenreal1,house_A,spoil_free_pcb_v1,pcb_A,chamber_A,poultry,chicken,Baseline,1523,0.19,9222,1.153,461,0.058,30.83,93394.0,67.35,179500.0,none
2026-07-28T20:25:59,2781.0,S010_Anish_chickenreal1,house_A,spoil_free_pcb_v1,pcb_A,chamber_A,poultry,chicken,Baseline,1521,0.19,9219,1.152,461,0.058,30.83,93394.0,67.37,179300.0,none
2026-07-28T20:26:01,2783.0,S010_Anish_chickenreal1,house_A,spoil_free_pcb_v1,pcb_A,chamber_A,poultry,chicken,Baseline,1519,0.19,9217,1.152,460,0.058,30.83,93394.0,67.37,179300.0,none
2026-07-28T20:26:03,2785.99,S010_Anish_chickenreal1,house_A,spoil_free_pcb_v1,pcb_A,chamber_A,poultry,chicken,Baseline,1519,0.19,9215,1.152,460,0.058,30.83,93394.0,67.38,178800.0,none
2026-07-28T20:26:05,2787.0,S010_Anish_chickenreal1,house_A,spoil_free_pcb_v1,pcb_A,chamber_A,poultry,chicken,Baseline,1516,0.19,9212,1.152,461,0.058,30.83,93396.0,67.36,179300.0,none
2026-07-28T20:26:07,2788.99,S010_Anish_chickenreal1,house_A,spoil_free_pcb_v1,pcb_A,chamber_A,poultry,chicken,Baseline,1514,0.189,9210,1.151,461,0.058,30.83,93396.0,67.37,179200.0,none
2026-07-28T20:26:09,2791.01,S010_Anish_chickenreal1,house_A,spoil_free_pcb_v1,pcb_A,chamber_A,poultry,chicken,Baseline,1513,0.189,9209,1.151,461,0.058,30.83,93396.0,67.38,179700.0,none
2026-07-28T20:26:11,2793.0,S010_Anish_chickenreal1,house_A,spoil_free_pcb_v1,pcb_A,chamber_A,poultry,chicken,Baseline,1513,0.189,9204,1.151,461,0.058,30.83,93396.0,67.37,180300.0,none
2026-07-28T20:26:13,2795.0,S010_Anish_chickenreal1,house_A,spoil_free_pcb_v1,pcb_A,chamber_A,poultry,chicken,Baseline,1511,0.189,9202,1.15,461,0.058,30.83,93396.0,67.38,178800.0,none
2026-07-28T20:26:15,2797.0,S010_Anish_chickenreal1,house_A,spoil_free_pcb_v1,pcb_A,chamber_A,poultry,chicken,Baseline,1510,0.189,9201,1.15,460,0.058,30.83,93396.0,67.37,179700.0,none
2026-07-28T20:26:17,2799.01,S010_Anish_chickenreal1,house_A,spoil_free_pcb_v1,pcb_A,chamber_A,poultry,chicken,Baseline,1511,0.189,9199,1.15,460,0.058,30.83,93396.0,67.37,180100.0,none
2026-07-28T20:26:19,2801.98,S010_Anish_chickenreal1,house_A,spoil_free_pcb_v1,pcb_A,chamber_A,poultry,chicken,Baseline,1511,0.189,9197,1.15,460,0.058,30.83,93396.0,67.37,180100.0,none
2026-07-28T20:26:21,2803.99,S010_Anish_chickenreal1,house_A,spoil_free_pcb_v1,pcb_A,chamber_A,poultry,chicken,Baseline,1509,0.189,9193,1.149,461,0.058,30.83,93396.0,67.37,178200.0,none
2026-07-28T20:26:23,2805.0,S010_Anish_chickenreal1,house_A,spoil_free_pcb_v1,pcb_A,chamber_A,poultry,chicken,Baseline,1513,0.189,9188,1.149,460,0.058,30.83,93396.0,67.38,178600.0,none
2026-07-28T20:26:25,2807.0,S010_Anish_chickenreal1,house_A,spoil_free_pcb_v1,pcb_A,chamber_A,poultry,chicken,Baseline,1515,0.189,9187,1.148,460,0.058,30.83,93396.0,67.37,178800.0,none
2026-07-28T20:26:27,2809.01,S010_Anish_chickenreal1,house_A,spoil_free_pcb_v1,pcb_A,chamber_A,poultry,chicken,Baseline,1516,0.19,9184,1.148,460,0.058,30.83,93396.0,67.38,179700.0,none
2026-07-28T20:26:29,2811.98,S010_Anish_chickenreal1,house_A,spoil_free_pcb_v1,pcb_A,chamber_A,poultry,chicken,Baseline,1515,0.189,9181,1.148,461,0.058,30.83,93396.0,67.38,178800.0,none
2026-07-28T20:26:31,2812.99,S010_Anish_chickenreal1,house_A,spoil_free_pcb_v1,pcb_A,chamber_A,poultry,chicken,Baseline,1517,0.19,9180,1.148,461,0.058,30.83,93396.0,67.38,179300.0,none
2026-07-28T20:26:33,2815.0,S010_Anish_chickenreal1,house_A,spoil_free_pcb_v1,pcb_A,chamber_A,poultry,chicken,Baseline,1519,0.19,9175,1.147,460,0.058,30.83,93396.0,67.39,178800.0,none
2026-07-28T20:26:35,2817.0,S010_Anish_chickenreal1,house_A,spoil_free_pcb_v1,pcb_A,chamber_A,poultry,chicken,Baseline,1520,0.19,9175,1.147,462,0.058,30.83,93396.0,67.4,179700.0,none
2026-07-28T20:26:37,2818.99,S010_Anish_chickenreal1,house_A,spoil_free_pcb_v1,pcb_A,chamber_A,poultry,chicken,Baseline,1520,0.19,9172,1.147,461,0.058,30.83,93396.0,67.4,179000.0,none
2026-07-28T20:26:39,2821.0,S010_Anish_chickenreal1,house_A,spoil_free_pcb_v1,pcb_A,chamber_A,poultry,chicken,Baseline,1520,0.19,9172,1.147,461,0.058,30.83,93396.0,67.41,179700.0,none
2026-07-28T20:26:41,2822.98,S010_Anish_chickenreal1,house_A,spoil_free_pcb_v1,pcb_A,chamber_A,poultry,chicken,Baseline,1517,0.19,9170,1.146,462,0.058,30.83,93396.0,67.42,179200.0,none
2026-07-28T20:26:43,2824.99,S010_Anish_chickenreal1,house_A,spoil_free_pcb_v1,pcb_A,chamber_A,poultry,chicken,Baseline,1517,0.19,9168,1.146,462,0.058,30.83,93396.0,67.41,180100.0,none
2026-07-28T20:26:45,2826.99,S010_Anish_chickenreal1,house_A,spoil_free_pcb_v1,pcb_A,chamber_A,poultry,chicken,Baseline,1514,0.189,9167,1.146,461,0.058,30.83,93396.0,67.42,178400.0,none
2026-07-28T20:26:47,2829.98,S010_Anish_chickenreal1,house_A,spoil_free_pcb_v1,pcb_A,chamber_A,poultry,chicken,Baseline,1513,0.189,9166,1.146,460,0.058,30.84,93396.0,67.42,179700.0,none
2026-07-28T20:26:49,2830.99,S010_Anish_chickenreal1,house_A,spoil_free_pcb_v1,pcb_A,chamber_A,poultry,chicken,Baseline,1513,0.189,9164,1.146,461,0.058,30.84,93394.0,67.43,178200.0,none
2026-07-28T20:26:51,2833.0,S010_Anish_chickenreal1,house_A,spoil_free_pcb_v1,pcb_A,chamber_A,poultry,chicken,Baseline,1511,0.189,9162,1.145,460,0.058,30.84,93394.0,67.42,179900.0,none
2026-07-28T20:26:53,2834.99,S010_Anish_chickenreal1,house_A,spoil_free_pcb_v1,pcb_A,chamber_A,poultry,chicken,Baseline,1508,0.189,9159,1.145,461,0.058,30.84,93394.0,67.42,179200.0,none
2026-07-28T20:26:55,2837.0,S010_Anish_chickenreal1,house_A,spoil_free_pcb_v1,pcb_A,chamber_A,poultry,chicken,Baseline,1511,0.189,9159,1.145,461,0.058,30.84,93394.0,67.42,179700.0,none
2026-07-28T20:26:57,2838.98,S010_Anish_chickenreal1,house_A,spoil_free_pcb_v1,pcb_A,chamber_A,poultry,chicken,Baseline,1508,0.189,9155,1.144,461,0.058,30.84,93394.0,67.42,179700.0,none
2026-07-28T20:26:59,2841.0,S010_Anish_chickenreal1,house_A,spoil_free_pcb_v1,pcb_A,chamber_A,poultry,chicken,Baseline,1508,0.189,9152,1.144,461,0.058,30.84,93394.0,67.42,179000.0,none
2026-07-28T20:27:01,2842.99,S010_Anish_chickenreal1,house_A,spoil_free_pcb_v1,pcb_A,chamber_A,poultry,chicken,Baseline,1508,0.189,9150,1.144,460,0.058,30.84,93394.0,67.43,178600.0,none
2026-07-28T20:27:03,2844.99,S010_Anish_chickenreal1,house_A,spoil_free_pcb_v1,pcb_A,chamber_A,poultry,chicken,Baseline,1509,0.189,9147,1.143,461,0.058,30.84,93394.0,67.44,179000.0,none
2026-07-28T20:27:05,2847.0,S010_Anish_chickenreal1,house_A,spoil_free_pcb_v1,pcb_A,chamber_A,poultry,chicken,Baseline,1508,0.189,9145,1.143,461,0.058,30.84,93394.0,67.45,179200.0,none
2026-07-28T20:27:07,2848.99,S010_Anish_chickenreal1,house_A,spoil_free_pcb_v1,pcb_A,chamber_A,poultry,chicken,Baseline,1508,0.189,9145,1.143,462,0.058,30.84,93392.0,67.43,179500.0,none
2026-07-28T20:27:09,2851.0,S010_Anish_chickenreal1,house_A,spoil_free_pcb_v1,pcb_A,chamber_A,poultry,chicken,Baseline,1510,0.189,9143,1.143,461,0.058,30.84,93392.0,67.44,180300.0,none
2026-07-28T20:27:11,2852.99,S010_Anish_chickenreal1,house_A,spoil_free_pcb_v1,pcb_A,chamber_A,poultry,chicken,Baseline,1511,0.189,9139,1.142,461,0.058,30.84,93392.0,67.43,179200.0,none
2026-07-28T20:27:13,2855.98,S010_Anish_chickenreal1,house_A,spoil_free_pcb_v1,pcb_A,chamber_A,poultry,chicken,Baseline,1510,0.189,9137,1.142,461,0.058,30.84,93392.0,67.44,179300.0,none
2026-07-28T20:27:15,2856.98,S010_Anish_chickenreal1,house_A,spoil_free_pcb_v1,pcb_A,chamber_A,poultry,chicken,Baseline,1511,0.189,9134,1.142,462,0.058,30.84,93392.0,67.43,178000.0,none
2026-07-28T20:27:17,2859.0,S010_Anish_chickenreal1,house_A,spoil_free_pcb_v1,pcb_A,chamber_A,poultry,chicken,Baseline,1512,0.189,9131,1.141,460,0.058,30.84,93392.0,67.44,179900.0,none
2026-07-28T20:27:19,2861.0,S010_Anish_chickenreal1,house_A,spoil_free_pcb_v1,pcb_A,chamber_A,poultry,chicken,Baseline,1516,0.19,9132,1.141,461,0.058,30.84,93392.0,67.42,178600.0,none
2026-07-28T20:27:21,2862.99,S010_Anish_chickenreal1,house_A,spoil_free_pcb_v1,pcb_A,chamber_A,poultry,chicken,Baseline,1516,0.19,9129,1.141,460,0.058,30.84,93392.0,67.42,179300.0,none
2026-07-28T20:27:23,2865.98,S010_Anish_chickenreal1,house_A,spoil_free_pcb_v1,pcb_A,chamber_A,poultry,chicken,Baseline,1516,0.19,9125,1.141,460,0.058,30.84,93392.0,67.44,179700.0,none
2026-07-28T20:27:25,2866.99,S010_Anish_chickenreal1,house_A,spoil_free_pcb_v1,pcb_A,chamber_A,poultry,chicken,Baseline,1516,0.19,9124,1.141,461,0.058,30.84,93392.0,67.42,178600.0,none
2026-07-28T20:27:27,2868.99,S010_Anish_chickenreal1,house_A,spoil_free_pcb_v1,pcb_A,chamber_A,poultry,chicken,Baseline,1517,0.19,9122,1.14,461,0.058,30.84,93392.0,67.42,179900.0,none
2026-07-28T20:27:29,2870.99,S010_Anish_chickenreal1,house_A,spoil_free_pcb_v1,pcb_A,chamber_A,poultry,chicken,Baseline,1518,0.19,9120,1.14,461,0.058,30.84,93390.0,67.41,178600.0,none
2026-07-28T20:27:31,2872.99,S010_Anish_chickenreal1,house_A,spoil_free_pcb_v1,pcb_A,chamber_A,poultry,chicken,Baseline,1516,0.19,9117,1.14,461,0.058,30.84,93390.0,67.4,179700.0,none
2026-07-28T20:27:33,2874.99,S010_Anish_chickenreal1,house_A,spoil_free_pcb_v1,pcb_A,chamber_A,poultry,chicken,Baseline,1515,0.189,9116,1.14,462,0.058,30.84,93390.0,67.4,179300.0,none
2026-07-28T20:27:35,2877.0,S010_Anish_chickenreal1,house_A,spoil_free_pcb_v1,pcb_A,chamber_A,poultry,chicken,Baseline,1510,0.189,9112,1.139,460,0.058,30.84,93390.0,67.4,178800.0,none
2026-07-28T20:27:37,2878.99,S010_Anish_chickenreal1,house_A,spoil_free_pcb_v1,pcb_A,chamber_A,poultry,chicken,Baseline,1510,0.189,9111,1.139,461,0.058,30.84,93390.0,67.4,178800.0,none
2026-07-28T20:27:39,2880.99,S010_Anish_chickenreal1,house_A,spoil_free_pcb_v1,pcb_A,chamber_A,poultry,chicken,Baseline,1507,0.188,9106,1.138,461,0.058,30.84,93390.0,67.4,179900.0,none
2026-07-28T20:27:41,2883.98,S010_Anish_chickenreal1,house_A,spoil_free_pcb_v1,pcb_A,chamber_A,poultry,chicken,Baseline,1504,0.188,9104,1.138,461,0.058,30.85,93390.0,67.4,179200.0,none
2026-07-28T20:27:43,2884.98,S010_Anish_chickenreal1,house_A,spoil_free_pcb_v1,pcb_A,chamber_A,poultry,chicken,Baseline,1503,0.188,9101,1.138,461,0.058,30.85,93390.0,67.42,180100.0,none
2026-07-28T20:27:45,2886.99,S010_Anish_chickenreal1,house_A,spoil_free_pcb_v1,pcb_A,chamber_A,poultry,chicken,Baseline,1502,0.188,9099,1.137,462,0.058,30.85,93390.0,67.41,179700.0,none
2026-07-28T20:27:47,2888.99,S010_Anish_chickenreal1,house_A,spoil_free_pcb_v1,pcb_A,chamber_A,poultry,chicken,Baseline,1502,0.188,9096,1.137,462,0.058,30.85,93390.0,67.43,180100.0,none
2026-07-28T20:27:49,2890.98,S010_Anish_chickenreal1,house_A,spoil_free_pcb_v1,pcb_A,chamber_A,poultry,chicken,Baseline,1504,0.188,9094,1.137,461,0.058,30.85,93390.0,67.42,180300.0,none
2026-07-28T20:27:51,2892.98,S010_Anish_chickenreal1,house_A,spoil_free_pcb_v1,pcb_A,chamber_A,poultry,chicken,Baseline,1506,0.188,9091,1.136,460,0.058,30.85,93390.0,67.42,178800.0,none
2026-07-28T20:27:53,2894.98,S010_Anish_chickenreal1,house_A,spoil_free_pcb_v1,pcb_A,chamber_A,poultry,chicken,Baseline,1509,0.189,9089,1.136,461,0.058,30.85,93390.0,67.42,180500.0,none
2026-07-28T20:27:55,2896.99,S010_Anish_chickenreal1,house_A,spoil_free_pcb_v1,pcb_A,chamber_A,poultry,chicken,Baseline,1513,0.189,9088,1.136,461,0.058,30.85,93390.0,67.42,179500.0,none
2026-07-28T20:27:57,2898.99,S010_Anish_chickenreal1,house_A,spoil_free_pcb_v1,pcb_A,chamber_A,poultry,chicken,Baseline,1514,0.189,9084,1.136,461,0.058,30.85,93390.0,67.43,180100.0,none
2026-07-28T20:27:59,2900.98,S010_Anish_chickenreal1,house_A,spoil_free_pcb_v1,pcb_A,chamber_A,poultry,chicken,Baseline,1512,0.189,9084,1.136,461,0.058,30.85,93390.0,67.43,180100.0,none
2026-07-28T20:28:01,2903.0,S010_Anish_chickenreal1,house_A,spoil_free_pcb_v1,pcb_A,chamber_A,poultry,chicken,Baseline,1508,0.189,9081,1.135,461,0.058,30.85,93390.0,67.41,179300.0,none
2026-07-28T20:28:03,2904.99,S010_Anish_chickenreal1,house_A,spoil_free_pcb_v1,pcb_A,chamber_A,poultry,chicken,Baseline,1503,0.188,9078,1.135,462,0.058,30.85,93390.0,67.43,179700.0,none
2026-07-28T20:28:05,2906.99,S010_Anish_chickenreal1,house_A,spoil_free_pcb_v1,pcb_A,chamber_A,poultry,chicken,Baseline,1500,0.188,9074,1.134,462,0.058,30.85,93390.0,67.42,180700.0,none
2026-07-28T20:28:07,2909.98,S010_Anish_chickenreal1,house_A,spoil_free_pcb_v1,pcb_A,chamber_A,poultry,chicken,Baseline,1500,0.188,9073,1.134,462,0.058,30.85,93392.0,67.43,179900.0,none
2026-07-28T20:28:09,2911.0,S010_Anish_chickenreal1,house_A,spoil_free_pcb_v1,pcb_A,chamber_A,poultry,chicken,Baseline,1500,0.188,9071,1.134,461,0.058,30.85,93392.0,67.4,179300.0,none
2026-07-28T20:28:11,2913.0,S010_Anish_chickenreal1,house_A,spoil_free_pcb_v1,pcb_A,chamber_A,poultry,chicken,Baseline,1506,0.188,9069,1.134,461,0.058,30.85,93392.0,67.42,179200.0,none
2026-07-28T20:28:13,2914.99,S010_Anish_chickenreal1,house_A,spoil_free_pcb_v1,pcb_A,chamber_A,poultry,chicken,Baseline,1511,0.189,9066,1.133,462,0.058,30.85,93392.0,67.41,179300.0,none
2026-07-28T20:28:15,2917.0,S010_Anish_chickenreal1,house_A,spoil_free_pcb_v1,pcb_A,chamber_A,poultry,chicken,Baseline,1510,0.189,9064,1.133,462,0.058,30.85,93392.0,67.41,180900.0,none
2026-07-28T20:28:17,2919.98,S010_Anish_chickenreal1,house_A,spoil_free_pcb_v1,pcb_A,chamber_A,poultry,chicken,Baseline,1508,0.189,9063,1.133,462,0.058,30.85,93392.0,67.42,177100.0,none
2026-07-28T20:28:19,2921.0,S010_Anish_chickenreal1,house_A,spoil_free_pcb_v1,pcb_A,chamber_A,poultry,chicken,Baseline,1503,0.188,9061,1.133,462,0.058,30.85,93392.0,67.41,179900.0,none
2026-07-28T20:28:21,2922.99,S010_Anish_chickenreal1,house_A,spoil_free_pcb_v1,pcb_A,chamber_A,poultry,chicken,Baseline,1497,0.187,9059,1.132,462,0.058,30.85,93392.0,67.41,179700.0,none
2026-07-28T20:28:23,2924.99,S010_Anish_chickenreal1,house_A,spoil_free_pcb_v1,pcb_A,chamber_A,poultry,chicken,Baseline,1496,0.187,9056,1.132,461,0.058,30.85,93392.0,67.41,179700.0,none
2026-07-28T20:28:25,2927.98,S010_Anish_chickenreal1,house_A,spoil_free_pcb_v1,pcb_A,chamber_A,poultry,chicken,Baseline,1498,0.187,9054,1.132,462,0.058,30.85,93392.0,67.4,179700.0,none
2026-07-28T20:28:27,2929.0,S010_Anish_chickenreal1,house_A,spoil_free_pcb_v1,pcb_A,chamber_A,poultry,chicken,Baseline,1504,0.188,9051,1.131,461,0.058,30.85,93392.0,67.4,179700.0,none
2026-07-28T20:28:29,2931.0,S010_Anish_chickenreal1,house_A,spoil_free_pcb_v1,pcb_A,chamber_A,poultry,chicken,Baseline,1505,0.188,9047,1.131,461,0.058,30.85,93394.0,67.4,180700.0,none
2026-07-28T20:28:31,2933.01,S010_Anish_chickenreal1,house_A,spoil_free_pcb_v1,pcb_A,chamber_A,poultry,chicken,Baseline,1507,0.188,9046,1.131,461,0.058,30.85,93394.0,67.4,179900.0,none
2026-07-28T20:28:33,2935.98,S010_Anish_chickenreal1,house_A,spoil_free_pcb_v1,pcb_A,chamber_A,poultry,chicken,Baseline,1508,0.189,9043,1.13,460,0.058,30.85,93394.0,67.41,180100.0,none
2026-07-28T20:28:35,2937.98,S010_Anish_chickenreal1,house_A,spoil_free_pcb_v1,pcb_A,chamber_A,poultry,chicken,Baseline,1504,0.188,9043,1.13,461,0.058,30.85,93394.0,67.42,179900.0,none
2026-07-28T20:28:37,2939.0,S010_Anish_chickenreal1,house_A,spoil_free_pcb_v1,pcb_A,chamber_A,poultry,chicken,Baseline,1501,0.188,9041,1.13,462,0.058,30.86,93394.0,67.41,179900.0,none
2026-07-28T20:28:39,2940.99,S010_Anish_chickenreal1,house_A,spoil_free_pcb_v1,pcb_A,chamber_A,poultry,chicken,Baseline,1499,0.187,9038,1.13,461,0.058,30.86,93394.0,67.4,180300.0,none
2026-07-28T20:28:41,2942.99,S010_Anish_chickenreal1,house_A,spoil_free_pcb_v1,pcb_A,chamber_A,poultry,chicken,Baseline,1496,0.187,9036,1.13,461,0.058,30.86,93394.0,67.42,180300.0,none
2026-07-28T20:28:43,2945.98,S010_Anish_chickenreal1,house_A,spoil_free_pcb_v1,pcb_A,chamber_A,poultry,chicken,Baseline,1495,0.187,9033,1.129,461,0.058,30.86,93394.0,67.42,179200.0,none
2026-07-28T20:28:45,2947.0,S010_Anish_chickenreal1,house_A,spoil_free_pcb_v1,pcb_A,chamber_A,poultry,chicken,Baseline,1496,0.187,9033,1.129,461,0.058,30.86,93394.0,67.43,179300.0,none
2026-07-28T20:28:47,2948.99,S010_Anish_chickenreal1,house_A,spoil_free_pcb_v1,pcb_A,chamber_A,poultry,chicken,Baseline,1499,0.187,9031,1.129,461,0.058,30.86,93394.0,67.43,179900.0,none
2026-07-28T20:28:49,2950.99,S010_Anish_chickenreal1,house_A,spoil_free_pcb_v1,pcb_A,chamber_A,poultry,chicken,Baseline,1504,0.188,9029,1.129,460,0.058,30.86,93394.0,67.43,180300.0,none
2026-07-28T20:28:51,2953.0,S010_Anish_chickenreal1,house_A,spoil_free_pcb_v1,pcb_A,chamber_A,poultry,chicken,Baseline,1506,0.188,9027,1.128,461,0.058,30.86,93394.0,67.42,181100.0,none
2026-07-28T20:28:53,2955.0,S010_Anish_chickenreal1,house_A,spoil_free_pcb_v1,pcb_A,chamber_A,poultry,chicken,Baseline,1505,0.188,9024,1.128,461,0.058,30.86,93394.0,67.43,179500.0,none
2026-07-28T20:28:55,2957.0,S010_Anish_chickenreal1,house_A,spoil_free_pcb_v1,pcb_A,chamber_A,poultry,chicken,Baseline,1504,0.188,9023,1.128,461,0.058,30.86,93394.0,67.43,179200.0,none
2026-07-28T20:28:57,2959.0,S010_Anish_chickenreal1,house_A,spoil_free_pcb_v1,pcb_A,chamber_A,poultry,chicken,Baseline,1499,0.187,9022,1.128,461,0.058,30.86,93394.0,67.43,178000.0,none
2026-07-28T20:28:59,2960.99,S010_Anish_chickenreal1,house_A,spoil_free_pcb_v1,pcb_A,chamber_A,poultry,chicken,Baseline,1495,0.187,9019,1.127,462,0.058,30.86,93394.0,67.42,180300.0,none
2026-07-28T20:29:01,2963.98,S010_Anish_chickenreal1,house_A,spoil_free_pcb_v1,pcb_A,chamber_A,poultry,chicken,Baseline,1493,0.187,9017,1.127,460,0.058,30.86,93394.0,67.45,180300.0,none
2026-07-28T20:29:03,2965.0,S010_Anish_chickenreal1,house_A,spoil_free_pcb_v1,pcb_A,chamber_A,poultry,chicken,Baseline,1494,0.187,9015,1.127,461,0.058,30.86,93394.0,67.45,179500.0,none
2026-07-28T20:29:05,2966.98,S010_Anish_chickenreal1,house_A,spoil_free_pcb_v1,pcb_A,chamber_A,poultry,chicken,Baseline,1495,0.187,9015,1.127,461,0.058,30.86,93394.0,67.45,180100.0,none
2026-07-28T20:29:07,2968.99,S010_Anish_chickenreal1,house_A,spoil_free_pcb_v1,pcb_A,chamber_A,poultry,chicken,Baseline,1499,0.187,9012,1.127,461,0.058,30.86,93394.0,67.44,179700.0,none
2026-07-28T20:29:09,2971.0,S010_Anish_chickenreal1,house_A,spoil_free_pcb_v1,pcb_A,chamber_A,poultry,chicken,Baseline,1502,0.188,9009,1.126,461,0.058,30.86,93394.0,67.45,181100.0,none
2026-07-28T20:29:11,2972.98,S010_Anish_chickenreal1,house_A,spoil_free_pcb_v1,pcb_A,chamber_A,poultry,chicken,Baseline,1502,0.188,9008,1.126,461,0.058,30.86,93394.0,67.45,180500.0,none
2026-07-28T20:29:13,2974.99,S010_Anish_chickenreal1,house_A,spoil_free_pcb_v1,pcb_A,chamber_A,poultry,chicken,Baseline,1502,0.188,9005,1.126,461,0.058,30.86,93394.0,67.44,179900.0,none
2026-07-28T20:29:15,2976.99,S010_Anish_chickenreal1,house_A,spoil_free_pcb_v1,pcb_A,chamber_A,poultry,chicken,Baseline,1499,0.187,9004,1.126,461,0.058,30.86,93394.0,67.44,180300.0,none
2026-07-28T20:29:17,2978.99,S010_Anish_chickenreal1,house_A,spoil_free_pcb_v1,pcb_A,chamber_A,poultry,chicken,Baseline,1496,0.187,9003,1.125,461,0.058,30.86,93394.0,67.44,180300.0,none
2026-07-28T20:29:19,2981.0,S010_Anish_chickenreal1,house_A,spoil_free_pcb_v1,pcb_A,chamber_A,poultry,chicken,Baseline,1492,0.187,8999,1.125,462,0.058,30.86,93394.0,67.43,180300.0,none
2026-07-28T20:29:21,2983.0,S010_Anish_chickenreal1,house_A,spoil_free_pcb_v1,pcb_A,chamber_A,poultry,chicken,Baseline,1491,0.186,8998,1.125,461,0.058,30.86,93394.0,67.44,180300.0,none
2026-07-28T20:29:23,2984.99,S010_Anish_chickenreal1,house_A,spoil_free_pcb_v1,pcb_A,chamber_A,poultry,chicken,Baseline,1490,0.186,8995,1.124,460,0.058,30.86,93394.0,67.44,180500.0,none
2026-07-28T20:29:25,2986.99,S010_Anish_chickenreal1,house_A,spoil_free_pcb_v1,pcb_A,chamber_A,poultry,chicken,Baseline,1493,0.187,8994,1.124,461,0.058,30.86,93394.0,67.44,180300.0,none
2026-07-28T20:29:27,2988.99,S010_Anish_chickenreal1,house_A,spoil_free_pcb_v1,pcb_A,chamber_A,poultry,chicken,Baseline,1496,0.187,8992,1.124,461,0.058,30.86,93392.0,67.44,180900.0,none
2026-07-28T20:29:29,2990.98,S010_Anish_chickenreal1,house_A,spoil_free_pcb_v1,pcb_A,chamber_A,poultry,chicken,Baseline,1498,0.187,8991,1.124,462,0.058,30.86,93392.0,67.44,180300.0,none
2026-07-28T20:29:31,2992.98,S010_Anish_chickenreal1,house_A,spoil_free_pcb_v1,pcb_A,chamber_A,poultry,chicken,Baseline,1499,0.187,8988,1.124,462,0.058,30.86,93392.0,67.45,180900.0,none
2026-07-28T20:29:33,2994.99,S010_Anish_chickenreal1,house_A,spoil_free_pcb_v1,pcb_A,chamber_A,poultry,chicken,Baseline,1501,0.188,8989,1.124,460,0.058,30.86,93392.0,67.45,179900.0,none
2026-07-28T20:29:35,2997.98,S010_Anish_chickenreal1,house_A,spoil_free_pcb_v1,pcb_A,chamber_A,poultry,chicken,Baseline,1504,0.188,8988,1.124,461,0.058,30.86,93392.0,67.44,180100.0,none
2026-07-28T20:29:37,2999.98,S010_Anish_chickenreal1,house_A,spoil_free_pcb_v1,pcb_A,chamber_A,poultry,chicken,Baseline,1500,0.188,8986,1.123,462,0.058,30.86,93392.0,67.45,179500.0,none
2026-07-28T20:29:39,3001.0,S010_Anish_chickenreal1,house_A,spoil_free_pcb_v1,pcb_A,chamber_A,poultry,chicken,Baseline,1499,0.187,8985,1.123,461,0.058,30.86,93390.0,67.43,180100.0,none
2026-07-28T20:29:41,3002.99,S010_Anish_chickenreal1,house_A,spoil_free_pcb_v1,pcb_A,chamber_A,poultry,chicken,Baseline,1497,0.187,8983,1.123,462,0.058,30.86,93390.0,67.45,179700.0,img_000006_20260728_202940.jpg
2026-07-28T20:29:43,3005.46,S010_Anish_chickenreal1,house_A,spoil_free_pcb_v1,pcb_A,chamber_A,poultry,chicken,Baseline,1493,0.187,8981,1.123,461,0.058,30.87,93390.0,67.45,180100.0,none
2026-07-28T20:29:45,3007.98,S010_Anish_chickenreal1,house_A,spoil_free_pcb_v1,pcb_A,chamber_A,poultry,chicken,Baseline,1493,0.187,8978,1.122,461,0.058,30.87,93390.0,67.45,179500.0,none
2026-07-28T20:29:47,3009.0,S010_Anish_chickenreal1,house_A,spoil_free_pcb_v1,pcb_A,chamber_A,poultry,chicken,Baseline,1491,0.186,8977,1.122,461,0.058,30.87,93390.0,67.45,181100.0,none
2026-07-28T20:29:49,3010.99,S010_Anish_chickenreal1,house_A,spoil_free_pcb_v1,pcb_A,chamber_A,poultry,chicken,Baseline,1488,0.186,8976,1.122,462,0.058,30.87,93388.0,67.46,180100.0,none
2026-07-28T20:29:51,3012.99,S010_Anish_chickenreal1,house_A,spoil_free_pcb_v1,pcb_A,chamber_A,poultry,chicken,Baseline,1489,0.186,8975,1.122,462,0.058,30.87,93388.0,67.47,180100.0,none
2026-07-28T20:29:53,3014.99,S010_Anish_chickenreal1,house_A,spoil_free_pcb_v1,pcb_A,chamber_A,poultry,chicken,Baseline,1489,0.186,8974,1.122,462,0.058,30.87,93388.0,67.47,180900.0,none
2026-07-28T20:29:55,3016.98,S010_Anish_chickenreal1,house_A,spoil_free_pcb_v1,pcb_A,chamber_A,poultry,chicken,Baseline,1493,0.187,8971,1.121,461,0.058,30.87,93388.0,67.46,179000.0,none
2026-07-28T20:29:57,3019.0,S010_Anish_chickenreal1,house_A,spoil_free_pcb_v1,pcb_A,chamber_A,poultry,chicken,Baseline,1495,0.187,8971,1.121,462,0.058,30.87,93388.0,67.46,180100.0,none
2026-07-28T20:29:59,3021.0,S010_Anish_chickenreal1,house_A,spoil_free_pcb_v1,pcb_A,chamber_A,poultry,chicken,Baseline,1496,0.187,8969,1.121,461,0.058,30.87,93388.0,67.47,180900.0,none
2026-07-28T20:30:01,3022.99,S010_Anish_chickenreal1,house_A,spoil_free_pcb_v1,pcb_A,chamber_A,poultry,chicken,Baseline,1502,0.188,8968,1.121,461,0.058,30.87,93388.0,67.47,180500.0,none
2026-07-28T20:30:03,3024.98,S010_Anish_chickenreal1,house_A,spoil_free_pcb_v1,pcb_A,chamber_A,poultry,chicken,Baseline,1502,0.188,8967,1.121,460,0.058,30.87,93388.0,67.48,180100.0,none
2026-07-28T20:30:05,3027.0,S010_Anish_chickenreal1,house_A,spoil_free_pcb_v1,pcb_A,chamber_A,poultry,chicken,Baseline,1497,0.187,8966,1.121,461,0.058,30.87,93390.0,67.48,180700.0,none
2026-07-28T20:30:07,3028.99,S010_Anish_chickenreal1,house_A,spoil_free_pcb_v1,pcb_A,chamber_A,poultry,chicken,Baseline,1496,0.187,8965,1.121,461,0.058,30.87,93390.0,67.49,179000.0,none
2026-07-28T20:30:09,3030.99,S010_Anish_chickenreal1,house_A,spoil_free_pcb_v1,pcb_A,chamber_A,poultry,chicken,Baseline,1491,0.186,8965,1.121,461,0.058,30.87,93390.0,67.49,179900.0,none
2026-07-28T20:30:11,3033.98,S010_Anish_chickenreal1,house_A,spoil_free_pcb_v1,pcb_A,chamber_A,poultry,chicken,Baseline,1489,0.186,8965,1.121,461,0.058,30.87,93390.0,67.5,180100.0,none
2026-07-28T20:30:13,3035.0,S010_Anish_chickenreal1,house_A,spoil_free_pcb_v1,pcb_A,chamber_A,poultry,chicken,Baseline,1488,0.186,8965,1.121,462,0.058,30.87,93390.0,67.49,180300.0,none
2026-07-28T20:30:15,3036.98,S010_Anish_chickenreal1,house_A,spoil_free_pcb_v1,pcb_A,chamber_A,poultry,chicken,Baseline,1489,0.186,8963,1.12,461,0.058,30.87,93390.0,67.49,179900.0,none
2026-07-28T20:30:17,3038.99,S010_Anish_chickenreal1,house_A,spoil_free_pcb_v1,pcb_A,chamber_A,poultry,chicken,Baseline,1493,0.187,8964,1.121,461,0.058,30.87,93390.0,67.5,180300.0,none
2026-07-28T20:30:19,3041.98,S010_Anish_chickenreal1,house_A,spoil_free_pcb_v1,pcb_A,chamber_A,poultry,chicken,Baseline,1497,0.187,8960,1.12,461,0.058,30.87,93390.0,67.5,179900.0,none
2026-07-28T20:30:21,3043.0,S010_Anish_chickenreal1,house_A,spoil_free_pcb_v1,pcb_A,chamber_A,poultry,chicken,Baseline,1500,0.188,8959,1.12,461,0.058,30.87,93390.0,67.49,180500.0,none
2026-07-28T20:30:23,3045.0,S010_Anish_chickenreal1,house_A,spoil_free_pcb_v1,pcb_A,chamber_A,poultry,chicken,Baseline,1502,0.188,8958,1.12,461,0.058,30.87,93390.0,67.51,179500.0,none
2026-07-28T20:30:25,3047.0,S010_Anish_chickenreal1,house_A,spoil_free_pcb_v1,pcb_A,chamber_A,poultry,chicken,Baseline,1499,0.187,8958,1.12,462,0.058,30.88,93390.0,67.52,179900.0,none
2026-07-28T20:30:27,3048.99,S010_Anish_chickenreal1,house_A,spoil_free_pcb_v1,pcb_A,chamber_A,poultry,chicken,Baseline,1499,0.187,8957,1.12,461,0.058,30.88,93390.0,67.5,179900.0,none
2026-07-28T20:30:29,3050.99,S010_Anish_chickenreal1,house_A,spoil_free_pcb_v1,pcb_A,chamber_A,poultry,chicken,Baseline,1496,0.187,8958,1.12,461,0.058,30.88,93390.0,67.51,180700.0,none
2026-07-28T20:30:31,3053.0,S010_Anish_chickenreal1,house_A,spoil_free_pcb_v1,pcb_A,chamber_A,poultry,chicken,Baseline,1494,0.187,8956,1.12,462,0.058,30.88,93392.0,67.52,180900.0,none
2026-07-28T20:30:33,3054.99,S010_Anish_chickenreal1,house_A,spoil_free_pcb_v1,pcb_A,chamber_A,poultry,chicken,Baseline,1491,0.186,8955,1.119,462,0.058,30.88,93392.0,67.51,179000.0,none
2026-07-28T20:30:35,3056.99,S010_Anish_chickenreal1,house_A,spoil_free_pcb_v1,pcb_A,chamber_A,poultry,chicken,Baseline,1489,0.186,8955,1.119,461,0.058,30.88,93392.0,67.52,181300.0,none
2026-07-28T20:30:37,3059.98,S010_Anish_chickenreal1,house_A,spoil_free_pcb_v1,pcb_A,chamber_A,poultry,chicken,Baseline,1488,0.186,8953,1.119,462,0.058,30.88,93392.0,67.52,180100.0,none
2026-07-28T20:30:39,3060.99,S010_Anish_chickenreal1,house_A,spoil_free_pcb_v1,pcb_A,chamber_A,poultry,chicken,Baseline,1489,0.186,8952,1.119,461,0.058,30.88,93392.0,67.52,180900.0,none
2026-07-28T20:30:41,3063.0,S010_Anish_chickenreal1,house_A,spoil_free_pcb_v1,pcb_A,chamber_A,poultry,chicken,Baseline,1489,0.186,8951,1.119,461,0.058,30.88,93392.0,67.51,180700.0,none
2026-07-28T20:30:43,3064.99,S010_Anish_chickenreal1,house_A,spoil_free_pcb_v1,pcb_A,chamber_A,poultry,chicken,Baseline,1492,0.187,8951,1.119,461,0.058,30.88,93392.0,67.51,180300.0,none
2026-07-28T20:30:45,3067.98,S010_Anish_chickenreal1,house_A,spoil_free_pcb_v1,pcb_A,chamber_A,poultry,chicken,Baseline,1495,0.187,8951,1.119,461,0.058,30.88,93392.0,67.52,180300.0,none
2026-07-28T20:30:47,3068.98,S010_Anish_chickenreal1,house_A,spoil_free_pcb_v1,pcb_A,chamber_A,poultry,chicken,Baseline,1498,0.187,8949,1.119,462,0.058,30.88,93392.0,67.52,180100.0,none
2026-07-28T20:30:49,3071.0,S010_Anish_chickenreal1,house_A,spoil_free_pcb_v1,pcb_A,chamber_A,poultry,chicken,Baseline,1501,0.188,8949,1.119,462,0.058,30.88,93392.0,67.52,179300.0,none
2026-07-28T20:30:51,3073.0,S010_Anish_chickenreal1,house_A,spoil_free_pcb_v1,pcb_A,chamber_A,poultry,chicken,Baseline,1498,0.187,8948,1.118,461,0.058,30.88,93394.0,67.51,179300.0,none
2026-07-28T20:30:53,3074.99,S010_Anish_chickenreal1,house_A,spoil_free_pcb_v1,pcb_A,chamber_A,poultry,chicken,Baseline,1494,0.187,8948,1.118,461,0.058,30.88,93394.0,67.5,178600.0,none
2026-07-28T20:30:55,3077.98,S010_Anish_chickenreal1,house_A,spoil_free_pcb_v1,pcb_A,chamber_A,poultry,chicken,Baseline,1492,0.187,8947,1.118,461,0.058,30.88,93394.0,67.49,180300.0,none
2026-07-28T20:30:57,3078.98,S010_Anish_chickenreal1,house_A,spoil_free_pcb_v1,pcb_A,chamber_A,poultry,chicken,Baseline,1489,0.186,8948,1.118,461,0.058,30.88,93394.0,67.49,180700.0,none
2026-07-28T20:30:59,3081.98,S010_Anish_chickenreal1,house_A,spoil_free_pcb_v1,pcb_A,chamber_A,poultry,chicken,Baseline,1488,0.186,8947,1.118,461,0.058,30.88,93396.0,67.5,180100.0,none
2026-07-28T20:31:01,3082.99,S010_Anish_chickenreal1,house_A,spoil_free_pcb_v1,pcb_A,chamber_A,poultry,chicken,Baseline,1488,0.186,8945,1.118,462,0.058,30.88,93396.0,67.51,180500.0,none
2026-07-28T20:31:03,3084.99,S010_Anish_chickenreal1,house_A,spoil_free_pcb_v1,pcb_A,chamber_A,poultry,chicken,Baseline,1493,0.187,8944,1.118,461,0.058,30.88,93396.0,67.52,181300.0,none
2026-07-28T20:31:05,3087.0,S010_Anish_chickenreal1,house_A,spoil_free_pcb_v1,pcb_A,chamber_A,poultry,chicken,Baseline,1496,0.187,8946,1.118,461,0.058,30.88,93396.0,67.51,179300.0,none
2026-07-28T20:31:07,3089.0,S010_Anish_chickenreal1,house_A,spoil_free_pcb_v1,pcb_A,chamber_A,poultry,chicken,Baseline,1499,0.187,8944,1.118,461,0.058,30.88,93396.0,67.52,180500.0,none
2026-07-28T20:31:09,3090.98,S010_Anish_chickenreal1,house_A,spoil_free_pcb_v1,pcb_A,chamber_A,poultry,chicken,Baseline,1500,0.188,8945,1.118,461,0.058,30.88,93396.0,67.52,178600.0,none
2026-07-28T20:31:11,3092.99,S010_Anish_chickenreal1,house_A,spoil_free_pcb_v1,pcb_A,chamber_A,poultry,chicken,Baseline,1496,0.187,8946,1.118,461,0.058,30.88,93396.0,67.52,180900.0,none
2026-07-28T20:31:13,3095.98,S010_Anish_chickenreal1,house_A,spoil_free_pcb_v1,pcb_A,chamber_A,poultry,chicken,Baseline,1491,0.186,8944,1.118,461,0.058,30.88,93396.0,67.53,180100.0,none
2026-07-28T20:31:15,3096.99,S010_Anish_chickenreal1,house_A,spoil_free_pcb_v1,pcb_A,chamber_A,poultry,chicken,Baseline,1489,0.186,8945,1.118,462,0.058,30.89,93396.0,67.53,179900.0,none
2026-07-28T20:31:17,3098.98,S010_Anish_chickenreal1,house_A,spoil_free_pcb_v1,pcb_A,chamber_A,poultry,chicken,Baseline,1487,0.186,8943,1.118,462,0.058,30.89,93396.0,67.54,179700.0,none
2026-07-28T20:31:19,3101.0,S010_Anish_chickenreal1,house_A,spoil_free_pcb_v1,pcb_A,chamber_A,poultry,chicken,Baseline,1492,0.187,8942,1.118,462,0.058,30.89,93396.0,67.52,180500.0,none
2026-07-28T20:31:21,3102.99,S010_Anish_chickenreal1,house_A,spoil_free_pcb_v1,pcb_A,chamber_A,poultry,chicken,Baseline,1494,0.187,8944,1.118,461,0.058,30.89,93396.0,67.53,180500.0,none
2026-07-28T20:31:23,3105.98,S010_Anish_chickenreal1,house_A,spoil_free_pcb_v1,pcb_A,chamber_A,poultry,chicken,Baseline,1500,0.188,8944,1.118,461,0.058,30.89,93396.0,67.54,179700.0,none
2026-07-28T20:31:25,3107.98,S010_Anish_chickenreal1,house_A,spoil_free_pcb_v1,pcb_A,chamber_A,poultry,chicken,Baseline,1500,0.188,8943,1.118,462,0.058,30.89,93396.0,67.55,179700.0,none
2026-07-28T20:31:27,3108.99,S010_Anish_chickenreal1,house_A,spoil_free_pcb_v1,pcb_A,chamber_A,poultry,chicken,Baseline,1497,0.187,8943,1.118,461,0.058,30.89,93396.0,67.55,179200.0,none
2026-07-28T20:31:29,3111.98,S010_Anish_chickenreal1,house_A,spoil_free_pcb_v1,pcb_A,chamber_A,poultry,chicken,Baseline,1493,0.187,8942,1.118,461,0.058,30.89,93394.0,67.55,179900.0,none
2026-07-28T20:31:31,3112.98,S010_Anish_chickenreal1,house_A,spoil_free_pcb_v1,pcb_A,chamber_A,poultry,chicken,Baseline,1491,0.186,8943,1.118,461,0.058,30.89,93394.0,67.55,180100.0,none
2026-07-28T20:31:33,3115.0,S010_Anish_chickenreal1,house_A,spoil_free_pcb_v1,pcb_A,chamber_A,poultry,chicken,Baseline,1487,0.186,8942,1.118,461,0.058,30.89,93394.0,67.55,179900.0,none
2026-07-28T20:31:35,3117.0,S010_Anish_chickenreal1,house_A,spoil_free_pcb_v1,pcb_A,chamber_A,poultry,chicken,Baseline,1487,0.186,8941,1.118,461,0.058,30.89,93396.0,67.55,180300.0,none
2026-07-28T20:31:37,3118.99,S010_Anish_chickenreal1,house_A,spoil_free_pcb_v1,pcb_A,chamber_A,poultry,chicken,Baseline,1492,0.187,8941,1.118,460,0.058,30.89,93396.0,67.55,180500.0,none
2026-07-28T20:31:39,3120.99,S010_Anish_chickenreal1,house_A,spoil_free_pcb_v1,pcb_A,chamber_A,poultry,chicken,Baseline,1493,0.187,8941,1.118,461,0.058,30.89,93396.0,67.54,179500.0,none
2026-07-28T20:31:41,3122.99,S010_Anish_chickenreal1,house_A,spoil_free_pcb_v1,pcb_A,chamber_A,poultry,chicken,Baseline,1499,0.187,8940,1.118,461,0.058,30.89,93396.0,67.53,179700.0,none
2026-07-28T20:31:43,3124.98,S010_Anish_chickenreal1,house_A,spoil_free_pcb_v1,pcb_A,chamber_A,poultry,chicken,Baseline,1501,0.188,8941,1.118,460,0.058,30.89,93396.0,67.53,179900.0,none
2026-07-28T20:31:45,3126.98,S010_Anish_chickenreal1,house_A,spoil_free_pcb_v1,pcb_A,chamber_A,poultry,chicken,Baseline,1498,0.187,8940,1.118,461,0.058,30.89,93396.0,67.52,179300.0,none
2026-07-28T20:31:47,3128.99,S010_Anish_chickenreal1,house_A,spoil_free_pcb_v1,pcb_A,chamber_A,poultry,chicken,Baseline,1493,0.187,8940,1.118,461,0.058,30.89,93396.0,67.53,179700.0,none
2026-07-28T20:31:49,3131.0,S010_Anish_chickenreal1,house_A,spoil_free_pcb_v1,pcb_A,chamber_A,poultry,chicken,Baseline,1489,0.186,8941,1.118,461,0.058,30.89,93394.0,67.54,180300.0,none
2026-07-28T20:31:51,3132.99,S010_Anish_chickenreal1,house_A,spoil_free_pcb_v1,pcb_A,chamber_A,poultry,chicken,Baseline,1487,0.186,8941,1.118,462,0.058,30.89,93396.0,67.53,180300.0,none
2026-07-28T20:31:53,3134.99,S010_Anish_chickenreal1,house_A,spoil_free_pcb_v1,pcb_A,chamber_A,poultry,chicken,Baseline,1492,0.187,8940,1.118,461,0.058,30.89,93396.0,67.53,180300.0,none
2026-07-28T20:31:55,3136.98,S010_Anish_chickenreal1,house_A,spoil_free_pcb_v1,pcb_A,chamber_A,poultry,chicken,Baseline,1497,0.187,8942,1.118,461,0.058,30.89,93396.0,67.55,179200.0,none
2026-07-28T20:31:57,3139.0,S010_Anish_chickenreal1,house_A,spoil_free_pcb_v1,pcb_A,chamber_A,poultry,chicken,Baseline,1497,0.187,8942,1.118,462,0.058,30.9,93394.0,67.56,179900.0,none
2026-07-28T20:31:59,3141.0,S010_Anish_chickenreal1,house_A,spoil_free_pcb_v1,pcb_A,chamber_A,poultry,chicken,Baseline,1500,0.188,8940,1.118,461,0.058,30.89,93394.0,67.58,179300.0,none
2026-07-28T20:32:01,3142.99,S010_Anish_chickenreal1,house_A,spoil_free_pcb_v1,pcb_A,chamber_A,poultry,chicken,Baseline,1497,0.187,8940,1.118,462,0.058,30.89,93394.0,67.6,180100.0,none
2026-07-28T20:32:03,3144.99,S010_Anish_chickenreal1,house_A,spoil_free_pcb_v1,pcb_A,chamber_A,poultry,chicken,Baseline,1494,0.187,8939,1.117,462,0.058,30.89,93394.0,67.64,180100.0,none
2026-07-28T20:32:05,3146.98,S010_Anish_chickenreal1,house_A,spoil_free_pcb_v1,pcb_A,chamber_A,poultry,chicken,Baseline,1488,0.186,8939,1.117,462,0.058,30.89,93394.0,67.7,179200.0,none
2026-07-28T20:32:07,3148.99,S010_Anish_chickenreal1,house_A,spoil_free_pcb_v1,pcb_A,chamber_A,poultry,chicken,Baseline,1488,0.186,8941,1.118,462,0.058,30.89,93394.0,67.74,179900.0,none
2026-07-28T20:32:09,3151.0,S010_Anish_chickenreal1,house_A,spoil_free_pcb_v1,pcb_A,chamber_A,poultry,chicken,Baseline,1489,0.186,8943,1.118,462,0.058,30.89,93394.0,67.8,178600.0,none
2026-07-28T20:32:11,3152.99,S010_Anish_chickenreal1,house_A,spoil_free_pcb_v1,pcb_A,chamber_A,poultry,chicken,Baseline,1493,0.187,8944,1.118,462,0.058,30.89,93394.0,67.82,179300.0,none
2026-07-28T20:32:13,3154.98,S010_Anish_chickenreal1,house_A,spoil_free_pcb_v1,pcb_A,chamber_A,poultry,chicken,Baseline,1495,0.187,8945,1.118,462,0.058,30.89,93394.0,67.82,179700.0,none
2026-07-28T20:32:15,3156.98,S010_Anish_chickenreal1,house_A,spoil_free_pcb_v1,pcb_A,chamber_A,poultry,chicken,Baseline,1498,0.187,8944,1.118,462,0.058,30.89,93394.0,67.85,178800.0,none
2026-07-28T20:32:17,3159.0,S010_Anish_chickenreal1,house_A,spoil_free_pcb_v1,pcb_A,chamber_A,poultry,chicken,Baseline,1498,0.187,8944,1.118,461,0.058,30.89,93396.0,67.92,179200.0,none
2026-07-28T20:32:19,3160.99,S010_Anish_chickenreal1,house_A,spoil_free_pcb_v1,pcb_A,chamber_A,poultry,chicken,Baseline,1498,0.187,8943,1.118,462,0.058,30.89,93394.0,67.97,178800.0,none
2026-07-28T20:32:21,3162.98,S010_Anish_chickenreal1,house_A,spoil_free_pcb_v1,pcb_A,chamber_A,poultry,chicken,Baseline,1497,0.187,8944,1.118,461,0.058,30.89,93396.0,67.94,178800.0,none
2026-07-28T20:32:23,3164.99,S010_Anish_chickenreal1,house_A,spoil_free_pcb_v1,pcb_A,chamber_A,poultry,chicken,Baseline,1493,0.187,8943,1.118,462,0.058,30.9,93396.0,67.92,179200.0,none
2026-07-28T20:32:25,3167.0,S010_Anish_chickenreal1,house_A,spoil_free_pcb_v1,pcb_A,chamber_A,poultry,chicken,Baseline,1493,0.187,8943,1.118,461,0.058,30.9,93396.0,67.94,178400.0,none
2026-07-28T20:32:27,3168.99,S010_Anish_chickenreal1,house_A,spoil_free_pcb_v1,pcb_A,chamber_A,poultry,chicken,Baseline,1492,0.187,8941,1.118,462,0.058,30.9,93396.0,67.94,179700.0,none
2026-07-28T20:32:29,3170.99,S010_Anish_chickenreal1,house_A,spoil_free_pcb_v1,pcb_A,chamber_A,poultry,chicken,Baseline,1489,0.186,8940,1.118,461,0.058,30.9,93396.0,67.96,179000.0,none
2026-07-28T20:32:31,3173.0,S010_Anish_chickenreal1,house_A,spoil_free_pcb_v1,pcb_A,chamber_A,poultry,chicken,Baseline,1490,0.186,8939,1.117,462,0.058,30.9,93396.0,67.96,178200.0,none
2026-07-28T20:32:33,3174.99,S010_Anish_chickenreal1,house_A,spoil_free_pcb_v1,pcb_A,chamber_A,poultry,chicken,Baseline,1490,0.186,8935,1.117,460,0.058,30.9,93396.0,67.92,177700.0,none
2026-07-28T20:32:35,3176.99,S010_Anish_chickenreal1,house_A,spoil_free_pcb_v1,pcb_A,chamber_A,poultry,chicken,Baseline,1491,0.186,8930,1.116,462,0.058,30.9,93396.0,67.91,179200.0,none
2026-07-28T20:32:37,3179.0,S010_Anish_chickenreal1,house_A,spoil_free_pcb_v1,pcb_A,chamber_A,poultry,chicken,Baseline,1492,0.187,8930,1.116,463,0.058,30.9,93396.0,67.95,179000.0,none
2026-07-28T20:32:39,3180.98,S010_Anish_chickenreal1,house_A,spoil_free_pcb_v1,pcb_A,chamber_A,poultry,chicken,Baseline,1492,0.187,8929,1.116,462,0.058,30.9,93396.0,67.99,178400.0,none
2026-07-28T20:32:41,3182.99,S010_Anish_chickenreal1,house_A,spoil_free_pcb_v1,pcb_A,chamber_A,poultry,chicken,Baseline,1495,0.187,8929,1.116,461,0.058,30.9,93396.0,68.02,179200.0,none
2026-07-28T20:32:43,3184.99,S010_Anish_chickenreal1,house_A,spoil_free_pcb_v1,pcb_A,chamber_A,poultry,chicken,Baseline,1496,0.187,8929,1.116,460,0.058,30.9,93396.0,68.01,177900.0,none
2026-07-28T20:32:45,3187.0,S010_Anish_chickenreal1,house_A,spoil_free_pcb_v1,pcb_A,chamber_A,poultry,chicken,Baseline,1498,0.187,8927,1.116,461,0.058,30.9,93396.0,68.01,178600.0,none
2026-07-28T20:32:47,3188.99,S010_Anish_chickenreal1,house_A,spoil_free_pcb_v1,pcb_A,chamber_A,poultry,chicken,Baseline,1499,0.187,8930,1.116,462,0.058,30.9,93396.0,68.02,178200.0,none
2026-07-28T20:32:49,3190.99,S010_Anish_chickenreal1,house_A,spoil_free_pcb_v1,pcb_A,chamber_A,poultry,chicken,Baseline,1503,0.188,8929,1.116,461,0.058,30.9,93396.0,68.02,178800.0,none
2026-07-28T20:32:51,3192.98,S010_Anish_chickenreal1,house_A,spoil_free_pcb_v1,pcb_A,chamber_A,poultry,chicken,Baseline,1500,0.188,8927,1.116,461,0.058,30.9,93396.0,67.99,178200.0,none
2026-07-28T20:32:53,3195.0,S010_Anish_chickenreal1,house_A,spoil_free_pcb_v1,pcb_A,chamber_A,poultry,chicken,Baseline,1501,0.188,8927,1.116,461,0.058,30.9,93396.0,67.93,179300.0,none
2026-07-28T20:32:55,3196.99,S010_Anish_chickenreal1,house_A,spoil_free_pcb_v1,pcb_A,chamber_A,poultry,chicken,Baseline,1497,0.187,8926,1.116,461,0.058,30.9,93396.0,67.9,178200.0,none
2026-07-28T20:32:57,3198.99,S010_Anish_chickenreal1,house_A,spoil_free_pcb_v1,pcb_A,chamber_A,poultry,chicken,Baseline,1496,0.187,8923,1.115,461,0.058,30.9,93396.0,67.87,179000.0,none
2026-07-28T20:32:59,3200.99,S010_Anish_chickenreal1,house_A,spoil_free_pcb_v1,pcb_A,chamber_A,poultry,chicken,Baseline,1495,0.187,8923,1.115,461,0.058,30.9,93396.0,67.85,178200.0,none
2026-07-28T20:33:01,3202.99,S010_Anish_chickenreal1,house_A,spoil_free_pcb_v1,pcb_A,chamber_A,poultry,chicken,Baseline,1493,0.187,8923,1.115,461,0.058,30.9,93396.0,67.85,177900.0,none
2026-07-28T20:33:03,3204.99,S010_Anish_chickenreal1,house_A,spoil_free_pcb_v1,pcb_A,chamber_A,poultry,chicken,Baseline,1493,0.187,8923,1.115,461,0.058,30.9,93396.0,67.9,178600.0,none
2026-07-28T20:33:05,3206.99,S010_Anish_chickenreal1,house_A,spoil_free_pcb_v1,pcb_A,chamber_A,poultry,chicken,Baseline,1493,0.187,8919,1.115,461,0.058,30.9,93396.0,67.92,178200.0,none
2026-07-28T20:33:07,3208.99,S010_Anish_chickenreal1,house_A,spoil_free_pcb_v1,pcb_A,chamber_A,poultry,chicken,Baseline,1494,0.187,8919,1.115,461,0.058,30.9,93396.0,67.92,178600.0,none
2026-07-28T20:33:09,3210.99,S010_Anish_chickenreal1,house_A,spoil_free_pcb_v1,pcb_A,chamber_A,poultry,chicken,Baseline,1495,0.187,8918,1.115,461,0.058,30.9,93394.0,67.95,179200.0,none
2026-07-28T20:33:11,3212.99,S010_Anish_chickenreal1,house_A,spoil_free_pcb_v1,pcb_A,chamber_A,poultry,chicken,Baseline,1498,0.187,8918,1.115,460,0.058,30.9,93394.0,67.97,179000.0,none
2026-07-28T20:33:13,3214.98,S010_Anish_chickenreal1,house_A,spoil_free_pcb_v1,pcb_A,chamber_A,poultry,chicken,Baseline,1501,0.188,8913,1.114,461,0.058,30.9,93392.0,67.96,177700.0,none
2026-07-28T20:33:15,3216.99,S010_Anish_chickenreal1,house_A,spoil_free_pcb_v1,pcb_A,chamber_A,poultry,chicken,Baseline,1500,0.188,8912,1.114,460,0.058,30.9,93392.0,67.95,178000.0,none
2026-07-28T20:33:17,3218.99,S010_Anish_chickenreal1,house_A,spoil_free_pcb_v1,pcb_A,chamber_A,poultry,chicken,Baseline,1501,0.188,8911,1.114,460,0.058,30.9,93392.0,67.9,178200.0,none
2026-07-28T20:33:19,3220.99,S010_Anish_chickenreal1,house_A,spoil_free_pcb_v1,pcb_A,chamber_A,poultry,chicken,Baseline,1503,0.188,8908,1.113,461,0.058,30.9,93392.0,67.87,178000.0,none
2026-07-28T20:33:21,3222.99,S010_Anish_chickenreal1,house_A,spoil_free_pcb_v1,pcb_A,chamber_A,poultry,chicken,Baseline,1503,0.188,8908,1.113,460,0.058,30.9,93392.0,67.88,178600.0,none
2026-07-28T20:33:23,3224.99,S010_Anish_chickenreal1,house_A,spoil_free_pcb_v1,pcb_A,chamber_A,poultry,chicken,Baseline,1503,0.188,8906,1.113,461,0.058,30.9,93392.0,67.9,177500.0,none
2026-07-28T20:33:25,3226.99,S010_Anish_chickenreal1,house_A,spoil_free_pcb_v1,pcb_A,chamber_A,poultry,chicken,Baseline,1505,0.188,8908,1.113,461,0.058,30.9,93392.0,67.89,178000.0,none
2026-07-28T20:33:27,3228.99,S010_Anish_chickenreal1,house_A,spoil_free_pcb_v1,pcb_A,chamber_A,poultry,chicken,Baseline,1504,0.188,8909,1.114,461,0.058,30.9,93392.0,67.88,178600.0,none
2026-07-28T20:33:29,3230.99,S010_Anish_chickenreal1,house_A,spoil_free_pcb_v1,pcb_A,chamber_A,poultry,chicken,Baseline,1504,0.188,8909,1.114,461,0.058,30.9,93392.0,67.87,178000.0,none
2026-07-28T20:33:31,3232.99,S010_Anish_chickenreal1,house_A,spoil_free_pcb_v1,pcb_A,chamber_A,poultry,chicken,Baseline,1502,0.188,8911,1.114,461,0.058,30.9,93392.0,67.86,179300.0,none
2026-07-28T20:33:33,3234.99,S010_Anish_chickenreal1,house_A,spoil_free_pcb_v1,pcb_A,chamber_A,poultry,chicken,Baseline,1501,0.188,8912,1.114,461,0.058,30.9,93392.0,67.85,178200.0,none
2026-07-28T20:33:35,3236.98,S010_Anish_chickenreal1,house_A,spoil_free_pcb_v1,pcb_A,chamber_A,poultry,chicken,Baseline,1500,0.188,8913,1.114,462,0.058,30.9,93390.0,67.86,178200.0,none
2026-07-28T20:33:37,3238.99,S010_Anish_chickenreal1,house_A,spoil_free_pcb_v1,pcb_A,chamber_A,poultry,chicken,Baseline,1499,0.187,8918,1.115,461,0.058,30.9,93390.0,67.87,178600.0,none
2026-07-28T20:33:39,3240.99,S010_Anish_chickenreal1,house_A,spoil_free_pcb_v1,pcb_A,chamber_A,poultry,chicken,Baseline,1499,0.187,8918,1.115,462,0.058,30.9,93390.0,67.9,178000.0,none
2026-07-28T20:33:41,3242.99,S010_Anish_chickenreal1,house_A,spoil_free_pcb_v1,pcb_A,chamber_A,poultry,chicken,Baseline,1500,0.188,8918,1.115,461,0.058,30.9,93388.0,67.92,178800.0,none
2026-07-28T20:33:43,3244.98,S010_Anish_chickenreal1,house_A,spoil_free_pcb_v1,pcb_A,chamber_A,poultry,chicken,Baseline,1499,0.187,8919,1.115,461,0.058,30.9,93388.0,67.88,178000.0,none
2026-07-28T20:33:45,3246.99,S010_Anish_chickenreal1,house_A,spoil_free_pcb_v1,pcb_A,chamber_A,poultry,chicken,Baseline,1501,0.188,8919,1.115,460,0.058,30.9,93388.0,67.87,178200.0,none
2026-07-28T20:33:47,3248.99,S010_Anish_chickenreal1,house_A,spoil_free_pcb_v1,pcb_A,chamber_A,poultry,chicken,Baseline,1502,0.188,8920,1.115,461,0.058,30.9,93388.0,67.87,178000.0,none
2026-07-28T20:33:49,3250.99,S010_Anish_chickenreal1,house_A,spoil_free_pcb_v1,pcb_A,chamber_A,poultry,chicken,Baseline,1504,0.188,8921,1.115,461,0.058,30.9,93386.0,67.86,177300.0,none
2026-07-28T20:33:51,3252.99,S010_Anish_chickenreal1,house_A,spoil_free_pcb_v1,pcb_A,chamber_A,poultry,chicken,Baseline,1504,0.188,8922,1.115,461,0.058,30.9,93388.0,67.85,178200.0,none
2026-07-28T20:33:53,3254.99,S010_Anish_chickenreal1,house_A,spoil_free_pcb_v1,pcb_A,chamber_A,poultry,chicken,Baseline,1505,0.188,8923,1.115,461,0.058,30.9,93388.0,67.85,178600.0,none
2026-07-28T20:33:55,3257.0,S010_Anish_chickenreal1,house_A,spoil_free_pcb_v1,pcb_A,chamber_A,poultry,chicken,Baseline,1506,0.188,8926,1.116,460,0.058,30.9,93388.0,67.86,178200.0,none
2026-07-28T20:33:57,3258.99,S010_Anish_chickenreal1,house_A,spoil_free_pcb_v1,pcb_A,chamber_A,poultry,chicken,Baseline,1507,0.188,8926,1.116,461,0.058,30.9,93390.0,67.86,177700.0,none
2026-07-28T20:33:59,3260.99,S010_Anish_chickenreal1,house_A,spoil_free_pcb_v1,pcb_A,chamber_A,poultry,chicken,Baseline,1507,0.188,8925,1.116,461,0.058,30.9,93390.0,67.84,178200.0,none
2026-07-28T20:34:01,3262.98,S010_Anish_chickenreal1,house_A,spoil_free_pcb_v1,pcb_A,chamber_A,poultry,chicken,Baseline,1509,0.189,8922,1.115,462,0.058,30.9,93390.0,67.79,178400.0,none
2026-07-28T20:34:03,3264.99,S010_Anish_chickenreal1,house_A,spoil_free_pcb_v1,pcb_A,chamber_A,poultry,chicken,Baseline,1508,0.189,8921,1.115,461,0.058,30.9,93392.0,67.73,178600.0,none
2026-07-28T20:34:05,3266.99,S010_Anish_chickenreal1,house_A,spoil_free_pcb_v1,pcb_A,chamber_A,poultry,chicken,Baseline,1507,0.188,8920,1.115,461,0.058,30.9,93392.0,67.73,178400.0,none
2026-07-28T20:34:07,3268.99,S010_Anish_chickenreal1,house_A,spoil_free_pcb_v1,pcb_A,chamber_A,poultry,chicken,Baseline,1507,0.188,8920,1.115,460,0.058,30.9,93392.0,67.73,178200.0,none
2026-07-28T20:34:09,3270.99,S010_Anish_chickenreal1,house_A,spoil_free_pcb_v1,pcb_A,chamber_A,poultry,chicken,Baseline,1507,0.188,8923,1.115,461,0.058,30.9,93392.0,67.74,177900.0,none
2026-07-28T20:34:11,3272.99,S010_Anish_chickenreal1,house_A,spoil_free_pcb_v1,pcb_A,chamber_A,poultry,chicken,Baseline,1507,0.188,8923,1.115,460,0.058,30.9,93392.0,67.75,177500.0,none
2026-07-28T20:34:13,3274.98,S010_Anish_chickenreal1,house_A,spoil_free_pcb_v1,pcb_A,chamber_A,poultry,chicken,Baseline,1506,0.188,8927,1.116,461,0.058,30.9,93392.0,67.75,178000.0,none
2026-07-28T20:34:15,3276.98,S010_Anish_chickenreal1,house_A,spoil_free_pcb_v1,pcb_A,chamber_A,poultry,chicken,Baseline,1507,0.188,8930,1.116,460,0.058,30.9,93392.0,67.76,177700.0,none
2026-07-28T20:34:17,3278.99,S010_Anish_chickenreal1,house_A,spoil_free_pcb_v1,pcb_A,chamber_A,poultry,chicken,Baseline,1507,0.188,8929,1.116,460,0.058,30.9,93392.0,67.8,178000.0,none
2026-07-28T20:34:19,3280.99,S010_Anish_chickenreal1,house_A,spoil_free_pcb_v1,pcb_A,chamber_A,poultry,chicken,Baseline,1507,0.188,8925,1.116,461,0.058,30.9,93392.0,67.81,176900.0,none
2026-07-28T20:34:21,3282.99,S010_Anish_chickenreal1,house_A,spoil_free_pcb_v1,pcb_A,chamber_A,poultry,chicken,Baseline,1507,0.188,8922,1.115,461,0.058,30.9,93392.0,67.82,178000.0,none
2026-07-28T20:34:23,3284.99,S010_Anish_chickenreal1,house_A,spoil_free_pcb_v1,pcb_A,chamber_A,poultry,chicken,Baseline,1507,0.188,8919,1.115,461,0.058,30.9,93392.0,67.8,177900.0,none
2026-07-28T20:34:25,3286.99,S010_Anish_chickenreal1,house_A,spoil_free_pcb_v1,pcb_A,chamber_A,poultry,chicken,Baseline,1507,0.188,8921,1.115,460,0.058,30.9,93392.0,67.76,178600.0,none
2026-07-28T20:34:27,3288.99,S010_Anish_chickenreal1,house_A,spoil_free_pcb_v1,pcb_A,chamber_A,poultry,chicken,Baseline,1508,0.189,8919,1.115,460,0.058,30.9,93392.0,67.75,177700.0,none
2026-07-28T20:34:29,3290.99,S010_Anish_chickenreal1,house_A,spoil_free_pcb_v1,pcb_A,chamber_A,poultry,chicken,Baseline,1507,0.188,8915,1.114,460,0.058,30.9,93392.0,67.75,178200.0,none
2026-07-28T20:34:31,3292.99,S010_Anish_chickenreal1,house_A,spoil_free_pcb_v1,pcb_A,chamber_A,poultry,chicken,Baseline,1509,0.189,8914,1.114,461,0.058,30.9,93392.0,67.73,177900.0,none
2026-07-28T20:34:33,3294.99,S010_Anish_chickenreal1,house_A,spoil_free_pcb_v1,pcb_A,chamber_A,poultry,chicken,Baseline,1508,0.189,8915,1.114,460,0.058,30.91,93392.0,67.71,176900.0,none
2026-07-28T20:34:35,3296.99,S010_Anish_chickenreal1,house_A,spoil_free_pcb_v1,pcb_A,chamber_A,poultry,chicken,Baseline,1508,0.189,8918,1.115,460,0.058,30.91,93392.0,67.67,178200.0,none
2026-07-28T20:34:37,3299.98,S010_Anish_chickenreal1,house_A,spoil_free_pcb_v1,pcb_A,chamber_A,poultry,chicken,Baseline,1510,0.189,8918,1.115,460,0.058,30.9,93392.0,67.68,177300.0,none
2026-07-28T20:34:39,3300.99,S010_Anish_chickenreal1,house_A,spoil_free_pcb_v1,pcb_A,chamber_A,poultry,chicken,Baseline,1510,0.189,8920,1.115,460,0.058,30.9,93392.0,67.68,178000.0,none
2026-07-28T20:34:41,3302.99,S010_Anish_chickenreal1,house_A,spoil_free_pcb_v1,pcb_A,chamber_A,poultry,chicken,Baseline,1510,0.189,8921,1.115,460,0.058,30.9,93392.0,67.69,178000.0,img_000007_20260728_203440.jpg
2026-07-28T20:34:43,3305.44,S010_Anish_chickenreal1,house_A,spoil_free_pcb_v1,pcb_A,chamber_A,poultry,chicken,Baseline,1510,0.189,8923,1.115,461,0.058,30.9,93392.0,67.71,178000.0,none
2026-07-28T20:34:45,3306.99,S010_Anish_chickenreal1,house_A,spoil_free_pcb_v1,pcb_A,chamber_A,poultry,chicken,Baseline,1512,0.189,8924,1.116,460,0.058,30.9,93392.0,67.69,177900.0,none
2026-07-28T20:34:47,3308.99,S010_Anish_chickenreal1,house_A,spoil_free_pcb_v1,pcb_A,chamber_A,poultry,chicken,Baseline,1510,0.189,8926,1.116,460,0.058,30.9,93392.0,67.71,178400.0,none
2026-07-28T20:34:49,3310.99,S010_Anish_chickenreal1,house_A,spoil_free_pcb_v1,pcb_A,chamber_A,poultry,chicken,Baseline,1511,0.189,8926,1.116,460,0.058,30.9,93392.0,67.73,177100.0,none
2026-07-28T20:34:51,3312.99,S010_Anish_chickenreal1,house_A,spoil_free_pcb_v1,pcb_A,chamber_A,poultry,chicken,Baseline,1510,0.189,8927,1.116,460,0.058,30.9,93392.0,67.73,178000.0,none
2026-07-28T20:34:53,3314.99,S010_Anish_chickenreal1,house_A,spoil_free_pcb_v1,pcb_A,chamber_A,poultry,chicken,Baseline,1511,0.189,8929,1.116,461,0.058,30.9,93392.0,67.75,177700.0,none
2026-07-28T20:34:55,3316.99,S010_Anish_chickenreal1,house_A,spoil_free_pcb_v1,pcb_A,chamber_A,poultry,chicken,Baseline,1511,0.189,8926,1.116,460,0.058,30.9,93392.0,67.79,176600.0,none
2026-07-28T20:34:57,3318.99,S010_Anish_chickenreal1,house_A,spoil_free_pcb_v1,pcb_A,chamber_A,poultry,chicken,Baseline,1511,0.189,8926,1.116,460,0.058,30.91,93392.0,67.8,178000.0,none
2026-07-28T20:34:59,3320.98,S010_Anish_chickenreal1,house_A,spoil_free_pcb_v1,pcb_A,chamber_A,poultry,chicken,Baseline,1511,0.189,8925,1.116,460,0.058,30.91,93392.0,67.79,178000.0,none
2026-07-28T20:35:01,3322.98,S010_Anish_chickenreal1,house_A,spoil_free_pcb_v1,pcb_A,chamber_A,poultry,chicken,Baseline,1511,0.189,8925,1.116,460,0.058,30.91,93392.0,67.76,177900.0,none
2026-07-28T20:35:03,3324.98,S010_Anish_chickenreal1,house_A,spoil_free_pcb_v1,pcb_A,chamber_A,poultry,chicken,Baseline,1511,0.189,8923,1.115,460,0.058,30.91,93392.0,67.73,176900.0,none
2026-07-28T20:35:05,3326.99,S010_Anish_chickenreal1,house_A,spoil_free_pcb_v1,pcb_A,chamber_A,poultry,chicken,Baseline,1509,0.189,8926,1.116,461,0.058,30.91,93392.0,67.71,177500.0,none
2026-07-28T20:35:07,3328.99,S010_Anish_chickenreal1,house_A,spoil_free_pcb_v1,pcb_A,chamber_A,poultry,chicken,Baseline,1509,0.189,8928,1.116,460,0.058,30.91,93392.0,67.73,177900.0,none
2026-07-28T20:35:09,3330.99,S010_Anish_chickenreal1,house_A,spoil_free_pcb_v1,pcb_A,chamber_A,poultry,chicken,Baseline,1508,0.189,8932,1.117,460,0.058,30.91,93392.0,67.74,177300.0,none
2026-07-28T20:35:11,3332.99,S010_Anish_chickenreal1,house_A,spoil_free_pcb_v1,pcb_A,chamber_A,poultry,chicken,Baseline,1509,0.189,8936,1.117,459,0.057,30.91,93392.0,67.75,176900.0,none
2026-07-28T20:35:13,3334.99,S010_Anish_chickenreal1,house_A,spoil_free_pcb_v1,pcb_A,chamber_A,poultry,chicken,Baseline,1510,0.189,8936,1.117,461,0.058,30.91,93392.0,67.78,177300.0,none
2026-07-28T20:35:15,3336.99,S010_Anish_chickenreal1,house_A,spoil_free_pcb_v1,pcb_A,chamber_A,poultry,chicken,Baseline,1507,0.188,8940,1.118,460,0.058,30.91,93394.0,67.8,177500.0,none
2026-07-28T20:35:17,3338.98,S010_Anish_chickenreal1,house_A,spoil_free_pcb_v1,pcb_A,chamber_A,poultry,chicken,Baseline,1507,0.188,8938,1.117,461,0.058,30.91,93394.0,67.8,176400.0,none
2026-07-28T20:35:19,3340.99,S010_Anish_chickenreal1,house_A,spoil_free_pcb_v1,pcb_A,chamber_A,poultry,chicken,Baseline,1505,0.188,8937,1.117,461,0.058,30.91,93394.0,67.8,176900.0,none
2026-07-28T20:35:21,3342.99,S010_Anish_chickenreal1,house_A,spoil_free_pcb_v1,pcb_A,chamber_A,poultry,chicken,Baseline,1505,0.188,8935,1.117,460,0.058,30.91,93394.0,67.78,177300.0,none
2026-07-28T20:35:23,3344.99,S010_Anish_chickenreal1,house_A,spoil_free_pcb_v1,pcb_A,chamber_A,poultry,chicken,Baseline,1506,0.188,8935,1.117,460,0.058,30.91,93394.0,67.75,176900.0,none
2026-07-28T20:35:25,3346.98,S010_Anish_chickenreal1,house_A,spoil_free_pcb_v1,pcb_A,chamber_A,poultry,chicken,Baseline,1505,0.188,8937,1.117,460,0.058,30.91,93394.0,67.73,176600.0,none
2026-07-28T20:35:27,3348.99,S010_Anish_chickenreal1,house_A,spoil_free_pcb_v1,pcb_A,chamber_A,poultry,chicken,Baseline,1505,0.188,8938,1.117,460,0.058,30.91,93394.0,67.75,176700.0,none
2026-07-28T20:35:29,3350.99,S010_Anish_chickenreal1,house_A,spoil_free_pcb_v1,pcb_A,chamber_A,poultry,chicken,Baseline,1503,0.188,8937,1.117,460,0.058,30.91,93394.0,67.72,177700.0,none
2026-07-28T20:35:31,3352.99,S010_Anish_chickenreal1,house_A,spoil_free_pcb_v1,pcb_A,chamber_A,poultry,chicken,Baseline,1505,0.188,8936,1.117,461,0.058,30.91,93394.0,67.67,177300.0,none
2026-07-28T20:35:33,3354.98,S010_Anish_chickenreal1,house_A,spoil_free_pcb_v1,pcb_A,chamber_A,poultry,chicken,Baseline,1504,0.188,8937,1.117,460,0.058,30.91,93394.0,67.62,176900.0,none
2026-07-28T20:35:35,3357.98,S010_Anish_chickenreal1,house_A,spoil_free_pcb_v1,pcb_A,chamber_A,poultry,chicken,Baseline,1506,0.188,8934,1.117,460,0.058,30.91,93394.0,67.61,176700.0,none
2026-07-28T20:35:37,3358.99,S010_Anish_chickenreal1,house_A,spoil_free_pcb_v1,pcb_A,chamber_A,poultry,chicken,Baseline,1510,0.189,8935,1.117,460,0.058,30.91,93394.0,67.6,177300.0,none
2026-07-28T20:35:39,3360.99,S010_Anish_chickenreal1,house_A,spoil_free_pcb_v1,pcb_A,chamber_A,poultry,chicken,Baseline,1510,0.189,8934,1.117,461,0.058,30.91,93394.0,67.62,177100.0,none
2026-07-28T20:35:41,3362.99,S010_Anish_chickenreal1,house_A,spoil_free_pcb_v1,pcb_A,chamber_A,poultry,chicken,Baseline,1510,0.189,8934,1.117,460,0.058,30.91,93394.0,67.62,179000.0,none
2026-07-28T20:35:43,3364.99,S010_Anish_chickenreal1,house_A,spoil_free_pcb_v1,pcb_A,chamber_A,poultry,chicken,Baseline,1512,0.189,8933,1.117,461,0.058,30.91,93394.0,67.61,177100.0,none
2026-07-28T20:35:45,3366.98,S010_Anish_chickenreal1,house_A,spoil_free_pcb_v1,pcb_A,chamber_A,poultry,chicken,Baseline,1512,0.189,8936,1.117,460,0.058,30.91,93394.0,67.6,178000.0,none
2026-07-28T20:35:47,3368.99,S010_Anish_chickenreal1,house_A,spoil_free_pcb_v1,pcb_A,chamber_A,poultry,chicken,Baseline,1511,0.189,8935,1.117,461,0.058,30.91,93394.0,67.61,177300.0,none
2026-07-28T20:35:49,3370.99,S010_Anish_chickenreal1,house_A,spoil_free_pcb_v1,pcb_A,chamber_A,poultry,chicken,Baseline,1512,0.189,8937,1.117,461,0.058,30.91,93394.0,67.61,177700.0,none
2026-07-28T20:35:51,3372.99,S010_Anish_chickenreal1,house_A,spoil_free_pcb_v1,pcb_A,chamber_A,poultry,chicken,Baseline,1511,0.189,8935,1.117,461,0.058,30.91,93396.0,67.62,177500.0,none
2026-07-28T20:35:53,3374.99,S010_Anish_chickenreal1,house_A,spoil_free_pcb_v1,pcb_A,chamber_A,poultry,chicken,Baseline,1511,0.189,8936,1.117,461,0.058,30.91,93396.0,67.62,178000.0,none
2026-07-28T20:35:55,3376.97,S010_Anish_chickenreal1,house_A,spoil_free_pcb_v1,pcb_A,chamber_A,poultry,chicken,Baseline,1511,0.189,8934,1.117,460,0.058,30.91,93398.0,67.6,176900.0,none
2026-07-28T20:35:57,3378.98,S010_Anish_chickenreal1,house_A,spoil_free_pcb_v1,pcb_A,chamber_A,poultry,chicken,Baseline,1510,0.189,8933,1.117,460,0.058,30.91,93396.0,67.58,177700.0,none
2026-07-28T20:35:59,3380.97,S010_Anish_chickenreal1,house_A,spoil_free_pcb_v1,pcb_A,chamber_A,poultry,chicken,Baseline,1509,0.189,8934,1.117,460,0.058,30.91,93396.0,67.55,177900.0,none
2026-07-28T20:36:01,3382.98,S010_Anish_chickenreal1,house_A,spoil_free_pcb_v1,pcb_A,chamber_A,poultry,chicken,Baseline,1508,0.189,8933,1.117,460,0.058,30.92,93396.0,67.53,177100.0,none
2026-07-28T20:36:03,3384.99,S010_Anish_chickenreal1,house_A,spoil_free_pcb_v1,pcb_A,chamber_A,poultry,chicken,Baseline,1506,0.188,8935,1.117,460,0.058,30.91,93396.0,67.5,177700.0,none
2026-07-28T20:36:05,3386.99,S010_Anish_chickenreal1,house_A,spoil_free_pcb_v1,pcb_A,chamber_A,poultry,chicken,Baseline,1506,0.188,8940,1.118,460,0.058,30.91,93396.0,67.51,177700.0,none
2026-07-28T20:36:07,3388.99,S010_Anish_chickenreal1,house_A,spoil_free_pcb_v1,pcb_A,chamber_A,poultry,chicken,Baseline,1505,0.188,8942,1.118,459,0.057,30.91,93396.0,67.51,177300.0,none
2026-07-28T20:36:09,3390.99,S010_Anish_chickenreal1,house_A,spoil_free_pcb_v1,pcb_A,chamber_A,poultry,chicken,Baseline,1505,0.188,8942,1.118,460,0.058,30.91,93398.0,67.52,177900.0,none
2026-07-28T20:36:11,3392.98,S010_Anish_chickenreal1,house_A,spoil_free_pcb_v1,pcb_A,chamber_A,poultry,chicken,Baseline,1506,0.188,8944,1.118,459,0.057,30.91,93398.0,67.57,177300.0,none
2026-07-28T20:36:13,3394.99,S010_Anish_chickenreal1,house_A,spoil_free_pcb_v1,pcb_A,chamber_A,poultry,chicken,Baseline,1504,0.188,8945,1.118,460,0.058,30.91,93398.0,67.6,177300.0,none
2026-07-28T20:36:15,3396.99,S010_Anish_chickenreal1,house_A,spoil_free_pcb_v1,pcb_A,chamber_A,poultry,chicken,Baseline,1503,0.188,8946,1.118,460,0.058,30.91,93398.0,67.61,177700.0,none
2026-07-28T20:36:17,3398.99,S010_Anish_chickenreal1,house_A,spoil_free_pcb_v1,pcb_A,chamber_A,poultry,chicken,Baseline,1506,0.188,8943,1.118,463,0.058,30.91,93398.0,67.61,176900.0,none
2026-07-28T20:36:19,3400.99,S010_Anish_chickenreal1,house_A,spoil_free_pcb_v1,pcb_A,chamber_A,poultry,chicken,Baseline,1508,0.189,8943,1.118,463,0.058,30.91,93398.0,67.63,176900.0,none
2026-07-28T20:36:21,3402.99,S010_Anish_chickenreal1,house_A,spoil_free_pcb_v1,pcb_A,chamber_A,poultry,chicken,Baseline,1508,0.189,8941,1.118,464,0.058,30.91,93398.0,67.64,177900.0,none
2026-07-28T20:36:23,3405.97,S010_Anish_chickenreal1,house_A,spoil_free_pcb_v1,pcb_A,chamber_A,poultry,chicken,Baseline,1508,0.189,8943,1.118,463,0.058,30.91,93398.0,67.64,176700.0,none
2026-07-28T20:36:25,3406.99,S010_Anish_chickenreal1,house_A,spoil_free_pcb_v1,pcb_A,chamber_A,poultry,chicken,Baseline,1511,0.189,8941,1.118,463,0.058,30.92,93398.0,67.64,177300.0,none
2026-07-28T20:36:27,3408.97,S010_Anish_chickenreal1,house_A,spoil_free_pcb_v1,pcb_A,chamber_A,poultry,chicken,Baseline,1513,0.189,8943,1.118,463,0.058,30.92,93398.0,67.61,177500.0,none
2026-07-28T20:36:29,3410.99,S010_Anish_chickenreal1,house_A,spoil_free_pcb_v1,pcb_A,chamber_A,poultry,chicken,Baseline,1512,0.189,8946,1.118,463,0.058,30.92,93398.0,67.58,177700.0,none
2026-07-28T20:36:31,3412.98,S010_Anish_chickenreal1,house_A,spoil_free_pcb_v1,pcb_A,chamber_A,poultry,chicken,Baseline,1515,0.189,8948,1.118,463,0.058,30.91,93398.0,67.56,176900.0,none
2026-07-28T20:36:33,3414.99,S010_Anish_chickenreal1,house_A,spoil_free_pcb_v1,pcb_A,chamber_A,poultry,chicken,Baseline,1514,0.189,8950,1.119,464,0.058,30.91,93400.0,67.54,177500.0,none
2026-07-28T20:36:35,3416.99,S010_Anish_chickenreal1,house_A,spoil_free_pcb_v1,pcb_A,chamber_A,poultry,chicken,Baseline,1514,0.189,8953,1.119,463,0.058,30.91,93400.0,67.56,177700.0,none
2026-07-28T20:36:37,3418.98,S010_Anish_chickenreal1,house_A,spoil_free_pcb_v1,pcb_A,chamber_A,poultry,chicken,Baseline,1513,0.189,8958,1.12,463,0.058,30.91,93400.0,67.56,177500.0,none
2026-07-28T20:36:39,3420.99,S010_Anish_chickenreal1,house_A,spoil_free_pcb_v1,pcb_A,chamber_A,poultry,chicken,Baseline,1512,0.189,8961,1.12,463,0.058,30.91,93398.0,67.56,177700.0,none
2026-07-28T20:36:41,3422.99,S010_Anish_chickenreal1,house_A,spoil_free_pcb_v1,pcb_A,chamber_A,poultry,chicken,Baseline,1511,0.189,8965,1.121,463,0.058,30.91,93398.0,67.6,177100.0,none
2026-07-28T20:36:43,3424.99,S010_Anish_chickenreal1,house_A,spoil_free_pcb_v1,pcb_A,chamber_A,poultry,chicken,Baseline,1509,0.189,8965,1.121,464,0.058,30.91,93398.0,67.62,177100.0,none
2026-07-28T20:36:45,3426.99,S010_Anish_chickenreal1,house_A,spoil_free_pcb_v1,pcb_A,chamber_A,poultry,chicken,Baseline,1507,0.188,8968,1.121,464,0.058,30.92,93398.0,67.6,177700.0,none
2026-07-28T20:36:47,3428.99,S010_Anish_chickenreal1,house_A,spoil_free_pcb_v1,pcb_A,chamber_A,poultry,chicken,Baseline,1507,0.188,8966,1.121,463,0.058,30.92,93398.0,67.59,176400.0,none
2026-07-28T20:36:49,3430.99,S010_Anish_chickenreal1,house_A,spoil_free_pcb_v1,pcb_A,chamber_A,poultry,chicken,Baseline,1506,0.188,8963,1.12,462,0.058,30.91,93398.0,67.61,177100.0,none
2026-07-28T20:36:51,3433.0,S010_Anish_chickenreal1,house_A,spoil_free_pcb_v1,pcb_A,chamber_A,poultry,chicken,Baseline,1505,0.188,8962,1.12,463,0.058,30.91,93398.0,67.6,177700.0,none
2026-07-28T20:36:53,3434.99,S010_Anish_chickenreal1,house_A,spoil_free_pcb_v1,pcb_A,chamber_A,poultry,chicken,Baseline,1505,0.188,8959,1.12,462,0.058,30.91,93396.0,67.58,177500.0,none
2026-07-28T20:36:55,3436.99,S010_Anish_chickenreal1,house_A,spoil_free_pcb_v1,pcb_A,chamber_A,poultry,chicken,Baseline,1508,0.189,8957,1.12,463,0.058,30.91,93396.0,67.56,178200.0,none
2026-07-28T20:36:57,3438.99,S010_Anish_chickenreal1,house_A,spoil_free_pcb_v1,pcb_A,chamber_A,poultry,chicken,Baseline,1508,0.189,8956,1.12,462,0.058,30.91,93396.0,67.56,177500.0,none
2026-07-28T20:36:59,3440.99,S010_Anish_chickenreal1,house_A,spoil_free_pcb_v1,pcb_A,chamber_A,poultry,chicken,Baseline,1511,0.189,8958,1.12,463,0.058,30.91,93396.0,67.55,177300.0,none
2026-07-28T20:37:01,3442.99,S010_Anish_chickenreal1,house_A,spoil_free_pcb_v1,pcb_A,chamber_A,poultry,chicken,Baseline,1511,0.189,8959,1.12,463,0.058,30.91,93396.0,67.59,176400.0,none
2026-07-28T20:37:03,3444.98,S010_Anish_chickenreal1,house_A,spoil_free_pcb_v1,pcb_A,chamber_A,poultry,chicken,Baseline,1514,0.189,8961,1.12,463,0.058,30.91,93396.0,67.6,177300.0,none
2026-07-28T20:37:05,3446.98,S010_Anish_chickenreal1,house_A,spoil_free_pcb_v1,pcb_A,chamber_A,poultry,chicken,Baseline,1514,0.189,8964,1.121,462,0.058,30.91,93396.0,67.63,176700.0,none
2026-07-28T20:37:07,3448.99,S010_Anish_chickenreal1,house_A,spoil_free_pcb_v1,pcb_A,chamber_A,poultry,chicken,Baseline,1515,0.189,8966,1.121,463,0.058,30.91,93396.0,67.65,177300.0,none
2026-07-28T20:37:09,3450.98,S010_Anish_chickenreal1,house_A,spoil_free_pcb_v1,pcb_A,chamber_A,poultry,chicken,Baseline,1514,0.189,8970,1.121,463,0.058,30.91,93396.0,67.68,177100.0,none
2026-07-28T20:37:11,3452.98,S010_Anish_chickenreal1,house_A,spoil_free_pcb_v1,pcb_A,chamber_A,poultry,chicken,Baseline,1514,0.189,8972,1.122,463,0.058,30.91,93398.0,67.69,177900.0,none
2026-07-28T20:37:13,3454.99,S010_Anish_chickenreal1,house_A,spoil_free_pcb_v1,pcb_A,chamber_A,poultry,chicken,Baseline,1511,0.189,8970,1.121,464,0.058,30.91,93398.0,67.71,177300.0,none
2026-07-28T20:37:15,3456.99,S010_Anish_chickenreal1,house_A,spoil_free_pcb_v1,pcb_A,chamber_A,poultry,chicken,Baseline,1508,0.189,8970,1.121,464,0.058,30.91,93398.0,67.71,176200.0,none
2026-07-28T20:37:17,3458.99,S010_Anish_chickenreal1,house_A,spoil_free_pcb_v1,pcb_A,chamber_A,poultry,chicken,Baseline,1508,0.189,8968,1.121,463,0.058,30.91,93398.0,67.71,177700.0,none
2026-07-28T20:37:19,3460.98,S010_Anish_chickenreal1,house_A,spoil_free_pcb_v1,pcb_A,chamber_A,poultry,chicken,Baseline,1506,0.188,8969,1.121,463,0.058,30.91,93398.0,67.73,176600.0,none
2026-07-28T20:37:21,3462.99,S010_Anish_chickenreal1,house_A,spoil_free_pcb_v1,pcb_A,chamber_A,poultry,chicken,Baseline,1503,0.188,8967,1.121,462,0.058,30.91,93398.0,67.74,177500.0,none
2026-07-28T20:37:23,3464.98,S010_Anish_chickenreal1,house_A,spoil_free_pcb_v1,pcb_A,chamber_A,poultry,chicken,Baseline,1502,0.188,8968,1.121,463,0.058,30.91,93396.0,67.78,176700.0,none
2026-07-28T20:37:25,3466.99,S010_Anish_chickenreal1,house_A,spoil_free_pcb_v1,pcb_A,chamber_A,poultry,chicken,Baseline,1504,0.188,8969,1.121,464,0.058,30.92,93396.0,67.8,176600.0,none
2026-07-28T20:37:27,3468.99,S010_Anish_chickenreal1,house_A,spoil_free_pcb_v1,pcb_A,chamber_A,poultry,chicken,Baseline,1505,0.188,8969,1.121,463,0.058,30.92,93396.0,67.83,176400.0,none
2026-07-28T20:37:29,3470.98,S010_Anish_chickenreal1,house_A,spoil_free_pcb_v1,pcb_A,chamber_A,poultry,chicken,Baseline,1509,0.189,8968,1.121,463,0.058,30.92,93396.0,67.82,176600.0,none
2026-07-28T20:37:31,3472.99,S010_Anish_chickenreal1,house_A,spoil_free_pcb_v1,pcb_A,chamber_A,poultry,chicken,Baseline,1510,0.189,8967,1.121,464,0.058,30.92,93396.0,67.82,176900.0,none
2026-07-28T20:37:33,3474.99,S010_Anish_chickenreal1,house_A,spoil_free_pcb_v1,pcb_A,chamber_A,poultry,chicken,Baseline,1513,0.189,8965,1.121,463,0.058,30.92,93394.0,67.84,176400.0,none
2026-07-28T20:37:35,3476.99,S010_Anish_chickenreal1,house_A,spoil_free_pcb_v1,pcb_A,chamber_A,poultry,chicken,Baseline,1515,0.189,8968,1.121,463,0.058,30.92,93396.0,67.84,176700.0,none
2026-07-28T20:37:37,3478.97,S010_Anish_chickenreal1,house_A,spoil_free_pcb_v1,pcb_A,chamber_A,poultry,chicken,Baseline,1515,0.189,8967,1.121,463,0.058,30.92,93394.0,67.86,177100.0,none
2026-07-28T20:37:39,3480.98,S010_Anish_chickenreal1,house_A,spoil_free_pcb_v1,pcb_A,chamber_A,poultry,chicken,Baseline,1512,0.189,8967,1.121,463,0.058,30.92,93394.0,67.87,177300.0,none
2026-07-28T20:37:41,3483.0,S010_Anish_chickenreal1,house_A,spoil_free_pcb_v1,pcb_A,chamber_A,poultry,chicken,Baseline,1509,0.189,8968,1.121,463,0.058,30.92,93394.0,67.87,176900.0,none
2026-07-28T20:37:43,3484.99,S010_Anish_chickenreal1,house_A,spoil_free_pcb_v1,pcb_A,chamber_A,poultry,chicken,Baseline,1508,0.189,8966,1.121,463,0.058,30.92,93394.0,67.86,177100.0,none
2026-07-28T20:37:45,3486.99,S010_Anish_chickenreal1,house_A,spoil_free_pcb_v1,pcb_A,chamber_A,poultry,chicken,Baseline,1508,0.189,8966,1.121,464,0.058,30.92,93394.0,67.86,176900.0,none
2026-07-28T20:37:47,3488.98,S010_Anish_chickenreal1,house_A,spoil_free_pcb_v1,pcb_A,chamber_A,poultry,chicken,Baseline,1506,0.188,8966,1.121,464,0.058,30.92,93394.0,67.84,177100.0,none
2026-07-28T20:37:49,3490.99,S010_Anish_chickenreal1,house_A,spoil_free_pcb_v1,pcb_A,chamber_A,poultry,chicken,Baseline,1505,0.188,8966,1.121,464,0.058,30.92,93394.0,67.81,177300.0,none
2026-07-28T20:37:51,3492.98,S010_Anish_chickenreal1,house_A,spoil_free_pcb_v1,pcb_A,chamber_A,poultry,chicken,Baseline,1504,0.188,8966,1.121,463,0.058,30.92,93394.0,67.72,177700.0,none
2026-07-28T20:37:53,3494.98,S010_Anish_chickenreal1,house_A,spoil_free_pcb_v1,pcb_A,chamber_A,poultry,chicken,Baseline,1504,0.188,8966,1.121,463,0.058,30.92,93394.0,67.69,177500.0,none
2026-07-28T20:37:55,3496.99,S010_Anish_chickenreal1,house_A,spoil_free_pcb_v1,pcb_A,chamber_A,poultry,chicken,Baseline,1504,0.188,8967,1.121,463,0.058,30.92,93394.0,67.66,176200.0,none
2026-07-28T20:37:57,3498.98,S010_Anish_chickenreal1,house_A,spoil_free_pcb_v1,pcb_A,chamber_A,poultry,chicken,Baseline,1505,0.188,8970,1.121,463,0.058,30.92,93394.0,67.63,176600.0,none
2026-07-28T20:37:59,3500.99,S010_Anish_chickenreal1,house_A,spoil_free_pcb_v1,pcb_A,chamber_A,poultry,chicken,Baseline,1507,0.188,8970,1.121,463,0.058,30.92,93394.0,67.65,177500.0,none
2026-07-28T20:38:01,3502.99,S010_Anish_chickenreal1,house_A,spoil_free_pcb_v1,pcb_A,chamber_A,poultry,chicken,Baseline,1509,0.189,8975,1.122,463,0.058,30.92,93394.0,67.65,176600.0,none
2026-07-28T20:38:03,3504.98,S010_Anish_chickenreal1,house_A,spoil_free_pcb_v1,pcb_A,chamber_A,poultry,chicken,Baseline,1511,0.189,8977,1.122,463,0.058,30.92,93396.0,67.67,176600.0,none
2026-07-28T20:38:05,3507.0,S010_Anish_chickenreal1,house_A,spoil_free_pcb_v1,pcb_A,chamber_A,poultry,chicken,Baseline,1514,0.189,8981,1.123,463,0.058,30.92,93394.0,67.7,177100.0,none
2026-07-28T20:38:07,3508.99,S010_Anish_chickenreal1,house_A,spoil_free_pcb_v1,pcb_A,chamber_A,poultry,chicken,Baseline,1514,0.189,8985,1.123,463,0.058,30.92,93394.0,67.72,176900.0,none
2026-07-28T20:38:09,3510.99,S010_Anish_chickenreal1,house_A,spoil_free_pcb_v1,pcb_A,chamber_A,poultry,chicken,Baseline,1515,0.189,8987,1.123,462,0.058,30.92,93394.0,67.76,176200.0,none
2026-07-28T20:38:11,3512.99,S010_Anish_chickenreal1,house_A,spoil_free_pcb_v1,pcb_A,chamber_A,poultry,chicken,Baseline,1514,0.189,8990,1.124,463,0.058,30.92,93394.0,67.79,176000.0,none
2026-07-28T20:38:13,3514.99,S010_Anish_chickenreal1,house_A,spoil_free_pcb_v1,pcb_A,chamber_A,poultry,chicken,Baseline,1515,0.189,8992,1.124,463,0.058,30.92,93394.0,67.8,177100.0,none
2026-07-28T20:38:15,3516.98,S010_Anish_chickenreal1,house_A,spoil_free_pcb_v1,pcb_A,chamber_A,poultry,chicken,Baseline,1513,0.189,8992,1.124,463,0.058,30.92,93394.0,67.82,176000.0,none
2026-07-28T20:38:17,3518.99,S010_Anish_chickenreal1,house_A,spoil_free_pcb_v1,pcb_A,chamber_A,poultry,chicken,Baseline,1512,0.189,8990,1.124,463,0.058,30.92,93394.0,67.84,177500.0,none
2026-07-28T20:38:19,3520.99,S010_Anish_chickenreal1,house_A,spoil_free_pcb_v1,pcb_A,chamber_A,poultry,chicken,Baseline,1510,0.189,8992,1.124,463,0.058,30.92,93394.0,67.84,177100.0,none
2026-07-28T20:38:21,3522.98,S010_Anish_chickenreal1,house_A,spoil_free_pcb_v1,pcb_A,chamber_A,poultry,chicken,Baseline,1509,0.189,8992,1.124,463,0.058,30.92,93394.0,67.86,177100.0,none
2026-07-28T20:38:23,3524.98,S010_Anish_chickenreal1,house_A,spoil_free_pcb_v1,pcb_A,chamber_A,poultry,chicken,Baseline,1508,0.189,8990,1.124,463,0.058,30.92,93394.0,67.88,176900.0,none
2026-07-28T20:38:25,3526.98,S010_Anish_chickenreal1,house_A,spoil_free_pcb_v1,pcb_A,chamber_A,poultry,chicken,Baseline,1508,0.189,8991,1.124,463,0.058,30.92,93394.0,67.86,177300.0,none
2026-07-28T20:38:27,3528.99,S010_Anish_chickenreal1,house_A,spoil_free_pcb_v1,pcb_A,chamber_A,poultry,chicken,Baseline,1507,0.188,8989,1.124,463,0.058,30.92,93394.0,67.84,176600.0,none
2026-07-28T20:38:29,3531.97,S010_Anish_chickenreal1,house_A,spoil_free_pcb_v1,pcb_A,chamber_A,poultry,chicken,Baseline,1506,0.188,8985,1.123,463,0.058,30.92,93394.0,67.81,176200.0,none
2026-07-28T20:38:31,3532.98,S010_Anish_chickenreal1,house_A,spoil_free_pcb_v1,pcb_A,chamber_A,poultry,chicken,Baseline,1505,0.188,8985,1.123,463,0.058,30.92,93394.0,67.82,176400.0,none
2026-07-28T20:38:33,3534.98,S010_Anish_chickenreal1,house_A,spoil_free_pcb_v1,pcb_A,chamber_A,poultry,chicken,Baseline,1504,0.188,8985,1.123,463,0.058,30.92,93394.0,67.85,177500.0,none
2026-07-28T20:38:35,3536.98,S010_Anish_chickenreal1,house_A,spoil_free_pcb_v1,pcb_A,chamber_A,poultry,chicken,Baseline,1503,0.188,8984,1.123,463,0.058,30.92,93396.0,67.84,176700.0,none
2026-07-28T20:38:37,3538.98,S010_Anish_chickenreal1,house_A,spoil_free_pcb_v1,pcb_A,chamber_A,poultry,chicken,Baseline,1507,0.188,8986,1.123,463,0.058,30.92,93396.0,67.84,176200.0,none
2026-07-28T20:38:39,3541.97,S010_Anish_chickenreal1,house_A,spoil_free_pcb_v1,pcb_A,chamber_A,poultry,chicken,Baseline,1506,0.188,8985,1.123,463,0.058,30.92,93396.0,67.86,176600.0,none
2026-07-28T20:38:41,3542.98,S010_Anish_chickenreal1,house_A,spoil_free_pcb_v1,pcb_A,chamber_A,poultry,chicken,Baseline,1509,0.189,8986,1.123,464,0.058,30.92,93396.0,67.85,176700.0,none
2026-07-28T20:38:43,3544.98,S010_Anish_chickenreal1,house_A,spoil_free_pcb_v1,pcb_A,chamber_A,poultry,chicken,Baseline,1512,0.189,8989,1.124,463,0.058,30.92,93396.0,67.82,176900.0,none
2026-07-28T20:38:45,3546.98,S010_Anish_chickenreal1,house_A,spoil_free_pcb_v1,pcb_A,chamber_A,poultry,chicken,Baseline,1512,0.189,8987,1.123,462,0.058,30.92,93396.0,67.83,177300.0,none
2026-07-28T20:38:47,3548.98,S010_Anish_chickenreal1,house_A,spoil_free_pcb_v1,pcb_A,chamber_A,poultry,chicken,Baseline,1514,0.189,8987,1.123,463,0.058,30.92,93396.0,67.85,176700.0,none
2026-07-28T20:38:49,3551.0,S010_Anish_chickenreal1,house_A,spoil_free_pcb_v1,pcb_A,chamber_A,poultry,chicken,Baseline,1515,0.189,8984,1.123,463,0.058,30.93,93396.0,67.84,176000.0,none
2026-07-28T20:38:51,3552.99,S010_Anish_chickenreal1,house_A,spoil_free_pcb_v1,pcb_A,chamber_A,poultry,chicken,Baseline,1516,0.19,8983,1.123,463,0.058,30.93,93396.0,67.83,175300.0,none
2026-07-28T20:38:53,3554.98,S010_Anish_chickenreal1,house_A,spoil_free_pcb_v1,pcb_A,chamber_A,poultry,chicken,Baseline,1513,0.189,8983,1.123,464,0.058,30.93,93396.0,67.82,176900.0,none
2026-07-28T20:38:55,3556.98,S010_Anish_chickenreal1,house_A,spoil_free_pcb_v1,pcb_A,chamber_A,poultry,chicken,Baseline,1514,0.189,8981,1.123,463,0.058,30.93,93394.0,67.77,176900.0,none
2026-07-28T20:38:57,3558.98,S010_Anish_chickenreal1,house_A,spoil_free_pcb_v1,pcb_A,chamber_A,poultry,chicken,Baseline,1511,0.189,8982,1.123,463,0.058,30.93,93394.0,67.75,176700.0,none
2026-07-28T20:38:59,3560.98,S010_Anish_chickenreal1,house_A,spoil_free_pcb_v1,pcb_A,chamber_A,poultry,chicken,Baseline,1514,0.189,8983,1.123,464,0.058,30.93,93394.0,67.74,176400.0,none
2026-07-28T20:39:01,3562.98,S010_Anish_chickenreal1,house_A,spoil_free_pcb_v1,pcb_A,chamber_A,poultry,chicken,Baseline,1511,0.189,8985,1.123,463,0.058,30.93,93398.0,67.71,176900.0,none
2026-07-28T20:39:03,3564.98,S010_Anish_chickenreal1,house_A,spoil_free_pcb_v1,pcb_A,chamber_A,poultry,chicken,Baseline,1510,0.189,8989,1.124,462,0.058,30.93,93396.0,67.73,175500.0,none
2026-07-28T20:39:05,3566.98,S010_Anish_chickenreal1,house_A,spoil_free_pcb_v1,pcb_A,chamber_A,poultry,chicken,Baseline,1509,0.189,8988,1.124,463,0.058,30.93,93394.0,67.76,176900.0,none
2026-07-28T20:39:07,3568.98,S010_Anish_chickenreal1,house_A,spoil_free_pcb_v1,pcb_A,chamber_A,poultry,chicken,Baseline,1512,0.189,8988,1.124,463,0.058,30.93,93396.0,67.77,177100.0,none
2026-07-28T20:39:09,3570.98,S010_Anish_chickenreal1,house_A,spoil_free_pcb_v1,pcb_A,chamber_A,poultry,chicken,Baseline,1510,0.189,8989,1.124,463,0.058,30.93,93396.0,67.74,176400.0,none
2026-07-28T20:39:11,3572.98,S010_Anish_chickenreal1,house_A,spoil_free_pcb_v1,pcb_A,chamber_A,poultry,chicken,Baseline,1508,0.189,8989,1.124,464,0.058,30.93,93394.0,67.72,176900.0,none
2026-07-28T20:39:13,3574.99,S010_Anish_chickenreal1,house_A,spoil_free_pcb_v1,pcb_A,chamber_A,poultry,chicken,Baseline,1509,0.189,8987,1.123,463,0.058,30.93,93394.0,67.7,176700.0,none
2026-07-28T20:39:15,3576.99,S010_Anish_chickenreal1,house_A,spoil_free_pcb_v1,pcb_A,chamber_A,poultry,chicken,Baseline,1508,0.189,8986,1.123,463,0.058,30.93,93394.0,67.7,176400.0,none
2026-07-28T20:39:17,3578.98,S010_Anish_chickenreal1,house_A,spoil_free_pcb_v1,pcb_A,chamber_A,poultry,chicken,Baseline,1508,0.189,8986,1.123,463,0.058,30.93,93394.0,67.74,176400.0,none
2026-07-28T20:39:19,3580.98,S010_Anish_chickenreal1,house_A,spoil_free_pcb_v1,pcb_A,chamber_A,poultry,chicken,Baseline,1509,0.189,8987,1.123,463,0.058,30.93,93394.0,67.77,176400.0,none
2026-07-28T20:39:21,3582.99,S010_Anish_chickenreal1,house_A,spoil_free_pcb_v1,pcb_A,chamber_A,poultry,chicken,Baseline,1509,0.189,8987,1.123,463,0.058,30.93,93394.0,67.84,176600.0,none
2026-07-28T20:39:23,3584.99,S010_Anish_chickenreal1,house_A,spoil_free_pcb_v1,pcb_A,chamber_A,poultry,chicken,Baseline,1507,0.188,8989,1.124,463,0.058,30.93,93394.0,67.83,176200.0,none
2026-07-28T20:39:25,3586.99,S010_Anish_chickenreal1,house_A,spoil_free_pcb_v1,pcb_A,chamber_A,poultry,chicken,Baseline,1508,0.189,8989,1.124,464,0.058,30.93,93392.0,67.83,177700.0,none
2026-07-28T20:39:27,3588.98,S010_Anish_chickenreal1,house_A,spoil_free_pcb_v1,pcb_A,chamber_A,poultry,chicken,Baseline,1506,0.188,8990,1.124,463,0.058,30.93,93392.0,67.82,175800.0,none
2026-07-28T20:39:29,3590.97,S010_Anish_chickenreal1,house_A,spoil_free_pcb_v1,pcb_A,chamber_A,poultry,chicken,Baseline,1507,0.188,8991,1.124,463,0.058,30.93,93392.0,67.84,175700.0,none
2026-07-28T20:39:31,3592.99,S010_Anish_chickenreal1,house_A,spoil_free_pcb_v1,pcb_A,chamber_A,poultry,chicken,Baseline,1506,0.188,8993,1.124,463,0.058,30.93,93392.0,67.84,176400.0,none
2026-07-28T20:39:33,3594.98,S010_Anish_chickenreal1,house_A,spoil_free_pcb_v1,pcb_A,chamber_A,poultry,chicken,Baseline,1505,0.188,8995,1.124,464,0.058,30.93,93392.0,67.87,175700.0,none
2026-07-28T20:39:35,3596.98,S010_Anish_chickenreal1,house_A,spoil_free_pcb_v1,pcb_A,chamber_A,poultry,chicken,Baseline,1506,0.188,8996,1.125,464,0.058,30.93,93394.0,67.89,176400.0,none
2026-07-28T20:39:37,3598.99,S010_Anish_chickenreal1,house_A,spoil_free_pcb_v1,pcb_A,chamber_A,poultry,chicken,Baseline,1505,0.188,8996,1.125,464,0.058,30.92,93394.0,67.92,176900.0,none
2026-07-28T20:39:39,3600.97,S010_Anish_chickenreal1,house_A,spoil_free_pcb_v1,pcb_A,chamber_A,poultry,chicken,Baseline,1505,0.188,8995,1.124,462,0.058,30.92,93394.0,67.92,176400.0,none
2026-07-28T20:39:41,3602.99,S010_Anish_chickenreal1,house_A,spoil_free_pcb_v1,pcb_A,chamber_A,poultry,chicken,Unlabeled,1507,0.188,8993,1.124,463,0.058,30.92,93394.0,67.92,175300.0,img_000008_20260728_203940.jpg
2026-07-28T20:39:43,3605.57,S010_Anish_chickenreal1,house_A,spoil_free_pcb_v1,pcb_A,chamber_A,poultry,chicken,Unlabeled,1506,0.188,8994,1.124,463,0.058,30.92,93394.0,67.91,176600.0,none
2026-07-28T20:39:45,3606.98,S010_Anish_chickenreal1,house_A,spoil_free_pcb_v1,pcb_A,chamber_A,poultry,chicken,Unlabeled,1506,0.188,8992,1.124,462,0.058,30.92,93394.0,67.91,176900.0,none
2026-07-28T20:39:47,3608.98,S010_Anish_chickenreal1,house_A,spoil_free_pcb_v1,pcb_A,chamber_A,poultry,chicken,Unlabeled,1507,0.188,8990,1.124,463,0.058,30.92,93394.0,67.92,176400.0,none
2026-07-28T20:39:49,3610.98,S010_Anish_chickenreal1,house_A,spoil_free_pcb_v1,pcb_A,chamber_A,poultry,chicken,Unlabeled,1506,0.188,8992,1.124,462,0.058,30.92,93394.0,67.96,176600.0,none
2026-07-28T20:39:51,3612.98,S010_Anish_chickenreal1,house_A,spoil_free_pcb_v1,pcb_A,chamber_A,poultry,chicken,Unlabeled,1507,0.188,8994,1.124,462,0.058,30.92,93394.0,67.98,176400.0,none
2026-07-28T20:39:53,3614.99,S010_Anish_chickenreal1,house_A,spoil_free_pcb_v1,pcb_A,chamber_A,poultry,chicken,Unlabeled,1507,0.188,8994,1.124,463,0.058,30.93,93394.0,67.98,176700.0,none
2026-07-28T20:39:55,3616.98,S010_Anish_chickenreal1,house_A,spoil_free_pcb_v1,pcb_A,chamber_A,poultry,chicken,Unlabeled,1507,0.188,8995,1.124,463,0.058,30.93,93394.0,67.89,176700.0,none
2026-07-28T20:39:57,3618.98,S010_Anish_chickenreal1,house_A,spoil_free_pcb_v1,pcb_A,chamber_A,poultry,chicken,Unlabeled,1508,0.189,8992,1.124,463,0.058,30.93,93394.0,67.88,175500.0,none
2026-07-28T20:39:59,3621.0,S010_Anish_chickenreal1,house_A,spoil_free_pcb_v1,pcb_A,chamber_A,poultry,chicken,Unlabeled,1509,0.189,8991,1.124,463,0.058,30.93,93394.0,67.84,176000.0,none
2026-07-28T20:40:01,3622.99,S010_Anish_chickenreal1,house_A,spoil_free_pcb_v1,pcb_A,chamber_A,poultry,chicken,Unlabeled,1510,0.189,8992,1.124,462,0.058,30.92,93394.0,67.83,176700.0,none
2026-07-28T20:40:03,3624.98,S010_Anish_chickenreal1,house_A,spoil_free_pcb_v1,pcb_A,chamber_A,poultry,chicken,Unlabeled,1510,0.189,8994,1.124,464,0.058,30.92,93394.0,67.82,176700.0,none
2026-07-28T20:40:05,3626.98,S010_Anish_chickenreal1,house_A,spoil_free_pcb_v1,pcb_A,chamber_A,poultry,chicken,Unlabeled,1510,0.189,8995,1.124,463,0.058,30.92,93394.0,67.8,176600.0,none
2026-07-28T20:40:07,3628.98,S010_Anish_chickenreal1,house_A,spoil_free_pcb_v1,pcb_A,chamber_A,poultry,chicken,Unlabeled,1512,0.189,8998,1.125,463,0.058,30.93,93394.0,67.82,175800.0,none
2026-07-28T20:40:09,3630.98,S010_Anish_chickenreal1,house_A,spoil_free_pcb_v1,pcb_A,chamber_A,poultry,chicken,Unlabeled,1512,0.189,8998,1.125,463,0.058,30.93,93394.0,67.83,176000.0,none
2026-07-28T20:40:11,3632.98,S010_Anish_chickenreal1,house_A,spoil_free_pcb_v1,pcb_A,chamber_A,poultry,chicken,Unlabeled,1513,0.189,9000,1.125,463,0.058,30.93,93396.0,67.84,175800.0,none
2026-07-28T20:40:13,3634.98,S010_Anish_chickenreal1,house_A,spoil_free_pcb_v1,pcb_A,chamber_A,poultry,chicken,Unlabeled,1515,0.189,9001,1.125,463,0.058,30.93,93396.0,67.86,176200.0,none
2026-07-28T20:40:15,3636.99,S010_Anish_chickenreal1,house_A,spoil_free_pcb_v1,pcb_A,chamber_A,poultry,chicken,Unlabeled,1516,0.19,9002,1.125,463,0.058,30.93,93396.0,67.91,176200.0,none
2026-07-28T20:40:17,3638.98,S010_Anish_chickenreal1,house_A,spoil_free_pcb_v1,pcb_A,chamber_A,poultry,chicken,Unlabeled,1514,0.189,9002,1.125,463,0.058,30.93,93394.0,67.95,176200.0,none
2026-07-28T20:40:19,3640.98,S010_Anish_chickenreal1,house_A,spoil_free_pcb_v1,pcb_A,chamber_A,poultry,chicken,Unlabeled,1514,0.189,9001,1.125,463,0.058,30.93,93394.0,67.96,176400.0,none
2026-07-28T20:40:21,3642.98,S010_Anish_chickenreal1,house_A,spoil_free_pcb_v1,pcb_A,chamber_A,poultry,chicken,Unlabeled,1514,0.189,9000,1.125,463,0.058,30.93,93394.0,67.96,176600.0,none
2026-07-28T20:40:23,3644.98,S010_Anish_chickenreal1,house_A,spoil_free_pcb_v1,pcb_A,chamber_A,poultry,chicken,Unlabeled,1511,0.189,9001,1.125,463,0.058,30.93,93394.0,67.96,177100.0,none
2026-07-28T20:40:25,3646.99,S010_Anish_chickenreal1,house_A,spoil_free_pcb_v1,pcb_A,chamber_A,poultry,chicken,Unlabeled,1511,0.189,9000,1.125,463,0.058,30.93,93392.0,67.98,176400.0,none
2026-07-28T20:40:27,3648.99,S010_Anish_chickenreal1,house_A,spoil_free_pcb_v1,pcb_A,chamber_A,poultry,chicken,Unlabeled,1510,0.189,9001,1.125,463,0.058,30.93,93394.0,68.0,175800.0,none
2026-07-28T20:40:29,3650.98,S010_Anish_chickenreal1,house_A,spoil_free_pcb_v1,pcb_A,chamber_A,poultry,chicken,Unlabeled,1510,0.189,9002,1.125,463,0.058,30.93,93394.0,67.98,175800.0,none
2026-07-28T20:40:31,3652.98,S010_Anish_chickenreal1,house_A,spoil_free_pcb_v1,pcb_A,chamber_A,poultry,chicken,Unlabeled,1508,0.189,9001,1.125,463,0.058,30.93,93394.0,67.95,175500.0,none
2026-07-28T20:40:33,3654.98,S010_Anish_chickenreal1,house_A,spoil_free_pcb_v1,pcb_A,chamber_A,poultry,chicken,Unlabeled,1507,0.188,9000,1.125,463,0.058,30.93,93394.0,67.92,176200.0,none
2026-07-28T20:40:35,3656.99,S010_Anish_chickenreal1,house_A,spoil_free_pcb_v1,pcb_A,chamber_A,poultry,chicken,Unlabeled,1507,0.188,8999,1.125,463,0.058,30.93,93394.0,67.9,176200.0,none
2026-07-28T20:40:37,3658.98,S010_Anish_chickenreal1,house_A,spoil_free_pcb_v1,pcb_A,chamber_A,poultry,chicken,Unlabeled,1505,0.188,8997,1.125,463,0.058,30.93,93392.0,67.93,175500.0,none
2026-07-28T20:40:39,3660.98,S010_Anish_chickenreal1,house_A,spoil_free_pcb_v1,pcb_A,chamber_A,poultry,chicken,Unlabeled,1505,0.188,8997,1.125,463,0.058,30.93,93392.0,67.94,176200.0,none
2026-07-28T20:40:41,3662.98,S010_Anish_chickenreal1,house_A,spoil_free_pcb_v1,pcb_A,chamber_A,poultry,chicken,Unlabeled,1505,0.188,8999,1.125,464,0.058,30.93,93392.0,67.97,175700.0,none
2026-07-28T20:40:43,3664.99,S010_Anish_chickenreal1,house_A,spoil_free_pcb_v1,pcb_A,chamber_A,poultry,chicken,Unlabeled,1504,0.188,9002,1.125,462,0.058,30.93,93396.0,67.99,174900.0,none
2026-07-28T20:40:45,3666.98,S010_Anish_chickenreal1,house_A,spoil_free_pcb_v1,pcb_A,chamber_A,poultry,chicken,Unlabeled,1504,0.188,9003,1.125,463,0.058,30.93,93396.0,67.99,176000.0,none
2026-07-28T20:40:47,3668.99,S010_Anish_chickenreal1,house_A,spoil_free_pcb_v1,pcb_A,chamber_A,poultry,chicken,Unlabeled,1503,0.188,9006,1.126,463,0.058,30.93,93396.0,68.04,175700.0,none
2026-07-28T20:40:49,3670.98,S010_Anish_chickenreal1,house_A,spoil_free_pcb_v1,pcb_A,chamber_A,poultry,chicken,Unlabeled,1503,0.188,9005,1.126,463,0.058,30.93,93394.0,68.04,175800.0,none
2026-07-28T20:40:51,3672.99,S010_Anish_chickenreal1,house_A,spoil_free_pcb_v1,pcb_A,chamber_A,poultry,chicken,Unlabeled,1502,0.188,9008,1.126,463,0.058,30.93,93394.0,68.04,176200.0,none
2026-07-28T20:40:53,3674.98,S010_Anish_chickenreal1,house_A,spoil_free_pcb_v1,pcb_A,chamber_A,poultry,chicken,Unlabeled,1504,0.188,9012,1.127,463,0.058,30.93,93394.0,68.04,175100.0,none
2026-07-28T20:40:55,3676.98,S010_Anish_chickenreal1,house_A,spoil_free_pcb_v1,pcb_A,chamber_A,poultry,chicken,Unlabeled,1504,0.188,9010,1.126,463,0.058,30.93,93394.0,68.06,176200.0,none
2026-07-28T20:40:57,3678.99,S010_Anish_chickenreal1,house_A,spoil_free_pcb_v1,pcb_A,chamber_A,poultry,chicken,Unlabeled,1504,0.188,9012,1.127,463,0.058,30.93,93394.0,68.06,175700.0,none
2026-07-28T20:40:59,3680.99,S010_Anish_chickenreal1,house_A,spoil_free_pcb_v1,pcb_A,chamber_A,poultry,chicken,Unlabeled,1504,0.188,9008,1.126,464,0.058,30.93,93394.0,68.03,176000.0,none
2026-07-28T20:41:01,3682.98,S010_Anish_chickenreal1,house_A,spoil_free_pcb_v1,pcb_A,chamber_A,poultry,chicken,Unlabeled,1505,0.188,9009,1.126,463,0.058,30.93,93394.0,67.97,176200.0,none
2026-07-28T20:41:03,3684.99,S010_Anish_chickenreal1,house_A,spoil_free_pcb_v1,pcb_A,chamber_A,poultry,chicken,Unlabeled,1507,0.188,9008,1.126,463,0.058,30.94,93394.0,67.97,175300.0,none
2026-07-28T20:41:05,3686.98,S010_Anish_chickenreal1,house_A,spoil_free_pcb_v1,pcb_A,chamber_A,poultry,chicken,Unlabeled,1507,0.188,9007,1.126,463,0.058,30.94,93394.0,67.97,176000.0,none
2026-07-28T20:41:07,3688.98,S010_Anish_chickenreal1,house_A,spoil_free_pcb_v1,pcb_A,chamber_A,poultry,chicken,Unlabeled,1509,0.189,9004,1.126,463,0.058,30.94,93394.0,67.94,176000.0,none
2026-07-28T20:41:09,3690.98,S010_Anish_chickenreal1,house_A,spoil_free_pcb_v1,pcb_A,chamber_A,poultry,chicken,Unlabeled,1508,0.189,9003,1.125,463,0.058,30.94,93394.0,67.89,175800.0,none
2026-07-28T20:41:11,3692.98,S010_Anish_chickenreal1,house_A,spoil_free_pcb_v1,pcb_A,chamber_A,poultry,chicken,Unlabeled,1508,0.189,9003,1.125,463,0.058,30.93,93394.0,67.86,175700.0,none
2026-07-28T20:41:13,3694.98,S010_Anish_chickenreal1,house_A,spoil_free_pcb_v1,pcb_A,chamber_A,poultry,chicken,Unlabeled,1508,0.189,9003,1.125,463,0.058,30.93,93396.0,67.84,175800.0,none
2026-07-28T20:41:15,3696.98,S010_Anish_chickenreal1,house_A,spoil_free_pcb_v1,pcb_A,chamber_A,poultry,chicken,Unlabeled,1508,0.189,9002,1.125,464,0.058,30.93,93396.0,67.82,177300.0,none
2026-07-28T20:41:17,3698.98,S010_Anish_chickenreal1,house_A,spoil_free_pcb_v1,pcb_A,chamber_A,poultry,chicken,Unlabeled,1510,0.189,9003,1.125,463,0.058,30.93,93396.0,67.82,175100.0,none
2026-07-28T20:41:19,3700.99,S010_Anish_chickenreal1,house_A,spoil_free_pcb_v1,pcb_A,chamber_A,poultry,chicken,Unlabeled,1510,0.189,9004,1.126,463,0.058,30.93,93396.0,67.84,176000.0,none
2026-07-28T20:41:21,3702.98,S010_Anish_chickenreal1,house_A,spoil_free_pcb_v1,pcb_A,chamber_A,poultry,chicken,Unlabeled,1511,0.189,9007,1.126,463,0.058,30.93,93396.0,67.84,176600.0,none
2026-07-28T20:41:23,3704.99,S010_Anish_chickenreal1,house_A,spoil_free_pcb_v1,pcb_A,chamber_A,poultry,chicken,Unlabeled,1512,0.189,9010,1.126,463,0.058,30.93,93396.0,67.84,176200.0,none
2026-07-28T20:41:25,3706.98,S010_Anish_chickenreal1,house_A,spoil_free_pcb_v1,pcb_A,chamber_A,poultry,chicken,Unlabeled,1514,0.189,9014,1.127,466,0.058,30.93,93396.0,67.86,175300.0,none
2026-07-28T20:41:27,3708.98,S010_Anish_chickenreal1,house_A,spoil_free_pcb_v1,pcb_A,chamber_A,poultry,chicken,Unlabeled,1514,0.189,9017,1.127,467,0.058,30.93,93396.0,67.89,176700.0,none
2026-07-28T20:41:29,3710.98,S010_Anish_chickenreal1,house_A,spoil_free_pcb_v1,pcb_A,chamber_A,poultry,chicken,Unlabeled,1515,0.189,9018,1.127,468,0.059,30.93,93396.0,67.94,175500.0,none
2026-07-28T20:41:31,3712.99,S010_Anish_chickenreal1,house_A,spoil_free_pcb_v1,pcb_A,chamber_A,poultry,chicken,Unlabeled,1514,0.189,9017,1.127,467,0.058,30.93,93396.0,67.99,175500.0,none
2026-07-28T20:41:33,3714.98,S010_Anish_chickenreal1,house_A,spoil_free_pcb_v1,pcb_A,chamber_A,poultry,chicken,Unlabeled,1511,0.189,9017,1.127,468,0.059,30.93,93392.0,68.0,176200.0,none
2026-07-28T20:41:35,3716.98,S010_Anish_chickenreal1,house_A,spoil_free_pcb_v1,pcb_A,chamber_A,poultry,chicken,Unlabeled,1509,0.189,9016,1.127,468,0.059,30.93,93396.0,67.97,175500.0,none
2026-07-28T20:41:37,3718.99,S010_Anish_chickenreal1,house_A,spoil_free_pcb_v1,pcb_A,chamber_A,poultry,chicken,Unlabeled,1508,0.189,9018,1.127,468,0.059,30.93,93394.0,67.94,175100.0,none
2026-07-28T20:41:39,3720.98,S010_Anish_chickenreal1,house_A,spoil_free_pcb_v1,pcb_A,chamber_A,poultry,chicken,Unlabeled,1505,0.188,9017,1.127,467,0.058,30.93,93394.0,67.92,176000.0,none
2026-07-28T20:41:41,3722.98,S010_Anish_chickenreal1,house_A,spoil_free_pcb_v1,pcb_A,chamber_A,poultry,chicken,Unlabeled,1504,0.188,9018,1.127,467,0.058,30.93,93394.0,67.94,176400.0,none
2026-07-28T20:41:43,3724.99,S010_Anish_chickenreal1,house_A,spoil_free_pcb_v1,pcb_A,chamber_A,poultry,chicken,Unlabeled,1503,0.188,9018,1.127,467,0.058,30.93,93394.0,67.98,175300.0,none
2026-07-28T20:41:45,3726.98,S010_Anish_chickenreal1,house_A,spoil_free_pcb_v1,pcb_A,chamber_A,poultry,chicken,Unlabeled,1502,0.188,9020,1.128,469,0.059,30.93,93394.0,68.01,175700.0,none
2026-07-28T20:41:47,3728.97,S010_Anish_chickenreal1,house_A,spoil_free_pcb_v1,pcb_A,chamber_A,poultry,chicken,Unlabeled,1505,0.188,9020,1.128,468,0.059,30.93,93394.0,68.0,176200.0,none
2026-07-28T20:41:49,3730.99,S010_Anish_chickenreal1,house_A,spoil_free_pcb_v1,pcb_A,chamber_A,poultry,chicken,Unlabeled,1507,0.188,9020,1.128,469,0.059,30.94,93394.0,67.97,176200.0,none
2026-07-28T20:41:51,3732.99,S010_Anish_chickenreal1,house_A,spoil_free_pcb_v1,pcb_A,chamber_A,poultry,chicken,Unlabeled,1507,0.188,9021,1.128,468,0.059,30.94,93394.0,67.94,176000.0,none
2026-07-28T20:41:53,3734.99,S010_Anish_chickenreal1,house_A,spoil_free_pcb_v1,pcb_A,chamber_A,poultry,chicken,Unlabeled,1510,0.189,9020,1.128,469,0.059,30.94,93394.0,67.89,175300.0,none
2026-07-28T20:41:55,3736.99,S010_Anish_chickenreal1,house_A,spoil_free_pcb_v1,pcb_A,chamber_A,poultry,chicken,Unlabeled,1508,0.189,9020,1.128,468,0.059,30.94,93394.0,67.87,176000.0,none
2026-07-28T20:41:57,3738.99,S010_Anish_chickenreal1,house_A,spoil_free_pcb_v1,pcb_A,chamber_A,poultry,chicken,Unlabeled,1511,0.189,9022,1.128,469,0.059,30.94,93394.0,67.86,175700.0,none
2026-07-28T20:41:59,3740.97,S010_Anish_chickenreal1,house_A,spoil_free_pcb_v1,pcb_A,chamber_A,poultry,chicken,Unlabeled,1511,0.189,9024,1.128,468,0.059,30.94,93394.0,67.88,175500.0,none
2026-07-28T20:42:01,3742.99,S010_Anish_chickenreal1,house_A,spoil_free_pcb_v1,pcb_A,chamber_A,poultry,chicken,Unlabeled,1513,0.189,9027,1.128,468,0.059,30.94,93394.0,67.9,176200.0,none
2026-07-28T20:42:03,3744.99,S010_Anish_chickenreal1,house_A,spoil_free_pcb_v1,pcb_A,chamber_A,poultry,chicken,Unlabeled,1513,0.189,9031,1.129,469,0.059,30.94,93394.0,67.9,176200.0,none
2026-07-28T20:42:05,3746.99,S010_Anish_chickenreal1,house_A,spoil_free_pcb_v1,pcb_A,chamber_A,poultry,chicken,Unlabeled,1513,0.189,9032,1.129,468,0.059,30.94,93394.0,67.9,175800.0,none
2026-07-28T20:42:07,3748.98,S010_Anish_chickenreal1,house_A,spoil_free_pcb_v1,pcb_A,chamber_A,poultry,chicken,Unlabeled,1513,0.189,9034,1.129,469,0.059,30.94,93394.0,67.93,175700.0,none
2026-07-28T20:42:09,3750.98,S010_Anish_chickenreal1,house_A,spoil_free_pcb_v1,pcb_A,chamber_A,poultry,chicken,Unlabeled,1511,0.189,9035,1.129,469,0.059,30.94,93394.0,67.97,175300.0,none
2026-07-28T20:42:11,3752.97,S010_Anish_chickenreal1,house_A,spoil_free_pcb_v1,pcb_A,chamber_A,poultry,chicken,Unlabeled,1509,0.189,9036,1.13,468,0.059,30.94,93394.0,67.99,177100.0,none
2026-07-28T20:42:13,3754.98,S010_Anish_chickenreal1,house_A,spoil_free_pcb_v1,pcb_A,chamber_A,poultry,chicken,Unlabeled,1507,0.188,9034,1.129,468,0.059,30.94,93394.0,68.02,175300.0,none
2026-07-28T20:42:15,3756.98,S010_Anish_chickenreal1,house_A,spoil_free_pcb_v1,pcb_A,chamber_A,poultry,chicken,Unlabeled,1505,0.188,9032,1.129,469,0.059,30.94,93394.0,68.03,176000.0,none
2026-07-28T20:42:17,3758.98,S010_Anish_chickenreal1,house_A,spoil_free_pcb_v1,pcb_A,chamber_A,poultry,chicken,Unlabeled,1504,0.188,9031,1.129,469,0.059,30.94,93394.0,68.04,176000.0,none
2026-07-28T20:42:19,3760.99,S010_Anish_chickenreal1,house_A,spoil_free_pcb_v1,pcb_A,chamber_A,poultry,chicken,Unlabeled,1503,0.188,9032,1.129,469,0.059,30.94,93394.0,68.06,175500.0,none
2026-07-28T20:42:21,3762.99,S010_Anish_chickenreal1,house_A,spoil_free_pcb_v1,pcb_A,chamber_A,poultry,chicken,Unlabeled,1502,0.188,9035,1.129,468,0.059,30.94,93394.0,68.07,176000.0,none
2026-07-28T20:42:23,3764.99,S010_Anish_chickenreal1,house_A,spoil_free_pcb_v1,pcb_A,chamber_A,poultry,chicken,Unlabeled,1503,0.188,9036,1.13,469,0.059,30.94,93394.0,68.1,175500.0,none
2026-07-28T20:42:25,3766.99,S010_Anish_chickenreal1,house_A,spoil_free_pcb_v1,pcb_A,chamber_A,poultry,chicken,Unlabeled,1503,0.188,9037,1.13,468,0.059,30.94,93394.0,68.12,173900.0,none
2026-07-28T20:42:27,3768.99,S010_Anish_chickenreal1,house_A,spoil_free_pcb_v1,pcb_A,chamber_A,poultry,chicken,Unlabeled,1503,0.188,9038,1.13,468,0.059,30.94,93394.0,68.14,175800.0,none
2026-07-28T20:42:29,3770.98,S010_Anish_chickenreal1,house_A,spoil_free_pcb_v1,pcb_A,chamber_A,poultry,chicken,Unlabeled,1504,0.188,9039,1.13,468,0.059,30.94,93394.0,68.15,175700.0,none
2026-07-28T20:42:31,3772.98,S010_Anish_chickenreal1,house_A,spoil_free_pcb_v1,pcb_A,chamber_A,poultry,chicken,Unlabeled,1505,0.188,9040,1.13,468,0.059,30.94,93394.0,68.19,176400.0,none
2026-07-28T20:42:33,3774.99,S010_Anish_chickenreal1,house_A,spoil_free_pcb_v1,pcb_A,chamber_A,poultry,chicken,Unlabeled,1506,0.188,9042,1.13,468,0.059,30.94,93394.0,68.21,175500.0,none
2026-07-28T20:42:35,3776.98,S010_Anish_chickenreal1,house_A,spoil_free_pcb_v1,pcb_A,chamber_A,poultry,chicken,Unlabeled,1507,0.188,9043,1.13,468,0.059,30.94,93394.0,68.22,175100.0,none
2026-07-28T20:42:37,3778.98,S010_Anish_chickenreal1,house_A,spoil_free_pcb_v1,pcb_A,chamber_A,poultry,chicken,Unlabeled,1507,0.188,9044,1.131,469,0.059,30.94,93394.0,68.24,175300.0,none
2026-07-28T20:42:39,3780.97,S010_Anish_chickenreal1,house_A,spoil_free_pcb_v1,pcb_A,chamber_A,poultry,chicken,Unlabeled,1508,0.189,9046,1.131,469,0.059,30.94,93394.0,68.23,175100.0,none
2026-07-28T20:42:41,3782.99,S010_Anish_chickenreal1,house_A,spoil_free_pcb_v1,pcb_A,chamber_A,poultry,chicken,Unlabeled,1508,0.189,9047,1.131,469,0.059,30.94,93394.0,68.24,174800.0,none
2026-07-28T20:42:43,3784.99,S010_Anish_chickenreal1,house_A,spoil_free_pcb_v1,pcb_A,chamber_A,poultry,chicken,Unlabeled,1508,0.189,9049,1.131,467,0.058,30.94,93394.0,68.22,175700.0,none
2026-07-28T20:42:45,3786.99,S010_Anish_chickenreal1,house_A,spoil_free_pcb_v1,pcb_A,chamber_A,poultry,chicken,Unlabeled,1508,0.189,9048,1.131,469,0.059,30.94,93392.0,68.21,174400.0,none
2026-07-28T20:42:47,3788.98,S010_Anish_chickenreal1,house_A,spoil_free_pcb_v1,pcb_A,chamber_A,poultry,chicken,Unlabeled,1509,0.189,9044,1.131,468,0.059,30.94,93392.0,68.19,174900.0,none
2026-07-28T20:42:49,3790.99,S010_Anish_chickenreal1,house_A,spoil_free_pcb_v1,pcb_A,chamber_A,poultry,chicken,Unlabeled,1512,0.189,9042,1.13,469,0.059,30.94,93392.0,68.13,175700.0,none
2026-07-28T20:42:51,3792.98,S010_Anish_chickenreal1,house_A,spoil_free_pcb_v1,pcb_A,chamber_A,poultry,chicken,Unlabeled,1513,0.189,9041,1.13,468,0.059,30.94,93392.0,68.08,175500.0,none
2026-07-28T20:42:53,3794.98,S010_Anish_chickenreal1,house_A,spoil_free_pcb_v1,pcb_A,chamber_A,poultry,chicken,Unlabeled,1513,0.189,9042,1.13,468,0.059,30.94,93392.0,68.03,174800.0,none
2026-07-28T20:42:55,3796.99,S010_Anish_chickenreal1,house_A,spoil_free_pcb_v1,pcb_A,chamber_A,poultry,chicken,Unlabeled,1512,0.189,9042,1.13,468,0.059,30.94,93392.0,67.98,175700.0,none
2026-07-28T20:42:57,3798.99,S010_Anish_chickenreal1,house_A,spoil_free_pcb_v1,pcb_A,chamber_A,poultry,chicken,Unlabeled,1514,0.189,9043,1.13,468,0.059,30.94,93394.0,67.97,175300.0,none
2026-07-28T20:42:59,3800.98,S010_Anish_chickenreal1,house_A,spoil_free_pcb_v1,pcb_A,chamber_A,poultry,chicken,Unlabeled,1512,0.189,9047,1.131,468,0.059,30.94,93394.0,67.97,174900.0,none
2026-07-28T20:43:01,3802.98,S010_Anish_chickenreal1,house_A,spoil_free_pcb_v1,pcb_A,chamber_A,poultry,chicken,Unlabeled,1511,0.189,9047,1.131,468,0.059,30.94,93392.0,68.01,175700.0,none
2026-07-28T20:43:03,3804.98,S010_Anish_chickenreal1,house_A,spoil_free_pcb_v1,pcb_A,chamber_A,poultry,chicken,Unlabeled,1508,0.189,9049,1.131,469,0.059,30.94,93392.0,68.0,175800.0,none
2026-07-28T20:43:05,3806.97,S010_Anish_chickenreal1,house_A,spoil_free_pcb_v1,pcb_A,chamber_A,poultry,chicken,Unlabeled,1506,0.188,9047,1.131,468,0.059,30.94,93392.0,67.99,175100.0,none
2026-07-28T20:43:07,3808.98,S010_Anish_chickenreal1,house_A,spoil_free_pcb_v1,pcb_A,chamber_A,poultry,chicken,Unlabeled,1505,0.188,9048,1.131,469,0.059,30.94,93392.0,67.97,176000.0,none
2026-07-28T20:43:09,3810.98,S010_Anish_chickenreal1,house_A,spoil_free_pcb_v1,pcb_A,chamber_A,poultry,chicken,Unlabeled,1504,0.188,9048,1.131,469,0.059,30.94,93392.0,68.0,177100.0,none
2026-07-28T20:43:11,3812.97,S010_Anish_chickenreal1,house_A,spoil_free_pcb_v1,pcb_A,chamber_A,poultry,chicken,Unlabeled,1504,0.188,9047,1.131,468,0.059,30.94,93390.0,68.0,175300.0,none
2026-07-28T20:43:13,3814.99,S010_Anish_chickenreal1,house_A,spoil_free_pcb_v1,pcb_A,chamber_A,poultry,chicken,Unlabeled,1504,0.188,9044,1.131,468,0.059,30.94,93390.0,68.02,174800.0,none
2026-07-28T20:43:15,3816.98,S010_Anish_chickenreal1,house_A,spoil_free_pcb_v1,pcb_A,chamber_A,poultry,chicken,Unlabeled,1505,0.188,9042,1.13,469,0.059,30.94,93390.0,68.02,175800.0,none
2026-07-28T20:43:17,3818.98,S010_Anish_chickenreal1,house_A,spoil_free_pcb_v1,pcb_A,chamber_A,poultry,chicken,Unlabeled,1504,0.188,9040,1.13,469,0.059,30.94,93390.0,68.01,175700.0,none
2026-07-28T20:43:19,3820.98,S010_Anish_chickenreal1,house_A,spoil_free_pcb_v1,pcb_A,chamber_A,poultry,chicken,Unlabeled,1504,0.188,9039,1.13,468,0.059,30.94,93390.0,67.99,175500.0,none
2026-07-28T20:43:21,3822.99,S010_Anish_chickenreal1,house_A,spoil_free_pcb_v1,pcb_A,chamber_A,poultry,chicken,Unlabeled,1502,0.188,9039,1.13,469,0.059,30.94,93390.0,67.95,174600.0,none
2026-07-28T20:43:23,3824.98,S010_Anish_chickenreal1,house_A,spoil_free_pcb_v1,pcb_A,chamber_A,poultry,chicken,Unlabeled,1503,0.188,9040,1.13,469,0.059,30.94,93390.0,67.92,177100.0,none
2026-07-28T20:43:25,3826.98,S010_Anish_chickenreal1,house_A,spoil_free_pcb_v1,pcb_A,chamber_A,poultry,chicken,Unlabeled,1504,0.188,9037,1.13,468,0.059,30.94,93390.0,67.91,176000.0,none
2026-07-28T20:43:27,3828.99,S010_Anish_chickenreal1,house_A,spoil_free_pcb_v1,pcb_A,chamber_A,poultry,chicken,Unlabeled,1505,0.188,9037,1.13,469,0.059,30.94,93390.0,67.93,175300.0,none
2026-07-28T20:43:29,3830.98,S010_Anish_chickenreal1,house_A,spoil_free_pcb_v1,pcb_A,chamber_A,poultry,chicken,Unlabeled,1504,0.188,9041,1.13,468,0.059,30.94,93390.0,67.96,175300.0,none
2026-07-28T20:43:31,3832.98,S010_Anish_chickenreal1,house_A,spoil_free_pcb_v1,pcb_A,chamber_A,poultry,chicken,Unlabeled,1504,0.188,9043,1.13,468,0.059,30.94,93390.0,67.96,175500.0,none
2026-07-28T20:43:33,3834.98,S010_Anish_chickenreal1,house_A,spoil_free_pcb_v1,pcb_A,chamber_A,poultry,chicken,Unlabeled,1503,0.188,9040,1.13,469,0.059,30.94,93388.0,67.9,175800.0,none
2026-07-28T20:43:35,3836.99,S010_Anish_chickenreal1,house_A,spoil_free_pcb_v1,pcb_A,chamber_A,poultry,chicken,Unlabeled,1501,0.188,9037,1.13,469,0.059,30.94,93388.0,67.82,176600.0,none
2026-07-28T20:43:37,3838.99,S010_Anish_chickenreal1,house_A,spoil_free_pcb_v1,pcb_A,chamber_A,poultry,chicken,Unlabeled,1501,0.188,9037,1.13,468,0.059,30.94,93388.0,67.78,175700.0,none
2026-07-28T20:43:39,3840.97,S010_Anish_chickenreal1,house_A,spoil_free_pcb_v1,pcb_A,chamber_A,poultry,chicken,Unlabeled,1503,0.188,9038,1.13,468,0.059,30.94,93388.0,67.76,176000.0,none
2026-07-28T20:43:41,3842.99,S010_Anish_chickenreal1,house_A,spoil_free_pcb_v1,pcb_A,chamber_A,poultry,chicken,Unlabeled,1503,0.188,9037,1.13,468,0.059,30.94,93390.0,67.76,176000.0,none
2026-07-28T20:43:43,3844.98,S010_Anish_chickenreal1,house_A,spoil_free_pcb_v1,pcb_A,chamber_A,poultry,chicken,Unlabeled,1503,0.188,9037,1.13,468,0.059,30.94,93390.0,67.76,175800.0,none
2026-07-28T20:43:45,3846.98,S010_Anish_chickenreal1,house_A,spoil_free_pcb_v1,pcb_A,chamber_A,poultry,chicken,Unlabeled,1503,0.188,9040,1.13,468,0.059,30.94,93390.0,67.81,175800.0,none
2026-07-28T20:43:47,3848.99,S010_Anish_chickenreal1,house_A,spoil_free_pcb_v1,pcb_A,chamber_A,poultry,chicken,Unlabeled,1504,0.188,9044,1.131,468,0.059,30.94,93390.0,67.83,175800.0,none
2026-07-28T20:43:49,3850.99,S010_Anish_chickenreal1,house_A,spoil_free_pcb_v1,pcb_A,chamber_A,poultry,chicken,Unlabeled,1504,0.188,9047,1.131,469,0.059,30.94,93390.0,67.87,175800.0,none
2026-07-28T20:43:51,3852.99,S010_Anish_chickenreal1,house_A,spoil_free_pcb_v1,pcb_A,chamber_A,poultry,chicken,Unlabeled,1504,0.188,9050,1.131,468,0.059,30.94,93390.0,67.9,175700.0,none
2026-07-28T20:43:53,3854.97,S010_Anish_chickenreal1,house_A,spoil_free_pcb_v1,pcb_A,chamber_A,poultry,chicken,Unlabeled,1504,0.188,9052,1.132,468,0.059,30.94,93390.0,67.94,174800.0,none
2026-07-28T20:43:55,3856.98,S010_Anish_chickenreal1,house_A,spoil_free_pcb_v1,pcb_A,chamber_A,poultry,chicken,Unlabeled,1506,0.188,9050,1.131,468,0.059,30.94,93390.0,67.98,176200.0,none
2026-07-28T20:43:57,3858.98,S010_Anish_chickenreal1,house_A,spoil_free_pcb_v1,pcb_A,chamber_A,poultry,chicken,Unlabeled,1505,0.188,9052,1.132,469,0.059,30.95,93390.0,68.02,174600.0,none
2026-07-28T20:43:59,3860.98,S010_Anish_chickenreal1,house_A,spoil_free_pcb_v1,pcb_A,chamber_A,poultry,chicken,Unlabeled,1506,0.188,9052,1.132,468,0.059,30.95,93390.0,68.03,175500.0,none
2026-07-28T20:44:01,3862.98,S010_Anish_chickenreal1,house_A,spoil_free_pcb_v1,pcb_A,chamber_A,poultry,chicken,Unlabeled,1506,0.188,9052,1.132,469,0.059,30.95,93390.0,68.05,175800.0,none
2026-07-28T20:44:03,3864.98,S010_Anish_chickenreal1,house_A,spoil_free_pcb_v1,pcb_A,chamber_A,poultry,chicken,Unlabeled,1506,0.188,9051,1.131,468,0.059,30.95,93390.0,68.07,174900.0,none
2026-07-28T20:44:05,3866.99,S010_Anish_chickenreal1,house_A,spoil_free_pcb_v1,pcb_A,chamber_A,poultry,chicken,Unlabeled,1507,0.188,9052,1.132,468,0.059,30.95,93390.0,68.09,174900.0,none
2026-07-28T20:44:07,3868.98,S010_Anish_chickenreal1,house_A,spoil_free_pcb_v1,pcb_A,chamber_A,poultry,chicken,Unlabeled,1506,0.188,9051,1.131,468,0.059,30.95,93390.0,68.12,176400.0,none
2026-07-28T20:44:09,3870.98,S010_Anish_chickenreal1,house_A,spoil_free_pcb_v1,pcb_A,chamber_A,poultry,chicken,Unlabeled,1505,0.188,9053,1.132,468,0.059,30.95,93390.0,68.13,175100.0,none
2026-07-28T20:44:11,3872.99,S010_Anish_chickenreal1,house_A,spoil_free_pcb_v1,pcb_A,chamber_A,poultry,chicken,Unlabeled,1505,0.188,9051,1.131,469,0.059,30.95,93390.0,68.14,175700.0,none
2026-07-28T20:44:13,3874.99,S010_Anish_chickenreal1,house_A,spoil_free_pcb_v1,pcb_A,chamber_A,poultry,chicken,Unlabeled,1503,0.188,9049,1.131,469,0.059,30.95,93390.0,68.11,176000.0,none
2026-07-28T20:44:15,3876.98,S010_Anish_chickenreal1,house_A,spoil_free_pcb_v1,pcb_A,chamber_A,poultry,chicken,Unlabeled,1502,0.188,9047,1.131,468,0.059,30.95,93390.0,68.09,175500.0,none
2026-07-28T20:44:17,3878.98,S010_Anish_chickenreal1,house_A,spoil_free_pcb_v1,pcb_A,chamber_A,poultry,chicken,Unlabeled,1505,0.188,9048,1.131,468,0.059,30.95,93388.0,68.06,175700.0,none
2026-07-28T20:44:19,3880.99,S010_Anish_chickenreal1,house_A,spoil_free_pcb_v1,pcb_A,chamber_A,poultry,chicken,Unlabeled,1504,0.188,9049,1.131,469,0.059,30.95,93388.0,68.01,175700.0,none
2026-07-28T20:44:21,3882.98,S010_Anish_chickenreal1,house_A,spoil_free_pcb_v1,pcb_A,chamber_A,poultry,chicken,Unlabeled,1504,0.188,9051,1.131,468,0.059,30.95,93388.0,67.98,175100.0,none
2026-07-28T20:44:23,3884.98,S010_Anish_chickenreal1,house_A,spoil_free_pcb_v1,pcb_A,chamber_A,poultry,chicken,Unlabeled,1506,0.188,9052,1.132,470,0.059,30.95,93388.0,67.97,175100.0,none
2026-07-28T20:44:25,3886.97,S010_Anish_chickenreal1,house_A,spoil_free_pcb_v1,pcb_A,chamber_A,poultry,chicken,Unlabeled,1509,0.189,9053,1.132,469,0.059,30.95,93390.0,68.0,175500.0,none
2026-07-28T20:44:27,3888.98,S010_Anish_chickenreal1,house_A,spoil_free_pcb_v1,pcb_A,chamber_A,poultry,chicken,Unlabeled,1510,0.189,9053,1.132,470,0.059,30.95,93390.0,68.02,175700.0,none
2026-07-28T20:44:29,3890.98,S010_Anish_chickenreal1,house_A,spoil_free_pcb_v1,pcb_A,chamber_A,poultry,chicken,Unlabeled,1512,0.189,9050,1.131,467,0.058,30.95,93390.0,68.02,175700.0,none
2026-07-28T20:44:31,3892.98,S010_Anish_chickenreal1,house_A,spoil_free_pcb_v1,pcb_A,chamber_A,poultry,chicken,Unlabeled,1511,0.189,9050,1.131,468,0.059,30.95,93390.0,68.02,174900.0,none
2026-07-28T20:44:33,3894.99,S010_Anish_chickenreal1,house_A,spoil_free_pcb_v1,pcb_A,chamber_A,poultry,chicken,Unlabeled,1512,0.189,9049,1.131,469,0.059,30.95,93390.0,67.99,176000.0,none
2026-07-28T20:44:35,3896.98,S010_Anish_chickenreal1,house_A,spoil_free_pcb_v1,pcb_A,chamber_A,poultry,chicken,Unlabeled,1511,0.189,9049,1.131,468,0.059,30.95,93390.0,67.97,175700.0,none
2026-07-28T20:44:37,3898.98,S010_Anish_chickenreal1,house_A,spoil_free_pcb_v1,pcb_A,chamber_A,poultry,chicken,Unlabeled,1512,0.189,9045,1.131,468,0.059,30.95,93390.0,67.96,175700.0,none
2026-07-28T20:44:39,3900.98,S010_Anish_chickenreal1,house_A,spoil_free_pcb_v1,pcb_A,chamber_A,poultry,chicken,Unlabeled,1511,0.189,9044,1.131,468,0.059,30.95,93390.0,67.92,175100.0,none
2026-07-28T20:44:41,3902.97,S010_Anish_chickenreal1,house_A,spoil_free_pcb_v1,pcb_A,chamber_A,poultry,chicken,Unlabeled,1509,0.189,9042,1.13,469,0.059,30.95,93390.0,67.92,176200.0,none
2026-07-28T20:44:43,3903.97,S010_Anish_chickenreal1,house_A,spoil_free_pcb_v1,pcb_A,chamber_A,poultry,chicken,Unlabeled,1508,0.189,9042,1.13,469,0.059,30.95,93390.0,67.91,176400.0,img_000009_20260728_204441.jpg
2026-07-28T20:44:45,3907.42,S010_Anish_chickenreal1,house_A,spoil_free_pcb_v1,pcb_A,chamber_A,poultry,chicken,Unlabeled,1505,0.188,9044,1.131,469,0.059,30.95,93390.0,67.94,174600.0,none
2026-07-28T20:44:47,3908.97,S010_Anish_chickenreal1,house_A,spoil_free_pcb_v1,pcb_A,chamber_A,poultry,chicken,Unlabeled,1505,0.188,9046,1.131,468,0.059,30.95,93390.0,67.94,175700.0,none
2026-07-28T20:44:49,3910.99,S010_Anish_chickenreal1,house_A,spoil_free_pcb_v1,pcb_A,chamber_A,poultry,chicken,Unlabeled,1504,0.188,9046,1.131,469,0.059,30.94,93390.0,67.92,175800.0,none
2026-07-28T20:44:51,3912.98,S010_Anish_chickenreal1,house_A,spoil_free_pcb_v1,pcb_A,chamber_A,poultry,chicken,Unlabeled,1503,0.188,9046,1.131,469,0.059,30.94,93392.0,67.92,175300.0,none
2026-07-28T20:44:53,3914.98,S010_Anish_chickenreal1,house_A,spoil_free_pcb_v1,pcb_A,chamber_A,poultry,chicken,Unlabeled,1504,0.188,9049,1.131,468,0.059,30.94,93392.0,67.91,175100.0,none
2026-07-28T20:44:55,3916.98,S010_Anish_chickenreal1,house_A,spoil_free_pcb_v1,pcb_A,chamber_A,poultry,chicken,Unlabeled,1505,0.188,9053,1.132,469,0.059,30.94,93390.0,67.91,175700.0,none
2026-07-28T20:44:57,3918.98,S010_Anish_chickenreal1,house_A,spoil_free_pcb_v1,pcb_A,chamber_A,poultry,chicken,Unlabeled,1506,0.188,9055,1.132,468,0.059,30.94,93390.0,67.9,175700.0,none
2026-07-28T20:44:59,3920.99,S010_Anish_chickenreal1,house_A,spoil_free_pcb_v1,pcb_A,chamber_A,poultry,chicken,Unlabeled,1508,0.189,9058,1.132,468,0.059,30.94,93390.0,67.91,176000.0,none
2026-07-28T20:45:01,3922.98,S010_Anish_chickenreal1,house_A,spoil_free_pcb_v1,pcb_A,chamber_A,poultry,chicken,Unlabeled,1511,0.189,9063,1.133,468,0.059,30.94,93390.0,67.93,175500.0,none
2026-07-28T20:45:03,3924.98,S010_Anish_chickenreal1,house_A,spoil_free_pcb_v1,pcb_A,chamber_A,poultry,chicken,Unlabeled,1512,0.189,9072,1.134,467,0.058,30.94,93390.0,67.96,174800.0,none
2026-07-28T20:45:05,3926.98,S010_Anish_chickenreal1,house_A,spoil_free_pcb_v1,pcb_A,chamber_A,poultry,chicken,Unlabeled,1512,0.189,9077,1.135,468,0.059,30.94,93390.0,68.01,175300.0,none
2026-07-28T20:45:07,3928.97,S010_Anish_chickenreal1,house_A,spoil_free_pcb_v1,pcb_A,chamber_A,poultry,chicken,Unlabeled,1513,0.189,9080,1.135,469,0.059,30.94,93390.0,68.04,174600.0,none
2026-07-28T20:45:09,3930.98,S010_Anish_chickenreal1,house_A,spoil_free_pcb_v1,pcb_A,chamber_A,poultry,chicken,Unlabeled,1512,0.189,9079,1.135,468,0.059,30.94,93390.0,68.07,174900.0,none
2026-07-28T20:45:11,3932.99,S010_Anish_chickenreal1,house_A,spoil_free_pcb_v1,pcb_A,chamber_A,poultry,chicken,Unlabeled,1509,0.189,9078,1.135,469,0.059,30.95,93390.0,68.09,175300.0,none
2026-07-28T20:45:13,3934.98,S010_Anish_chickenreal1,house_A,spoil_free_pcb_v1,pcb_A,chamber_A,poultry,chicken,Unlabeled,1506,0.188,9076,1.135,468,0.059,30.94,93390.0,68.08,175300.0,none
2026-07-28T20:45:15,3936.97,S010_Anish_chickenreal1,house_A,spoil_free_pcb_v1,pcb_A,chamber_A,poultry,chicken,Unlabeled,1504,0.188,9075,1.134,468,0.059,30.94,93390.0,68.07,174900.0,none
2026-07-28T20:45:17,3938.98,S010_Anish_chickenreal1,house_A,spoil_free_pcb_v1,pcb_A,chamber_A,poultry,chicken,Unlabeled,1502,0.188,9073,1.134,468,0.059,30.94,93390.0,68.04,174900.0,none
2026-07-28T20:45:19,3940.98,S010_Anish_chickenreal1,house_A,spoil_free_pcb_v1,pcb_A,chamber_A,poultry,chicken,Unlabeled,1503,0.188,9072,1.134,469,0.059,30.95,93390.0,68.02,174000.0,none
2026-07-28T20:45:21,3942.98,S010_Anish_chickenreal1,house_A,spoil_free_pcb_v1,pcb_A,chamber_A,poultry,chicken,Unlabeled,1504,0.188,9074,1.134,469,0.059,30.95,93390.0,68.02,174900.0,none
2026-07-28T20:45:23,3944.99,S010_Anish_chickenreal1,house_A,spoil_free_pcb_v1,pcb_A,chamber_A,poultry,chicken,Unlabeled,1506,0.188,9075,1.134,469,0.059,30.95,93390.0,68.0,175800.0,none
2026-07-28T20:45:25,3946.98,S010_Anish_chickenreal1,house_A,spoil_free_pcb_v1,pcb_A,chamber_A,poultry,chicken,Unlabeled,1508,0.189,9077,1.135,469,0.059,30.95,93390.0,67.99,175700.0,none
2026-07-28T20:45:27,3948.98,S010_Anish_chickenreal1,house_A,spoil_free_pcb_v1,pcb_A,chamber_A,poultry,chicken,Unlabeled,1510,0.189,9079,1.135,468,0.059,30.95,93388.0,67.98,175500.0,none
2026-07-28T20:45:29,3950.98,S010_Anish_chickenreal1,house_A,spoil_free_pcb_v1,pcb_A,chamber_A,poultry,chicken,Unlabeled,1512,0.189,9075,1.134,469,0.059,30.95,93388.0,67.93,175800.0,none
2026-07-28T20:45:31,3952.98,S010_Anish_chickenreal1,house_A,spoil_free_pcb_v1,pcb_A,chamber_A,poultry,chicken,Unlabeled,1513,0.189,9073,1.134,468,0.059,30.95,93392.0,67.89,175500.0,none
2026-07-28T20:45:33,3954.99,S010_Anish_chickenreal1,house_A,spoil_free_pcb_v1,pcb_A,chamber_A,poultry,chicken,Unlabeled,1512,0.189,9070,1.134,468,0.059,30.95,93392.0,67.86,175700.0,none
2026-07-28T20:45:35,3956.98,S010_Anish_chickenreal1,house_A,spoil_free_pcb_v1,pcb_A,chamber_A,poultry,chicken,Unlabeled,1512,0.189,9068,1.134,468,0.059,30.95,93392.0,67.85,175500.0,none
2026-07-28T20:45:37,3958.98,S010_Anish_chickenreal1,house_A,spoil_free_pcb_v1,pcb_A,chamber_A,poultry,chicken,Unlabeled,1509,0.189,9065,1.133,468,0.059,30.95,93392.0,67.9,175500.0,none
2026-07-28T20:45:39,3960.98,S010_Anish_chickenreal1,house_A,spoil_free_pcb_v1,pcb_A,chamber_A,poultry,chicken,Unlabeled,1508,0.189,9062,1.133,468,0.059,30.95,93392.0,67.88,175500.0,none
2026-07-28T20:45:41,3962.98,S010_Anish_chickenreal1,house_A,spoil_free_pcb_v1,pcb_A,chamber_A,poultry,chicken,Unlabeled,1504,0.188,9062,1.133,468,0.059,30.95,93392.0,67.87,175500.0,none
2026-07-28T20:45:43,3964.98,S010_Anish_chickenreal1,house_A,spoil_free_pcb_v1,pcb_A,chamber_A,poultry,chicken,Unlabeled,1503,0.188,9060,1.133,468,0.059,30.95,93392.0,67.85,175800.0,none
2026-07-28T20:45:45,3966.98,S010_Anish_chickenreal1,house_A,spoil_free_pcb_v1,pcb_A,chamber_A,poultry,chicken,Unlabeled,1502,0.188,9061,1.133,469,0.059,30.95,93392.0,67.87,175700.0,none
2026-07-28T20:45:47,3968.99,S010_Anish_chickenreal1,house_A,spoil_free_pcb_v1,pcb_A,chamber_A,poultry,chicken,Unlabeled,1503,0.188,9064,1.133,468,0.059,30.95,93394.0,67.9,175100.0,none
2026-07-28T20:45:49,3970.98,S010_Anish_chickenreal1,house_A,spoil_free_pcb_v1,pcb_A,chamber_A,poultry,chicken,Unlabeled,1503,0.188,9066,1.133,468,0.059,30.95,93394.0,67.92,175100.0,none
2026-07-28T20:45:51,3972.98,S010_Anish_chickenreal1,house_A,spoil_free_pcb_v1,pcb_A,chamber_A,poultry,chicken,Unlabeled,1504,0.188,9066,1.133,468,0.059,30.95,93394.0,67.97,175300.0,none
2026-07-28T20:45:53,3974.97,S010_Anish_chickenreal1,house_A,spoil_free_pcb_v1,pcb_A,chamber_A,poultry,chicken,Unlabeled,1506,0.188,9068,1.134,469,0.059,30.95,93394.0,67.99,175300.0,none
2026-07-28T20:45:55,3976.97,S010_Anish_chickenreal1,house_A,spoil_free_pcb_v1,pcb_A,chamber_A,poultry,chicken,Unlabeled,1508,0.189,9069,1.134,468,0.059,30.95,93390.0,68.04,174200.0,none
2026-07-28T20:45:57,3978.97,S010_Anish_chickenreal1,house_A,spoil_free_pcb_v1,pcb_A,chamber_A,poultry,chicken,Unlabeled,1510,0.189,9067,1.133,469,0.059,30.95,93390.0,68.0,175500.0,none
2026-07-28T20:45:59,3980.97,S010_Anish_chickenreal1,house_A,spoil_free_pcb_v1,pcb_A,chamber_A,poultry,chicken,Unlabeled,1510,0.189,9066,1.133,468,0.059,30.95,93390.0,67.93,176000.0,none
2026-07-28T20:46:01,3982.98,S010_Anish_chickenreal1,house_A,spoil_free_pcb_v1,pcb_A,chamber_A,poultry,chicken,Unlabeled,1511,0.189,9069,1.134,469,0.059,30.95,93390.0,67.9,175500.0,none
2026-07-28T20:46:03,3984.98,S010_Anish_chickenreal1,house_A,spoil_free_pcb_v1,pcb_A,chamber_A,poultry,chicken,Unlabeled,1511,0.189,9068,1.134,469,0.059,30.95,93390.0,67.85,175800.0,none
2026-07-28T20:46:05,3986.99,S010_Anish_chickenreal1,house_A,spoil_free_pcb_v1,pcb_A,chamber_A,poultry,chicken,Unlabeled,1508,0.189,9068,1.134,469,0.059,30.95,93390.0,67.85,175100.0,none
2026-07-28T20:46:07,3988.98,S010_Anish_chickenreal1,house_A,spoil_free_pcb_v1,pcb_A,chamber_A,poultry,chicken,Unlabeled,1507,0.188,9067,1.133,468,0.059,30.95,93390.0,67.84,175300.0,none
2026-07-28T20:46:09,3990.99,S010_Anish_chickenreal1,house_A,spoil_free_pcb_v1,pcb_A,chamber_A,poultry,chicken,Unlabeled,1506,0.188,9067,1.133,468,0.059,30.95,93390.0,67.85,175300.0,none
2026-07-28T20:46:11,3992.98,S010_Anish_chickenreal1,house_A,spoil_free_pcb_v1,pcb_A,chamber_A,poultry,chicken,Unlabeled,1505,0.188,9073,1.134,468,0.059,30.95,93388.0,67.87,175800.0,none
2026-07-28T20:46:13,3994.98,S010_Anish_chickenreal1,house_A,spoil_free_pcb_v1,pcb_A,chamber_A,poultry,chicken,Unlabeled,1503,0.188,9075,1.134,468,0.059,30.95,93388.0,67.89,175800.0,none
2026-07-28T20:46:15,3996.98,S010_Anish_chickenreal1,house_A,spoil_free_pcb_v1,pcb_A,chamber_A,poultry,chicken,Unlabeled,1503,0.188,9079,1.135,468,0.059,30.95,93388.0,67.9,175100.0,none
2026-07-28T20:46:17,3998.97,S010_Anish_chickenreal1,house_A,spoil_free_pcb_v1,pcb_A,chamber_A,poultry,chicken,Unlabeled,1504,0.188,9079,1.135,468,0.059,30.95,93388.0,67.91,175100.0,none
2026-07-28T20:46:19,4000.97,S010_Anish_chickenreal1,house_A,spoil_free_pcb_v1,pcb_A,chamber_A,poultry,chicken,Unlabeled,1505,0.188,9081,1.135,469,0.059,30.95,93388.0,67.92,175800.0,none
2026-07-28T20:46:21,4002.98,S010_Anish_chickenreal1,house_A,spoil_free_pcb_v1,pcb_A,chamber_A,poultry,chicken,Unlabeled,1506,0.188,9079,1.135,468,0.059,30.95,93394.0,67.95,175700.0,none
2026-07-28T20:46:23,4004.98,S010_Anish_chickenreal1,house_A,spoil_free_pcb_v1,pcb_A,chamber_A,poultry,chicken,Unlabeled,1509,0.189,9079,1.135,468,0.059,30.95,93394.0,67.98,175800.0,none
2026-07-28T20:46:25,4006.98,S010_Anish_chickenreal1,house_A,spoil_free_pcb_v1,pcb_A,chamber_A,poultry,chicken,Unlabeled,1510,0.189,9078,1.135,468,0.059,30.95,93394.0,68.02,175300.0,none
2026-07-28T20:46:27,4008.99,S010_Anish_chickenreal1,house_A,spoil_free_pcb_v1,pcb_A,chamber_A,poultry,chicken,Unlabeled,1511,0.189,9076,1.135,468,0.059,30.95,93392.0,68.06,174800.0,none
2026-07-28T20:46:29,4010.97,S010_Anish_chickenreal1,house_A,spoil_free_pcb_v1,pcb_A,chamber_A,poultry,chicken,Unlabeled,1512,0.189,9072,1.134,469,0.059,30.95,93392.0,68.06,175300.0,none
2026-07-28T20:46:31,4012.99,S010_Anish_chickenreal1,house_A,spoil_free_pcb_v1,pcb_A,chamber_A,poultry,chicken,Unlabeled,1512,0.189,9071,1.134,469,0.059,30.95,93392.0,68.01,176000.0,none
2026-07-28T20:46:33,4014.98,S010_Anish_chickenreal1,house_A,spoil_free_pcb_v1,pcb_A,chamber_A,poultry,chicken,Unlabeled,1509,0.189,9068,1.134,467,0.058,30.95,93392.0,67.93,174900.0,none
2026-07-28T20:46:35,4016.97,S010_Anish_chickenreal1,house_A,spoil_free_pcb_v1,pcb_A,chamber_A,poultry,chicken,Unlabeled,1508,0.189,9066,1.133,468,0.059,30.95,93392.0,67.85,175100.0,none
2026-07-28T20:46:37,4018.97,S010_Anish_chickenreal1,house_A,spoil_free_pcb_v1,pcb_A,chamber_A,poultry,chicken,Unlabeled,1504,0.188,9063,1.133,468,0.059,30.95,93392.0,67.8,175500.0,none
2026-07-28T20:46:39,4020.98,S010_Anish_chickenreal1,house_A,spoil_free_pcb_v1,pcb_A,chamber_A,poultry,chicken,Unlabeled,1502,0.188,9064,1.133,468,0.059,30.95,93392.0,67.79,175500.0,none
2026-07-28T20:46:41,4022.97,S010_Anish_chickenreal1,house_A,spoil_free_pcb_v1,pcb_A,chamber_A,poultry,chicken,Unlabeled,1501,0.188,9064,1.133,469,0.059,30.95,93392.0,67.78,176000.0,none
2026-07-28T20:46:43,4024.97,S010_Anish_chickenreal1,house_A,spoil_free_pcb_v1,pcb_A,chamber_A,poultry,chicken,Unlabeled,1501,0.188,9066,1.133,469,0.059,30.95,93392.0,67.82,175300.0,none
2026-07-28T20:46:45,4026.98,S010_Anish_chickenreal1,house_A,spoil_free_pcb_v1,pcb_A,chamber_A,poultry,chicken,Unlabeled,1503,0.188,9071,1.134,468,0.059,30.95,93392.0,67.83,175500.0,none
2026-07-28T20:46:47,4028.97,S010_Anish_chickenreal1,house_A,spoil_free_pcb_v1,pcb_A,chamber_A,poultry,chicken,Unlabeled,1508,0.189,9074,1.134,468,0.059,30.95,93392.0,67.86,175800.0,none
2026-07-28T20:46:49,4030.97,S010_Anish_chickenreal1,house_A,spoil_free_pcb_v1,pcb_A,chamber_A,poultry,chicken,Unlabeled,1510,0.189,9076,1.135,469,0.059,30.95,93392.0,67.89,176200.0,none
2026-07-28T20:46:51,4032.98,S010_Anish_chickenreal1,house_A,spoil_free_pcb_v1,pcb_A,chamber_A,poultry,chicken,Unlabeled,1512,0.189,9079,1.135,467,0.058,30.95,93392.0,67.92,175800.0,none
2026-07-28T20:46:53,4034.98,S010_Anish_chickenreal1,house_A,spoil_free_pcb_v1,pcb_A,chamber_A,poultry,chicken,Unlabeled,1512,0.189,9080,1.135,469,0.059,30.95,93392.0,67.94,175100.0,none
2026-07-28T20:46:55,4036.97,S010_Anish_chickenreal1,house_A,spoil_free_pcb_v1,pcb_A,chamber_A,poultry,chicken,Unlabeled,1511,0.189,9082,1.135,468,0.059,30.95,93392.0,67.99,176600.0,none
2026-07-28T20:46:57,4038.98,S010_Anish_chickenreal1,house_A,spoil_free_pcb_v1,pcb_A,chamber_A,poultry,chicken,Unlabeled,1508,0.189,9081,1.135,469,0.059,30.95,93392.0,68.03,175300.0,none
2026-07-28T20:46:59,4040.98,S010_Anish_chickenreal1,house_A,spoil_free_pcb_v1,pcb_A,chamber_A,poultry,chicken,Unlabeled,1504,0.188,9082,1.135,468,0.059,30.95,93392.0,68.06,175300.0,none
2026-07-28T20:47:01,4042.98,S010_Anish_chickenreal1,house_A,spoil_free_pcb_v1,pcb_A,chamber_A,poultry,chicken,Unlabeled,1503,0.188,9085,1.136,468,0.059,30.95,93392.0,68.09,175300.0,none
2026-07-28T20:47:03,4044.98,S010_Anish_chickenreal1,house_A,spoil_free_pcb_v1,pcb_A,chamber_A,poultry,chicken,Unlabeled,1503,0.188,9083,1.135,468,0.059,30.95,93390.0,68.12,175100.0,none
2026-07-28T20:47:05,4046.98,S010_Anish_chickenreal1,house_A,spoil_free_pcb_v1,pcb_A,chamber_A,poultry,chicken,Unlabeled,1502,0.188,9078,1.135,467,0.058,30.96,93390.0,68.14,175100.0,none
2026-07-28T20:47:07,4048.98,S010_Anish_chickenreal1,house_A,spoil_free_pcb_v1,pcb_A,chamber_A,poultry,chicken,Unlabeled,1507,0.188,9073,1.134,468,0.059,30.96,93390.0,68.08,175500.0,none
2026-07-28T20:47:09,4050.97,S010_Anish_chickenreal1,house_A,spoil_free_pcb_v1,pcb_A,chamber_A,poultry,chicken,Unlabeled,1508,0.189,9069,1.134,469,0.059,30.96,93390.0,68.01,174900.0,none
2026-07-28T20:47:11,4052.98,S010_Anish_chickenreal1,house_A,spoil_free_pcb_v1,pcb_A,chamber_A,poultry,chicken,Unlabeled,1512,0.189,9070,1.134,468,0.059,30.96,93388.0,67.95,174200.0,none
2026-07-28T20:47:13,4054.98,S010_Anish_chickenreal1,house_A,spoil_free_pcb_v1,pcb_A,chamber_A,poultry,chicken,Unlabeled,1510,0.189,9066,1.133,467,0.058,30.96,93388.0,67.88,175500.0,none
2026-07-28T20:47:15,4056.97,S010_Anish_chickenreal1,house_A,spoil_free_pcb_v1,pcb_A,chamber_A,poultry,chicken,Unlabeled,1509,0.189,9067,1.133,468,0.059,30.96,93388.0,67.82,174000.0,none
2026-07-28T20:47:17,4058.99,S010_Anish_chickenreal1,house_A,spoil_free_pcb_v1,pcb_A,chamber_A,poultry,chicken,Unlabeled,1506,0.188,9068,1.134,469,0.059,30.96,93388.0,67.77,175800.0,none
2026-07-28T20:47:19,4060.98,S010_Anish_chickenreal1,house_A,spoil_free_pcb_v1,pcb_A,chamber_A,poultry,chicken,Unlabeled,1504,0.188,9069,1.134,469,0.059,30.96,93390.0,67.75,175300.0,none
2026-07-28T20:47:21,4062.97,S010_Anish_chickenreal1,house_A,spoil_free_pcb_v1,pcb_A,chamber_A,poultry,chicken,Unlabeled,1504,0.188,9071,1.134,468,0.059,30.96,93392.0,67.77,174400.0,none
2026-07-28T20:47:23,4064.98,S010_Anish_chickenreal1,house_A,spoil_free_pcb_v1,pcb_A,chamber_A,poultry,chicken,Unlabeled,1503,0.188,9074,1.134,468,0.059,30.96,93392.0,67.83,175500.0,none
2026-07-28T20:47:25,4066.98,S010_Anish_chickenreal1,house_A,spoil_free_pcb_v1,pcb_A,chamber_A,poultry,chicken,Unlabeled,1502,0.188,9078,1.135,468,0.059,30.95,93392.0,67.88,175100.0,none
2026-07-28T20:47:27,4068.98,S010_Anish_chickenreal1,house_A,spoil_free_pcb_v1,pcb_A,chamber_A,poultry,chicken,Unlabeled,1502,0.188,9081,1.135,468,0.059,30.95,93390.0,67.98,175300.0,none
2026-07-28T20:47:29,4070.97,S010_Anish_chickenreal1,house_A,spoil_free_pcb_v1,pcb_A,chamber_A,poultry,chicken,Unlabeled,1503,0.188,9083,1.135,468,0.059,30.95,93390.0,68.03,175700.0,none
2026-07-28T20:47:31,4072.97,S010_Anish_chickenreal1,house_A,spoil_free_pcb_v1,pcb_A,chamber_A,poultry,chicken,Unlabeled,1505,0.188,9084,1.136,468,0.059,30.96,93390.0,68.07,175100.0,none
2026-07-28T20:47:33,4074.98,S010_Anish_chickenreal1,house_A,spoil_free_pcb_v1,pcb_A,chamber_A,poultry,chicken,Unlabeled,1506,0.188,9086,1.136,469,0.059,30.96,93390.0,68.07,175100.0,none
2026-07-28T20:47:35,4076.99,S010_Anish_chickenreal1,house_A,spoil_free_pcb_v1,pcb_A,chamber_A,poultry,chicken,Unlabeled,1508,0.189,9085,1.136,469,0.059,30.96,93390.0,68.06,175100.0,none
2026-07-28T20:47:37,4078.97,S010_Anish_chickenreal1,house_A,spoil_free_pcb_v1,pcb_A,chamber_A,poultry,chicken,Unlabeled,1510,0.189,9084,1.136,468,0.059,30.96,93390.0,68.04,175500.0,none
2026-07-28T20:47:39,4080.98,S010_Anish_chickenreal1,house_A,spoil_free_pcb_v1,pcb_A,chamber_A,poultry,chicken,Unlabeled,1511,0.189,9084,1.136,469,0.059,30.96,93390.0,68.06,175100.0,none
2026-07-28T20:47:41,4082.98,S010_Anish_chickenreal1,house_A,spoil_free_pcb_v1,pcb_A,chamber_A,poultry,chicken,Unlabeled,1511,0.189,9083,1.135,468,0.059,30.96,93390.0,68.07,174400.0,none
2026-07-28T20:47:43,4084.98,S010_Anish_chickenreal1,house_A,spoil_free_pcb_v1,pcb_A,chamber_A,poultry,chicken,Unlabeled,1511,0.189,9081,1.135,468,0.059,30.96,93390.0,68.07,175500.0,none
2026-07-28T20:47:45,4086.98,S010_Anish_chickenreal1,house_A,spoil_free_pcb_v1,pcb_A,chamber_A,poultry,chicken,Unlabeled,1510,0.189,9085,1.136,468,0.059,30.96,93390.0,68.1,174400.0,none
2026-07-28T20:47:47,4088.98,S010_Anish_chickenreal1,house_A,spoil_free_pcb_v1,pcb_A,chamber_A,poultry,chicken,Unlabeled,1508,0.189,9083,1.135,468,0.059,30.96,93390.0,68.13,175100.0,none
2026-07-28T20:47:49,4090.99,S010_Anish_chickenreal1,house_A,spoil_free_pcb_v1,pcb_A,chamber_A,poultry,chicken,Unlabeled,1506,0.188,9083,1.135,468,0.059,30.96,93390.0,68.15,175300.0,none
2026-07-28T20:47:51,4092.98,S010_Anish_chickenreal1,house_A,spoil_free_pcb_v1,pcb_A,chamber_A,poultry,chicken,Unlabeled,1504,0.188,9084,1.136,469,0.059,30.96,93390.0,68.19,175700.0,none
2026-07-28T20:47:53,4094.98,S010_Anish_chickenreal1,house_A,spoil_free_pcb_v1,pcb_A,chamber_A,poultry,chicken,Unlabeled,1502,0.188,9086,1.136,470,0.059,30.96,93390.0,68.21,174400.0,none
2026-07-28T20:47:55,4096.98,S010_Anish_chickenreal1,house_A,spoil_free_pcb_v1,pcb_A,chamber_A,poultry,chicken,Unlabeled,1502,0.188,9082,1.135,469,0.059,30.96,93390.0,68.22,173900.0,none
2026-07-28T20:47:57,4098.98,S010_Anish_chickenreal1,house_A,spoil_free_pcb_v1,pcb_A,chamber_A,poultry,chicken,Unlabeled,1501,0.188,9084,1.136,468,0.059,30.96,93390.0,68.21,175100.0,none
2026-07-28T20:47:59,4100.98,S010_Anish_chickenreal1,house_A,spoil_free_pcb_v1,pcb_A,chamber_A,poultry,chicken,Unlabeled,1502,0.188,9087,1.136,469,0.059,30.96,93392.0,68.2,174900.0,none
2026-07-28T20:48:01,4102.98,S010_Anish_chickenreal1,house_A,spoil_free_pcb_v1,pcb_A,chamber_A,poultry,chicken,Unlabeled,1500,0.188,9090,1.136,468,0.059,30.96,93392.0,68.22,175500.0,none
2026-07-28T20:48:03,4104.98,S010_Anish_chickenreal1,house_A,spoil_free_pcb_v1,pcb_A,chamber_A,poultry,chicken,Unlabeled,1501,0.188,9095,1.137,468,0.059,30.96,93392.0,68.27,174400.0,none
2026-07-28T20:48:05,4106.98,S010_Anish_chickenreal1,house_A,spoil_free_pcb_v1,pcb_A,chamber_A,poultry,chicken,Unlabeled,1504,0.188,9098,1.137,469,0.059,30.96,93392.0,68.27,174200.0,none
2026-07-28T20:48:07,4108.97,S010_Anish_chickenreal1,house_A,spoil_free_pcb_v1,pcb_A,chamber_A,poultry,chicken,Unlabeled,1507,0.188,9097,1.137,468,0.059,30.96,93392.0,68.27,174900.0,none
2026-07-28T20:48:09,4110.97,S010_Anish_chickenreal1,house_A,spoil_free_pcb_v1,pcb_A,chamber_A,poultry,chicken,Unlabeled,1507,0.188,9096,1.137,468,0.059,30.96,93392.0,68.27,174200.0,none
2026-07-28T20:48:11,4112.98,S010_Anish_chickenreal1,house_A,spoil_free_pcb_v1,pcb_A,chamber_A,poultry,chicken,Unlabeled,1509,0.189,9097,1.137,468,0.059,30.96,93392.0,68.27,175100.0,none
2026-07-28T20:48:13,4114.98,S010_Anish_chickenreal1,house_A,spoil_free_pcb_v1,pcb_A,chamber_A,poultry,chicken,Unlabeled,1509,0.189,9097,1.137,470,0.059,30.96,93392.0,68.29,174600.0,none
2026-07-28T20:48:15,4116.98,S010_Anish_chickenreal1,house_A,spoil_free_pcb_v1,pcb_A,chamber_A,poultry,chicken,Unlabeled,1511,0.189,9094,1.137,468,0.059,30.96,93392.0,68.28,173900.0,none
2026-07-28T20:48:17,4118.97,S010_Anish_chickenreal1,house_A,spoil_free_pcb_v1,pcb_A,chamber_A,poultry,chicken,Unlabeled,1511,0.189,9094,1.137,469,0.059,30.96,93392.0,68.28,174800.0,none
2026-07-28T20:48:19,4120.98,S010_Anish_chickenreal1,house_A,spoil_free_pcb_v1,pcb_A,chamber_A,poultry,chicken,Unlabeled,1508,0.189,9094,1.137,469,0.059,30.96,93392.0,68.26,174900.0,none
2026-07-28T20:48:21,4122.98,S010_Anish_chickenreal1,house_A,spoil_free_pcb_v1,pcb_A,chamber_A,poultry,chicken,Unlabeled,1504,0.188,9096,1.137,469,0.059,30.96,93392.0,68.25,174800.0,none
2026-07-28T20:48:23,4124.97,S010_Anish_chickenreal1,house_A,spoil_free_pcb_v1,pcb_A,chamber_A,poultry,chicken,Unlabeled,1502,0.188,9096,1.137,469,0.059,30.96,93392.0,68.24,174900.0,none
2026-07-28T20:48:25,4126.98,S010_Anish_chickenreal1,house_A,spoil_free_pcb_v1,pcb_A,chamber_A,poultry,chicken,Unlabeled,1502,0.188,9097,1.137,468,0.059,30.96,93392.0,68.21,174900.0,none
2026-07-28T20:48:27,4128.98,S010_Anish_chickenreal1,house_A,spoil_free_pcb_v1,pcb_A,chamber_A,poultry,chicken,Unlabeled,1502,0.188,9101,1.138,468,0.059,30.96,93392.0,68.16,174800.0,none
2026-07-28T20:48:29,4130.98,S010_Anish_chickenreal1,house_A,spoil_free_pcb_v1,pcb_A,chamber_A,poultry,chicken,Unlabeled,1506,0.188,9103,1.138,468,0.059,30.96,93392.0,68.13,174800.0,none
2026-07-28T20:48:31,4132.97,S010_Anish_chickenreal1,house_A,spoil_free_pcb_v1,pcb_A,chamber_A,poultry,chicken,Unlabeled,1510,0.189,9107,1.138,468,0.059,30.97,93392.0,68.12,174000.0,none
2026-07-28T20:48:33,4134.98,S010_Anish_chickenreal1,house_A,spoil_free_pcb_v1,pcb_A,chamber_A,poultry,chicken,Unlabeled,1512,0.189,9111,1.139,468,0.059,30.97,93392.0,68.12,174200.0,none
2026-07-28T20:48:35,4136.98,S010_Anish_chickenreal1,house_A,spoil_free_pcb_v1,pcb_A,chamber_A,poultry,chicken,Unlabeled,1512,0.189,9114,1.139,468,0.059,30.97,93392.0,68.12,175300.0,none
2026-07-28T20:48:37,4138.97,S010_Anish_chickenreal1,house_A,spoil_free_pcb_v1,pcb_A,chamber_A,poultry,chicken,Unlabeled,1511,0.189,9117,1.14,469,0.059,30.97,93392.0,68.15,174900.0,none
2026-07-28T20:48:39,4140.97,S010_Anish_chickenreal1,house_A,spoil_free_pcb_v1,pcb_A,chamber_A,poultry,chicken,Unlabeled,1509,0.189,9120,1.14,468,0.059,30.97,93392.0,68.2,174800.0,none
2026-07-28T20:48:41,4142.98,S010_Anish_chickenreal1,house_A,spoil_free_pcb_v1,pcb_A,chamber_A,poultry,chicken,Unlabeled,1507,0.188,9128,1.141,469,0.059,30.97,93390.0,68.2,173900.0,none
2026-07-28T20:48:43,4144.98,S010_Anish_chickenreal1,house_A,spoil_free_pcb_v1,pcb_A,chamber_A,poultry,chicken,Unlabeled,1503,0.188,9129,1.141,468,0.059,30.97,93390.0,68.21,175100.0,none
2026-07-28T20:48:45,4146.97,S010_Anish_chickenreal1,house_A,spoil_free_pcb_v1,pcb_A,chamber_A,poultry,chicken,Unlabeled,1503,0.188,9135,1.142,469,0.059,30.97,93390.0,68.19,173700.0,none
2026-07-28T20:48:47,4148.98,S010_Anish_chickenreal1,house_A,spoil_free_pcb_v1,pcb_A,chamber_A,poultry,chicken,Unlabeled,1505,0.188,9140,1.143,469,0.059,30.97,93390.0,68.18,174400.0,none
2026-07-28T20:48:49,4150.98,S010_Anish_chickenreal1,house_A,spoil_free_pcb_v1,pcb_A,chamber_A,poultry,chicken,Unlabeled,1506,0.188,9144,1.143,468,0.059,30.97,93390.0,68.16,174600.0,none
2026-07-28T20:48:51,4152.97,S010_Anish_chickenreal1,house_A,spoil_free_pcb_v1,pcb_A,chamber_A,poultry,chicken,Unlabeled,1507,0.188,9146,1.143,470,0.059,30.97,93390.0,68.15,174600.0,none
2026-07-28T20:48:53,4154.98,S010_Anish_chickenreal1,house_A,spoil_free_pcb_v1,pcb_A,chamber_A,poultry,chicken,Unlabeled,1511,0.189,9147,1.143,469,0.059,30.97,93390.0,68.11,174000.0,none
2026-07-28T20:48:55,4156.98,S010_Anish_chickenreal1,house_A,spoil_free_pcb_v1,pcb_A,chamber_A,poultry,chicken,Unlabeled,1513,0.189,9150,1.144,468,0.059,30.97,93390.0,68.07,174400.0,none
2026-07-28T20:48:57,4158.98,S010_Anish_chickenreal1,house_A,spoil_free_pcb_v1,pcb_A,chamber_A,poultry,chicken,Unlabeled,1514,0.189,9150,1.144,469,0.059,30.97,93390.0,68.02,174800.0,none
2026-07-28T20:48:59,4160.97,S010_Anish_chickenreal1,house_A,spoil_free_pcb_v1,pcb_A,chamber_A,poultry,chicken,Unlabeled,1515,0.189,9157,1.145,469,0.059,30.97,93390.0,68.0,175300.0,none
2026-07-28T20:49:01,4162.98,S010_Anish_chickenreal1,house_A,spoil_free_pcb_v1,pcb_A,chamber_A,poultry,chicken,Unlabeled,1513,0.189,9165,1.146,468,0.059,30.97,93390.0,67.99,174800.0,none
2026-07-28T20:49:03,4164.97,S010_Anish_chickenreal1,house_A,spoil_free_pcb_v1,pcb_A,chamber_A,poultry,chicken,Unlabeled,1509,0.189,9172,1.147,468,0.059,30.97,93390.0,68.02,174400.0,none
2026-07-28T20:49:05,4166.98,S010_Anish_chickenreal1,house_A,spoil_free_pcb_v1,pcb_A,chamber_A,poultry,chicken,Unlabeled,1507,0.188,9180,1.148,468,0.059,30.97,93390.0,68.06,174000.0,none
2026-07-28T20:49:07,4168.97,S010_Anish_chickenreal1,house_A,spoil_free_pcb_v1,pcb_A,chamber_A,poultry,chicken,Unlabeled,1505,0.188,9185,1.148,469,0.059,30.97,93390.0,68.08,174800.0,none
2026-07-28T20:49:09,4170.97,S010_Anish_chickenreal1,house_A,spoil_free_pcb_v1,pcb_A,chamber_A,poultry,chicken,Unlabeled,1505,0.188,9190,1.149,469,0.059,30.97,93390.0,68.13,174000.0,none
2026-07-28T20:49:11,4172.97,S010_Anish_chickenreal1,house_A,spoil_free_pcb_v1,pcb_A,chamber_A,poultry,chicken,Unlabeled,1506,0.188,9192,1.149,469,0.059,30.97,93390.0,68.18,174400.0,none
2026-07-28T20:49:13,4174.97,S010_Anish_chickenreal1,house_A,spoil_free_pcb_v1,pcb_A,chamber_A,poultry,chicken,Unlabeled,1509,0.189,9194,1.149,468,0.059,30.97,93390.0,68.19,174200.0,none
2026-07-28T20:49:15,4176.97,S010_Anish_chickenreal1,house_A,spoil_free_pcb_v1,pcb_A,chamber_A,poultry,chicken,Unlabeled,1512,0.189,9199,1.15,469,0.059,30.97,93390.0,68.17,173700.0,none
2026-07-28T20:49:17,4178.98,S010_Anish_chickenreal1,house_A,spoil_free_pcb_v1,pcb_A,chamber_A,poultry,chicken,Unlabeled,1514,0.189,9200,1.15,469,0.059,30.97,93394.0,68.11,175500.0,none
2026-07-28T20:49:19,4180.98,S010_Anish_chickenreal1,house_A,spoil_free_pcb_v1,pcb_A,chamber_A,poultry,chicken,Unlabeled,1514,0.189,9206,1.151,468,0.059,30.97,93394.0,68.07,174600.0,none
2026-07-28T20:49:21,4182.97,S010_Anish_chickenreal1,house_A,spoil_free_pcb_v1,pcb_A,chamber_A,poultry,chicken,Unlabeled,1512,0.189,9213,1.152,468,0.059,30.97,93394.0,68.04,175100.0,none
2026-07-28T20:49:23,4184.97,S010_Anish_chickenreal1,house_A,spoil_free_pcb_v1,pcb_A,chamber_A,poultry,chicken,Unlabeled,1509,0.189,9218,1.152,469,0.059,30.97,93394.0,68.02,174600.0,none
2026-07-28T20:49:25,4186.97,S010_Anish_chickenreal1,house_A,spoil_free_pcb_v1,pcb_A,chamber_A,poultry,chicken,Unlabeled,1506,0.188,9225,1.153,468,0.059,30.97,93394.0,68.02,174900.0,none
2026-07-28T20:49:27,4188.98,S010_Anish_chickenreal1,house_A,spoil_free_pcb_v1,pcb_A,chamber_A,poultry,chicken,Unlabeled,1505,0.188,9232,1.154,468,0.059,30.97,93394.0,68.06,174000.0,none
2026-07-28T20:49:29,4190.97,S010_Anish_chickenreal1,house_A,spoil_free_pcb_v1,pcb_A,chamber_A,poultry,chicken,Unlabeled,1507,0.188,9238,1.155,468,0.059,30.98,93396.0,68.07,174400.0,none
2026-07-28T20:49:31,4192.98,S010_Anish_chickenreal1,house_A,spoil_free_pcb_v1,pcb_A,chamber_A,poultry,chicken,Unlabeled,1509,0.189,9244,1.156,469,0.059,30.98,93396.0,68.11,173900.0,none
2026-07-28T20:49:33,4194.98,S010_Anish_chickenreal1,house_A,spoil_free_pcb_v1,pcb_A,chamber_A,poultry,chicken,Unlabeled,1514,0.189,9247,1.156,468,0.059,30.98,93396.0,68.11,173700.0,none
2026-07-28T20:49:35,4196.97,S010_Anish_chickenreal1,house_A,spoil_free_pcb_v1,pcb_A,chamber_A,poultry,chicken,Unlabeled,1516,0.19,9252,1.157,468,0.059,30.98,93396.0,68.14,173900.0,none
2026-07-28T20:49:37,4198.98,S010_Anish_chickenreal1,house_A,spoil_free_pcb_v1,pcb_A,chamber_A,poultry,chicken,Unlabeled,1517,0.19,9257,1.157,469,0.059,30.98,93396.0,68.17,174600.0,none
2026-07-28T20:49:39,4200.98,S010_Anish_chickenreal1,house_A,spoil_free_pcb_v1,pcb_A,chamber_A,poultry,chicken,Unlabeled,1516,0.19,9258,1.157,469,0.059,30.98,93396.0,68.2,175100.0,none
2026-07-28T20:49:41,4202.97,S010_Anish_chickenreal1,house_A,spoil_free_pcb_v1,pcb_A,chamber_A,poultry,chicken,Unlabeled,1514,0.189,9259,1.157,469,0.059,30.98,93396.0,68.22,174200.0,none
2026-07-28T20:49:43,4205.47,S010_Anish_chickenreal1,house_A,spoil_free_pcb_v1,pcb_A,chamber_A,poultry,chicken,Unlabeled,1512,0.189,9264,1.158,470,0.059,30.98,93396.0,68.24,173900.0,img_000010_20260728_204941.jpg
2026-07-28T20:49:45,4206.97,S010_Anish_chickenreal1,house_A,spoil_free_pcb_v1,pcb_A,chamber_A,poultry,chicken,Unlabeled,1512,0.189,9265,1.158,468,0.059,30.98,93394.0,68.24,173700.0,none
2026-07-28T20:49:47,4208.97,S010_Anish_chickenreal1,house_A,spoil_free_pcb_v1,pcb_A,chamber_A,poultry,chicken,Unlabeled,1509,0.189,9269,1.159,469,0.059,30.98,93394.0,68.25,174000.0,none
2026-07-28T20:49:49,4210.98,S010_Anish_chickenreal1,house_A,spoil_free_pcb_v1,pcb_A,chamber_A,poultry,chicken,Unlabeled,1510,0.189,9273,1.159,469,0.059,30.98,93394.0,68.26,173300.0,none
2026-07-28T20:49:51,4212.98,S010_Anish_chickenreal1,house_A,spoil_free_pcb_v1,pcb_A,chamber_A,poultry,chicken,Unlabeled,1507,0.188,9278,1.16,468,0.059,30.98,93394.0,68.3,173500.0,none
2026-07-28T20:49:53,4214.97,S010_Anish_chickenreal1,house_A,spoil_free_pcb_v1,pcb_A,chamber_A,poultry,chicken,Unlabeled,1506,0.188,9284,1.161,468,0.059,30.98,93394.0,68.33,172800.0,none
2026-07-28T20:49:55,4216.98,S010_Anish_chickenreal1,house_A,spoil_free_pcb_v1,pcb_A,chamber_A,poultry,chicken,Unlabeled,1506,0.188,9291,1.161,470,0.059,30.98,93394.0,68.36,173900.0,none
2026-07-28T20:49:57,4218.97,S010_Anish_chickenreal1,house_A,spoil_free_pcb_v1,pcb_A,chamber_A,poultry,chicken,Unlabeled,1506,0.188,9298,1.162,468,0.059,30.98,93394.0,68.39,173900.0,none
2026-07-28T20:49:59,4220.97,S010_Anish_chickenreal1,house_A,spoil_free_pcb_v1,pcb_A,chamber_A,poultry,chicken,Unlabeled,1506,0.188,9309,1.164,469,0.059,30.98,93394.0,68.37,173900.0,none
2026-07-28T20:50:01,4222.97,S010_Anish_chickenreal1,house_A,spoil_free_pcb_v1,pcb_A,chamber_A,poultry,chicken,Unlabeled,1507,0.188,9321,1.165,469,0.059,30.98,93394.0,68.33,173300.0,none
2026-07-28T20:50:03,4224.98,S010_Anish_chickenreal1,house_A,spoil_free_pcb_v1,pcb_A,chamber_A,poultry,chicken,Unlabeled,1508,0.189,9334,1.167,469,0.059,30.98,93394.0,68.31,173900.0,none
2026-07-28T20:50:05,4226.98,S010_Anish_chickenreal1,house_A,spoil_free_pcb_v1,pcb_A,chamber_A,poultry,chicken,Unlabeled,1510,0.189,9348,1.169,469,0.059,30.98,93394.0,68.27,173700.0,none
2026-07-28T20:50:07,4228.98,S010_Anish_chickenreal1,house_A,spoil_free_pcb_v1,pcb_A,chamber_A,poultry,chicken,Unlabeled,1511,0.189,9368,1.171,469,0.059,30.98,93394.0,68.19,172500.0,none
2026-07-28T20:50:09,4230.98,S010_Anish_chickenreal1,house_A,spoil_free_pcb_v1,pcb_A,chamber_A,poultry,chicken,Unlabeled,1515,0.189,9381,1.173,469,0.059,30.98,93394.0,68.1,176200.0,none
2026-07-28T20:50:11,4232.98,S010_Anish_chickenreal1,house_A,spoil_free_pcb_v1,pcb_A,chamber_A,poultry,chicken,Unlabeled,1516,0.19,9394,1.174,469,0.059,30.98,93394.0,68.01,174000.0,none
2026-07-28T20:50:13,4234.97,S010_Anish_chickenreal1,house_A,spoil_free_pcb_v1,pcb_A,chamber_A,poultry,chicken,Unlabeled,1517,0.19,9403,1.175,469,0.059,30.98,93394.0,67.9,173500.0,none
2026-07-28T20:50:15,4236.97,S010_Anish_chickenreal1,house_A,spoil_free_pcb_v1,pcb_A,chamber_A,poultry,chicken,Unlabeled,1517,0.19,9410,1.176,469,0.059,30.98,93394.0,67.85,173300.0,none
2026-07-28T20:50:17,4238.97,S010_Anish_chickenreal1,house_A,spoil_free_pcb_v1,pcb_A,chamber_A,poultry,chicken,Unlabeled,1517,0.19,9416,1.177,469,0.059,30.98,93394.0,67.88,174200.0,none
2026-07-28T20:50:19,4240.98,S010_Anish_chickenreal1,house_A,spoil_free_pcb_v1,pcb_A,chamber_A,poultry,chicken,Unlabeled,1513,0.189,9423,1.178,469,0.059,30.98,93394.0,67.94,174600.0,none
2026-07-28T20:50:21,4242.97,S010_Anish_chickenreal1,house_A,spoil_free_pcb_v1,pcb_A,chamber_A,poultry,chicken,Unlabeled,1513,0.189,9427,1.178,469,0.059,30.98,93394.0,67.93,173700.0,none
2026-07-28T20:50:23,4244.97,S010_Anish_chickenreal1,house_A,spoil_free_pcb_v1,pcb_A,chamber_A,poultry,chicken,Unlabeled,1511,0.189,9432,1.179,469,0.059,30.98,93394.0,67.91,174400.0,none
2026-07-28T20:50:25,4246.97,S010_Anish_chickenreal1,house_A,spoil_free_pcb_v1,pcb_A,chamber_A,poultry,chicken,Unlabeled,1509,0.189,9441,1.18,469,0.059,30.98,93394.0,67.88,174600.0,none
2026-07-28T20:50:27,4248.98,S010_Anish_chickenreal1,house_A,spoil_free_pcb_v1,pcb_A,chamber_A,poultry,chicken,Unlabeled,1508,0.189,9450,1.181,469,0.059,30.98,93394.0,67.85,174000.0,none
2026-07-28T20:50:29,4250.97,S010_Anish_chickenreal1,house_A,spoil_free_pcb_v1,pcb_A,chamber_A,poultry,chicken,Unlabeled,1510,0.189,9454,1.182,469,0.059,30.98,93394.0,67.84,173900.0,none
2026-07-28T20:50:31,4252.97,S010_Anish_chickenreal1,house_A,spoil_free_pcb_v1,pcb_A,chamber_A,poultry,chicken,Unlabeled,1511,0.189,9459,1.182,469,0.059,30.98,93394.0,67.85,174200.0,none
2026-07-28T20:50:33,4254.97,S010_Anish_chickenreal1,house_A,spoil_free_pcb_v1,pcb_A,chamber_A,poultry,chicken,Unlabeled,1514,0.189,9466,1.183,469,0.059,30.98,93394.0,67.88,174200.0,none
2026-07-28T20:50:35,4256.98,S010_Anish_chickenreal1,house_A,spoil_free_pcb_v1,pcb_A,chamber_A,poultry,chicken,Unlabeled,1516,0.19,9470,1.184,469,0.059,30.98,93396.0,67.9,174000.0,none
2026-07-28T20:50:37,4258.97,S010_Anish_chickenreal1,house_A,spoil_free_pcb_v1,pcb_A,chamber_A,poultry,chicken,Unlabeled,1519,0.19,9474,1.184,469,0.059,30.98,93396.0,67.93,173500.0,none
2026-07-28T20:50:39,4260.98,S010_Anish_chickenreal1,house_A,spoil_free_pcb_v1,pcb_A,chamber_A,poultry,chicken,Unlabeled,1519,0.19,9478,1.185,469,0.059,30.98,93396.0,67.98,173500.0,none
2026-07-28T20:50:41,4262.97,S010_Anish_chickenreal1,house_A,spoil_free_pcb_v1,pcb_A,chamber_A,poultry,chicken,Unlabeled,1521,0.19,9478,1.185,469,0.059,30.98,93396.0,68.04,173300.0,none
2026-07-28T20:50:43,4264.98,S010_Anish_chickenreal1,house_A,spoil_free_pcb_v1,pcb_A,chamber_A,poultry,chicken,Unlabeled,1520,0.19,9479,1.185,469,0.059,30.98,93396.0,68.09,174000.0,none
2026-07-28T20:50:45,4266.98,S010_Anish_chickenreal1,house_A,spoil_free_pcb_v1,pcb_A,chamber_A,poultry,chicken,Unlabeled,1518,0.19,9483,1.185,468,0.059,30.98,93396.0,68.14,173900.0,none
2026-07-28T20:50:47,4268.98,S010_Anish_chickenreal1,house_A,spoil_free_pcb_v1,pcb_A,chamber_A,poultry,chicken,Unlabeled,1517,0.19,9487,1.186,470,0.059,30.98,93396.0,68.18,173200.0,none
2026-07-28T20:50:49,4270.97,S010_Anish_chickenreal1,house_A,spoil_free_pcb_v1,pcb_A,chamber_A,poultry,chicken,Unlabeled,1515,0.189,9494,1.187,469,0.059,30.98,93396.0,68.22,173700.0,none
2026-07-28T20:50:51,4272.97,S010_Anish_chickenreal1,house_A,spoil_free_pcb_v1,pcb_A,chamber_A,poultry,chicken,Unlabeled,1513,0.189,9499,1.187,469,0.059,30.98,93396.0,68.21,173700.0,none
2026-07-28T20:50:53,4274.97,S010_Anish_chickenreal1,house_A,spoil_free_pcb_v1,pcb_A,chamber_A,poultry,chicken,Unlabeled,1511,0.189,9504,1.188,470,0.059,30.98,93396.0,68.18,173200.0,none
2026-07-28T20:50:55,4276.97,S010_Anish_chickenreal1,house_A,spoil_free_pcb_v1,pcb_A,chamber_A,poultry,chicken,Unlabeled,1511,0.189,9509,1.189,469,0.059,30.98,93396.0,68.16,173300.0,none
2026-07-28T20:50:57,4278.97,S010_Anish_chickenreal1,house_A,spoil_free_pcb_v1,pcb_A,chamber_A,poultry,chicken,Unlabeled,1510,0.189,9517,1.19,469,0.059,30.98,93396.0,68.17,173700.0,none
2026-07-28T20:50:59,4280.97,S010_Anish_chickenreal1,house_A,spoil_free_pcb_v1,pcb_A,chamber_A,poultry,chicken,Unlabeled,1510,0.189,9520,1.19,471,0.059,30.98,93396.0,68.16,174200.0,none
2026-07-28T20:51:01,4282.98,S010_Anish_chickenreal1,house_A,spoil_free_pcb_v1,pcb_A,chamber_A,poultry,chicken,Unlabeled,1511,0.189,9524,1.191,470,0.059,30.98,93394.0,68.14,174000.0,none
2026-07-28T20:51:03,4284.97,S010_Anish_chickenreal1,house_A,spoil_free_pcb_v1,pcb_A,chamber_A,poultry,chicken,Unlabeled,1512,0.189,9529,1.191,469,0.059,30.98,93394.0,68.09,172100.0,none
2026-07-28T20:51:05,4286.97,S010_Anish_chickenreal1,house_A,spoil_free_pcb_v1,pcb_A,chamber_A,poultry,chicken,Unlabeled,1514,0.189,9533,1.192,469,0.059,30.98,93394.0,68.03,173700.0,none
2026-07-28T20:51:07,4288.98,S010_Anish_chickenreal1,house_A,spoil_free_pcb_v1,pcb_A,chamber_A,poultry,chicken,Unlabeled,1515,0.189,9536,1.192,469,0.059,30.98,93394.0,68.0,173200.0,none
2026-07-28T20:51:09,4290.97,S010_Anish_chickenreal1,house_A,spoil_free_pcb_v1,pcb_A,chamber_A,poultry,chicken,Unlabeled,1517,0.19,9542,1.193,470,0.059,30.98,93394.0,67.99,173700.0,none
2026-07-28T20:51:11,4292.97,S010_Anish_chickenreal1,house_A,spoil_free_pcb_v1,pcb_A,chamber_A,poultry,chicken,Unlabeled,1519,0.19,9546,1.193,470,0.059,30.98,93394.0,67.99,173000.0,none
2026-07-28T20:51:13,4294.98,S010_Anish_chickenreal1,house_A,spoil_free_pcb_v1,pcb_A,chamber_A,poultry,chicken,Unlabeled,1520,0.19,9552,1.194,470,0.059,30.98,93394.0,68.0,173300.0,none
2026-07-28T20:51:15,4296.98,S010_Anish_chickenreal1,house_A,spoil_free_pcb_v1,pcb_A,chamber_A,poultry,chicken,Unlabeled,1522,0.19,9556,1.195,469,0.059,30.98,93394.0,68.04,173300.0,none
2026-07-28T20:51:17,4298.98,S010_Anish_chickenreal1,house_A,spoil_free_pcb_v1,pcb_A,chamber_A,poultry,chicken,Unlabeled,1521,0.19,9562,1.195,470,0.059,30.99,93394.0,68.07,173000.0,none
2026-07-28T20:51:19,4300.98,S010_Anish_chickenreal1,house_A,spoil_free_pcb_v1,pcb_A,chamber_A,poultry,chicken,Unlabeled,1522,0.19,9569,1.196,470,0.059,30.99,93394.0,68.13,173700.0,none
2026-07-28T20:51:21,4302.98,S010_Anish_chickenreal1,house_A,spoil_free_pcb_v1,pcb_A,chamber_A,poultry,chicken,Unlabeled,1519,0.19,9577,1.197,470,0.059,30.98,93394.0,68.16,172500.0,none
2026-07-28T20:51:23,4304.97,S010_Anish_chickenreal1,house_A,spoil_free_pcb_v1,pcb_A,chamber_A,poultry,chicken,Unlabeled,1517,0.19,9583,1.198,470,0.059,30.99,93394.0,68.18,172800.0,none
2026-07-28T20:51:25,4306.98,S010_Anish_chickenreal1,house_A,spoil_free_pcb_v1,pcb_A,chamber_A,poultry,chicken,Unlabeled,1515,0.189,9590,1.199,470,0.059,30.99,93394.0,68.21,172800.0,none
2026-07-28T20:51:27,4308.97,S010_Anish_chickenreal1,house_A,spoil_free_pcb_v1,pcb_A,chamber_A,poultry,chicken,Unlabeled,1514,0.189,9596,1.2,470,0.059,30.99,93394.0,68.23,172500.0,none
2026-07-28T20:51:29,4310.98,S010_Anish_chickenreal1,house_A,spoil_free_pcb_v1,pcb_A,chamber_A,poultry,chicken,Unlabeled,1514,0.189,9605,1.201,470,0.059,30.99,93394.0,68.23,172300.0,none
2026-07-28T20:51:31,4312.97,S010_Anish_chickenreal1,house_A,spoil_free_pcb_v1,pcb_A,chamber_A,poultry,chicken,Unlabeled,1513,0.189,9618,1.202,469,0.059,30.99,93394.0,68.22,172600.0,none
2026-07-28T20:51:33,4314.97,S010_Anish_chickenreal1,house_A,spoil_free_pcb_v1,pcb_A,chamber_A,poultry,chicken,Unlabeled,1514,0.189,9628,1.204,470,0.059,30.99,93394.0,68.21,172600.0,none
2026-07-28T20:51:35,4316.98,S010_Anish_chickenreal1,house_A,spoil_free_pcb_v1,pcb_A,chamber_A,poultry,chicken,Unlabeled,1515,0.189,9636,1.205,469,0.059,30.99,93394.0,68.19,172800.0,none
2026-07-28T20:51:37,4318.98,S010_Anish_chickenreal1,house_A,spoil_free_pcb_v1,pcb_A,chamber_A,poultry,chicken,Unlabeled,1518,0.19,9643,1.205,470,0.059,30.99,93394.0,68.21,173300.0,none
2026-07-28T20:51:39,4320.98,S010_Anish_chickenreal1,house_A,spoil_free_pcb_v1,pcb_A,chamber_A,poultry,chicken,Unlabeled,1520,0.19,9650,1.206,469,0.059,30.99,93394.0,68.25,172300.0,none
2026-07-28T20:51:41,4322.97,S010_Anish_chickenreal1,house_A,spoil_free_pcb_v1,pcb_A,chamber_A,poultry,chicken,Unlabeled,1522,0.19,9656,1.207,470,0.059,30.99,93394.0,68.33,172800.0,none
2026-07-28T20:51:43,4324.97,S010_Anish_chickenreal1,house_A,spoil_free_pcb_v1,pcb_A,chamber_A,poultry,chicken,Unlabeled,1523,0.19,9661,1.208,469,0.059,30.99,93394.0,68.35,171200.0,none
2026-07-28T20:51:45,4326.98,S010_Anish_chickenreal1,house_A,spoil_free_pcb_v1,pcb_A,chamber_A,poultry,chicken,Unlabeled,1523,0.19,9665,1.208,470,0.059,30.99,93394.0,68.34,171900.0,none
2026-07-28T20:51:47,4328.97,S010_Anish_chickenreal1,house_A,spoil_free_pcb_v1,pcb_A,chamber_A,poultry,chicken,Unlabeled,1522,0.19,9667,1.208,471,0.059,30.99,93396.0,68.33,172500.0,none
2026-07-28T20:51:49,4330.97,S010_Anish_chickenreal1,house_A,spoil_free_pcb_v1,pcb_A,chamber_A,poultry,chicken,Unlabeled,1519,0.19,9670,1.209,469,0.059,30.99,93396.0,68.33,172600.0,none
2026-07-28T20:51:51,4332.98,S010_Anish_chickenreal1,house_A,spoil_free_pcb_v1,pcb_A,chamber_A,poultry,chicken,Unlabeled,1518,0.19,9673,1.209,470,0.059,30.99,93396.0,68.33,172100.0,none
2026-07-28T20:51:53,4334.97,S010_Anish_chickenreal1,house_A,spoil_free_pcb_v1,pcb_A,chamber_A,poultry,chicken,Unlabeled,1514,0.189,9675,1.209,470,0.059,30.99,93396.0,68.33,172800.0,none
2026-07-28T20:51:55,4336.98,S010_Anish_chickenreal1,house_A,spoil_free_pcb_v1,pcb_A,chamber_A,poultry,chicken,Unlabeled,1514,0.189,9679,1.21,470,0.059,30.99,93396.0,68.33,172300.0,none
2026-07-28T20:51:57,4338.97,S010_Anish_chickenreal1,house_A,spoil_free_pcb_v1,pcb_A,chamber_A,poultry,chicken,Unlabeled,1513,0.189,9682,1.21,470,0.059,30.99,93396.0,68.33,172300.0,none
2026-07-28T20:51:59,4340.98,S010_Anish_chickenreal1,house_A,spoil_free_pcb_v1,pcb_A,chamber_A,poultry,chicken,Unlabeled,1514,0.189,9686,1.211,470,0.059,30.99,93396.0,68.33,172500.0,none
2026-07-28T20:52:01,4342.98,S010_Anish_chickenreal1,house_A,spoil_free_pcb_v1,pcb_A,chamber_A,poultry,chicken,Unlabeled,1515,0.189,9689,1.211,470,0.059,30.99,93396.0,68.33,172800.0,none
2026-07-28T20:52:03,4344.97,S010_Anish_chickenreal1,house_A,spoil_free_pcb_v1,pcb_A,chamber_A,poultry,chicken,Unlabeled,1517,0.19,9694,1.212,470,0.059,30.99,93396.0,68.33,172500.0,none
2026-07-28T20:52:05,4346.97,S010_Anish_chickenreal1,house_A,spoil_free_pcb_v1,pcb_A,chamber_A,poultry,chicken,Unlabeled,1519,0.19,9700,1.213,470,0.059,30.99,93396.0,68.33,171900.0,none
2026-07-28T20:52:07,4348.97,S010_Anish_chickenreal1,house_A,spoil_free_pcb_v1,pcb_A,chamber_A,poultry,chicken,Unlabeled,1522,0.19,9707,1.213,470,0.059,30.99,93396.0,68.33,171800.0,none
2026-07-28T20:52:09,4350.98,S010_Anish_chickenreal1,house_A,spoil_free_pcb_v1,pcb_A,chamber_A,poultry,chicken,Unlabeled,1523,0.19,9714,1.214,470,0.059,30.99,93398.0,68.35,171100.0,none
2026-07-28T20:52:11,4352.97,S010_Anish_chickenreal1,house_A,spoil_free_pcb_v1,pcb_A,chamber_A,poultry,chicken,Unlabeled,1522,0.19,9718,1.215,470,0.059,30.99,93398.0,68.36,172300.0,none
2026-07-28T20:52:13,4354.97,S010_Anish_chickenreal1,house_A,spoil_free_pcb_v1,pcb_A,chamber_A,poultry,chicken,Unlabeled,1522,0.19,9723,1.215,470,0.059,30.99,93398.0,68.37,171900.0,none
2026-07-28T20:52:15,4356.98,S010_Anish_chickenreal1,house_A,spoil_free_pcb_v1,pcb_A,chamber_A,poultry,chicken,Unlabeled,1519,0.19,9731,1.216,470,0.059,30.99,93396.0,68.31,171900.0,none
2026-07-28T20:52:17,4358.97,S010_Anish_chickenreal1,house_A,spoil_free_pcb_v1,pcb_A,chamber_A,poultry,chicken,Unlabeled,1518,0.19,9737,1.217,469,0.059,30.99,93396.0,68.25,171800.0,none
2026-07-28T20:52:19,4360.98,S010_Anish_chickenreal1,house_A,spoil_free_pcb_v1,pcb_A,chamber_A,poultry,chicken,Unlabeled,1516,0.19,9738,1.217,471,0.059,30.99,93396.0,68.2,171800.0,none
2026-07-28T20:52:21,4362.97,S010_Anish_chickenreal1,house_A,spoil_free_pcb_v1,pcb_A,chamber_A,poultry,chicken,Unlabeled,1513,0.189,9741,1.218,470,0.059,30.99,93396.0,68.19,172500.0,none
2026-07-28T20:52:23,4364.98,S010_Anish_chickenreal1,house_A,spoil_free_pcb_v1,pcb_A,chamber_A,poultry,chicken,Unlabeled,1513,0.189,9749,1.219,470,0.059,30.99,93396.0,68.17,171200.0,none
2026-07-28T20:52:25,4366.98,S010_Anish_chickenreal1,house_A,spoil_free_pcb_v1,pcb_A,chamber_A,poultry,chicken,Unlabeled,1517,0.19,9753,1.219,470,0.059,30.99,93400.0,68.16,172500.0,none
2026-07-28T20:52:27,4368.98,S010_Anish_chickenreal1,house_A,spoil_free_pcb_v1,pcb_A,chamber_A,poultry,chicken,Unlabeled,1518,0.19,9760,1.22,470,0.059,30.99,93400.0,68.16,171600.0,none
2026-07-28T20:52:29,4370.98,S010_Anish_chickenreal1,house_A,spoil_free_pcb_v1,pcb_A,chamber_A,poultry,chicken,Unlabeled,1522,0.19,9766,1.221,470,0.059,30.99,93400.0,68.15,171100.0,none
2026-07-28T20:52:31,4372.97,S010_Anish_chickenreal1,house_A,spoil_free_pcb_v1,pcb_A,chamber_A,poultry,chicken,Unlabeled,1524,0.191,9769,1.221,470,0.059,30.99,93400.0,68.16,171600.0,none
2026-07-28T20:52:33,4374.98,S010_Anish_chickenreal1,house_A,spoil_free_pcb_v1,pcb_A,chamber_A,poultry,chicken,Unlabeled,1525,0.191,9774,1.222,470,0.059,30.99,93398.0,68.18,172500.0,none
2026-07-28T20:52:35,4376.98,S010_Anish_chickenreal1,house_A,spoil_free_pcb_v1,pcb_A,chamber_A,poultry,chicken,Unlabeled,1523,0.19,9779,1.222,470,0.059,30.99,93398.0,68.2,172500.0,none
2026-07-28T20:52:37,4378.98,S010_Anish_chickenreal1,house_A,spoil_free_pcb_v1,pcb_A,chamber_A,poultry,chicken,Unlabeled,1520,0.19,9781,1.223,471,0.059,30.99,93398.0,68.24,171400.0,none
2026-07-28T20:52:39,4380.97,S010_Anish_chickenreal1,house_A,spoil_free_pcb_v1,pcb_A,chamber_A,poultry,chicken,Unlabeled,1517,0.19,9787,1.223,470,0.059,31.0,93398.0,68.28,171800.0,none
2026-07-28T20:52:41,4382.98,S010_Anish_chickenreal1,house_A,spoil_free_pcb_v1,pcb_A,chamber_A,poultry,chicken,Unlabeled,1516,0.19,9791,1.224,470,0.059,31.0,93398.0,68.31,171200.0,none
2026-07-28T20:52:43,4384.97,S010_Anish_chickenreal1,house_A,spoil_free_pcb_v1,pcb_A,chamber_A,poultry,chicken,Unlabeled,1516,0.19,9791,1.224,470,0.059,31.0,93396.0,68.34,172100.0,none
2026-07-28T20:52:45,4386.98,S010_Anish_chickenreal1,house_A,spoil_free_pcb_v1,pcb_A,chamber_A,poultry,chicken,Unlabeled,1518,0.19,9796,1.225,470,0.059,31.0,93396.0,68.34,171600.0,none
2026-07-28T20:52:47,4388.97,S010_Anish_chickenreal1,house_A,spoil_free_pcb_v1,pcb_A,chamber_A,poultry,chicken,Unlabeled,1521,0.19,9801,1.225,471,0.059,31.0,93396.0,68.34,171100.0,none
2026-07-28T20:52:49,4390.97,S010_Anish_chickenreal1,house_A,spoil_free_pcb_v1,pcb_A,chamber_A,poultry,chicken,Unlabeled,1522,0.19,9804,1.226,470,0.059,31.0,93396.0,68.34,171800.0,none
2026-07-28T20:52:51,4392.97,S010_Anish_chickenreal1,house_A,spoil_free_pcb_v1,pcb_A,chamber_A,poultry,chicken,Unlabeled,1524,0.191,9806,1.226,471,0.059,31.0,93394.0,68.33,171600.0,none
2026-07-28T20:52:53,4394.97,S010_Anish_chickenreal1,house_A,spoil_free_pcb_v1,pcb_A,chamber_A,poultry,chicken,Unlabeled,1525,0.191,9812,1.227,470,0.059,31.0,93396.0,68.31,171400.0,none
2026-07-28T20:52:55,4396.98,S010_Anish_chickenreal1,house_A,spoil_free_pcb_v1,pcb_A,chamber_A,poultry,chicken,Unlabeled,1524,0.191,9817,1.227,471,0.059,31.0,93396.0,68.27,171200.0,none
2026-07-28T20:52:57,4398.98,S010_Anish_chickenreal1,house_A,spoil_free_pcb_v1,pcb_A,chamber_A,poultry,chicken,Unlabeled,1523,0.19,9822,1.228,469,0.059,31.0,93396.0,68.22,171600.0,none
2026-07-28T20:52:59,4400.97,S010_Anish_chickenreal1,house_A,spoil_free_pcb_v1,pcb_A,chamber_A,poultry,chicken,Unlabeled,1521,0.19,9826,1.228,471,0.059,31.0,93396.0,68.2,171600.0,none
2026-07-28T20:53:01,4402.97,S010_Anish_chickenreal1,house_A,spoil_free_pcb_v1,pcb_A,chamber_A,poultry,chicken,Unlabeled,1518,0.19,9829,1.229,470,0.059,31.0,93394.0,68.2,171200.0,none
2026-07-28T20:53:03,4404.98,S010_Anish_chickenreal1,house_A,spoil_free_pcb_v1,pcb_A,chamber_A,poultry,chicken,Unlabeled,1517,0.19,9831,1.229,470,0.059,31.0,93394.0,68.22,172300.0,none
2026-07-28T20:53:05,4406.97,S010_Anish_chickenreal1,house_A,spoil_free_pcb_v1,pcb_A,chamber_A,poultry,chicken,Unlabeled,1516,0.19,9833,1.229,470,0.059,31.0,93394.0,68.22,173000.0,none
2026-07-28T20:53:07,4408.97,S010_Anish_chickenreal1,house_A,spoil_free_pcb_v1,pcb_A,chamber_A,poultry,chicken,Unlabeled,1519,0.19,9834,1.229,470,0.059,31.0,93394.0,68.19,170600.0,none
2026-07-28T20:53:09,4410.97,S010_Anish_chickenreal1,house_A,spoil_free_pcb_v1,pcb_A,chamber_A,poultry,chicken,Unlabeled,1522,0.19,9839,1.23,470,0.059,31.0,93394.0,68.16,171800.0,none
2026-07-28T20:53:11,4412.98,S010_Anish_chickenreal1,house_A,spoil_free_pcb_v1,pcb_A,chamber_A,poultry,chicken,Unlabeled,1525,0.191,9841,1.23,470,0.059,31.0,93394.0,68.13,172300.0,none
2026-07-28T20:53:13,4414.98,S010_Anish_chickenreal1,house_A,spoil_free_pcb_v1,pcb_A,chamber_A,poultry,chicken,Unlabeled,1527,0.191,9844,1.231,471,0.059,31.0,93394.0,68.12,171100.0,none
2026-07-28T20:53:15,4416.97,S010_Anish_chickenreal1,house_A,spoil_free_pcb_v1,pcb_A,chamber_A,poultry,chicken,Unlabeled,1528,0.191,9846,1.231,471,0.059,31.0,93396.0,68.14,172100.0,none
2026-07-28T20:53:17,4418.96,S010_Anish_chickenreal1,house_A,spoil_free_pcb_v1,pcb_A,chamber_A,poultry,chicken,Unlabeled,1526,0.191,9850,1.231,470,0.059,31.0,93396.0,68.16,171600.0,none
2026-07-28T20:53:19,4420.97,S010_Anish_chickenreal1,house_A,spoil_free_pcb_v1,pcb_A,chamber_A,poultry,chicken,Unlabeled,1523,0.19,9854,1.232,470,0.059,31.0,93396.0,68.17,171400.0,none
2026-07-28T20:53:21,4422.98,S010_Anish_chickenreal1,house_A,spoil_free_pcb_v1,pcb_A,chamber_A,poultry,chicken,Unlabeled,1519,0.19,9858,1.232,472,0.059,31.0,93396.0,68.19,170600.0,none
2026-07-28T20:53:23,4424.98,S010_Anish_chickenreal1,house_A,spoil_free_pcb_v1,pcb_A,chamber_A,poultry,chicken,Unlabeled,1517,0.19,9863,1.233,471,0.059,31.0,93396.0,68.19,172300.0,none
2026-07-28T20:53:25,4426.97,S010_Anish_chickenreal1,house_A,spoil_free_pcb_v1,pcb_A,chamber_A,poultry,chicken,Unlabeled,1518,0.19,9866,1.233,471,0.059,31.0,93396.0,68.14,171800.0,none
2026-07-28T20:53:27,4428.98,S010_Anish_chickenreal1,house_A,spoil_free_pcb_v1,pcb_A,chamber_A,poultry,chicken,Unlabeled,1518,0.19,9869,1.234,471,0.059,31.0,93396.0,68.12,170900.0,none
2026-07-28T20:53:29,4430.98,S010_Anish_chickenreal1,house_A,spoil_free_pcb_v1,pcb_A,chamber_A,poultry,chicken,Unlabeled,1520,0.19,9873,1.234,470,0.059,31.0,93396.0,68.16,171400.0,none
2026-07-28T20:53:31,4432.96,S010_Anish_chickenreal1,house_A,spoil_free_pcb_v1,pcb_A,chamber_A,poultry,chicken,Unlabeled,1522,0.19,9877,1.235,471,0.059,31.0,93396.0,68.16,171400.0,none
2026-07-28T20:53:33,4434.97,S010_Anish_chickenreal1,house_A,spoil_free_pcb_v1,pcb_A,chamber_A,poultry,chicken,Unlabeled,1523,0.19,9881,1.235,470,0.059,31.0,93396.0,68.13,171200.0,none
2026-07-28T20:53:35,4436.98,S010_Anish_chickenreal1,house_A,spoil_free_pcb_v1,pcb_A,chamber_A,poultry,chicken,Unlabeled,1525,0.191,9888,1.236,470,0.059,31.0,93394.0,68.09,171600.0,none
2026-07-28T20:53:37,4438.97,S010_Anish_chickenreal1,house_A,spoil_free_pcb_v1,pcb_A,chamber_A,poultry,chicken,Unlabeled,1527,0.191,9890,1.236,470,0.059,31.0,93394.0,68.09,170700.0,none
2026-07-28T20:53:39,4440.97,S010_Anish_chickenreal1,house_A,spoil_free_pcb_v1,pcb_A,chamber_A,poultry,chicken,Unlabeled,1529,0.191,9890,1.236,471,0.059,31.0,93394.0,68.07,171800.0,none
2026-07-28T20:53:41,4442.97,S010_Anish_chickenreal1,house_A,spoil_free_pcb_v1,pcb_A,chamber_A,poultry,chicken,Unlabeled,1527,0.191,9895,1.237,471,0.059,31.0,93394.0,68.1,170900.0,none
2026-07-28T20:53:43,4444.97,S010_Anish_chickenreal1,house_A,spoil_free_pcb_v1,pcb_A,chamber_A,poultry,chicken,Unlabeled,1524,0.191,9895,1.237,471,0.059,31.0,93396.0,68.13,171600.0,none
2026-07-28T20:53:45,4446.97,S010_Anish_chickenreal1,house_A,spoil_free_pcb_v1,pcb_A,chamber_A,poultry,chicken,Unlabeled,1519,0.19,9898,1.237,471,0.059,31.0,93396.0,68.16,170700.0,none
2026-07-28T20:53:47,4448.98,S010_Anish_chickenreal1,house_A,spoil_free_pcb_v1,pcb_A,chamber_A,poultry,chicken,Unlabeled,1518,0.19,9904,1.238,470,0.059,31.0,93396.0,68.15,171800.0,none
2026-07-28T20:53:49,4450.96,S010_Anish_chickenreal1,house_A,spoil_free_pcb_v1,pcb_A,chamber_A,poultry,chicken,Unlabeled,1518,0.19,9909,1.239,471,0.059,31.0,93394.0,68.15,170600.0,none
2026-07-28T20:53:51,4452.96,S010_Anish_chickenreal1,house_A,spoil_free_pcb_v1,pcb_A,chamber_A,poultry,chicken,Unlabeled,1521,0.19,9913,1.239,470,0.059,31.0,93394.0,68.16,171200.0,none
2026-07-28T20:53:53,4454.97,S010_Anish_chickenreal1,house_A,spoil_free_pcb_v1,pcb_A,chamber_A,poultry,chicken,Unlabeled,1525,0.191,9917,1.24,471,0.059,31.0,93394.0,68.2,171600.0,none
2026-07-28T20:53:55,4456.98,S010_Anish_chickenreal1,house_A,spoil_free_pcb_v1,pcb_A,chamber_A,poultry,chicken,Unlabeled,1527,0.191,9917,1.24,471,0.059,31.0,93394.0,68.24,171200.0,none
2026-07-28T20:53:57,4458.97,S010_Anish_chickenreal1,house_A,spoil_free_pcb_v1,pcb_A,chamber_A,poultry,chicken,Unlabeled,1529,0.191,9920,1.24,471,0.059,31.0,93394.0,68.28,170700.0,none
2026-07-28T20:53:59,4460.97,S010_Anish_chickenreal1,house_A,spoil_free_pcb_v1,pcb_A,chamber_A,poultry,chicken,Unlabeled,1528,0.191,9921,1.24,471,0.059,31.0,93394.0,68.3,170700.0,none
2026-07-28T20:54:01,4462.97,S010_Anish_chickenreal1,house_A,spoil_free_pcb_v1,pcb_A,chamber_A,poultry,chicken,Unlabeled,1525,0.191,9924,1.241,470,0.059,31.0,93394.0,68.33,170200.0,none
2026-07-28T20:54:03,4464.98,S010_Anish_chickenreal1,house_A,spoil_free_pcb_v1,pcb_A,chamber_A,poultry,chicken,Unlabeled,1523,0.19,9927,1.241,471,0.059,31.0,93394.0,68.32,171100.0,none
2026-07-28T20:54:05,4466.97,S010_Anish_chickenreal1,house_A,spoil_free_pcb_v1,pcb_A,chamber_A,poultry,chicken,Unlabeled,1521,0.19,9929,1.241,472,0.059,31.0,93394.0,68.29,171100.0,none
2026-07-28T20:54:07,4468.98,S010_Anish_chickenreal1,house_A,spoil_free_pcb_v1,pcb_A,chamber_A,poultry,chicken,Unlabeled,1518,0.19,9930,1.241,470,0.059,31.0,93394.0,68.26,170700.0,none
2026-07-28T20:54:09,4470.97,S010_Anish_chickenreal1,house_A,spoil_free_pcb_v1,pcb_A,chamber_A,poultry,chicken,Unlabeled,1519,0.19,9934,1.242,471,0.059,31.0,93394.0,68.25,170900.0,none
2026-07-28T20:54:11,4472.97,S010_Anish_chickenreal1,house_A,spoil_free_pcb_v1,pcb_A,chamber_A,poultry,chicken,Unlabeled,1521,0.19,9938,1.242,470,0.059,31.0,93394.0,68.27,170900.0,none
2026-07-28T20:54:13,4474.97,S010_Anish_chickenreal1,house_A,spoil_free_pcb_v1,pcb_A,chamber_A,poultry,chicken,Unlabeled,1523,0.19,9943,1.243,470,0.059,31.0,93394.0,68.26,171100.0,none
2026-07-28T20:54:15,4476.97,S010_Anish_chickenreal1,house_A,spoil_free_pcb_v1,pcb_A,chamber_A,poultry,chicken,Unlabeled,1524,0.191,9945,1.243,470,0.059,31.0,93394.0,68.22,170700.0,none
2026-07-28T20:54:17,4478.97,S010_Anish_chickenreal1,house_A,spoil_free_pcb_v1,pcb_A,chamber_A,poultry,chicken,Unlabeled,1527,0.191,9948,1.244,471,0.059,31.0,93394.0,68.18,170600.0,none
2026-07-28T20:54:19,4480.97,S010_Anish_chickenreal1,house_A,spoil_free_pcb_v1,pcb_A,chamber_A,poultry,chicken,Unlabeled,1529,0.191,9949,1.244,471,0.059,31.0,93394.0,68.17,170900.0,none
2026-07-28T20:54:21,4482.97,S010_Anish_chickenreal1,house_A,spoil_free_pcb_v1,pcb_A,chamber_A,poultry,chicken,Unlabeled,1529,0.191,9951,1.244,471,0.059,31.01,93394.0,68.12,170900.0,none
2026-07-28T20:54:23,4484.98,S010_Anish_chickenreal1,house_A,spoil_free_pcb_v1,pcb_A,chamber_A,poultry,chicken,Unlabeled,1527,0.191,9955,1.244,471,0.059,31.01,93394.0,68.15,170200.0,none
2026-07-28T20:54:25,4486.96,S010_Anish_chickenreal1,house_A,spoil_free_pcb_v1,pcb_A,chamber_A,poultry,chicken,Unlabeled,1525,0.191,9957,1.245,471,0.059,31.01,93392.0,68.18,170400.0,none
2026-07-28T20:54:27,4488.97,S010_Anish_chickenreal1,house_A,spoil_free_pcb_v1,pcb_A,chamber_A,poultry,chicken,Unlabeled,1522,0.19,9960,1.245,472,0.059,31.01,93392.0,68.22,170700.0,none
2026-07-28T20:54:29,4490.96,S010_Anish_chickenreal1,house_A,spoil_free_pcb_v1,pcb_A,chamber_A,poultry,chicken,Unlabeled,1520,0.19,9963,1.245,470,0.059,31.01,93394.0,68.27,170900.0,none
2026-07-28T20:54:31,4492.97,S010_Anish_chickenreal1,house_A,spoil_free_pcb_v1,pcb_A,chamber_A,poultry,chicken,Unlabeled,1519,0.19,9966,1.246,471,0.059,31.0,93394.0,68.34,170000.0,none
2026-07-28T20:54:33,4494.97,S010_Anish_chickenreal1,house_A,spoil_free_pcb_v1,pcb_A,chamber_A,poultry,chicken,Unlabeled,1520,0.19,9971,1.246,471,0.059,31.0,93392.0,68.42,170400.0,none
2026-07-28T20:54:35,4496.97,S010_Anish_chickenreal1,house_A,spoil_free_pcb_v1,pcb_A,chamber_A,poultry,chicken,Unlabeled,1522,0.19,9972,1.247,471,0.059,31.0,93392.0,68.39,170000.0,none
2026-07-28T20:54:37,4498.97,S010_Anish_chickenreal1,house_A,spoil_free_pcb_v1,pcb_A,chamber_A,poultry,chicken,Unlabeled,1525,0.191,9973,1.247,470,0.059,31.0,93392.0,68.36,169400.0,none
2026-07-28T20:54:39,4500.97,S010_Anish_chickenreal1,house_A,spoil_free_pcb_v1,pcb_A,chamber_A,poultry,chicken,Unlabeled,1528,0.191,9977,1.247,471,0.059,31.01,93392.0,68.34,170200.0,none
2026-07-28T20:54:41,4502.98,S010_Anish_chickenreal1,house_A,spoil_free_pcb_v1,pcb_A,chamber_A,poultry,chicken,Unlabeled,1529,0.191,9977,1.247,471,0.059,31.01,93392.0,68.31,169700.0,img_000011_20260728_205440.jpg
2026-07-28T20:54:43,4505.42,S010_Anish_chickenreal1,house_A,spoil_free_pcb_v1,pcb_A,chamber_A,poultry,chicken,Unlabeled,1530,0.191,9981,1.248,471,0.059,31.01,93392.0,68.29,170000.0,none
2026-07-28T20:54:45,4506.97,S010_Anish_chickenreal1,house_A,spoil_free_pcb_v1,pcb_A,chamber_A,poultry,chicken,Unlabeled,1528,0.191,9981,1.248,471,0.059,31.01,93392.0,68.24,169700.0,none
2026-07-28T20:54:47,4508.97,S010_Anish_chickenreal1,house_A,spoil_free_pcb_v1,pcb_A,chamber_A,poultry,chicken,Unlabeled,1524,0.191,9982,1.248,471,0.059,31.01,93392.0,68.21,170200.0,none
2026-07-28T20:54:49,4510.98,S010_Anish_chickenreal1,house_A,spoil_free_pcb_v1,pcb_A,chamber_A,poultry,chicken,Unlabeled,1522,0.19,9984,1.248,471,0.059,31.01,93394.0,68.2,170400.0,none
2026-07-28T20:54:51,4512.97,S010_Anish_chickenreal1,house_A,spoil_free_pcb_v1,pcb_A,chamber_A,poultry,chicken,Unlabeled,1521,0.19,9985,1.248,472,0.059,31.01,93392.0,68.19,170000.0,none
2026-07-28T20:54:53,4514.97,S010_Anish_chickenreal1,house_A,spoil_free_pcb_v1,pcb_A,chamber_A,poultry,chicken,Unlabeled,1518,0.19,9990,1.249,471,0.059,31.01,93392.0,68.19,170000.0,none
2026-07-28T20:54:55,4516.98,S010_Anish_chickenreal1,house_A,spoil_free_pcb_v1,pcb_A,chamber_A,poultry,chicken,Unlabeled,1519,0.19,9992,1.249,472,0.059,31.01,93392.0,68.19,170600.0,none
2026-07-28T20:54:57,4518.96,S010_Anish_chickenreal1,house_A,spoil_free_pcb_v1,pcb_A,chamber_A,poultry,chicken,Unlabeled,1520,0.19,9995,1.249,472,0.059,31.01,93394.0,68.19,170000.0,none
2026-07-28T20:54:59,4520.96,S010_Anish_chickenreal1,house_A,spoil_free_pcb_v1,pcb_A,chamber_A,poultry,chicken,Unlabeled,1521,0.19,9998,1.25,471,0.059,31.01,93394.0,68.21,170600.0,none
2026-07-28T20:55:01,4522.98,S010_Anish_chickenreal1,house_A,spoil_free_pcb_v1,pcb_A,chamber_A,poultry,chicken,Unlabeled,1523,0.19,10003,1.25,471,0.059,31.01,93394.0,68.25,170000.0,none
2026-07-28T20:55:03,4524.97,S010_Anish_chickenreal1,house_A,spoil_free_pcb_v1,pcb_A,chamber_A,poultry,chicken,Unlabeled,1526,0.191,10007,1.251,471,0.059,31.01,93394.0,68.27,170600.0,none
2026-07-28T20:55:05,4526.97,S010_Anish_chickenreal1,house_A,spoil_free_pcb_v1,pcb_A,chamber_A,poultry,chicken,Unlabeled,1530,0.191,10013,1.252,472,0.059,31.01,93394.0,68.33,170200.0,none
2026-07-28T20:55:07,4528.97,S010_Anish_chickenreal1,house_A,spoil_free_pcb_v1,pcb_A,chamber_A,poultry,chicken,Unlabeled,1531,0.191,10015,1.252,472,0.059,31.01,93394.0,68.36,170000.0,none
2026-07-28T20:55:09,4530.97,S010_Anish_chickenreal1,house_A,spoil_free_pcb_v1,pcb_A,chamber_A,poultry,chicken,Unlabeled,1530,0.191,10017,1.252,471,0.059,31.01,93394.0,68.34,169900.0,none
2026-07-28T20:55:11,4532.98,S010_Anish_chickenreal1,house_A,spoil_free_pcb_v1,pcb_A,chamber_A,poultry,chicken,Unlabeled,1529,0.191,10019,1.252,472,0.059,31.01,93394.0,68.33,169200.0,none
2026-07-28T20:55:13,4534.98,S010_Anish_chickenreal1,house_A,spoil_free_pcb_v1,pcb_A,chamber_A,poultry,chicken,Unlabeled,1531,0.191,10017,1.252,472,0.059,31.01,93394.0,68.32,169200.0,none
2026-07-28T20:55:15,4536.97,S010_Anish_chickenreal1,house_A,spoil_free_pcb_v1,pcb_A,chamber_A,poultry,chicken,Unlabeled,1528,0.191,10018,1.252,471,0.059,31.01,93394.0,68.34,169700.0,none
2026-07-28T20:55:17,4538.97,S010_Anish_chickenreal1,house_A,spoil_free_pcb_v1,pcb_A,chamber_A,poultry,chicken,Unlabeled,1525,0.191,10019,1.252,472,0.059,31.01,93394.0,68.32,170000.0,none
2026-07-28T20:55:19,4540.97,S010_Anish_chickenreal1,house_A,spoil_free_pcb_v1,pcb_A,chamber_A,poultry,chicken,Unlabeled,1524,0.191,10021,1.253,472,0.059,31.01,93394.0,68.3,169400.0,none
2026-07-28T20:55:21,4542.98,S010_Anish_chickenreal1,house_A,spoil_free_pcb_v1,pcb_A,chamber_A,poultry,chicken,Unlabeled,1522,0.19,10024,1.253,471,0.059,31.01,93394.0,68.31,169900.0,none
2026-07-28T20:55:23,4544.98,S010_Anish_chickenreal1,house_A,spoil_free_pcb_v1,pcb_A,chamber_A,poultry,chicken,Unlabeled,1521,0.19,10026,1.253,472,0.059,31.01,93390.0,68.35,169500.0,none
2026-07-28T20:55:25,4546.97,S010_Anish_chickenreal1,house_A,spoil_free_pcb_v1,pcb_A,chamber_A,poultry,chicken,Unlabeled,1522,0.19,10027,1.253,471,0.059,31.01,93390.0,68.39,169900.0,none
2026-07-28T20:55:27,4548.97,S010_Anish_chickenreal1,house_A,spoil_free_pcb_v1,pcb_A,chamber_A,poultry,chicken,Unlabeled,1525,0.191,10031,1.254,471,0.059,31.01,93390.0,68.37,169900.0,none
2026-07-28T20:55:29,4550.97,S010_Anish_chickenreal1,house_A,spoil_free_pcb_v1,pcb_A,chamber_A,poultry,chicken,Unlabeled,1528,0.191,10034,1.254,471,0.059,31.01,93390.0,68.36,170400.0,none
2026-07-28T20:55:31,4552.96,S010_Anish_chickenreal1,house_A,spoil_free_pcb_v1,pcb_A,chamber_A,poultry,chicken,Unlabeled,1531,0.191,10035,1.254,472,0.059,31.01,93390.0,68.32,169700.0,none
2026-07-28T20:55:33,4554.96,S010_Anish_chickenreal1,house_A,spoil_free_pcb_v1,pcb_A,chamber_A,poultry,chicken,Unlabeled,1532,0.192,10037,1.255,471,0.059,31.01,93394.0,68.31,169900.0,none
2026-07-28T20:55:35,4556.96,S010_Anish_chickenreal1,house_A,spoil_free_pcb_v1,pcb_A,chamber_A,poultry,chicken,Unlabeled,1529,0.191,10038,1.255,472,0.059,31.01,93394.0,68.32,169000.0,none
2026-07-28T20:55:37,4558.98,S010_Anish_chickenreal1,house_A,spoil_free_pcb_v1,pcb_A,chamber_A,poultry,chicken,Unlabeled,1526,0.191,10039,1.255,471,0.059,31.01,93394.0,68.36,170000.0,none
2026-07-28T20:55:39,4560.97,S010_Anish_chickenreal1,house_A,spoil_free_pcb_v1,pcb_A,chamber_A,poultry,chicken,Unlabeled,1523,0.19,10042,1.255,473,0.059,31.01,93394.0,68.39,169900.0,none
2026-07-28T20:55:41,4562.97,S010_Anish_chickenreal1,house_A,spoil_free_pcb_v1,pcb_A,chamber_A,poultry,chicken,Unlabeled,1522,0.19,10043,1.255,471,0.059,31.01,93394.0,68.43,170900.0,none
2026-07-28T20:55:43,4564.97,S010_Anish_chickenreal1,house_A,spoil_free_pcb_v1,pcb_A,chamber_A,poultry,chicken,Unlabeled,1522,0.19,10045,1.256,472,0.059,31.01,93394.0,68.45,169700.0,none
2026-07-28T20:55:45,4566.96,S010_Anish_chickenreal1,house_A,spoil_free_pcb_v1,pcb_A,chamber_A,poultry,chicken,Unlabeled,1522,0.19,10046,1.256,472,0.059,31.02,93392.0,68.45,170200.0,none
2026-07-28T20:55:47,4568.97,S010_Anish_chickenreal1,house_A,spoil_free_pcb_v1,pcb_A,chamber_A,poultry,chicken,Unlabeled,1525,0.191,10046,1.256,472,0.059,31.02,93392.0,68.41,169400.0,none
2026-07-28T20:55:49,4570.97,S010_Anish_chickenreal1,house_A,spoil_free_pcb_v1,pcb_A,chamber_A,poultry,chicken,Unlabeled,1527,0.191,10044,1.256,472,0.059,31.02,93392.0,68.4,170600.0,none
2026-07-28T20:55:51,4572.96,S010_Anish_chickenreal1,house_A,spoil_free_pcb_v1,pcb_A,chamber_A,poultry,chicken,Unlabeled,1529,0.191,10044,1.256,472,0.059,31.02,93392.0,68.39,169900.0,none
2026-07-28T20:55:53,4574.97,S010_Anish_chickenreal1,house_A,spoil_free_pcb_v1,pcb_A,chamber_A,poultry,chicken,Unlabeled,1531,0.191,10045,1.256,472,0.059,31.02,93392.0,68.41,169000.0,none
2026-07-28T20:55:55,4576.97,S010_Anish_chickenreal1,house_A,spoil_free_pcb_v1,pcb_A,chamber_A,poultry,chicken,Unlabeled,1530,0.191,10046,1.256,471,0.059,31.02,93392.0,68.39,169500.0,none
2026-07-28T20:55:57,4578.97,S010_Anish_chickenreal1,house_A,spoil_free_pcb_v1,pcb_A,chamber_A,poultry,chicken,Unlabeled,1527,0.191,10045,1.256,472,0.059,31.02,93392.0,68.4,169500.0,none
2026-07-28T20:55:59,4580.97,S010_Anish_chickenreal1,house_A,spoil_free_pcb_v1,pcb_A,chamber_A,poultry,chicken,Unlabeled,1526,0.191,10046,1.256,472,0.059,31.02,93392.0,68.36,169400.0,none
2026-07-28T20:56:01,4582.98,S010_Anish_chickenreal1,house_A,spoil_free_pcb_v1,pcb_A,chamber_A,poultry,chicken,Unlabeled,1524,0.191,10047,1.256,472,0.059,31.02,93392.0,68.29,169400.0,none
2026-07-28T20:56:03,4584.98,S010_Anish_chickenreal1,house_A,spoil_free_pcb_v1,pcb_A,chamber_A,poultry,chicken,Unlabeled,1522,0.19,10047,1.256,472,0.059,31.02,93392.0,68.2,169900.0,none
2026-07-28T20:56:05,4586.97,S010_Anish_chickenreal1,house_A,spoil_free_pcb_v1,pcb_A,chamber_A,poultry,chicken,Unlabeled,1521,0.19,10048,1.256,472,0.059,31.02,93392.0,68.15,170200.0,none
2026-07-28T20:56:07,4588.97,S010_Anish_chickenreal1,house_A,spoil_free_pcb_v1,pcb_A,chamber_A,poultry,chicken,Unlabeled,1522,0.19,10048,1.256,472,0.059,31.02,93392.0,68.1,170900.0,none
2026-07-28T20:56:09,4590.97,S010_Anish_chickenreal1,house_A,spoil_free_pcb_v1,pcb_A,chamber_A,poultry,chicken,Unlabeled,1522,0.19,10051,1.256,472,0.059,31.02,93392.0,68.09,170000.0,none
2026-07-28T20:56:11,4592.96,S010_Anish_chickenreal1,house_A,spoil_free_pcb_v1,pcb_A,chamber_A,poultry,chicken,Unlabeled,1524,0.191,10053,1.257,472,0.059,31.02,93392.0,68.13,169400.0,none
2026-07-28T20:56:13,4594.96,S010_Anish_chickenreal1,house_A,spoil_free_pcb_v1,pcb_A,chamber_A,poultry,chicken,Unlabeled,1527,0.191,10055,1.257,472,0.059,31.02,93392.0,68.18,169400.0,none
2026-07-28T20:56:15,4596.98,S010_Anish_chickenreal1,house_A,spoil_free_pcb_v1,pcb_A,chamber_A,poultry,chicken,Unlabeled,1529,0.191,10061,1.258,472,0.059,31.02,93392.0,68.25,169500.0,none
2026-07-28T20:56:17,4598.96,S010_Anish_chickenreal1,house_A,spoil_free_pcb_v1,pcb_A,chamber_A,poultry,chicken,Unlabeled,1531,0.191,10060,1.258,472,0.059,31.02,93392.0,68.27,169900.0,none
2026-07-28T20:56:19,4600.98,S010_Anish_chickenreal1,house_A,spoil_free_pcb_v1,pcb_A,chamber_A,poultry,chicken,Unlabeled,1531,0.191,10063,1.258,472,0.059,31.02,93392.0,68.27,169000.0,none
2026-07-28T20:56:21,4602.97,S010_Anish_chickenreal1,house_A,spoil_free_pcb_v1,pcb_A,chamber_A,poultry,chicken,Unlabeled,1532,0.192,10063,1.258,471,0.059,31.02,93392.0,68.25,169000.0,none
2026-07-28T20:56:23,4604.97,S010_Anish_chickenreal1,house_A,spoil_free_pcb_v1,pcb_A,chamber_A,poultry,chicken,Unlabeled,1531,0.191,10063,1.258,472,0.059,31.02,93392.0,68.21,169700.0,none
2026-07-28T20:56:25,4606.97,S010_Anish_chickenreal1,house_A,spoil_free_pcb_v1,pcb_A,chamber_A,poultry,chicken,Unlabeled,1530,0.191,10066,1.258,472,0.059,31.02,93392.0,68.22,169500.0,none
2026-07-28T20:56:27,4608.97,S010_Anish_chickenreal1,house_A,spoil_free_pcb_v1,pcb_A,chamber_A,poultry,chicken,Unlabeled,1527,0.191,10066,1.258,472,0.059,31.02,93392.0,68.18,169900.0,none
2026-07-28T20:56:29,4610.96,S010_Anish_chickenreal1,house_A,spoil_free_pcb_v1,pcb_A,chamber_A,poultry,chicken,Unlabeled,1524,0.191,10069,1.259,472,0.059,31.02,93392.0,68.21,169400.0,none
2026-07-28T20:56:31,4612.97,S010_Anish_chickenreal1,house_A,spoil_free_pcb_v1,pcb_A,chamber_A,poultry,chicken,Unlabeled,1524,0.191,10073,1.259,473,0.059,31.02,93392.0,68.23,169000.0,none
2026-07-28T20:56:33,4614.97,S010_Anish_chickenreal1,house_A,spoil_free_pcb_v1,pcb_A,chamber_A,poultry,chicken,Unlabeled,1522,0.19,10076,1.26,472,0.059,31.02,93392.0,68.29,169000.0,none
2026-07-28T20:56:35,4616.97,S010_Anish_chickenreal1,house_A,spoil_free_pcb_v1,pcb_A,chamber_A,poultry,chicken,Unlabeled,1522,0.19,10076,1.26,472,0.059,31.02,93392.0,68.33,169400.0,none
2026-07-28T20:56:37,4618.97,S010_Anish_chickenreal1,house_A,spoil_free_pcb_v1,pcb_A,chamber_A,poultry,chicken,Unlabeled,1525,0.191,10077,1.26,472,0.059,31.02,93392.0,68.33,170200.0,none
2026-07-28T20:56:39,4620.97,S010_Anish_chickenreal1,house_A,spoil_free_pcb_v1,pcb_A,chamber_A,poultry,chicken,Unlabeled,1527,0.191,10079,1.26,472,0.059,31.02,93392.0,68.34,169500.0,none
2026-07-28T20:56:41,4622.97,S010_Anish_chickenreal1,house_A,spoil_free_pcb_v1,pcb_A,chamber_A,poultry,chicken,Unlabeled,1529,0.191,10081,1.26,471,0.059,31.02,93392.0,68.34,169400.0,none
2026-07-28T20:56:43,4624.97,S010_Anish_chickenreal1,house_A,spoil_free_pcb_v1,pcb_A,chamber_A,poultry,chicken,Unlabeled,1531,0.191,10081,1.26,472,0.059,31.02,93392.0,68.33,168400.0,none
2026-07-28T20:56:45,4626.97,S010_Anish_chickenreal1,house_A,spoil_free_pcb_v1,pcb_A,chamber_A,poultry,chicken,Unlabeled,1531,0.191,10080,1.26,472,0.059,31.02,93392.0,68.36,169500.0,none
2026-07-28T20:56:47,4628.97,S010_Anish_chickenreal1,house_A,spoil_free_pcb_v1,pcb_A,chamber_A,poultry,chicken,Unlabeled,1531,0.191,10081,1.26,472,0.059,31.02,93392.0,68.39,168400.0,none
2026-07-28T20:56:49,4630.97,S010_Anish_chickenreal1,house_A,spoil_free_pcb_v1,pcb_A,chamber_A,poultry,chicken,Unlabeled,1531,0.191,10081,1.26,472,0.059,31.02,93390.0,68.4,169200.0,none
2026-07-28T20:56:51,4632.97,S010_Anish_chickenreal1,house_A,spoil_free_pcb_v1,pcb_A,chamber_A,poultry,chicken,Unlabeled,1528,0.191,10085,1.261,472,0.059,31.02,93390.0,68.39,168700.0,none
2026-07-28T20:56:53,4634.97,S010_Anish_chickenreal1,house_A,spoil_free_pcb_v1,pcb_A,chamber_A,poultry,chicken,Unlabeled,1527,0.191,10086,1.261,472,0.059,31.02,93392.0,68.39,168400.0,none
2026-07-28T20:56:55,4636.97,S010_Anish_chickenreal1,house_A,spoil_free_pcb_v1,pcb_A,chamber_A,poultry,chicken,Unlabeled,1525,0.191,10088,1.261,473,0.059,31.02,93392.0,68.43,169200.0,none
2026-07-28T20:56:57,4638.97,S010_Anish_chickenreal1,house_A,spoil_free_pcb_v1,pcb_A,chamber_A,poultry,chicken,Unlabeled,1524,0.191,10091,1.261,472,0.059,31.02,93392.0,68.44,169200.0,none
2026-07-28T20:56:59,4640.97,S010_Anish_chickenreal1,house_A,spoil_free_pcb_v1,pcb_A,chamber_A,poultry,chicken,Unlabeled,1524,0.191,10092,1.262,472,0.059,31.02,93392.0,68.43,169000.0,none
2026-07-28T20:57:01,4642.97,S010_Anish_chickenreal1,house_A,spoil_free_pcb_v1,pcb_A,chamber_A,poultry,chicken,Unlabeled,1523,0.19,10093,1.262,467,0.058,31.02,93392.0,68.4,169400.0,none
2026-07-28T20:57:03,4644.96,S010_Anish_chickenreal1,house_A,spoil_free_pcb_v1,pcb_A,chamber_A,poultry,chicken,Unlabeled,1523,0.19,10095,1.262,464,0.058,31.02,93392.0,68.36,169400.0,none
2026-07-28T20:57:05,4646.98,S010_Anish_chickenreal1,house_A,spoil_free_pcb_v1,pcb_A,chamber_A,poultry,chicken,Unlabeled,1522,0.19,10094,1.262,465,0.058,31.02,93392.0,68.34,168500.0,none
2026-07-28T20:57:07,4648.97,S010_Anish_chickenreal1,house_A,spoil_free_pcb_v1,pcb_A,chamber_A,poultry,chicken,Unlabeled,1524,0.191,10097,1.262,465,0.058,31.02,93392.0,68.34,168900.0,none
2026-07-28T20:57:09,4650.98,S010_Anish_chickenreal1,house_A,spoil_free_pcb_v1,pcb_A,chamber_A,poultry,chicken,Unlabeled,1524,0.191,10098,1.262,465,0.058,31.02,93394.0,68.34,168900.0,none
2026-07-28T20:57:11,4652.96,S010_Anish_chickenreal1,house_A,spoil_free_pcb_v1,pcb_A,chamber_A,poultry,chicken,Unlabeled,1526,0.191,10100,1.263,465,0.058,31.02,93394.0,68.36,168900.0,none
2026-07-28T20:57:13,4654.97,S010_Anish_chickenreal1,house_A,spoil_free_pcb_v1,pcb_A,chamber_A,poultry,chicken,Unlabeled,1528,0.191,10103,1.263,464,0.058,31.02,93394.0,68.37,168700.0,none
2026-07-28T20:57:15,4656.97,S010_Anish_chickenreal1,house_A,spoil_free_pcb_v1,pcb_A,chamber_A,poultry,chicken,Unlabeled,1529,0.191,10107,1.263,465,0.058,31.02,93392.0,68.37,169400.0,none
2026-07-28T20:57:17,4658.97,S010_Anish_chickenreal1,house_A,spoil_free_pcb_v1,pcb_A,chamber_A,poultry,chicken,Unlabeled,1530,0.191,10107,1.263,464,0.058,31.02,93392.0,68.39,168500.0,none
2026-07-28T20:57:19,4660.97,S010_Anish_chickenreal1,house_A,spoil_free_pcb_v1,pcb_A,chamber_A,poultry,chicken,Unlabeled,1531,0.191,10108,1.264,466,0.058,31.02,93392.0,68.41,168500.0,none
2026-07-28T20:57:21,4662.97,S010_Anish_chickenreal1,house_A,spoil_free_pcb_v1,pcb_A,chamber_A,poultry,chicken,Unlabeled,1531,0.191,10108,1.264,465,0.058,31.03,93392.0,68.41,168900.0,none
2026-07-28T20:57:23,4664.97,S010_Anish_chickenreal1,house_A,spoil_free_pcb_v1,pcb_A,chamber_A,poultry,chicken,Unlabeled,1532,0.192,10109,1.264,465,0.058,31.03,93392.0,68.4,168700.0,none
2026-07-28T20:57:25,4666.97,S010_Anish_chickenreal1,house_A,spoil_free_pcb_v1,pcb_A,chamber_A,poultry,chicken,Unlabeled,1530,0.191,10108,1.264,466,0.058,31.03,93392.0,68.41,168500.0,none
2026-07-28T20:57:27,4668.96,S010_Anish_chickenreal1,house_A,spoil_free_pcb_v1,pcb_A,chamber_A,poultry,chicken,Unlabeled,1532,0.192,10108,1.264,464,0.058,31.03,93392.0,68.45,168700.0,none
2026-07-28T20:57:29,4670.97,S010_Anish_chickenreal1,house_A,spoil_free_pcb_v1,pcb_A,chamber_A,poultry,chicken,Unlabeled,1530,0.191,10107,1.263,464,0.058,31.03,93390.0,68.45,168000.0,none
2026-07-28T20:57:31,4672.98,S010_Anish_chickenreal1,house_A,spoil_free_pcb_v1,pcb_A,chamber_A,poultry,chicken,Unlabeled,1530,0.191,10110,1.264,458,0.057,31.03,93390.0,68.41,170400.0,none
2026-07-28T20:57:33,4674.97,S010_Anish_chickenreal1,house_A,spoil_free_pcb_v1,pcb_A,chamber_A,poultry,chicken,Unlabeled,1529,0.191,10110,1.264,459,0.057,31.03,93390.0,68.35,168000.0,none
2026-07-28T20:57:35,4676.98,S010_Anish_chickenreal1,house_A,spoil_free_pcb_v1,pcb_A,chamber_A,poultry,chicken,Unlabeled,1526,0.191,10111,1.264,458,0.057,31.03,93390.0,68.31,169400.0,none
2026-07-28T20:57:37,4678.97,S010_Anish_chickenreal1,house_A,spoil_free_pcb_v1,pcb_A,chamber_A,poultry,chicken,Unlabeled,1525,0.191,10109,1.264,457,0.057,31.03,93390.0,68.31,168700.0,none
2026-07-28T20:57:39,4680.97,S010_Anish_chickenreal1,house_A,spoil_free_pcb_v1,pcb_A,chamber_A,poultry,chicken,Unlabeled,1524,0.191,10113,1.264,458,0.057,31.03,93390.0,68.27,168000.0,none
2026-07-28T20:57:41,4682.97,S010_Anish_chickenreal1,house_A,spoil_free_pcb_v1,pcb_A,chamber_A,poultry,chicken,Unlabeled,1523,0.19,10117,1.265,459,0.057,31.03,93388.0,68.26,168500.0,none
