timestamp_iso,elapsed_s,session_id,site_id,pcb_design_id,device_id,container_id,food_category,food_name,phase,adc_NH3,v_NH3,adc_CH4,v_CH4,adc_H2S,v_H2S,temp_C,pressure_Pa,humidity_pct,bme_gas_ohms,image_filename
2026-07-28T18:38:22,0.01,S008_Anish,house_A,spoil_free_pcb_v1,pcb_A,chamber_A,poultry,chicken,Warmup,1528,0.191,7557,0.945,455,0.057,29.17,93215.0,70.06,8200.0,none
2026-07-28T18:38:24,1.05,S008_Anish,house_A,spoil_free_pcb_v1,pcb_A,chamber_A,poultry,chicken,Warmup,1520,0.19,7559,0.945,454,0.057,29.25,93217.0,69.88,9500.0,none
2026-07-28T18:38:26,3.04,S008_Anish,house_A,spoil_free_pcb_v1,pcb_A,chamber_A,poultry,chicken,Warmup,1512,0.189,7559,0.945,455,0.057,29.31,93215.0,69.71,10800.0,none
2026-07-28T18:38:28,5.05,S008_Anish,house_A,spoil_free_pcb_v1,pcb_A,chamber_A,poultry,chicken,Warmup,1507,0.188,7559,0.945,454,0.057,29.37,93215.0,69.56,12600.0,none
2026-07-28T18:38:30,7.05,S008_Anish,house_A,spoil_free_pcb_v1,pcb_A,chamber_A,poultry,chicken,Warmup,1504,0.188,7557,0.945,453,0.057,29.41,93217.0,69.44,14300.0,none
2026-07-28T18:38:32,9.04,S008_Anish,house_A,spoil_free_pcb_v1,pcb_A,chamber_A,poultry,chicken,Warmup,1504,0.188,7558,0.945,454,0.057,29.45,93217.0,69.29,16000.0,none
2026-07-28T18:38:34,11.13,S008_Anish,house_A,spoil_free_pcb_v1,pcb_A,chamber_A,poultry,chicken,Warmup,1507,0.188,7558,0.945,454,0.057,29.48,93215.0,69.17,17700.0,none
2026-07-28T18:38:36,13.04,S008_Anish,house_A,spoil_free_pcb_v1,pcb_A,chamber_A,poultry,chicken,Warmup,1510,0.189,7560,0.945,453,0.057,29.5,93217.0,69.06,19400.0,none
2026-07-28T18:38:38,15.04,S008_Anish,house_A,spoil_free_pcb_v1,pcb_A,chamber_A,poultry,chicken,Warmup,1522,0.19,7558,0.945,453,0.057,29.53,93217.0,68.98,21300.0,none
2026-07-28T18:38:40,17.05,S008_Anish,house_A,spoil_free_pcb_v1,pcb_A,chamber_A,poultry,chicken,Warmup,1520,0.19,7558,0.945,454,0.057,29.55,93219.0,68.91,23600.0,none
2026-07-28T18:38:42,19.04,S008_Anish,house_A,spoil_free_pcb_v1,pcb_A,chamber_A,poultry,chicken,Warmup,1508,0.189,7556,0.945,454,0.057,29.56,93219.0,68.82,25400.0,none
2026-07-28T18:38:44,21.04,S008_Anish,house_A,spoil_free_pcb_v1,pcb_A,chamber_A,poultry,chicken,Warmup,1490,0.186,7553,0.944,453,0.057,29.58,93217.0,68.75,27200.0,none
2026-07-28T18:38:46,23.04,S008_Anish,house_A,spoil_free_pcb_v1,pcb_A,chamber_A,poultry,chicken,Warmup,1480,0.185,7547,0.943,453,0.057,29.59,93217.0,68.68,29000.0,none
2026-07-28T18:38:48,25.05,S008_Anish,house_A,spoil_free_pcb_v1,pcb_A,chamber_A,poultry,chicken,Warmup,1477,0.185,7545,0.943,452,0.057,29.6,93219.0,68.61,30800.0,img_000001_20260728_183847.jpg
2026-07-28T18:38:50,27.67,S008_Anish,house_A,spoil_free_pcb_v1,pcb_A,chamber_A,poultry,chicken,Warmup,1486,0.186,7541,0.943,453,0.057,29.61,93217.0,68.52,32600.0,none
2026-07-28T18:38:52,29.03,S008_Anish,house_A,spoil_free_pcb_v1,pcb_A,chamber_A,poultry,chicken,Warmup,1501,0.188,7538,0.942,452,0.057,29.62,93219.0,68.47,34300.0,none
2026-07-28T18:38:54,31.04,S008_Anish,house_A,spoil_free_pcb_v1,pcb_A,chamber_A,poultry,chicken,Warmup,1504,0.188,7533,0.942,452,0.057,29.63,93217.0,68.43,36200.0,none
2026-07-28T18:38:56,33.03,S008_Anish,house_A,spoil_free_pcb_v1,pcb_A,chamber_A,poultry,chicken,Warmup,1498,0.187,7529,0.941,452,0.057,29.64,93219.0,68.39,37900.0,none
2026-07-28T18:38:58,35.05,S008_Anish,house_A,spoil_free_pcb_v1,pcb_A,chamber_A,poultry,chicken,Warmup,1479,0.185,7526,0.941,452,0.057,29.65,93217.0,68.34,39600.0,none
2026-07-28T18:39:00,37.05,S008_Anish,house_A,spoil_free_pcb_v1,pcb_A,chamber_A,poultry,chicken,Warmup,1468,0.184,7524,0.941,451,0.056,29.66,93215.0,68.29,41100.0,none
2026-07-28T18:39:02,39.03,S008_Anish,house_A,spoil_free_pcb_v1,pcb_A,chamber_A,poultry,chicken,Warmup,1462,0.183,7522,0.94,451,0.056,29.67,93217.0,68.26,42800.0,none
2026-07-28T18:39:04,41.03,S008_Anish,house_A,spoil_free_pcb_v1,pcb_A,chamber_A,poultry,chicken,Warmup,1476,0.185,7519,0.94,451,0.056,29.68,93217.0,68.22,44300.0,none
2026-07-28T18:39:06,43.03,S008_Anish,house_A,spoil_free_pcb_v1,pcb_A,chamber_A,poultry,chicken,Warmup,1487,0.186,7518,0.94,451,0.056,29.68,93217.0,68.17,45900.0,none
2026-07-28T18:39:08,45.04,S008_Anish,house_A,spoil_free_pcb_v1,pcb_A,chamber_A,poultry,chicken,Warmup,1492,0.187,7514,0.939,451,0.056,29.69,93217.0,68.11,48200.0,none
2026-07-28T18:39:10,47.03,S008_Anish,house_A,spoil_free_pcb_v1,pcb_A,chamber_A,poultry,chicken,Warmup,1486,0.186,7509,0.939,451,0.056,29.7,93215.0,68.04,49800.0,none
2026-07-28T18:39:12,49.04,S008_Anish,house_A,spoil_free_pcb_v1,pcb_A,chamber_A,poultry,chicken,Warmup,1471,0.184,7511,0.939,450,0.056,29.7,93217.0,68.02,51400.0,none
2026-07-28T18:39:14,51.03,S008_Anish,house_A,spoil_free_pcb_v1,pcb_A,chamber_A,poultry,chicken,Warmup,1456,0.182,7507,0.938,450,0.056,29.71,93217.0,67.96,52800.0,none
2026-07-28T18:39:16,53.05,S008_Anish,house_A,spoil_free_pcb_v1,pcb_A,chamber_A,poultry,chicken,Warmup,1450,0.181,7507,0.938,450,0.056,29.72,93215.0,67.91,54200.0,none
2026-07-28T18:39:18,55.05,S008_Anish,house_A,spoil_free_pcb_v1,pcb_A,chamber_A,poultry,chicken,Warmup,1450,0.181,7503,0.938,450,0.056,29.73,93219.0,67.87,55700.0,none
2026-07-28T18:39:20,57.04,S008_Anish,house_A,spoil_free_pcb_v1,pcb_A,chamber_A,poultry,chicken,Warmup,1462,0.183,7500,0.938,450,0.056,29.73,93219.0,67.84,57200.0,none
2026-07-28T18:39:22,59.04,S008_Anish,house_A,spoil_free_pcb_v1,pcb_A,chamber_A,poultry,chicken,Warmup,1464,0.183,7501,0.938,450,0.056,29.74,93217.0,67.79,58500.0,none
2026-07-28T18:39:24,61.05,S008_Anish,house_A,spoil_free_pcb_v1,pcb_A,chamber_A,poultry,chicken,Warmup,1465,0.183,7497,0.937,449,0.056,29.75,93219.0,67.76,59900.0,none
2026-07-28T18:39:26,63.05,S008_Anish,house_A,spoil_free_pcb_v1,pcb_A,chamber_A,poultry,chicken,Warmup,1463,0.183,7497,0.937,449,0.056,29.75,93219.0,67.72,61200.0,none
2026-07-28T18:39:28,65.04,S008_Anish,house_A,spoil_free_pcb_v1,pcb_A,chamber_A,poultry,chicken,Warmup,1459,0.182,7497,0.937,449,0.056,29.76,93217.0,67.7,62500.0,none
2026-07-28T18:39:30,67.04,S008_Anish,house_A,spoil_free_pcb_v1,pcb_A,chamber_A,poultry,chicken,Warmup,1452,0.182,7495,0.937,449,0.056,29.76,93219.0,67.68,63500.0,none
2026-07-28T18:39:32,69.04,S008_Anish,house_A,spoil_free_pcb_v1,pcb_A,chamber_A,poultry,chicken,Warmup,1448,0.181,7494,0.937,449,0.056,29.77,93217.0,67.62,64800.0,none
2026-07-28T18:39:34,71.04,S008_Anish,house_A,spoil_free_pcb_v1,pcb_A,chamber_A,poultry,chicken,Warmup,1446,0.181,7493,0.937,449,0.056,29.78,93217.0,67.59,65800.0,none
2026-07-28T18:39:36,73.05,S008_Anish,house_A,spoil_free_pcb_v1,pcb_A,chamber_A,poultry,chicken,Warmup,1448,0.181,7492,0.937,449,0.056,29.78,93219.0,67.56,67300.0,none
2026-07-28T18:39:38,75.05,S008_Anish,house_A,spoil_free_pcb_v1,pcb_A,chamber_A,poultry,chicken,Warmup,1450,0.181,7492,0.937,448,0.056,29.79,93217.0,67.5,68300.0,none
2026-07-28T18:39:40,77.04,S008_Anish,house_A,spoil_free_pcb_v1,pcb_A,chamber_A,poultry,chicken,Warmup,1451,0.181,7492,0.937,448,0.056,29.8,93217.0,67.49,69200.0,none
2026-07-28T18:39:42,79.04,S008_Anish,house_A,spoil_free_pcb_v1,pcb_A,chamber_A,poultry,chicken,Warmup,1454,0.182,7488,0.936,448,0.056,29.8,93219.0,67.43,70600.0,none
2026-07-28T18:39:44,81.05,S008_Anish,house_A,spoil_free_pcb_v1,pcb_A,chamber_A,poultry,chicken,Warmup,1454,0.182,7488,0.936,447,0.056,29.8,93217.0,67.39,71800.0,none
2026-07-28T18:39:46,83.03,S008_Anish,house_A,spoil_free_pcb_v1,pcb_A,chamber_A,poultry,chicken,Warmup,1450,0.181,7485,0.936,448,0.056,29.81,93217.0,67.35,72400.0,none
2026-07-28T18:39:48,85.04,S008_Anish,house_A,spoil_free_pcb_v1,pcb_A,chamber_A,poultry,chicken,Warmup,1442,0.18,7486,0.936,448,0.056,29.81,93215.0,67.32,73800.0,none
2026-07-28T18:39:50,87.04,S008_Anish,house_A,spoil_free_pcb_v1,pcb_A,chamber_A,poultry,chicken,Warmup,1438,0.18,7485,0.936,448,0.056,29.82,93215.0,67.3,75000.0,none
2026-07-28T18:39:52,89.04,S008_Anish,house_A,spoil_free_pcb_v1,pcb_A,chamber_A,poultry,chicken,Warmup,1434,0.179,7483,0.935,447,0.056,29.82,93217.0,67.27,75800.0,none
2026-07-28T18:39:54,91.03,S008_Anish,house_A,spoil_free_pcb_v1,pcb_A,chamber_A,poultry,chicken,Warmup,1431,0.179,7482,0.935,448,0.056,29.83,93215.0,67.27,76900.0,none
2026-07-28T18:39:56,93.04,S008_Anish,house_A,spoil_free_pcb_v1,pcb_A,chamber_A,poultry,chicken,Warmup,1428,0.179,7479,0.935,447,0.056,29.83,93213.0,67.23,77900.0,none
2026-07-28T18:39:58,95.04,S008_Anish,house_A,spoil_free_pcb_v1,pcb_A,chamber_A,poultry,chicken,Warmup,1427,0.178,7479,0.935,448,0.056,29.84,93213.0,67.21,78800.0,none
2026-07-28T18:40:00,97.04,S008_Anish,house_A,spoil_free_pcb_v1,pcb_A,chamber_A,poultry,chicken,Warmup,1427,0.178,7477,0.935,447,0.056,29.84,93215.0,67.18,79700.0,none
2026-07-28T18:40:02,99.05,S008_Anish,house_A,spoil_free_pcb_v1,pcb_A,chamber_A,poultry,chicken,Warmup,1429,0.179,7476,0.935,447,0.056,29.85,93215.0,67.18,80800.0,none
2026-07-28T18:40:04,101.04,S008_Anish,house_A,spoil_free_pcb_v1,pcb_A,chamber_A,poultry,chicken,Warmup,1432,0.179,7475,0.934,446,0.056,29.86,93213.0,67.16,81500.0,none
2026-07-28T18:40:06,103.04,S008_Anish,house_A,spoil_free_pcb_v1,pcb_A,chamber_A,poultry,chicken,Warmup,1435,0.179,7473,0.934,447,0.056,29.86,93213.0,67.13,83000.0,none
2026-07-28T18:40:08,105.04,S008_Anish,house_A,spoil_free_pcb_v1,pcb_A,chamber_A,poultry,chicken,Warmup,1437,0.18,7472,0.934,447,0.056,29.86,93215.0,67.1,83400.0,none
2026-07-28T18:40:10,107.03,S008_Anish,house_A,spoil_free_pcb_v1,pcb_A,chamber_A,poultry,chicken,Warmup,1438,0.18,7471,0.934,447,0.056,29.87,93213.0,67.07,84600.0,none
2026-07-28T18:40:12,109.04,S008_Anish,house_A,spoil_free_pcb_v1,pcb_A,chamber_A,poultry,chicken,Warmup,1435,0.179,7469,0.934,446,0.056,29.87,93213.0,67.03,85500.0,none
2026-07-28T18:40:14,111.04,S008_Anish,house_A,spoil_free_pcb_v1,pcb_A,chamber_A,poultry,chicken,Warmup,1434,0.179,7469,0.934,446,0.056,29.88,93211.0,67.01,86100.0,none
2026-07-28T18:40:16,113.04,S008_Anish,house_A,spoil_free_pcb_v1,pcb_A,chamber_A,poultry,chicken,Warmup,1488,0.186,7471,0.934,448,0.056,29.88,93213.0,67.01,87100.0,none
2026-07-28T18:40:18,115.03,S008_Anish,house_A,spoil_free_pcb_v1,pcb_A,chamber_A,poultry,chicken,Warmup,1428,0.179,7468,0.934,446,0.056,29.89,93213.0,66.98,87900.0,none
2026-07-28T18:40:20,117.05,S008_Anish,house_A,spoil_free_pcb_v1,pcb_A,chamber_A,poultry,chicken,Warmup,1419,0.177,7469,0.934,446,0.056,29.89,93213.0,66.96,88900.0,none
2026-07-28T18:40:22,119.03,S008_Anish,house_A,spoil_free_pcb_v1,pcb_A,chamber_A,poultry,chicken,Warmup,1413,0.177,7468,0.934,445,0.056,29.9,93211.0,66.95,89700.0,none
2026-07-28T18:40:24,121.04,S008_Anish,house_A,spoil_free_pcb_v1,pcb_A,chamber_A,poultry,chicken,Warmup,1405,0.176,7470,0.934,446,0.056,29.9,93215.0,66.92,91100.0,none
2026-07-28T18:40:26,123.04,S008_Anish,house_A,spoil_free_pcb_v1,pcb_A,chamber_A,poultry,chicken,Warmup,1407,0.176,7471,0.934,446,0.056,29.91,93215.0,66.9,91300.0,none
2026-07-28T18:40:28,125.03,S008_Anish,house_A,spoil_free_pcb_v1,pcb_A,chamber_A,poultry,chicken,Warmup,1408,0.176,7472,0.934,446,0.056,29.92,93213.0,66.91,92100.0,none
2026-07-28T18:40:30,127.05,S008_Anish,house_A,spoil_free_pcb_v1,pcb_A,chamber_A,poultry,chicken,Warmup,1408,0.176,7472,0.934,447,0.056,29.92,93213.0,66.87,94100.0,none
2026-07-28T18:40:32,129.04,S008_Anish,house_A,spoil_free_pcb_v1,pcb_A,chamber_A,poultry,chicken,Warmup,1414,0.177,7474,0.934,447,0.056,29.93,93215.0,66.85,94700.0,none
2026-07-28T18:40:34,131.04,S008_Anish,house_A,spoil_free_pcb_v1,pcb_A,chamber_A,poultry,chicken,Warmup,1420,0.178,7473,0.934,447,0.056,29.93,93213.0,66.82,95700.0,none
2026-07-28T18:40:36,133.04,S008_Anish,house_A,spoil_free_pcb_v1,pcb_A,chamber_A,poultry,chicken,Warmup,1426,0.178,7473,0.934,447,0.056,29.94,93213.0,66.83,96400.0,none
2026-07-28T18:40:38,135.04,S008_Anish,house_A,spoil_free_pcb_v1,pcb_A,chamber_A,poultry,chicken,Warmup,1424,0.178,7474,0.934,446,0.056,29.94,93215.0,66.8,97200.0,none
2026-07-28T18:40:40,137.04,S008_Anish,house_A,spoil_free_pcb_v1,pcb_A,chamber_A,poultry,chicken,Warmup,1452,0.182,7473,0.934,447,0.056,29.95,93215.0,66.81,97800.0,none
2026-07-28T18:40:42,139.04,S008_Anish,house_A,spoil_free_pcb_v1,pcb_A,chamber_A,poultry,chicken,Warmup,1432,0.179,7475,0.934,445,0.056,29.96,93213.0,66.82,98300.0,none
2026-07-28T18:40:44,141.04,S008_Anish,house_A,spoil_free_pcb_v1,pcb_A,chamber_A,poultry,chicken,Warmup,1401,0.175,7476,0.935,446,0.056,29.96,93215.0,66.79,99400.0,none
2026-07-28T18:40:46,143.05,S008_Anish,house_A,spoil_free_pcb_v1,pcb_A,chamber_A,poultry,chicken,Warmup,1383,0.173,7476,0.935,445,0.056,29.97,93215.0,66.78,100300.0,none
2026-07-28T18:40:48,145.04,S008_Anish,house_A,spoil_free_pcb_v1,pcb_A,chamber_A,poultry,chicken,Warmup,1372,0.172,7476,0.935,446,0.056,29.97,93213.0,66.77,100800.0,none
2026-07-28T18:40:50,147.04,S008_Anish,house_A,spoil_free_pcb_v1,pcb_A,chamber_A,poultry,chicken,Warmup,1367,0.171,7474,0.934,446,0.056,29.98,93213.0,66.76,101500.0,none
2026-07-28T18:40:52,149.03,S008_Anish,house_A,spoil_free_pcb_v1,pcb_A,chamber_A,poultry,chicken,Warmup,1400,0.175,7474,0.934,445,0.056,29.99,93215.0,66.74,102300.0,none
2026-07-28T18:40:54,151.04,S008_Anish,house_A,spoil_free_pcb_v1,pcb_A,chamber_A,poultry,chicken,Warmup,1411,0.176,7475,0.934,446,0.056,29.99,93213.0,66.72,102800.0,none
2026-07-28T18:40:56,153.04,S008_Anish,house_A,spoil_free_pcb_v1,pcb_A,chamber_A,poultry,chicken,Warmup,1417,0.177,7475,0.934,445,0.056,30.0,93213.0,66.71,103600.0,none
2026-07-28T18:40:58,155.04,S008_Anish,house_A,spoil_free_pcb_v1,pcb_A,chamber_A,poultry,chicken,Warmup,1440,0.18,7475,0.934,445,0.056,30.0,93215.0,66.69,104200.0,none
2026-07-28T18:41:00,157.04,S008_Anish,house_A,spoil_free_pcb_v1,pcb_A,chamber_A,poultry,chicken,Warmup,1451,0.181,7476,0.935,445,0.056,30.01,93215.0,66.69,104800.0,none
2026-07-28T18:41:02,159.04,S008_Anish,house_A,spoil_free_pcb_v1,pcb_A,chamber_A,poultry,chicken,Warmup,1440,0.18,7475,0.934,445,0.056,30.01,93215.0,66.65,105600.0,none
2026-07-28T18:41:04,161.04,S008_Anish,house_A,spoil_free_pcb_v1,pcb_A,chamber_A,poultry,chicken,Warmup,1417,0.177,7474,0.934,444,0.056,30.02,93213.0,66.62,106200.0,none
2026-07-28T18:41:06,163.04,S008_Anish,house_A,spoil_free_pcb_v1,pcb_A,chamber_A,poultry,chicken,Warmup,1401,0.175,7475,0.934,445,0.056,30.02,93215.0,66.6,106700.0,none
2026-07-28T18:41:08,165.04,S008_Anish,house_A,spoil_free_pcb_v1,pcb_A,chamber_A,poultry,chicken,Warmup,1373,0.172,7475,0.934,444,0.056,30.03,93215.0,66.57,107500.0,none
2026-07-28T18:41:10,167.04,S008_Anish,house_A,spoil_free_pcb_v1,pcb_A,chamber_A,poultry,chicken,Warmup,1365,0.171,7474,0.934,445,0.056,30.03,93215.0,66.55,108300.0,none
2026-07-28T18:41:12,169.04,S008_Anish,house_A,spoil_free_pcb_v1,pcb_A,chamber_A,poultry,chicken,Warmup,1368,0.171,7473,0.934,444,0.056,30.04,93213.0,66.52,108800.0,none
2026-07-28T18:41:14,171.04,S008_Anish,house_A,spoil_free_pcb_v1,pcb_A,chamber_A,poultry,chicken,Warmup,1379,0.172,7473,0.934,444,0.056,30.05,93215.0,66.54,109700.0,none
2026-07-28T18:41:16,173.04,S008_Anish,house_A,spoil_free_pcb_v1,pcb_A,chamber_A,poultry,chicken,Warmup,1388,0.174,7475,0.934,444,0.056,30.05,93215.0,66.49,110000.0,none
2026-07-28T18:41:18,175.05,S008_Anish,house_A,spoil_free_pcb_v1,pcb_A,chamber_A,poultry,chicken,Warmup,1400,0.175,7474,0.934,444,0.056,30.05,93213.0,66.48,110700.0,none
2026-07-28T18:41:20,177.04,S008_Anish,house_A,spoil_free_pcb_v1,pcb_A,chamber_A,poultry,chicken,Warmup,1409,0.176,7472,0.934,444,0.056,30.06,93213.0,66.45,111800.0,none
2026-07-28T18:41:22,179.04,S008_Anish,house_A,spoil_free_pcb_v1,pcb_A,chamber_A,poultry,chicken,Warmup,1413,0.177,7471,0.934,443,0.055,30.06,93215.0,66.46,112500.0,none
2026-07-28T18:41:24,181.04,S008_Anish,house_A,spoil_free_pcb_v1,pcb_A,chamber_A,poultry,chicken,Warmup,1418,0.177,7471,0.934,444,0.056,30.07,93215.0,66.43,112200.0,none
2026-07-28T18:41:26,183.04,S008_Anish,house_A,spoil_free_pcb_v1,pcb_A,chamber_A,poultry,chicken,Warmup,1413,0.177,7472,0.934,443,0.055,30.07,93215.0,66.41,113600.0,none
2026-07-28T18:41:28,185.03,S008_Anish,house_A,spoil_free_pcb_v1,pcb_A,chamber_A,poultry,chicken,Warmup,1396,0.175,7471,0.934,444,0.056,30.08,93213.0,66.39,113500.0,none
2026-07-28T18:41:30,187.04,S008_Anish,house_A,spoil_free_pcb_v1,pcb_A,chamber_A,poultry,chicken,Warmup,1380,0.173,7472,0.934,445,0.056,30.08,93219.0,66.38,114200.0,none
2026-07-28T18:41:32,189.04,S008_Anish,house_A,spoil_free_pcb_v1,pcb_A,chamber_A,poultry,chicken,Warmup,1384,0.173,7471,0.934,443,0.055,30.09,93217.0,66.36,114700.0,none
2026-07-28T18:41:34,191.04,S008_Anish,house_A,spoil_free_pcb_v1,pcb_A,chamber_A,poultry,chicken,Warmup,1372,0.172,7472,0.934,443,0.055,30.09,93217.0,66.35,115600.0,none
2026-07-28T18:41:36,193.04,S008_Anish,house_A,spoil_free_pcb_v1,pcb_A,chamber_A,poultry,chicken,Warmup,1335,0.167,7471,0.934,444,0.056,30.1,93217.0,66.34,116100.0,none
2026-07-28T18:41:38,195.03,S008_Anish,house_A,spoil_free_pcb_v1,pcb_A,chamber_A,poultry,chicken,Warmup,1445,0.181,7472,0.934,443,0.055,30.1,93217.0,66.35,117000.0,none
2026-07-28T18:41:40,197.03,S008_Anish,house_A,spoil_free_pcb_v1,pcb_A,chamber_A,poultry,chicken,Warmup,1488,0.186,7473,0.934,443,0.055,30.11,93219.0,66.34,118100.0,none
2026-07-28T18:41:42,199.04,S008_Anish,house_A,spoil_free_pcb_v1,pcb_A,chamber_A,poultry,chicken,Warmup,1434,0.179,7472,0.934,443,0.055,30.11,93217.0,66.33,117500.0,none
2026-07-28T18:41:44,201.04,S008_Anish,house_A,spoil_free_pcb_v1,pcb_A,chamber_A,poultry,chicken,Warmup,1472,0.184,7473,0.934,442,0.055,30.12,93217.0,66.34,117900.0,none
2026-07-28T18:41:46,203.03,S008_Anish,house_A,spoil_free_pcb_v1,pcb_A,chamber_A,poultry,chicken,Warmup,1370,0.171,7473,0.934,441,0.055,30.12,93217.0,66.31,118400.0,none
2026-07-28T18:41:48,205.03,S008_Anish,house_A,spoil_free_pcb_v1,pcb_A,chamber_A,poultry,chicken,Warmup,1294,0.162,7475,0.934,442,0.055,30.12,93219.0,66.28,119400.0,none
2026-07-28T18:41:50,207.03,S008_Anish,house_A,spoil_free_pcb_v1,pcb_A,chamber_A,poultry,chicken,Warmup,1273,0.159,7476,0.935,442,0.055,30.13,93219.0,66.25,119700.0,none
2026-07-28T18:41:52,209.03,S008_Anish,house_A,spoil_free_pcb_v1,pcb_A,chamber_A,poultry,chicken,Warmup,1260,0.158,7475,0.934,442,0.055,30.13,93219.0,66.24,121000.0,none
2026-07-28T18:41:54,211.04,S008_Anish,house_A,spoil_free_pcb_v1,pcb_A,chamber_A,poultry,chicken,Warmup,1324,0.166,7475,0.934,443,0.055,30.14,93217.0,66.22,120800.0,none
2026-07-28T18:41:56,213.03,S008_Anish,house_A,spoil_free_pcb_v1,pcb_A,chamber_A,poultry,chicken,Warmup,1417,0.177,7476,0.935,442,0.055,30.14,93217.0,66.22,121200.0,none
2026-07-28T18:41:58,215.04,S008_Anish,house_A,spoil_free_pcb_v1,pcb_A,chamber_A,poultry,chicken,Warmup,1468,0.184,7473,0.934,442,0.055,30.14,93219.0,66.19,122400.0,none
2026-07-28T18:42:00,217.04,S008_Anish,house_A,spoil_free_pcb_v1,pcb_A,chamber_A,poultry,chicken,Warmup,1489,0.186,7476,0.935,441,0.055,30.15,93219.0,66.21,122500.0,none
2026-07-28T18:42:02,219.04,S008_Anish,house_A,spoil_free_pcb_v1,pcb_A,chamber_A,poultry,chicken,Warmup,1498,0.187,7474,0.934,443,0.055,30.15,93219.0,66.19,123600.0,none
2026-07-28T18:42:04,221.04,S008_Anish,house_A,spoil_free_pcb_v1,pcb_A,chamber_A,poultry,chicken,Warmup,1499,0.187,7474,0.934,442,0.055,30.16,93217.0,66.17,123400.0,none
2026-07-28T18:42:06,223.03,S008_Anish,house_A,spoil_free_pcb_v1,pcb_A,chamber_A,poultry,chicken,Warmup,1405,0.176,7477,0.935,442,0.055,30.16,93217.0,66.17,124300.0,none
2026-07-28T18:42:08,225.04,S008_Anish,house_A,spoil_free_pcb_v1,pcb_A,chamber_A,poultry,chicken,Warmup,1384,0.173,7475,0.934,442,0.055,30.16,93219.0,66.15,124000.0,none
2026-07-28T18:42:10,227.04,S008_Anish,house_A,spoil_free_pcb_v1,pcb_A,chamber_A,poultry,chicken,Warmup,1362,0.17,7477,0.935,441,0.055,30.17,93219.0,66.15,125000.0,none
2026-07-28T18:42:12,229.04,S008_Anish,house_A,spoil_free_pcb_v1,pcb_A,chamber_A,poultry,chicken,Warmup,1350,0.169,7476,0.935,441,0.055,30.17,93219.0,66.12,127100.0,none
2026-07-28T18:42:14,231.03,S008_Anish,house_A,spoil_free_pcb_v1,pcb_A,chamber_A,poultry,chicken,Warmup,1344,0.168,7476,0.935,441,0.055,30.18,93219.0,66.12,125800.0,none
2026-07-28T18:42:16,233.04,S008_Anish,house_A,spoil_free_pcb_v1,pcb_A,chamber_A,poultry,chicken,Warmup,1337,0.167,7475,0.934,441,0.055,30.18,93217.0,66.1,126700.0,none
2026-07-28T18:42:18,235.03,S008_Anish,house_A,spoil_free_pcb_v1,pcb_A,chamber_A,poultry,chicken,Warmup,1333,0.167,7477,0.935,441,0.055,30.18,93219.0,66.09,128300.0,none
2026-07-28T18:42:20,237.03,S008_Anish,house_A,spoil_free_pcb_v1,pcb_A,chamber_A,poultry,chicken,Warmup,1334,0.167,7476,0.935,441,0.055,30.19,93219.0,66.08,127900.0,none
2026-07-28T18:42:22,239.03,S008_Anish,house_A,spoil_free_pcb_v1,pcb_A,chamber_A,poultry,chicken,Warmup,1345,0.168,7475,0.934,440,0.055,30.19,93219.0,66.07,129200.0,none
2026-07-28T18:42:24,241.04,S008_Anish,house_A,spoil_free_pcb_v1,pcb_A,chamber_A,poultry,chicken,Warmup,1346,0.168,7477,0.935,441,0.055,30.2,93219.0,66.04,128000.0,none
2026-07-28T18:42:26,243.04,S008_Anish,house_A,spoil_free_pcb_v1,pcb_A,chamber_A,poultry,chicken,Warmup,1371,0.171,7477,0.935,441,0.055,30.2,93219.0,66.04,129000.0,none
2026-07-28T18:42:28,245.04,S008_Anish,house_A,spoil_free_pcb_v1,pcb_A,chamber_A,poultry,chicken,Warmup,1380,0.173,7478,0.935,442,0.055,30.21,93221.0,66.01,129500.0,none
2026-07-28T18:42:30,247.03,S008_Anish,house_A,spoil_free_pcb_v1,pcb_A,chamber_A,poultry,chicken,Warmup,1390,0.174,7477,0.935,441,0.055,30.21,93219.0,66.01,131500.0,none
2026-07-28T18:42:32,249.04,S008_Anish,house_A,spoil_free_pcb_v1,pcb_A,chamber_A,poultry,chicken,Warmup,1402,0.175,7477,0.935,441,0.055,30.21,93219.0,66.0,129800.0,none
2026-07-28T18:42:34,251.04,S008_Anish,house_A,spoil_free_pcb_v1,pcb_A,chamber_A,poultry,chicken,Warmup,1462,0.183,7478,0.935,441,0.055,30.22,93219.0,65.98,130100.0,none
2026-07-28T18:42:36,253.03,S008_Anish,house_A,spoil_free_pcb_v1,pcb_A,chamber_A,poultry,chicken,Warmup,1387,0.173,7476,0.935,441,0.055,30.22,93219.0,65.97,132600.0,none
2026-07-28T18:42:38,255.03,S008_Anish,house_A,spoil_free_pcb_v1,pcb_A,chamber_A,poultry,chicken,Warmup,1388,0.174,7477,0.935,440,0.055,30.22,93219.0,65.96,133200.0,none
2026-07-28T18:42:40,257.03,S008_Anish,house_A,spoil_free_pcb_v1,pcb_A,chamber_A,poultry,chicken,Warmup,1389,0.174,7477,0.935,440,0.055,30.23,93221.0,65.96,132300.0,none
2026-07-28T18:42:42,259.04,S008_Anish,house_A,spoil_free_pcb_v1,pcb_A,chamber_A,poultry,chicken,Warmup,1388,0.174,7479,0.935,440,0.055,30.23,93219.0,65.94,134000.0,none
2026-07-28T18:42:44,261.04,S008_Anish,house_A,spoil_free_pcb_v1,pcb_A,chamber_A,poultry,chicken,Warmup,1389,0.174,7478,0.935,441,0.055,30.24,93219.0,65.93,132400.0,none
2026-07-28T18:42:46,263.04,S008_Anish,house_A,spoil_free_pcb_v1,pcb_A,chamber_A,poultry,chicken,Warmup,1391,0.174,7478,0.935,440,0.055,30.24,93219.0,65.92,132600.0,none
2026-07-28T18:42:48,265.04,S008_Anish,house_A,spoil_free_pcb_v1,pcb_A,chamber_A,poultry,chicken,Warmup,1391,0.174,7477,0.935,440,0.055,30.24,93219.0,65.9,133700.0,none
2026-07-28T18:42:50,267.03,S008_Anish,house_A,spoil_free_pcb_v1,pcb_A,chamber_A,poultry,chicken,Warmup,1390,0.174,7477,0.935,441,0.055,30.24,93219.0,65.91,135700.0,none
2026-07-28T18:42:52,269.04,S008_Anish,house_A,spoil_free_pcb_v1,pcb_A,chamber_A,poultry,chicken,Warmup,1386,0.173,7479,0.935,440,0.055,30.25,93223.0,65.86,135700.0,none
2026-07-28T18:42:54,271.03,S008_Anish,house_A,spoil_free_pcb_v1,pcb_A,chamber_A,poultry,chicken,Warmup,1381,0.173,7479,0.935,439,0.055,30.25,93223.0,65.85,135000.0,none
2026-07-28T18:42:56,273.04,S008_Anish,house_A,spoil_free_pcb_v1,pcb_A,chamber_A,poultry,chicken,Warmup,1377,0.172,7480,0.935,439,0.055,30.25,93223.0,65.85,136700.0,none
2026-07-28T18:42:58,275.04,S008_Anish,house_A,spoil_free_pcb_v1,pcb_A,chamber_A,poultry,chicken,Warmup,1370,0.171,7479,0.935,440,0.055,30.26,93221.0,65.84,135900.0,none
2026-07-28T18:43:00,277.03,S008_Anish,house_A,spoil_free_pcb_v1,pcb_A,chamber_A,poultry,chicken,Warmup,1363,0.17,7481,0.935,439,0.055,30.26,93221.0,65.83,135900.0,none
2026-07-28T18:43:02,279.03,S008_Anish,house_A,spoil_free_pcb_v1,pcb_A,chamber_A,poultry,chicken,Warmup,1355,0.169,7481,0.935,440,0.055,30.26,93221.0,65.81,138200.0,none
2026-07-28T18:43:04,281.04,S008_Anish,house_A,spoil_free_pcb_v1,pcb_A,chamber_A,poultry,chicken,Warmup,1353,0.169,7481,0.935,439,0.055,30.27,93223.0,65.8,138000.0,none
2026-07-28T18:43:06,283.03,S008_Anish,house_A,spoil_free_pcb_v1,pcb_A,chamber_A,poultry,chicken,Warmup,1349,0.169,7481,0.935,440,0.055,30.27,93223.0,65.79,138000.0,none
2026-07-28T18:43:08,285.03,S008_Anish,house_A,spoil_free_pcb_v1,pcb_A,chamber_A,poultry,chicken,Warmup,1346,0.168,7481,0.935,440,0.055,30.27,93221.0,65.78,138100.0,none
2026-07-28T18:43:10,287.02,S008_Anish,house_A,spoil_free_pcb_v1,pcb_A,chamber_A,poultry,chicken,Warmup,1345,0.168,7482,0.935,439,0.055,30.28,93221.0,65.78,138400.0,none
2026-07-28T18:43:12,289.03,S008_Anish,house_A,spoil_free_pcb_v1,pcb_A,chamber_A,poultry,chicken,Warmup,1342,0.168,7480,0.935,439,0.055,30.28,93221.0,65.75,141100.0,none
2026-07-28T18:43:14,291.04,S008_Anish,house_A,spoil_free_pcb_v1,pcb_A,chamber_A,poultry,chicken,Warmup,1338,0.167,7481,0.935,440,0.055,30.28,93221.0,65.74,139700.0,none
2026-07-28T18:43:16,293.03,S008_Anish,house_A,spoil_free_pcb_v1,pcb_A,chamber_A,poultry,chicken,Warmup,1345,0.168,7481,0.935,439,0.055,30.28,93221.0,65.74,141700.0,none
2026-07-28T18:43:18,295.03,S008_Anish,house_A,spoil_free_pcb_v1,pcb_A,chamber_A,poultry,chicken,Warmup,1350,0.169,7482,0.935,439,0.055,30.29,93223.0,65.73,140700.0,none
2026-07-28T18:43:20,297.03,S008_Anish,house_A,spoil_free_pcb_v1,pcb_A,chamber_A,poultry,chicken,Warmup,1355,0.169,7481,0.935,439,0.055,30.29,93223.0,65.71,141300.0,none
2026-07-28T18:43:22,299.05,S008_Anish,house_A,spoil_free_pcb_v1,pcb_A,chamber_A,poultry,chicken,Warmup,1360,0.17,7481,0.935,439,0.055,30.29,93221.0,65.69,142400.0,none
2026-07-28T18:43:24,301.04,S008_Anish,house_A,spoil_free_pcb_v1,pcb_A,chamber_A,poultry,chicken,Warmup,1369,0.171,7482,0.935,439,0.055,30.3,93221.0,65.69,140300.0,none
2026-07-28T18:43:26,303.04,S008_Anish,house_A,spoil_free_pcb_v1,pcb_A,chamber_A,poultry,chicken,Warmup,1371,0.171,7481,0.935,438,0.055,30.3,93221.0,65.68,143400.0,none
2026-07-28T18:43:28,305.03,S008_Anish,house_A,spoil_free_pcb_v1,pcb_A,chamber_A,poultry,chicken,Warmup,1373,0.172,7480,0.935,439,0.055,30.3,93219.0,65.67,141000.0,none
2026-07-28T18:43:30,307.04,S008_Anish,house_A,spoil_free_pcb_v1,pcb_A,chamber_A,poultry,chicken,Warmup,1373,0.172,7481,0.935,438,0.055,30.3,93219.0,65.67,142700.0,none
2026-07-28T18:43:32,309.04,S008_Anish,house_A,spoil_free_pcb_v1,pcb_A,chamber_A,poultry,chicken,Warmup,1374,0.172,7480,0.935,438,0.055,30.3,93219.0,65.64,143200.0,none
2026-07-28T18:43:34,311.03,S008_Anish,house_A,spoil_free_pcb_v1,pcb_A,chamber_A,poultry,chicken,Warmup,1374,0.172,7481,0.935,439,0.055,30.3,93219.0,65.65,143800.0,none
2026-07-28T18:43:36,313.04,S008_Anish,house_A,spoil_free_pcb_v1,pcb_A,chamber_A,poultry,chicken,Warmup,1378,0.172,7481,0.935,437,0.055,30.31,93221.0,65.64,144400.0,none
2026-07-28T18:43:38,315.04,S008_Anish,house_A,spoil_free_pcb_v1,pcb_A,chamber_A,poultry,chicken,Warmup,1376,0.172,7480,0.935,439,0.055,30.31,93221.0,65.63,145400.0,none
2026-07-28T18:43:40,317.03,S008_Anish,house_A,spoil_free_pcb_v1,pcb_A,chamber_A,poultry,chicken,Warmup,1377,0.172,7481,0.935,440,0.055,30.31,93221.0,65.62,143900.0,none
2026-07-28T18:43:42,319.04,S008_Anish,house_A,spoil_free_pcb_v1,pcb_A,chamber_A,poultry,chicken,Warmup,1376,0.172,7481,0.935,438,0.055,30.31,93221.0,65.61,146000.0,none
2026-07-28T18:43:44,321.03,S008_Anish,house_A,spoil_free_pcb_v1,pcb_A,chamber_A,poultry,chicken,Warmup,1377,0.172,7484,0.936,438,0.055,30.31,93221.0,65.6,144500.0,none
2026-07-28T18:43:46,323.03,S008_Anish,house_A,spoil_free_pcb_v1,pcb_A,chamber_A,poultry,chicken,Warmup,1372,0.172,7485,0.936,440,0.055,30.31,93219.0,65.6,144500.0,none
2026-07-28T18:43:48,325.04,S008_Anish,house_A,spoil_free_pcb_v1,pcb_A,chamber_A,poultry,chicken,Warmup,1373,0.172,7485,0.936,438,0.055,30.32,93219.0,65.6,147300.0,none
2026-07-28T18:43:50,327.03,S008_Anish,house_A,spoil_free_pcb_v1,pcb_A,chamber_A,poultry,chicken,Warmup,1372,0.172,7487,0.936,437,0.055,30.32,93219.0,65.61,145400.0,none
2026-07-28T18:43:52,329.03,S008_Anish,house_A,spoil_free_pcb_v1,pcb_A,chamber_A,poultry,chicken,Warmup,1371,0.171,7490,0.936,438,0.055,30.32,93219.0,65.58,145400.0,none
2026-07-28T18:43:54,331.04,S008_Anish,house_A,spoil_free_pcb_v1,pcb_A,chamber_A,poultry,chicken,Warmup,1370,0.171,7489,0.936,437,0.055,30.32,93219.0,65.6,147900.0,none
2026-07-28T18:43:56,333.03,S008_Anish,house_A,spoil_free_pcb_v1,pcb_A,chamber_A,poultry,chicken,Warmup,1369,0.171,7489,0.936,438,0.055,30.33,93221.0,65.58,147200.0,none
2026-07-28T18:43:58,335.04,S008_Anish,house_A,spoil_free_pcb_v1,pcb_A,chamber_A,poultry,chicken,Warmup,1369,0.171,7491,0.936,437,0.055,30.33,93221.0,65.58,147500.0,none
2026-07-28T18:44:00,337.04,S008_Anish,house_A,spoil_free_pcb_v1,pcb_A,chamber_A,poultry,chicken,Warmup,1365,0.171,7492,0.937,437,0.055,30.33,93221.0,65.58,146800.0,none
2026-07-28T18:44:02,339.03,S008_Anish,house_A,spoil_free_pcb_v1,pcb_A,chamber_A,poultry,chicken,Warmup,1364,0.171,7490,0.936,438,0.055,30.33,93219.0,65.56,146800.0,none
2026-07-28T18:44:04,341.03,S008_Anish,house_A,spoil_free_pcb_v1,pcb_A,chamber_A,poultry,chicken,Warmup,1363,0.17,7491,0.936,437,0.055,30.34,93219.0,65.55,147300.0,none
2026-07-28T18:44:06,343.03,S008_Anish,house_A,spoil_free_pcb_v1,pcb_A,chamber_A,poultry,chicken,Warmup,1359,0.17,7492,0.937,437,0.055,30.34,93219.0,65.55,149700.0,none
2026-07-28T18:44:08,345.04,S008_Anish,house_A,spoil_free_pcb_v1,pcb_A,chamber_A,poultry,chicken,Warmup,1354,0.169,7491,0.936,437,0.055,30.34,93219.0,65.53,149400.0,none
2026-07-28T18:44:10,347.03,S008_Anish,house_A,spoil_free_pcb_v1,pcb_A,chamber_A,poultry,chicken,Warmup,1352,0.169,7491,0.936,437,0.055,30.34,93219.0,65.53,149900.0,none
2026-07-28T18:44:12,349.03,S008_Anish,house_A,spoil_free_pcb_v1,pcb_A,chamber_A,poultry,chicken,Warmup,1350,0.169,7490,0.936,437,0.055,30.34,93219.0,65.53,148700.0,none
2026-07-28T18:44:14,351.04,S008_Anish,house_A,spoil_free_pcb_v1,pcb_A,chamber_A,poultry,chicken,Warmup,1348,0.169,7489,0.936,438,0.055,30.34,93221.0,65.52,151300.0,none
2026-07-28T18:44:16,353.03,S008_Anish,house_A,spoil_free_pcb_v1,pcb_A,chamber_A,poultry,chicken,Warmup,1348,0.169,7492,0.937,437,0.055,30.35,93221.0,65.51,149200.0,none
2026-07-28T18:44:18,355.04,S008_Anish,house_A,spoil_free_pcb_v1,pcb_A,chamber_A,poultry,chicken,Warmup,1347,0.168,7491,0.936,437,0.055,30.35,93219.0,65.51,150100.0,none
2026-07-28T18:44:20,357.03,S008_Anish,house_A,spoil_free_pcb_v1,pcb_A,chamber_A,poultry,chicken,Warmup,1344,0.168,7490,0.936,436,0.055,30.35,93219.0,65.51,152400.0,none
2026-07-28T18:44:22,359.03,S008_Anish,house_A,spoil_free_pcb_v1,pcb_A,chamber_A,poultry,chicken,Warmup,1338,0.167,7491,0.936,436,0.055,30.36,93219.0,65.5,150000.0,none
2026-07-28T18:44:24,361.03,S008_Anish,house_A,spoil_free_pcb_v1,pcb_A,chamber_A,poultry,chicken,Warmup,1333,0.167,7490,0.936,436,0.055,30.36,93219.0,65.49,151200.0,none
2026-07-28T18:44:26,363.04,S008_Anish,house_A,spoil_free_pcb_v1,pcb_A,chamber_A,poultry,chicken,Warmup,1326,0.166,7490,0.936,437,0.055,30.36,93219.0,65.49,152400.0,none
2026-07-28T18:44:28,365.03,S008_Anish,house_A,spoil_free_pcb_v1,pcb_A,chamber_A,poultry,chicken,Warmup,1323,0.165,7491,0.936,436,0.055,30.36,93219.0,65.47,153800.0,none
2026-07-28T18:44:30,367.03,S008_Anish,house_A,spoil_free_pcb_v1,pcb_A,chamber_A,poultry,chicken,Warmup,1323,0.165,7490,0.936,437,0.055,30.37,93221.0,65.46,153800.0,none
2026-07-28T18:44:32,369.03,S008_Anish,house_A,spoil_free_pcb_v1,pcb_A,chamber_A,poultry,chicken,Warmup,1325,0.166,7489,0.936,437,0.055,30.37,93219.0,65.48,151900.0,none
2026-07-28T18:44:34,371.04,S008_Anish,house_A,spoil_free_pcb_v1,pcb_A,chamber_A,poultry,chicken,Warmup,1327,0.166,7491,0.936,436,0.055,30.37,93219.0,65.47,152600.0,none
2026-07-28T18:44:36,373.03,S008_Anish,house_A,spoil_free_pcb_v1,pcb_A,chamber_A,poultry,chicken,Warmup,1327,0.166,7490,0.936,436,0.055,30.37,93219.0,65.45,154100.0,none
2026-07-28T18:44:38,375.04,S008_Anish,house_A,spoil_free_pcb_v1,pcb_A,chamber_A,poultry,chicken,Warmup,1328,0.166,7491,0.936,437,0.055,30.37,93219.0,65.45,153800.0,none
2026-07-28T18:44:40,377.03,S008_Anish,house_A,spoil_free_pcb_v1,pcb_A,chamber_A,poultry,chicken,Warmup,1329,0.166,7493,0.937,436,0.055,30.38,93217.0,65.44,154800.0,none
2026-07-28T18:44:42,379.04,S008_Anish,house_A,spoil_free_pcb_v1,pcb_A,chamber_A,poultry,chicken,Warmup,1331,0.166,7492,0.937,436,0.055,30.38,93217.0,65.45,155900.0,none
2026-07-28T18:44:44,381.04,S008_Anish,house_A,spoil_free_pcb_v1,pcb_A,chamber_A,poultry,chicken,Warmup,1337,0.167,7495,0.937,436,0.055,30.38,93217.0,65.42,155100.0,none
2026-07-28T18:44:46,383.04,S008_Anish,house_A,spoil_free_pcb_v1,pcb_A,chamber_A,poultry,chicken,Warmup,1338,0.167,7493,0.937,436,0.055,30.38,93217.0,65.42,155800.0,none
2026-07-28T18:44:48,385.03,S008_Anish,house_A,spoil_free_pcb_v1,pcb_A,chamber_A,poultry,chicken,Warmup,1343,0.168,7495,0.937,436,0.055,30.39,93219.0,65.42,156000.0,none
2026-07-28T18:44:50,387.04,S008_Anish,house_A,spoil_free_pcb_v1,pcb_A,chamber_A,poultry,chicken,Warmup,1347,0.168,7495,0.937,436,0.055,30.39,93219.0,65.41,156600.0,none
2026-07-28T18:44:52,389.03,S008_Anish,house_A,spoil_free_pcb_v1,pcb_A,chamber_A,poultry,chicken,Warmup,1354,0.169,7496,0.937,436,0.055,30.39,93219.0,65.41,157200.0,none
2026-07-28T18:44:54,391.03,S008_Anish,house_A,spoil_free_pcb_v1,pcb_A,chamber_A,poultry,chicken,Warmup,1352,0.169,7495,0.937,436,0.055,30.39,93219.0,65.4,157200.0,none
2026-07-28T18:44:56,393.03,S008_Anish,house_A,spoil_free_pcb_v1,pcb_A,chamber_A,poultry,chicken,Warmup,1361,0.17,7495,0.937,434,0.054,30.39,93219.0,65.4,158700.0,none
2026-07-28T18:44:58,395.03,S008_Anish,house_A,spoil_free_pcb_v1,pcb_A,chamber_A,poultry,chicken,Warmup,1362,0.17,7496,0.937,436,0.055,30.4,93219.0,65.39,155800.0,none
2026-07-28T18:45:00,397.03,S008_Anish,house_A,spoil_free_pcb_v1,pcb_A,chamber_A,poultry,chicken,Warmup,1364,0.171,7496,0.937,436,0.055,30.4,93217.0,65.39,155800.0,none
2026-07-28T18:45:02,399.04,S008_Anish,house_A,spoil_free_pcb_v1,pcb_A,chamber_A,poultry,chicken,Warmup,1364,0.171,7495,0.937,436,0.055,30.4,93217.0,65.37,159000.0,none
2026-07-28T18:45:04,401.03,S008_Anish,house_A,spoil_free_pcb_v1,pcb_A,chamber_A,poultry,chicken,Warmup,1361,0.17,7497,0.937,436,0.055,30.4,93217.0,65.37,159100.0,none
2026-07-28T18:45:06,403.03,S008_Anish,house_A,spoil_free_pcb_v1,pcb_A,chamber_A,poultry,chicken,Warmup,1359,0.17,7496,0.937,436,0.055,30.4,93217.0,65.35,158800.0,none
2026-07-28T18:45:08,405.04,S008_Anish,house_A,spoil_free_pcb_v1,pcb_A,chamber_A,poultry,chicken,Warmup,1356,0.17,7497,0.937,436,0.055,30.41,93221.0,65.34,158400.0,none
2026-07-28T18:45:10,407.03,S008_Anish,house_A,spoil_free_pcb_v1,pcb_A,chamber_A,poultry,chicken,Warmup,1353,0.169,7496,0.937,436,0.055,30.41,93219.0,65.32,159000.0,none
2026-07-28T18:45:12,409.04,S008_Anish,house_A,spoil_free_pcb_v1,pcb_A,chamber_A,poultry,chicken,Warmup,1349,0.169,7497,0.937,436,0.055,30.41,93219.0,65.32,157500.0,none
2026-07-28T18:45:14,411.03,S008_Anish,house_A,spoil_free_pcb_v1,pcb_A,chamber_A,poultry,chicken,Warmup,1343,0.168,7495,0.937,435,0.054,30.41,93219.0,65.32,160300.0,none
2026-07-28T18:45:16,413.03,S008_Anish,house_A,spoil_free_pcb_v1,pcb_A,chamber_A,poultry,chicken,Warmup,1337,0.167,7496,0.937,435,0.054,30.41,93219.0,65.32,159600.0,none
2026-07-28T18:45:18,415.04,S008_Anish,house_A,spoil_free_pcb_v1,pcb_A,chamber_A,poultry,chicken,Warmup,1325,0.166,7497,0.937,435,0.054,30.41,93219.0,65.29,160800.0,none
2026-07-28T18:45:20,417.04,S008_Anish,house_A,spoil_free_pcb_v1,pcb_A,chamber_A,poultry,chicken,Warmup,1322,0.165,7497,0.937,436,0.055,30.41,93219.0,65.3,160300.0,none
2026-07-28T18:45:22,419.03,S008_Anish,house_A,spoil_free_pcb_v1,pcb_A,chamber_A,poultry,chicken,Warmup,1313,0.164,7496,0.937,435,0.054,30.42,93217.0,65.3,159900.0,none
2026-07-28T18:45:24,421.03,S008_Anish,house_A,spoil_free_pcb_v1,pcb_A,chamber_A,poultry,chicken,Warmup,1316,0.165,7495,0.937,435,0.054,30.42,93217.0,65.29,161100.0,none
2026-07-28T18:45:26,423.03,S008_Anish,house_A,spoil_free_pcb_v1,pcb_A,chamber_A,poultry,chicken,Warmup,1316,0.165,7495,0.937,434,0.054,30.42,93217.0,65.28,161500.0,none
2026-07-28T18:45:28,425.03,S008_Anish,house_A,spoil_free_pcb_v1,pcb_A,chamber_A,poultry,chicken,Warmup,1318,0.165,7495,0.937,435,0.054,30.42,93217.0,65.27,159900.0,none
2026-07-28T18:45:30,427.03,S008_Anish,house_A,spoil_free_pcb_v1,pcb_A,chamber_A,poultry,chicken,Warmup,1323,0.165,7494,0.937,434,0.054,30.42,93217.0,65.28,161100.0,none
2026-07-28T18:45:32,429.03,S008_Anish,house_A,spoil_free_pcb_v1,pcb_A,chamber_A,poultry,chicken,Warmup,1329,0.166,7495,0.937,435,0.054,30.42,93215.0,65.27,161500.0,none
2026-07-28T18:45:34,431.02,S008_Anish,house_A,spoil_free_pcb_v1,pcb_A,chamber_A,poultry,chicken,Warmup,1336,0.167,7496,0.937,435,0.054,30.43,93221.0,65.28,162700.0,none
2026-07-28T18:45:36,433.04,S008_Anish,house_A,spoil_free_pcb_v1,pcb_A,chamber_A,poultry,chicken,Warmup,1342,0.168,7495,0.937,434,0.054,30.43,93221.0,65.26,163100.0,none
2026-07-28T18:45:38,435.03,S008_Anish,house_A,spoil_free_pcb_v1,pcb_A,chamber_A,poultry,chicken,Warmup,1350,0.169,7495,0.937,434,0.054,30.43,93219.0,65.27,162900.0,none
2026-07-28T18:45:40,437.03,S008_Anish,house_A,spoil_free_pcb_v1,pcb_A,chamber_A,poultry,chicken,Warmup,1357,0.17,7496,0.937,435,0.054,30.43,93219.0,65.25,163700.0,none
2026-07-28T18:45:42,439.04,S008_Anish,house_A,spoil_free_pcb_v1,pcb_A,chamber_A,poultry,chicken,Warmup,1354,0.169,7495,0.937,435,0.054,30.44,93219.0,65.25,163500.0,none
2026-07-28T18:45:44,441.04,S008_Anish,house_A,spoil_free_pcb_v1,pcb_A,chamber_A,poultry,chicken,Warmup,1350,0.169,7496,0.937,435,0.054,30.44,93219.0,65.23,164500.0,none
2026-07-28T18:45:46,443.03,S008_Anish,house_A,spoil_free_pcb_v1,pcb_A,chamber_A,poultry,chicken,Warmup,1350,0.169,7497,0.937,435,0.054,30.44,93219.0,65.23,164800.0,none
2026-07-28T18:45:48,445.04,S008_Anish,house_A,spoil_free_pcb_v1,pcb_A,chamber_A,poultry,chicken,Warmup,1346,0.168,7496,0.937,435,0.054,30.44,93219.0,65.22,161400.0,none
2026-07-28T18:45:50,447.04,S008_Anish,house_A,spoil_free_pcb_v1,pcb_A,chamber_A,poultry,chicken,Warmup,1339,0.167,7498,0.937,435,0.054,30.44,93217.0,65.22,163700.0,none
2026-07-28T18:45:52,449.03,S008_Anish,house_A,spoil_free_pcb_v1,pcb_A,chamber_A,poultry,chicken,Warmup,1330,0.166,7498,0.937,434,0.054,30.44,93219.0,65.22,165800.0,none
2026-07-28T18:45:54,451.03,S008_Anish,house_A,spoil_free_pcb_v1,pcb_A,chamber_A,poultry,chicken,Warmup,1320,0.165,7500,0.938,434,0.054,30.45,93221.0,65.22,162900.0,none
2026-07-28T18:45:56,453.04,S008_Anish,house_A,spoil_free_pcb_v1,pcb_A,chamber_A,poultry,chicken,Warmup,1313,0.164,7500,0.938,434,0.054,30.45,93221.0,65.21,165000.0,none
2026-07-28T18:45:58,455.04,S008_Anish,house_A,spoil_free_pcb_v1,pcb_A,chamber_A,poultry,chicken,Warmup,1309,0.164,7500,0.938,434,0.054,30.45,93221.0,65.2,165900.0,none
2026-07-28T18:46:00,457.03,S008_Anish,house_A,spoil_free_pcb_v1,pcb_A,chamber_A,poultry,chicken,Warmup,1311,0.164,7501,0.938,434,0.054,30.45,93221.0,65.2,165400.0,none
2026-07-28T18:46:02,459.03,S008_Anish,house_A,spoil_free_pcb_v1,pcb_A,chamber_A,poultry,chicken,Warmup,1308,0.164,7499,0.937,435,0.054,30.46,93219.0,65.18,165600.0,none
2026-07-28T18:46:04,461.03,S008_Anish,house_A,spoil_free_pcb_v1,pcb_A,chamber_A,poultry,chicken,Warmup,1312,0.164,7502,0.938,435,0.054,30.46,93219.0,65.17,165100.0,none
2026-07-28T18:46:06,463.03,S008_Anish,house_A,spoil_free_pcb_v1,pcb_A,chamber_A,poultry,chicken,Warmup,1316,0.165,7501,0.938,433,0.054,30.46,93219.0,65.15,165100.0,none
2026-07-28T18:46:08,465.03,S008_Anish,house_A,spoil_free_pcb_v1,pcb_A,chamber_A,poultry,chicken,Warmup,1331,0.166,7500,0.938,434,0.054,30.46,93219.0,65.15,164300.0,none
2026-07-28T18:46:10,467.03,S008_Anish,house_A,spoil_free_pcb_v1,pcb_A,chamber_A,poultry,chicken,Warmup,1328,0.166,7502,0.938,434,0.054,30.46,93219.0,65.17,166700.0,none
2026-07-28T18:46:12,469.04,S008_Anish,house_A,spoil_free_pcb_v1,pcb_A,chamber_A,poultry,chicken,Warmup,1330,0.166,7502,0.938,433,0.054,30.47,93221.0,65.15,167200.0,none
2026-07-28T18:46:14,471.03,S008_Anish,house_A,spoil_free_pcb_v1,pcb_A,chamber_A,poultry,chicken,Warmup,1325,0.166,7503,0.938,434,0.054,30.47,93219.0,65.14,166200.0,none
2026-07-28T18:46:16,473.03,S008_Anish,house_A,spoil_free_pcb_v1,pcb_A,chamber_A,poultry,chicken,Warmup,1324,0.166,7503,0.938,434,0.054,30.47,93219.0,65.12,167100.0,none
2026-07-28T18:46:18,475.04,S008_Anish,house_A,spoil_free_pcb_v1,pcb_A,chamber_A,poultry,chicken,Warmup,1321,0.165,7505,0.938,434,0.054,30.47,93219.0,65.12,165400.0,none
2026-07-28T18:46:20,477.03,S008_Anish,house_A,spoil_free_pcb_v1,pcb_A,chamber_A,poultry,chicken,Warmup,1318,0.165,7506,0.938,434,0.054,30.47,93219.0,65.14,167700.0,none
2026-07-28T18:46:22,479.03,S008_Anish,house_A,spoil_free_pcb_v1,pcb_A,chamber_A,poultry,chicken,Warmup,1318,0.165,7507,0.938,434,0.054,30.47,93219.0,65.12,167500.0,none
2026-07-28T18:46:24,481.03,S008_Anish,house_A,spoil_free_pcb_v1,pcb_A,chamber_A,poultry,chicken,Warmup,1318,0.165,7509,0.939,434,0.054,30.47,93219.0,65.11,168900.0,none
2026-07-28T18:46:26,483.03,S008_Anish,house_A,spoil_free_pcb_v1,pcb_A,chamber_A,poultry,chicken,Warmup,1321,0.165,7508,0.939,434,0.054,30.47,93219.0,65.12,167900.0,none
2026-07-28T18:46:28,485.02,S008_Anish,house_A,spoil_free_pcb_v1,pcb_A,chamber_A,poultry,chicken,Warmup,1318,0.165,7509,0.939,434,0.054,30.47,93219.0,65.11,167900.0,none
2026-07-28T18:46:30,487.04,S008_Anish,house_A,spoil_free_pcb_v1,pcb_A,chamber_A,poultry,chicken,Warmup,1324,0.166,7509,0.939,433,0.054,30.48,93217.0,65.11,166700.0,none
2026-07-28T18:46:32,489.03,S008_Anish,house_A,spoil_free_pcb_v1,pcb_A,chamber_A,poultry,chicken,Warmup,1326,0.166,7511,0.939,435,0.054,30.48,93217.0,65.11,169200.0,none
2026-07-28T18:46:34,491.03,S008_Anish,house_A,spoil_free_pcb_v1,pcb_A,chamber_A,poultry,chicken,Warmup,1328,0.166,7509,0.939,434,0.054,30.48,93217.0,65.1,169400.0,none
2026-07-28T18:46:36,493.03,S008_Anish,house_A,spoil_free_pcb_v1,pcb_A,chamber_A,poultry,chicken,Warmup,1331,0.166,7509,0.939,432,0.054,30.48,93215.0,65.1,167500.0,none
2026-07-28T18:46:38,495.04,S008_Anish,house_A,spoil_free_pcb_v1,pcb_A,chamber_A,poultry,chicken,Warmup,1333,0.167,7512,0.939,433,0.054,30.49,93217.0,65.1,169700.0,none
2026-07-28T18:46:40,497.03,S008_Anish,house_A,spoil_free_pcb_v1,pcb_A,chamber_A,poultry,chicken,Warmup,1335,0.167,7512,0.939,434,0.054,30.49,93217.0,65.1,167400.0,none
2026-07-28T18:46:42,499.03,S008_Anish,house_A,spoil_free_pcb_v1,pcb_A,chamber_A,poultry,chicken,Warmup,1338,0.167,7511,0.939,433,0.054,30.49,93217.0,65.08,170200.0,none
2026-07-28T18:46:44,501.04,S008_Anish,house_A,spoil_free_pcb_v1,pcb_A,chamber_A,poultry,chicken,Warmup,1338,0.167,7512,0.939,434,0.054,30.49,93217.0,65.07,170700.0,none
2026-07-28T18:46:46,503.04,S008_Anish,house_A,spoil_free_pcb_v1,pcb_A,chamber_A,poultry,chicken,Warmup,1335,0.167,7514,0.939,432,0.054,30.5,93217.0,65.07,170900.0,none
2026-07-28T18:46:48,505.04,S008_Anish,house_A,spoil_free_pcb_v1,pcb_A,chamber_A,poultry,chicken,Warmup,1330,0.166,7515,0.939,434,0.054,30.5,93215.0,65.07,170600.0,none
2026-07-28T18:46:50,507.02,S008_Anish,house_A,spoil_free_pcb_v1,pcb_A,chamber_A,poultry,chicken,Warmup,1327,0.166,7517,0.94,433,0.054,30.5,93215.0,65.06,170000.0,none
2026-07-28T18:46:52,509.03,S008_Anish,house_A,spoil_free_pcb_v1,pcb_A,chamber_A,poultry,chicken,Warmup,1326,0.166,7518,0.94,434,0.054,30.5,93215.0,65.06,170700.0,none
2026-07-28T18:46:54,511.04,S008_Anish,house_A,spoil_free_pcb_v1,pcb_A,chamber_A,poultry,chicken,Warmup,1319,0.165,7520,0.94,433,0.054,30.5,93215.0,65.06,171900.0,none
2026-07-28T18:46:56,514.02,S008_Anish,house_A,spoil_free_pcb_v1,pcb_A,chamber_A,poultry,chicken,Warmup,1317,0.165,7521,0.94,434,0.054,30.5,93215.0,65.06,169400.0,none
2026-07-28T18:46:58,515.02,S008_Anish,house_A,spoil_free_pcb_v1,pcb_A,chamber_A,poultry,chicken,Warmup,1313,0.164,7522,0.94,433,0.054,30.5,93215.0,65.04,169700.0,none
2026-07-28T18:47:00,517.04,S008_Anish,house_A,spoil_free_pcb_v1,pcb_A,chamber_A,poultry,chicken,Warmup,1312,0.164,7521,0.94,433,0.054,30.51,93215.0,65.04,170700.0,none
2026-07-28T18:47:02,519.04,S008_Anish,house_A,spoil_free_pcb_v1,pcb_A,chamber_A,poultry,chicken,Warmup,1314,0.164,7521,0.94,433,0.054,30.51,93217.0,65.04,172500.0,none
2026-07-28T18:47:04,521.03,S008_Anish,house_A,spoil_free_pcb_v1,pcb_A,chamber_A,poultry,chicken,Warmup,1311,0.164,7522,0.94,433,0.054,30.51,93217.0,65.03,173500.0,none
2026-07-28T18:47:06,523.04,S008_Anish,house_A,spoil_free_pcb_v1,pcb_A,chamber_A,poultry,chicken,Warmup,1312,0.164,7522,0.94,432,0.054,30.51,93217.0,65.04,169900.0,none
2026-07-28T18:47:08,525.04,S008_Anish,house_A,spoil_free_pcb_v1,pcb_A,chamber_A,poultry,chicken,Warmup,1313,0.164,7523,0.94,433,0.054,30.52,93217.0,65.04,170600.0,none
2026-07-28T18:47:10,527.02,S008_Anish,house_A,spoil_free_pcb_v1,pcb_A,chamber_A,poultry,chicken,Warmup,1313,0.164,7522,0.94,432,0.054,30.52,93217.0,65.01,173500.0,none
2026-07-28T18:47:12,529.04,S008_Anish,house_A,spoil_free_pcb_v1,pcb_A,chamber_A,poultry,chicken,Warmup,1308,0.164,7522,0.94,433,0.054,30.52,93215.0,65.01,170900.0,none
2026-07-28T18:47:14,531.04,S008_Anish,house_A,spoil_free_pcb_v1,pcb_A,chamber_A,poultry,chicken,Warmup,1313,0.164,7524,0.941,432,0.054,30.53,93215.0,65.02,173300.0,none
2026-07-28T18:47:16,533.04,S008_Anish,house_A,spoil_free_pcb_v1,pcb_A,chamber_A,poultry,chicken,Warmup,1315,0.164,7524,0.941,433,0.054,30.53,93217.0,64.99,174400.0,none
2026-07-28T18:47:18,535.03,S008_Anish,house_A,spoil_free_pcb_v1,pcb_A,chamber_A,poultry,chicken,Warmup,1314,0.164,7523,0.94,433,0.054,30.53,93217.0,64.99,173300.0,none
2026-07-28T18:47:20,537.03,S008_Anish,house_A,spoil_free_pcb_v1,pcb_A,chamber_A,poultry,chicken,Warmup,1313,0.164,7524,0.941,433,0.054,30.54,93217.0,64.99,172800.0,none
2026-07-28T18:47:22,539.04,S008_Anish,house_A,spoil_free_pcb_v1,pcb_A,chamber_A,poultry,chicken,Warmup,1315,0.164,7524,0.941,433,0.054,30.54,93215.0,64.99,174600.0,none
2026-07-28T18:47:24,541.03,S008_Anish,house_A,spoil_free_pcb_v1,pcb_A,chamber_A,poultry,chicken,Warmup,1314,0.164,7523,0.94,432,0.054,30.54,93215.0,64.98,173900.0,none
2026-07-28T18:47:26,543.03,S008_Anish,house_A,spoil_free_pcb_v1,pcb_A,chamber_A,poultry,chicken,Warmup,1311,0.164,7524,0.941,433,0.054,30.54,93217.0,64.97,171800.0,none
2026-07-28T18:47:28,545.02,S008_Anish,house_A,spoil_free_pcb_v1,pcb_A,chamber_A,poultry,chicken,Warmup,1314,0.164,7525,0.941,433,0.054,30.55,93215.0,64.95,174200.0,none
2026-07-28T18:47:30,547.04,S008_Anish,house_A,spoil_free_pcb_v1,pcb_A,chamber_A,poultry,chicken,Warmup,1315,0.164,7526,0.941,432,0.054,30.55,93217.0,64.96,172100.0,none
2026-07-28T18:47:32,549.03,S008_Anish,house_A,spoil_free_pcb_v1,pcb_A,chamber_A,poultry,chicken,Warmup,1313,0.164,7527,0.941,432,0.054,30.55,93217.0,64.95,174800.0,none
2026-07-28T18:47:34,551.03,S008_Anish,house_A,spoil_free_pcb_v1,pcb_A,chamber_A,poultry,chicken,Warmup,1314,0.164,7528,0.941,433,0.054,30.55,93217.0,64.92,176000.0,none
2026-07-28T18:47:36,553.04,S008_Anish,house_A,spoil_free_pcb_v1,pcb_A,chamber_A,poultry,chicken,Warmup,1314,0.164,7528,0.941,433,0.054,30.56,93217.0,64.94,176200.0,none
2026-07-28T18:47:38,555.04,S008_Anish,house_A,spoil_free_pcb_v1,pcb_A,chamber_A,poultry,chicken,Warmup,1313,0.164,7528,0.941,432,0.054,30.56,93217.0,64.93,175300.0,none
2026-07-28T18:47:40,557.04,S008_Anish,house_A,spoil_free_pcb_v1,pcb_A,chamber_A,poultry,chicken,Warmup,1314,0.164,7528,0.941,432,0.054,30.56,93217.0,64.93,176700.0,none
2026-07-28T18:47:42,559.02,S008_Anish,house_A,spoil_free_pcb_v1,pcb_A,chamber_A,poultry,chicken,Warmup,1316,0.165,7527,0.941,432,0.054,30.56,93217.0,64.92,175300.0,none
2026-07-28T18:47:44,561.04,S008_Anish,house_A,spoil_free_pcb_v1,pcb_A,chamber_A,poultry,chicken,Warmup,1316,0.165,7526,0.941,432,0.054,30.56,93217.0,64.91,175800.0,none
2026-07-28T18:47:46,563.02,S008_Anish,house_A,spoil_free_pcb_v1,pcb_A,chamber_A,poultry,chicken,Warmup,1319,0.165,7528,0.941,432,0.054,30.57,93217.0,64.88,174900.0,none
2026-07-28T18:47:48,565.03,S008_Anish,house_A,spoil_free_pcb_v1,pcb_A,chamber_A,poultry,chicken,Warmup,1319,0.165,7527,0.941,432,0.054,30.57,93219.0,64.89,177900.0,none
2026-07-28T18:47:50,567.04,S008_Anish,house_A,spoil_free_pcb_v1,pcb_A,chamber_A,poultry,chicken,Warmup,1321,0.165,7526,0.941,431,0.054,30.57,93219.0,64.88,176600.0,none
2026-07-28T18:47:52,569.04,S008_Anish,house_A,spoil_free_pcb_v1,pcb_A,chamber_A,poultry,chicken,Warmup,1322,0.165,7528,0.941,433,0.054,30.57,93219.0,64.87,177100.0,none
2026-07-28T18:47:54,571.02,S008_Anish,house_A,spoil_free_pcb_v1,pcb_A,chamber_A,poultry,chicken,Warmup,1325,0.166,7526,0.941,432,0.054,30.57,93219.0,64.86,174600.0,none
2026-07-28T18:47:56,573.04,S008_Anish,house_A,spoil_free_pcb_v1,pcb_A,chamber_A,poultry,chicken,Warmup,1329,0.166,7527,0.941,432,0.054,30.57,93219.0,64.85,176900.0,none
2026-07-28T18:47:58,575.03,S008_Anish,house_A,spoil_free_pcb_v1,pcb_A,chamber_A,poultry,chicken,Warmup,1331,0.166,7527,0.941,431,0.054,30.58,93217.0,64.86,178400.0,none
2026-07-28T18:48:00,577.03,S008_Anish,house_A,spoil_free_pcb_v1,pcb_A,chamber_A,poultry,chicken,Warmup,1328,0.166,7527,0.941,431,0.054,30.58,93217.0,64.85,177500.0,none
2026-07-28T18:48:02,579.03,S008_Anish,house_A,spoil_free_pcb_v1,pcb_A,chamber_A,poultry,chicken,Warmup,1330,0.166,7527,0.941,431,0.054,30.58,93217.0,64.84,177100.0,none
2026-07-28T18:48:04,581.04,S008_Anish,house_A,spoil_free_pcb_v1,pcb_A,chamber_A,poultry,chicken,Warmup,1328,0.166,7526,0.941,432,0.054,30.58,93217.0,64.84,177500.0,none
2026-07-28T18:48:06,583.03,S008_Anish,house_A,spoil_free_pcb_v1,pcb_A,chamber_A,poultry,chicken,Warmup,1327,0.166,7527,0.941,432,0.054,30.58,93217.0,64.84,178400.0,none
2026-07-28T18:48:08,585.03,S008_Anish,house_A,spoil_free_pcb_v1,pcb_A,chamber_A,poultry,chicken,Warmup,1326,0.166,7527,0.941,431,0.054,30.58,93217.0,64.83,179300.0,none
2026-07-28T18:48:10,587.03,S008_Anish,house_A,spoil_free_pcb_v1,pcb_A,chamber_A,poultry,chicken,Warmup,1325,0.166,7526,0.941,431,0.054,30.58,93217.0,64.83,178000.0,none
2026-07-28T18:48:12,589.03,S008_Anish,house_A,spoil_free_pcb_v1,pcb_A,chamber_A,poultry,chicken,Warmup,1324,0.166,7528,0.941,432,0.054,30.58,93217.0,64.82,179200.0,none
2026-07-28T18:48:14,591.03,S008_Anish,house_A,spoil_free_pcb_v1,pcb_A,chamber_A,poultry,chicken,Warmup,1323,0.165,7527,0.941,432,0.054,30.58,93217.0,64.82,176600.0,none
2026-07-28T18:48:16,593.03,S008_Anish,house_A,spoil_free_pcb_v1,pcb_A,chamber_A,poultry,chicken,Warmup,1321,0.165,7526,0.941,431,0.054,30.58,93219.0,64.83,179200.0,none
2026-07-28T18:48:18,595.03,S008_Anish,house_A,spoil_free_pcb_v1,pcb_A,chamber_A,poultry,chicken,Warmup,1321,0.165,7527,0.941,432,0.054,30.58,93219.0,64.82,179900.0,none
2026-07-28T18:48:20,597.03,S008_Anish,house_A,spoil_free_pcb_v1,pcb_A,chamber_A,poultry,chicken,Warmup,1319,0.165,7527,0.941,432,0.054,30.58,93219.0,64.82,177900.0,none
2026-07-28T18:48:22,599.03,S008_Anish,house_A,spoil_free_pcb_v1,pcb_A,chamber_A,poultry,chicken,Warmup,1317,0.165,7528,0.941,432,0.054,30.58,93219.0,64.81,180300.0,none
2026-07-28T18:48:24,601.03,S008_Anish,house_A,spoil_free_pcb_v1,pcb_A,chamber_A,poultry,chicken,Warmup,1316,0.165,7527,0.941,432,0.054,30.58,93219.0,64.81,180100.0,none
2026-07-28T18:48:26,603.04,S008_Anish,house_A,spoil_free_pcb_v1,pcb_A,chamber_A,poultry,chicken,Warmup,1313,0.164,7527,0.941,430,0.054,30.58,93219.0,64.8,180300.0,none
2026-07-28T18:48:28,605.03,S008_Anish,house_A,spoil_free_pcb_v1,pcb_A,chamber_A,poultry,chicken,Warmup,1312,0.164,7527,0.941,431,0.054,30.58,93219.0,64.81,181100.0,none
2026-07-28T18:48:30,607.03,S008_Anish,house_A,spoil_free_pcb_v1,pcb_A,chamber_A,poultry,chicken,Warmup,1310,0.164,7527,0.941,432,0.054,30.58,93219.0,64.82,180100.0,none
2026-07-28T18:48:32,609.03,S008_Anish,house_A,spoil_free_pcb_v1,pcb_A,chamber_A,poultry,chicken,Warmup,1309,0.164,7527,0.941,431,0.054,30.58,93219.0,64.81,180100.0,none
2026-07-28T18:48:34,611.04,S008_Anish,house_A,spoil_free_pcb_v1,pcb_A,chamber_A,poultry,chicken,Warmup,1310,0.164,7527,0.941,431,0.054,30.58,93219.0,64.82,179700.0,none
2026-07-28T18:48:36,613.04,S008_Anish,house_A,spoil_free_pcb_v1,pcb_A,chamber_A,poultry,chicken,Warmup,1308,0.164,7526,0.941,431,0.054,30.58,93219.0,64.81,181100.0,none
2026-07-28T18:48:38,615.03,S008_Anish,house_A,spoil_free_pcb_v1,pcb_A,chamber_A,poultry,chicken,Warmup,1308,0.164,7527,0.941,431,0.054,30.58,93219.0,64.79,181100.0,none
2026-07-28T18:48:40,617.04,S008_Anish,house_A,spoil_free_pcb_v1,pcb_A,chamber_A,poultry,chicken,Warmup,1309,0.164,7528,0.941,431,0.054,30.59,93219.0,64.81,181400.0,none
2026-07-28T18:48:42,619.04,S008_Anish,house_A,spoil_free_pcb_v1,pcb_A,chamber_A,poultry,chicken,Warmup,1308,0.164,7529,0.941,431,0.054,30.59,93221.0,64.81,181300.0,none
2026-07-28T18:48:44,621.03,S008_Anish,house_A,spoil_free_pcb_v1,pcb_A,chamber_A,poultry,chicken,Warmup,1310,0.164,7527,0.941,430,0.054,30.59,93221.0,64.81,180700.0,none
2026-07-28T18:48:46,623.03,S008_Anish,house_A,spoil_free_pcb_v1,pcb_A,chamber_A,poultry,chicken,Warmup,1311,0.164,7528,0.941,431,0.054,30.59,93221.0,64.79,182400.0,none
2026-07-28T18:48:48,625.04,S008_Anish,house_A,spoil_free_pcb_v1,pcb_A,chamber_A,poultry,chicken,Warmup,1311,0.164,7529,0.941,433,0.054,30.59,93221.0,64.8,182000.0,none
2026-07-28T18:48:50,627.03,S008_Anish,house_A,spoil_free_pcb_v1,pcb_A,chamber_A,poultry,chicken,Warmup,1311,0.164,7528,0.941,431,0.054,30.6,93221.0,64.8,181400.0,none
2026-07-28T18:48:52,629.02,S008_Anish,house_A,spoil_free_pcb_v1,pcb_A,chamber_A,poultry,chicken,Warmup,1315,0.164,7528,0.941,431,0.054,30.6,93221.0,64.8,181400.0,none
2026-07-28T18:48:54,631.04,S008_Anish,house_A,spoil_free_pcb_v1,pcb_A,chamber_A,poultry,chicken,Warmup,1313,0.164,7529,0.941,431,0.054,30.6,93221.0,64.77,180300.0,none
2026-07-28T18:48:56,633.03,S008_Anish,house_A,spoil_free_pcb_v1,pcb_A,chamber_A,poultry,chicken,Warmup,1316,0.165,7529,0.941,432,0.054,30.6,93221.0,64.77,182400.0,none
2026-07-28T18:48:58,635.04,S008_Anish,house_A,spoil_free_pcb_v1,pcb_A,chamber_A,poultry,chicken,Warmup,1316,0.165,7531,0.941,430,0.054,30.6,93221.0,64.77,182200.0,none
2026-07-28T18:49:00,637.03,S008_Anish,house_A,spoil_free_pcb_v1,pcb_A,chamber_A,poultry,chicken,Warmup,1321,0.165,7530,0.941,431,0.054,30.6,93221.0,64.78,182200.0,none
2026-07-28T18:49:02,639.03,S008_Anish,house_A,spoil_free_pcb_v1,pcb_A,chamber_A,poultry,chicken,Warmup,1319,0.165,7531,0.941,431,0.054,30.6,93221.0,64.77,183800.0,none
2026-07-28T18:49:04,641.03,S008_Anish,house_A,spoil_free_pcb_v1,pcb_A,chamber_A,poultry,chicken,Warmup,1320,0.165,7530,0.941,431,0.054,30.61,93221.0,64.76,182000.0,none
2026-07-28T18:49:06,643.03,S008_Anish,house_A,spoil_free_pcb_v1,pcb_A,chamber_A,poultry,chicken,Warmup,1322,0.165,7532,0.942,431,0.054,30.61,93225.0,64.74,182600.0,none
2026-07-28T18:49:08,645.03,S008_Anish,house_A,spoil_free_pcb_v1,pcb_A,chamber_A,poultry,chicken,Warmup,1325,0.166,7532,0.942,432,0.054,30.61,93225.0,64.75,182600.0,none
2026-07-28T18:49:10,647.03,S008_Anish,house_A,spoil_free_pcb_v1,pcb_A,chamber_A,poultry,chicken,Warmup,1325,0.166,7532,0.942,429,0.054,30.61,93225.0,64.74,183000.0,none
2026-07-28T18:49:12,649.03,S008_Anish,house_A,spoil_free_pcb_v1,pcb_A,chamber_A,poultry,chicken,Warmup,1320,0.165,7531,0.941,430,0.054,30.61,93225.0,64.74,184400.0,none
2026-07-28T18:49:14,651.02,S008_Anish,house_A,spoil_free_pcb_v1,pcb_A,chamber_A,poultry,chicken,Warmup,1320,0.165,7531,0.941,430,0.054,30.61,93225.0,64.75,182600.0,none
2026-07-28T18:49:16,653.03,S008_Anish,house_A,spoil_free_pcb_v1,pcb_A,chamber_A,poultry,chicken,Warmup,1321,0.165,7532,0.942,430,0.054,30.61,93225.0,64.73,180300.0,none
2026-07-28T18:49:18,655.03,S008_Anish,house_A,spoil_free_pcb_v1,pcb_A,chamber_A,poultry,chicken,Warmup,1319,0.165,7534,0.942,430,0.054,30.61,93225.0,64.74,182600.0,none
2026-07-28T18:49:20,657.02,S008_Anish,house_A,spoil_free_pcb_v1,pcb_A,chamber_A,poultry,chicken,Warmup,1320,0.165,7532,0.942,430,0.054,30.62,93225.0,64.73,183400.0,none
2026-07-28T18:49:22,659.03,S008_Anish,house_A,spoil_free_pcb_v1,pcb_A,chamber_A,poultry,chicken,Warmup,1319,0.165,7532,0.942,431,0.054,30.62,93227.0,64.74,184600.0,none
2026-07-28T18:49:24,661.03,S008_Anish,house_A,spoil_free_pcb_v1,pcb_A,chamber_A,poultry,chicken,Warmup,1319,0.165,7533,0.942,431,0.054,30.62,93227.0,64.72,184400.0,none
2026-07-28T18:49:26,663.02,S008_Anish,house_A,spoil_free_pcb_v1,pcb_A,chamber_A,poultry,chicken,Warmup,1318,0.165,7534,0.942,430,0.054,30.62,93227.0,64.72,180900.0,none
2026-07-28T18:49:28,665.03,S008_Anish,house_A,spoil_free_pcb_v1,pcb_A,chamber_A,poultry,chicken,Warmup,1318,0.165,7535,0.942,431,0.054,30.62,93225.0,64.72,183800.0,none
2026-07-28T18:49:30,667.03,S008_Anish,house_A,spoil_free_pcb_v1,pcb_A,chamber_A,poultry,chicken,Warmup,1319,0.165,7535,0.942,430,0.054,30.62,93225.0,64.7,185600.0,none
2026-07-28T18:49:32,669.04,S008_Anish,house_A,spoil_free_pcb_v1,pcb_A,chamber_A,poultry,chicken,Warmup,1317,0.165,7535,0.942,430,0.054,30.62,93225.0,64.71,184600.0,none
2026-07-28T18:49:34,671.03,S008_Anish,house_A,spoil_free_pcb_v1,pcb_A,chamber_A,poultry,chicken,Warmup,1314,0.164,7536,0.942,431,0.054,30.63,93225.0,64.71,184800.0,none
2026-07-28T18:49:36,673.03,S008_Anish,house_A,spoil_free_pcb_v1,pcb_A,chamber_A,poultry,chicken,Warmup,1315,0.164,7536,0.942,431,0.054,30.63,93225.0,64.71,184600.0,none
2026-07-28T18:49:38,675.02,S008_Anish,house_A,spoil_free_pcb_v1,pcb_A,chamber_A,poultry,chicken,Warmup,1313,0.164,7535,0.942,431,0.054,30.63,93229.0,64.71,184400.0,none
2026-07-28T18:49:40,677.03,S008_Anish,house_A,spoil_free_pcb_v1,pcb_A,chamber_A,poultry,chicken,Warmup,1313,0.164,7539,0.942,430,0.054,30.63,93227.0,64.69,185600.0,none
2026-07-28T18:49:42,679.03,S008_Anish,house_A,spoil_free_pcb_v1,pcb_A,chamber_A,poultry,chicken,Warmup,1311,0.164,7537,0.942,431,0.054,30.63,93227.0,64.68,185600.0,none
2026-07-28T18:49:44,681.03,S008_Anish,house_A,spoil_free_pcb_v1,pcb_A,chamber_A,poultry,chicken,Warmup,1308,0.164,7539,0.942,430,0.054,30.63,93227.0,64.69,185800.0,none
2026-07-28T18:49:46,683.02,S008_Anish,house_A,spoil_free_pcb_v1,pcb_A,chamber_A,poultry,chicken,Warmup,1307,0.163,7539,0.942,429,0.054,30.63,93227.0,64.68,185200.0,none
2026-07-28T18:49:48,685.04,S008_Anish,house_A,spoil_free_pcb_v1,pcb_A,chamber_A,poultry,chicken,Warmup,1308,0.164,7540,0.943,430,0.054,30.63,93227.0,64.67,185600.0,none
2026-07-28T18:49:50,687.04,S008_Anish,house_A,spoil_free_pcb_v1,pcb_A,chamber_A,poultry,chicken,Warmup,1308,0.164,7540,0.943,430,0.054,30.64,93227.0,64.66,186200.0,none
2026-07-28T18:49:52,689.04,S008_Anish,house_A,spoil_free_pcb_v1,pcb_A,chamber_A,poultry,chicken,Warmup,1307,0.163,7541,0.943,430,0.054,30.64,93227.0,64.67,185400.0,none
2026-07-28T18:49:54,691.03,S008_Anish,house_A,spoil_free_pcb_v1,pcb_A,chamber_A,poultry,chicken,Warmup,1308,0.164,7541,0.943,430,0.054,30.64,93229.0,64.66,186600.0,none
2026-07-28T18:49:56,693.03,S008_Anish,house_A,spoil_free_pcb_v1,pcb_A,chamber_A,poultry,chicken,Warmup,1308,0.164,7542,0.943,430,0.054,30.63,93229.0,64.67,185600.0,none
2026-07-28T18:49:58,695.02,S008_Anish,house_A,spoil_free_pcb_v1,pcb_A,chamber_A,poultry,chicken,Warmup,1310,0.164,7542,0.943,431,0.054,30.63,93229.0,64.66,184200.0,none
2026-07-28T18:50:00,697.03,S008_Anish,house_A,spoil_free_pcb_v1,pcb_A,chamber_A,poultry,chicken,Warmup,1309,0.164,7543,0.943,431,0.054,30.63,93229.0,64.66,186000.0,none
2026-07-28T18:50:02,699.03,S008_Anish,house_A,spoil_free_pcb_v1,pcb_A,chamber_A,poultry,chicken,Warmup,1307,0.163,7543,0.943,431,0.054,30.63,93229.0,64.67,186600.0,none
2026-07-28T18:50:04,701.04,S008_Anish,house_A,spoil_free_pcb_v1,pcb_A,chamber_A,poultry,chicken,Warmup,1306,0.163,7542,0.943,432,0.054,30.63,93229.0,64.67,186000.0,none
2026-07-28T18:50:06,703.03,S008_Anish,house_A,spoil_free_pcb_v1,pcb_A,chamber_A,poultry,chicken,Warmup,1305,0.163,7542,0.943,430,0.054,30.63,93229.0,64.65,187000.0,none
2026-07-28T18:50:08,705.03,S008_Anish,house_A,spoil_free_pcb_v1,pcb_A,chamber_A,poultry,chicken,Warmup,1305,0.163,7542,0.943,430,0.054,30.63,93229.0,64.64,185200.0,none
2026-07-28T18:50:10,707.03,S008_Anish,house_A,spoil_free_pcb_v1,pcb_A,chamber_A,poultry,chicken,Warmup,1307,0.163,7543,0.943,430,0.054,30.63,93229.0,64.65,187200.0,none
2026-07-28T18:50:12,709.04,S008_Anish,house_A,spoil_free_pcb_v1,pcb_A,chamber_A,poultry,chicken,Warmup,1304,0.163,7545,0.943,430,0.054,30.64,93229.0,64.66,191400.0,none
2026-07-28T18:50:14,711.03,S008_Anish,house_A,spoil_free_pcb_v1,pcb_A,chamber_A,poultry,chicken,Warmup,1306,0.163,7544,0.943,430,0.054,30.64,93229.0,64.66,187000.0,none
2026-07-28T18:50:16,713.02,S008_Anish,house_A,spoil_free_pcb_v1,pcb_A,chamber_A,poultry,chicken,Warmup,1306,0.163,7543,0.943,430,0.054,30.64,93229.0,64.67,193100.0,none
2026-07-28T18:50:18,715.03,S008_Anish,house_A,spoil_free_pcb_v1,pcb_A,chamber_A,poultry,chicken,Warmup,1304,0.163,7543,0.943,429,0.054,30.64,93229.0,64.66,191600.0,none
2026-07-28T18:50:20,717.03,S008_Anish,house_A,spoil_free_pcb_v1,pcb_A,chamber_A,poultry,chicken,Warmup,1304,0.163,7544,0.943,429,0.054,30.64,93229.0,64.65,191200.0,none
2026-07-28T18:50:22,719.04,S008_Anish,house_A,spoil_free_pcb_v1,pcb_A,chamber_A,poultry,chicken,Warmup,1304,0.163,7544,0.943,431,0.054,30.64,93227.0,64.64,192100.0,none
2026-07-28T18:50:24,721.03,S008_Anish,house_A,spoil_free_pcb_v1,pcb_A,chamber_A,poultry,chicken,Warmup,1302,0.163,7546,0.943,430,0.054,30.64,93227.0,64.64,192600.0,none
2026-07-28T18:50:26,723.03,S008_Anish,house_A,spoil_free_pcb_v1,pcb_A,chamber_A,poultry,chicken,Warmup,1302,0.163,7546,0.943,429,0.054,30.65,93227.0,64.66,192500.0,none
2026-07-28T18:50:28,725.03,S008_Anish,house_A,spoil_free_pcb_v1,pcb_A,chamber_A,poultry,chicken,Warmup,1300,0.163,7547,0.943,430,0.054,30.65,93229.0,64.64,192900.0,none
2026-07-28T18:50:30,727.02,S008_Anish,house_A,spoil_free_pcb_v1,pcb_A,chamber_A,poultry,chicken,Warmup,1301,0.163,7548,0.944,430,0.054,30.65,93229.0,64.63,193000.0,none
2026-07-28T18:50:32,729.03,S008_Anish,house_A,spoil_free_pcb_v1,pcb_A,chamber_A,poultry,chicken,Warmup,1301,0.163,7548,0.944,430,0.054,30.66,93229.0,64.64,192800.0,none
2026-07-28T18:50:34,731.01,S008_Anish,house_A,spoil_free_pcb_v1,pcb_A,chamber_A,poultry,chicken,Warmup,1301,0.163,7547,0.943,431,0.054,30.66,93227.0,64.63,192300.0,none
2026-07-28T18:50:36,733.03,S008_Anish,house_A,spoil_free_pcb_v1,pcb_A,chamber_A,poultry,chicken,Warmup,1300,0.163,7547,0.943,429,0.054,30.66,93227.0,64.63,193600.0,none
2026-07-28T18:50:38,735.02,S008_Anish,house_A,spoil_free_pcb_v1,pcb_A,chamber_A,poultry,chicken,Warmup,1301,0.163,7547,0.943,430,0.054,30.66,93227.0,64.61,193600.0,none
2026-07-28T18:50:40,737.03,S008_Anish,house_A,spoil_free_pcb_v1,pcb_A,chamber_A,poultry,chicken,Warmup,1302,0.163,7549,0.944,430,0.054,30.66,93227.0,64.62,194700.0,none
2026-07-28T18:50:42,739.02,S008_Anish,house_A,spoil_free_pcb_v1,pcb_A,chamber_A,poultry,chicken,Warmup,1303,0.163,7551,0.944,429,0.054,30.66,93227.0,64.62,194300.0,none
2026-07-28T18:50:44,741.04,S008_Anish,house_A,spoil_free_pcb_v1,pcb_A,chamber_A,poultry,chicken,Warmup,1301,0.163,7553,0.944,430,0.054,30.66,93227.0,64.64,193100.0,none
2026-07-28T18:50:46,743.03,S008_Anish,house_A,spoil_free_pcb_v1,pcb_A,chamber_A,poultry,chicken,Warmup,1302,0.163,7551,0.944,430,0.054,30.66,93227.0,64.62,194300.0,none
2026-07-28T18:50:48,745.04,S008_Anish,house_A,spoil_free_pcb_v1,pcb_A,chamber_A,poultry,chicken,Warmup,1300,0.163,7554,0.944,430,0.054,30.66,93227.0,64.61,192900.0,none
2026-07-28T18:50:50,747.04,S008_Anish,house_A,spoil_free_pcb_v1,pcb_A,chamber_A,poultry,chicken,Warmup,1300,0.163,7553,0.944,430,0.054,30.66,93227.0,64.61,194300.0,none
2026-07-28T18:50:52,749.03,S008_Anish,house_A,spoil_free_pcb_v1,pcb_A,chamber_A,poultry,chicken,Warmup,1305,0.163,7554,0.944,430,0.054,30.67,93227.0,64.62,194300.0,none
2026-07-28T18:50:54,751.04,S008_Anish,house_A,spoil_free_pcb_v1,pcb_A,chamber_A,poultry,chicken,Warmup,1303,0.163,7555,0.944,429,0.054,30.67,93227.0,64.62,194400.0,none
2026-07-28T18:50:56,753.02,S008_Anish,house_A,spoil_free_pcb_v1,pcb_A,chamber_A,poultry,chicken,Warmup,1304,0.163,7555,0.944,428,0.054,30.67,93227.0,64.63,192400.0,none
2026-07-28T18:50:58,755.03,S008_Anish,house_A,spoil_free_pcb_v1,pcb_A,chamber_A,poultry,chicken,Warmup,1304,0.163,7556,0.945,430,0.054,30.67,93229.0,64.62,193700.0,none
2026-07-28T18:51:00,757.02,S008_Anish,house_A,spoil_free_pcb_v1,pcb_A,chamber_A,poultry,chicken,Warmup,1305,0.163,7557,0.945,430,0.054,30.67,93227.0,64.6,195300.0,none
2026-07-28T18:51:02,759.02,S008_Anish,house_A,spoil_free_pcb_v1,pcb_A,chamber_A,poultry,chicken,Warmup,1305,0.163,7557,0.945,430,0.054,30.67,93227.0,64.61,193700.0,none
2026-07-28T18:51:04,761.02,S008_Anish,house_A,spoil_free_pcb_v1,pcb_A,chamber_A,poultry,chicken,Warmup,1304,0.163,7557,0.945,430,0.054,30.67,93227.0,64.59,194400.0,none
2026-07-28T18:51:06,763.04,S008_Anish,house_A,spoil_free_pcb_v1,pcb_A,chamber_A,poultry,chicken,Warmup,1305,0.163,7559,0.945,429,0.054,30.68,93227.0,64.59,195000.0,none
2026-07-28T18:51:08,765.03,S008_Anish,house_A,spoil_free_pcb_v1,pcb_A,chamber_A,poultry,chicken,Warmup,1306,0.163,7560,0.945,430,0.054,30.68,93227.0,64.6,195500.0,none
2026-07-28T18:51:10,767.03,S008_Anish,house_A,spoil_free_pcb_v1,pcb_A,chamber_A,poultry,chicken,Warmup,1304,0.163,7560,0.945,429,0.054,30.68,93227.0,64.59,194600.0,none
2026-07-28T18:51:12,769.03,S008_Anish,house_A,spoil_free_pcb_v1,pcb_A,chamber_A,poultry,chicken,Warmup,1304,0.163,7561,0.945,429,0.054,30.68,93227.0,64.58,195300.0,none
2026-07-28T18:51:14,771.02,S008_Anish,house_A,spoil_free_pcb_v1,pcb_A,chamber_A,poultry,chicken,Warmup,1305,0.163,7562,0.945,429,0.054,30.69,93227.0,64.59,195300.0,none
2026-07-28T18:51:16,773.03,S008_Anish,house_A,spoil_free_pcb_v1,pcb_A,chamber_A,poultry,chicken,Warmup,1304,0.163,7561,0.945,430,0.054,30.69,93229.0,64.59,195300.0,none
2026-07-28T18:51:18,775.03,S008_Anish,house_A,spoil_free_pcb_v1,pcb_A,chamber_A,poultry,chicken,Warmup,1307,0.163,7564,0.946,429,0.054,30.69,93229.0,64.59,195200.0,none
2026-07-28T18:51:20,777.04,S008_Anish,house_A,spoil_free_pcb_v1,pcb_A,chamber_A,poultry,chicken,Warmup,1304,0.163,7567,0.946,429,0.054,30.69,93229.0,64.57,196200.0,none
2026-07-28T18:51:22,779.03,S008_Anish,house_A,spoil_free_pcb_v1,pcb_A,chamber_A,poultry,chicken,Warmup,1304,0.163,7569,0.946,429,0.054,30.69,93229.0,64.57,195200.0,none
2026-07-28T18:51:24,781.03,S008_Anish,house_A,spoil_free_pcb_v1,pcb_A,chamber_A,poultry,chicken,Warmup,1302,0.163,7568,0.946,428,0.054,30.69,93229.0,64.57,195400.0,none
2026-07-28T18:51:26,783.03,S008_Anish,house_A,spoil_free_pcb_v1,pcb_A,chamber_A,poultry,chicken,Warmup,1302,0.163,7571,0.946,429,0.054,30.69,93227.0,64.57,195500.0,none
2026-07-28T18:51:28,785.03,S008_Anish,house_A,spoil_free_pcb_v1,pcb_A,chamber_A,poultry,chicken,Warmup,1303,0.163,7572,0.947,429,0.054,30.69,93227.0,64.57,195100.0,none
2026-07-28T18:51:30,787.03,S008_Anish,house_A,spoil_free_pcb_v1,pcb_A,chamber_A,poultry,chicken,Warmup,1302,0.163,7574,0.947,429,0.054,30.7,93227.0,64.57,194400.0,none
2026-07-28T18:51:32,789.03,S008_Anish,house_A,spoil_free_pcb_v1,pcb_A,chamber_A,poultry,chicken,Warmup,1300,0.163,7574,0.947,429,0.054,30.7,93227.0,64.58,196400.0,none
2026-07-28T18:51:34,791.03,S008_Anish,house_A,spoil_free_pcb_v1,pcb_A,chamber_A,poultry,chicken,Warmup,1299,0.162,7573,0.947,429,0.054,30.7,93227.0,64.57,195600.0,none
2026-07-28T18:51:36,793.03,S008_Anish,house_A,spoil_free_pcb_v1,pcb_A,chamber_A,poultry,chicken,Warmup,1299,0.162,7573,0.947,429,0.054,30.7,93227.0,64.58,195700.0,none
2026-07-28T18:51:38,795.04,S008_Anish,house_A,spoil_free_pcb_v1,pcb_A,chamber_A,poultry,chicken,Warmup,1299,0.162,7573,0.947,429,0.054,30.7,93227.0,64.58,196500.0,none
2026-07-28T18:51:40,797.04,S008_Anish,house_A,spoil_free_pcb_v1,pcb_A,chamber_A,poultry,chicken,Warmup,1299,0.162,7576,0.947,429,0.054,30.71,93227.0,64.58,193100.0,none
2026-07-28T18:51:42,799.03,S008_Anish,house_A,spoil_free_pcb_v1,pcb_A,chamber_A,poultry,chicken,Warmup,1300,0.163,7576,0.947,430,0.054,30.71,93229.0,64.55,195400.0,none
2026-07-28T18:51:44,801.03,S008_Anish,house_A,spoil_free_pcb_v1,pcb_A,chamber_A,poultry,chicken,Warmup,1301,0.163,7577,0.947,429,0.054,30.71,93229.0,64.55,197300.0,none
2026-07-28T18:51:46,803.02,S008_Anish,house_A,spoil_free_pcb_v1,pcb_A,chamber_A,poultry,chicken,Warmup,1301,0.163,7577,0.947,429,0.054,30.71,93229.0,64.56,197300.0,none
2026-07-28T18:51:48,805.03,S008_Anish,house_A,spoil_free_pcb_v1,pcb_A,chamber_A,poultry,chicken,Warmup,1301,0.163,7578,0.947,429,0.054,30.71,93229.0,64.57,197800.0,none
2026-07-28T18:51:50,807.03,S008_Anish,house_A,spoil_free_pcb_v1,pcb_A,chamber_A,poultry,chicken,Warmup,1301,0.163,7580,0.948,430,0.054,30.71,93229.0,64.55,197300.0,none
2026-07-28T18:51:52,809.03,S008_Anish,house_A,spoil_free_pcb_v1,pcb_A,chamber_A,poultry,chicken,Warmup,1303,0.163,7580,0.948,429,0.054,30.71,93229.0,64.55,196800.0,none
2026-07-28T18:51:54,811.03,S008_Anish,house_A,spoil_free_pcb_v1,pcb_A,chamber_A,poultry,chicken,Warmup,1306,0.163,7580,0.948,429,0.054,30.71,93229.0,64.54,197100.0,none
2026-07-28T18:51:56,813.03,S008_Anish,house_A,spoil_free_pcb_v1,pcb_A,chamber_A,poultry,chicken,Warmup,1305,0.163,7580,0.948,429,0.054,30.72,93229.0,64.55,197300.0,none
2026-07-28T18:51:58,815.02,S008_Anish,house_A,spoil_free_pcb_v1,pcb_A,chamber_A,poultry,chicken,Warmup,1305,0.163,7579,0.947,429,0.054,30.72,93229.0,64.54,197300.0,none
2026-07-28T18:52:00,817.03,S008_Anish,house_A,spoil_free_pcb_v1,pcb_A,chamber_A,poultry,chicken,Warmup,1306,0.163,7579,0.947,429,0.054,30.72,93229.0,64.54,197200.0,none
2026-07-28T18:52:02,819.02,S008_Anish,house_A,spoil_free_pcb_v1,pcb_A,chamber_A,poultry,chicken,Warmup,1306,0.163,7579,0.947,429,0.054,30.72,93229.0,64.52,197300.0,none
2026-07-28T18:52:04,821.02,S008_Anish,house_A,spoil_free_pcb_v1,pcb_A,chamber_A,poultry,chicken,Warmup,1307,0.163,7579,0.947,428,0.054,30.72,93229.0,64.52,197900.0,none
2026-07-28T18:52:06,823.03,S008_Anish,house_A,spoil_free_pcb_v1,pcb_A,chamber_A,poultry,chicken,Warmup,1307,0.163,7579,0.947,429,0.054,30.72,93229.0,64.51,198500.0,none
2026-07-28T18:52:08,825.02,S008_Anish,house_A,spoil_free_pcb_v1,pcb_A,chamber_A,poultry,chicken,Warmup,1306,0.163,7578,0.947,428,0.054,30.73,93229.0,64.5,198500.0,none
2026-07-28T18:52:10,827.03,S008_Anish,house_A,spoil_free_pcb_v1,pcb_A,chamber_A,poultry,chicken,Warmup,1306,0.163,7578,0.947,428,0.054,30.73,93229.0,64.49,196500.0,none
2026-07-28T18:52:12,829.03,S008_Anish,house_A,spoil_free_pcb_v1,pcb_A,chamber_A,poultry,chicken,Warmup,1306,0.163,7579,0.947,429,0.054,30.73,93233.0,64.5,197400.0,none
2026-07-28T18:52:14,831.02,S008_Anish,house_A,spoil_free_pcb_v1,pcb_A,chamber_A,poultry,chicken,Warmup,1306,0.163,7580,0.948,429,0.054,30.73,93233.0,64.47,197400.0,none
2026-07-28T18:52:16,833.03,S008_Anish,house_A,spoil_free_pcb_v1,pcb_A,chamber_A,poultry,chicken,Warmup,1306,0.163,7580,0.948,429,0.054,30.73,93233.0,64.47,197900.0,none
2026-07-28T18:52:18,835.03,S008_Anish,house_A,spoil_free_pcb_v1,pcb_A,chamber_A,poultry,chicken,Warmup,1307,0.163,7580,0.948,429,0.054,30.73,93233.0,64.49,195500.0,none
2026-07-28T18:52:20,837.03,S008_Anish,house_A,spoil_free_pcb_v1,pcb_A,chamber_A,poultry,chicken,Warmup,1309,0.164,7581,0.948,430,0.054,30.73,93233.0,64.47,199400.0,none
2026-07-28T18:52:22,839.03,S008_Anish,house_A,spoil_free_pcb_v1,pcb_A,chamber_A,poultry,chicken,Warmup,1307,0.163,7582,0.948,429,0.054,30.73,93233.0,64.48,196400.0,none
2026-07-28T18:52:24,841.02,S008_Anish,house_A,spoil_free_pcb_v1,pcb_A,chamber_A,poultry,chicken,Warmup,1308,0.164,7582,0.948,428,0.054,30.74,93233.0,64.48,199100.0,none
2026-07-28T18:52:26,843.03,S008_Anish,house_A,spoil_free_pcb_v1,pcb_A,chamber_A,poultry,chicken,Warmup,1307,0.163,7581,0.948,429,0.054,30.74,93233.0,64.46,199500.0,none
2026-07-28T18:52:28,845.03,S008_Anish,house_A,spoil_free_pcb_v1,pcb_A,chamber_A,poultry,chicken,Warmup,1307,0.163,7583,0.948,428,0.054,30.74,93233.0,64.48,199300.0,none
2026-07-28T18:52:30,847.02,S008_Anish,house_A,spoil_free_pcb_v1,pcb_A,chamber_A,poultry,chicken,Warmup,1308,0.164,7583,0.948,428,0.054,30.74,93233.0,64.46,197100.0,none
2026-07-28T18:52:32,849.02,S008_Anish,house_A,spoil_free_pcb_v1,pcb_A,chamber_A,poultry,chicken,Warmup,1308,0.164,7584,0.948,429,0.054,30.74,93233.0,64.46,198700.0,none
2026-07-28T18:52:34,851.02,S008_Anish,house_A,spoil_free_pcb_v1,pcb_A,chamber_A,poultry,chicken,Warmup,1311,0.164,7585,0.948,428,0.054,30.74,93233.0,64.46,199500.0,none
2026-07-28T18:52:36,853.02,S008_Anish,house_A,spoil_free_pcb_v1,pcb_A,chamber_A,poultry,chicken,Warmup,1311,0.164,7588,0.949,429,0.054,30.74,93233.0,64.46,199400.0,none
2026-07-28T18:52:38,855.02,S008_Anish,house_A,spoil_free_pcb_v1,pcb_A,chamber_A,poultry,chicken,Warmup,1312,0.164,7588,0.949,429,0.054,30.75,93233.0,64.46,199100.0,none
2026-07-28T18:52:40,857.02,S008_Anish,house_A,spoil_free_pcb_v1,pcb_A,chamber_A,poultry,chicken,Warmup,1313,0.164,7590,0.949,428,0.054,30.75,93231.0,64.46,199800.0,none
2026-07-28T18:52:42,859.02,S008_Anish,house_A,spoil_free_pcb_v1,pcb_A,chamber_A,poultry,chicken,Warmup,1312,0.164,7590,0.949,428,0.054,30.75,93231.0,64.44,198900.0,none
2026-07-28T18:52:44,861.03,S008_Anish,house_A,spoil_free_pcb_v1,pcb_A,chamber_A,poultry,chicken,Warmup,1308,0.164,7593,0.949,429,0.054,30.75,93231.0,64.46,199600.0,none
2026-07-28T18:52:46,863.03,S008_Anish,house_A,spoil_free_pcb_v1,pcb_A,chamber_A,poultry,chicken,Warmup,1306,0.163,7595,0.949,428,0.054,30.75,93231.0,64.46,199900.0,none
2026-07-28T18:52:48,865.03,S008_Anish,house_A,spoil_free_pcb_v1,pcb_A,chamber_A,poultry,chicken,Warmup,1306,0.163,7598,0.95,428,0.054,30.75,93231.0,64.45,198700.0,none
2026-07-28T18:52:50,867.02,S008_Anish,house_A,spoil_free_pcb_v1,pcb_A,chamber_A,poultry,chicken,Warmup,1307,0.163,7599,0.95,428,0.054,30.75,93231.0,64.44,200200.0,none
2026-07-28T18:52:52,869.03,S008_Anish,house_A,spoil_free_pcb_v1,pcb_A,chamber_A,poultry,chicken,Warmup,1303,0.163,7599,0.95,429,0.054,30.75,93231.0,64.46,199500.0,none
2026-07-28T18:52:54,871.03,S008_Anish,house_A,spoil_free_pcb_v1,pcb_A,chamber_A,poultry,chicken,Warmup,1303,0.163,7601,0.95,429,0.054,30.75,93231.0,64.48,198600.0,none
2026-07-28T18:52:56,873.02,S008_Anish,house_A,spoil_free_pcb_v1,pcb_A,chamber_A,poultry,chicken,Warmup,1299,0.162,7600,0.95,429,0.054,30.75,93233.0,64.46,200600.0,none
2026-07-28T18:52:58,875.03,S008_Anish,house_A,spoil_free_pcb_v1,pcb_A,chamber_A,poultry,chicken,Warmup,1297,0.162,7602,0.95,429,0.054,30.75,93233.0,64.48,200500.0,none
2026-07-28T18:53:00,877.03,S008_Anish,house_A,spoil_free_pcb_v1,pcb_A,chamber_A,poultry,chicken,Warmup,1297,0.162,7603,0.95,428,0.054,30.75,93233.0,64.47,199600.0,none
2026-07-28T18:53:02,879.03,S008_Anish,house_A,spoil_free_pcb_v1,pcb_A,chamber_A,poultry,chicken,Warmup,1295,0.162,7604,0.951,428,0.054,30.75,93233.0,64.46,200200.0,none
2026-07-28T18:53:04,881.03,S008_Anish,house_A,spoil_free_pcb_v1,pcb_A,chamber_A,poultry,chicken,Warmup,1293,0.162,7602,0.95,429,0.054,30.75,93233.0,64.45,199800.0,none
2026-07-28T18:53:06,883.02,S008_Anish,house_A,spoil_free_pcb_v1,pcb_A,chamber_A,poultry,chicken,Warmup,1296,0.162,7603,0.95,428,0.054,30.75,93233.0,64.46,202000.0,none
2026-07-28T18:53:08,885.02,S008_Anish,house_A,spoil_free_pcb_v1,pcb_A,chamber_A,poultry,chicken,Warmup,1297,0.162,7603,0.95,429,0.054,30.75,93233.0,64.47,201000.0,none
2026-07-28T18:53:10,887.02,S008_Anish,house_A,spoil_free_pcb_v1,pcb_A,chamber_A,poultry,chicken,Warmup,1296,0.162,7603,0.95,428,0.054,30.75,93233.0,64.46,201000.0,none
2026-07-28T18:53:12,889.03,S008_Anish,house_A,spoil_free_pcb_v1,pcb_A,chamber_A,poultry,chicken,Warmup,1296,0.162,7604,0.951,429,0.054,30.76,93233.0,64.47,200600.0,none
2026-07-28T18:53:14,891.03,S008_Anish,house_A,spoil_free_pcb_v1,pcb_A,chamber_A,poultry,chicken,Warmup,1293,0.162,7603,0.95,428,0.054,30.76,93233.0,64.45,200900.0,none
2026-07-28T18:53:16,893.02,S008_Anish,house_A,spoil_free_pcb_v1,pcb_A,chamber_A,poultry,chicken,Warmup,1294,0.162,7603,0.95,429,0.054,30.76,93233.0,64.45,201300.0,none
2026-07-28T18:53:18,895.03,S008_Anish,house_A,spoil_free_pcb_v1,pcb_A,chamber_A,poultry,chicken,Warmup,1292,0.162,7604,0.951,428,0.054,30.76,93235.0,64.44,200700.0,none
2026-07-28T18:53:20,897.03,S008_Anish,house_A,spoil_free_pcb_v1,pcb_A,chamber_A,poultry,chicken,Warmup,1292,0.162,7604,0.951,429,0.054,30.76,93235.0,64.44,201000.0,none
2026-07-28T18:53:22,899.02,S008_Anish,house_A,spoil_free_pcb_v1,pcb_A,chamber_A,poultry,chicken,Warmup,1294,0.162,7604,0.951,428,0.054,30.76,93235.0,64.43,201000.0,none
2026-07-28T18:53:24,901.04,S008_Anish,house_A,spoil_free_pcb_v1,pcb_A,chamber_A,poultry,chicken,Warmup,1293,0.162,7606,0.951,428,0.054,30.76,93235.0,64.43,202200.0,none
2026-07-28T18:53:26,903.03,S008_Anish,house_A,spoil_free_pcb_v1,pcb_A,chamber_A,poultry,chicken,Warmup,1294,0.162,7604,0.951,429,0.054,30.76,93235.0,64.45,200700.0,none
2026-07-28T18:53:28,905.03,S008_Anish,house_A,spoil_free_pcb_v1,pcb_A,chamber_A,poultry,chicken,Warmup,1295,0.162,7604,0.951,429,0.054,30.76,93235.0,64.43,201800.0,none
2026-07-28T18:53:30,907.03,S008_Anish,house_A,spoil_free_pcb_v1,pcb_A,chamber_A,poultry,chicken,Warmup,1296,0.162,7604,0.951,428,0.054,30.76,93233.0,64.42,201500.0,none
2026-07-28T18:53:32,909.02,S008_Anish,house_A,spoil_free_pcb_v1,pcb_A,chamber_A,poultry,chicken,Warmup,1294,0.162,7604,0.951,428,0.054,30.77,93233.0,64.42,201200.0,none
2026-07-28T18:53:34,911.03,S008_Anish,house_A,spoil_free_pcb_v1,pcb_A,chamber_A,poultry,chicken,Warmup,1294,0.162,7606,0.951,428,0.054,30.77,93233.0,64.42,200700.0,none
2026-07-28T18:53:36,913.03,S008_Anish,house_A,spoil_free_pcb_v1,pcb_A,chamber_A,poultry,chicken,Warmup,1296,0.162,7607,0.951,429,0.054,30.77,93233.0,64.42,202200.0,none
2026-07-28T18:53:38,915.02,S008_Anish,house_A,spoil_free_pcb_v1,pcb_A,chamber_A,poultry,chicken,Warmup,1295,0.162,7606,0.951,429,0.054,30.77,93233.0,64.43,200800.0,none
2026-07-28T18:53:40,917.02,S008_Anish,house_A,spoil_free_pcb_v1,pcb_A,chamber_A,poultry,chicken,Warmup,1290,0.161,7608,0.951,428,0.054,30.77,93233.0,64.4,202700.0,none
2026-07-28T18:53:42,919.02,S008_Anish,house_A,spoil_free_pcb_v1,pcb_A,chamber_A,poultry,chicken,Warmup,1293,0.162,7609,0.951,428,0.054,30.77,93235.0,64.41,202400.0,none
2026-07-28T18:53:44,921.02,S008_Anish,house_A,spoil_free_pcb_v1,pcb_A,chamber_A,poultry,chicken,Warmup,1295,0.162,7610,0.951,428,0.054,30.77,93237.0,64.41,202700.0,none
2026-07-28T18:53:46,923.03,S008_Anish,house_A,spoil_free_pcb_v1,pcb_A,chamber_A,poultry,chicken,Warmup,1295,0.162,7610,0.951,427,0.053,30.77,93237.0,64.42,202200.0,none
2026-07-28T18:53:48,925.02,S008_Anish,house_A,spoil_free_pcb_v1,pcb_A,chamber_A,poultry,chicken,Warmup,1297,0.162,7609,0.951,429,0.054,30.77,93237.0,64.4,202400.0,none
2026-07-28T18:53:50,927.03,S008_Anish,house_A,spoil_free_pcb_v1,pcb_A,chamber_A,poultry,chicken,Warmup,1299,0.162,7610,0.951,429,0.054,30.77,93237.0,64.43,202200.0,none
2026-07-28T18:53:52,929.02,S008_Anish,house_A,spoil_free_pcb_v1,pcb_A,chamber_A,poultry,chicken,Warmup,1301,0.163,7608,0.951,429,0.054,30.77,93237.0,64.43,202100.0,none
2026-07-28T18:53:54,931.02,S008_Anish,house_A,spoil_free_pcb_v1,pcb_A,chamber_A,poultry,chicken,Warmup,1303,0.163,7611,0.951,428,0.054,30.77,93235.0,64.41,203000.0,none
2026-07-28T18:53:56,933.02,S008_Anish,house_A,spoil_free_pcb_v1,pcb_A,chamber_A,poultry,chicken,Warmup,1308,0.164,7612,0.952,429,0.054,30.77,93235.0,64.42,202700.0,none
2026-07-28T18:53:58,935.03,S008_Anish,house_A,spoil_free_pcb_v1,pcb_A,chamber_A,poultry,chicken,Warmup,1310,0.164,7613,0.952,429,0.054,30.77,93235.0,64.43,202400.0,none
2026-07-28T18:54:00,937.03,S008_Anish,house_A,spoil_free_pcb_v1,pcb_A,chamber_A,poultry,chicken,Warmup,1308,0.164,7614,0.952,428,0.054,30.77,93235.0,64.42,202700.0,none
2026-07-28T18:54:02,939.03,S008_Anish,house_A,spoil_free_pcb_v1,pcb_A,chamber_A,poultry,chicken,Warmup,1309,0.164,7614,0.952,429,0.054,30.76,93235.0,64.43,203200.0,none
2026-07-28T18:54:04,941.02,S008_Anish,house_A,spoil_free_pcb_v1,pcb_A,chamber_A,poultry,chicken,Warmup,1313,0.164,7615,0.952,428,0.054,30.76,93235.0,64.43,203100.0,none
2026-07-28T18:54:06,943.03,S008_Anish,house_A,spoil_free_pcb_v1,pcb_A,chamber_A,poultry,chicken,Warmup,1304,0.163,7615,0.952,428,0.054,30.76,93235.0,64.43,205400.0,none
2026-07-28T18:54:08,945.02,S008_Anish,house_A,spoil_free_pcb_v1,pcb_A,chamber_A,poultry,chicken,Warmup,1303,0.163,7613,0.952,428,0.054,30.76,93235.0,64.41,203100.0,none
2026-07-28T18:54:10,947.02,S008_Anish,house_A,spoil_free_pcb_v1,pcb_A,chamber_A,poultry,chicken,Warmup,1299,0.162,7614,0.952,429,0.054,30.76,93235.0,64.42,203200.0,none
2026-07-28T18:54:12,949.03,S008_Anish,house_A,spoil_free_pcb_v1,pcb_A,chamber_A,poultry,chicken,Warmup,1298,0.162,7615,0.952,429,0.054,30.77,93235.0,64.41,204100.0,none
2026-07-28T18:54:14,951.03,S008_Anish,house_A,spoil_free_pcb_v1,pcb_A,chamber_A,poultry,chicken,Warmup,1294,0.162,7615,0.952,428,0.054,30.77,93237.0,64.42,203800.0,none
2026-07-28T18:54:16,953.02,S008_Anish,house_A,spoil_free_pcb_v1,pcb_A,chamber_A,poultry,chicken,Warmup,1294,0.162,7616,0.952,428,0.054,30.77,93237.0,64.41,203700.0,none
2026-07-28T18:54:18,955.03,S008_Anish,house_A,spoil_free_pcb_v1,pcb_A,chamber_A,poultry,chicken,Warmup,1292,0.162,7615,0.952,428,0.054,30.77,93237.0,64.42,203300.0,none
2026-07-28T18:54:20,957.02,S008_Anish,house_A,spoil_free_pcb_v1,pcb_A,chamber_A,poultry,chicken,Warmup,1287,0.161,7618,0.952,429,0.054,30.77,93237.0,64.42,204200.0,none
2026-07-28T18:54:22,959.02,S008_Anish,house_A,spoil_free_pcb_v1,pcb_A,chamber_A,poultry,chicken,Warmup,1294,0.162,7618,0.952,428,0.054,30.77,93237.0,64.43,203400.0,none
2026-07-28T18:54:24,961.02,S008_Anish,house_A,spoil_free_pcb_v1,pcb_A,chamber_A,poultry,chicken,Warmup,1294,0.162,7619,0.952,427,0.053,30.77,93237.0,64.4,205000.0,none
2026-07-28T18:54:26,963.02,S008_Anish,house_A,spoil_free_pcb_v1,pcb_A,chamber_A,poultry,chicken,Warmup,1295,0.162,7620,0.953,428,0.054,30.78,93237.0,64.41,205300.0,none
2026-07-28T18:54:28,965.03,S008_Anish,house_A,spoil_free_pcb_v1,pcb_A,chamber_A,poultry,chicken,Warmup,1295,0.162,7620,0.953,428,0.054,30.78,93237.0,64.41,204300.0,none
2026-07-28T18:54:30,967.03,S008_Anish,house_A,spoil_free_pcb_v1,pcb_A,chamber_A,poultry,chicken,Warmup,1295,0.162,7620,0.953,428,0.054,30.78,93237.0,64.4,206000.0,none
2026-07-28T18:54:32,969.03,S008_Anish,house_A,spoil_free_pcb_v1,pcb_A,chamber_A,poultry,chicken,Warmup,1293,0.162,7620,0.953,429,0.054,30.78,93237.0,64.41,205300.0,none
2026-07-28T18:54:34,971.02,S008_Anish,house_A,spoil_free_pcb_v1,pcb_A,chamber_A,poultry,chicken,Warmup,1293,0.162,7621,0.953,428,0.054,30.78,93237.0,64.41,203700.0,none
2026-07-28T18:54:36,973.02,S008_Anish,house_A,spoil_free_pcb_v1,pcb_A,chamber_A,poultry,chicken,Warmup,1295,0.162,7622,0.953,428,0.054,30.78,93239.0,64.39,205200.0,none
2026-07-28T18:54:38,975.03,S008_Anish,house_A,spoil_free_pcb_v1,pcb_A,chamber_A,poultry,chicken,Warmup,1296,0.162,7622,0.953,429,0.054,30.78,93239.0,64.38,203900.0,none
2026-07-28T18:54:40,977.03,S008_Anish,house_A,spoil_free_pcb_v1,pcb_A,chamber_A,poultry,chicken,Warmup,1295,0.162,7623,0.953,428,0.054,30.78,93239.0,64.39,204500.0,none
2026-07-28T18:54:42,979.03,S008_Anish,house_A,spoil_free_pcb_v1,pcb_A,chamber_A,poultry,chicken,Warmup,1294,0.162,7623,0.953,428,0.054,30.79,93239.0,64.38,204300.0,none
2026-07-28T18:54:44,981.03,S008_Anish,house_A,spoil_free_pcb_v1,pcb_A,chamber_A,poultry,chicken,Warmup,1296,0.162,7623,0.953,428,0.054,30.79,93239.0,64.39,204200.0,none
2026-07-28T18:54:46,983.03,S008_Anish,house_A,spoil_free_pcb_v1,pcb_A,chamber_A,poultry,chicken,Warmup,1293,0.162,7623,0.953,428,0.054,30.79,93241.0,64.37,204900.0,none
2026-07-28T18:54:48,985.02,S008_Anish,house_A,spoil_free_pcb_v1,pcb_A,chamber_A,poultry,chicken,Warmup,1287,0.161,7622,0.953,428,0.054,30.79,93241.0,64.37,205000.0,none
2026-07-28T18:54:50,987.03,S008_Anish,house_A,spoil_free_pcb_v1,pcb_A,chamber_A,poultry,chicken,Warmup,1290,0.161,7620,0.953,429,0.054,30.79,93241.0,64.37,204500.0,none
2026-07-28T18:54:52,989.02,S008_Anish,house_A,spoil_free_pcb_v1,pcb_A,chamber_A,poultry,chicken,Warmup,1292,0.162,7623,0.953,427,0.053,30.79,93241.0,64.37,205400.0,none
2026-07-28T18:54:54,991.03,S008_Anish,house_A,spoil_free_pcb_v1,pcb_A,chamber_A,poultry,chicken,Warmup,1292,0.162,7624,0.953,428,0.054,30.79,93239.0,64.37,205200.0,none
2026-07-28T18:54:56,993.02,S008_Anish,house_A,spoil_free_pcb_v1,pcb_A,chamber_A,poultry,chicken,Warmup,1296,0.162,7624,0.953,427,0.053,30.79,93239.0,64.36,205000.0,none
2026-07-28T18:54:58,995.03,S008_Anish,house_A,spoil_free_pcb_v1,pcb_A,chamber_A,poultry,chicken,Warmup,1299,0.162,7624,0.953,428,0.054,30.79,93239.0,64.37,206200.0,none
2026-07-28T18:55:00,997.02,S008_Anish,house_A,spoil_free_pcb_v1,pcb_A,chamber_A,poultry,chicken,Warmup,1303,0.163,7624,0.953,428,0.054,30.79,93243.0,64.37,206500.0,none
2026-07-28T18:55:02,999.03,S008_Anish,house_A,spoil_free_pcb_v1,pcb_A,chamber_A,poultry,chicken,Warmup,1308,0.164,7626,0.953,428,0.054,30.79,93243.0,64.35,205400.0,none
2026-07-28T18:55:04,1001.02,S008_Anish,house_A,spoil_free_pcb_v1,pcb_A,chamber_A,poultry,chicken,Warmup,1308,0.164,7626,0.953,427,0.053,30.79,93243.0,64.36,205000.0,none
2026-07-28T18:55:06,1003.03,S008_Anish,house_A,spoil_free_pcb_v1,pcb_A,chamber_A,poultry,chicken,Warmup,1310,0.164,7627,0.953,428,0.054,30.79,93243.0,64.35,205000.0,none
2026-07-28T18:55:08,1005.02,S008_Anish,house_A,spoil_free_pcb_v1,pcb_A,chamber_A,poultry,chicken,Warmup,1304,0.163,7627,0.953,428,0.054,30.79,93239.0,64.35,205700.0,none
2026-07-28T18:55:10,1007.02,S008_Anish,house_A,spoil_free_pcb_v1,pcb_A,chamber_A,poultry,chicken,Warmup,1297,0.162,7627,0.953,427,0.053,30.79,93239.0,64.35,206300.0,none
2026-07-28T18:55:12,1009.02,S008_Anish,house_A,spoil_free_pcb_v1,pcb_A,chamber_A,poultry,chicken,Warmup,1294,0.162,7628,0.954,428,0.054,30.79,93243.0,64.35,206200.0,none
2026-07-28T18:55:14,1011.03,S008_Anish,house_A,spoil_free_pcb_v1,pcb_A,chamber_A,poultry,chicken,Warmup,1289,0.161,7628,0.954,427,0.053,30.79,93243.0,64.36,205300.0,none
2026-07-28T18:55:16,1013.02,S008_Anish,house_A,spoil_free_pcb_v1,pcb_A,chamber_A,poultry,chicken,Warmup,1286,0.161,7629,0.954,428,0.054,30.79,93243.0,64.35,206000.0,none
2026-07-28T18:55:18,1015.02,S008_Anish,house_A,spoil_free_pcb_v1,pcb_A,chamber_A,poultry,chicken,Warmup,1289,0.161,7628,0.954,427,0.053,30.79,93243.0,64.35,207000.0,none
2026-07-28T18:55:20,1017.02,S008_Anish,house_A,spoil_free_pcb_v1,pcb_A,chamber_A,poultry,chicken,Warmup,1297,0.162,7631,0.954,428,0.054,30.79,93245.0,64.36,206300.0,none
2026-07-28T18:55:22,1019.02,S008_Anish,house_A,spoil_free_pcb_v1,pcb_A,chamber_A,poultry,chicken,Warmup,1299,0.162,7630,0.954,428,0.054,30.8,93245.0,64.36,206400.0,none
2026-07-28T18:55:24,1021.02,S008_Anish,house_A,spoil_free_pcb_v1,pcb_A,chamber_A,poultry,chicken,Warmup,1305,0.163,7630,0.954,428,0.054,30.8,93243.0,64.34,206500.0,none
2026-07-28T18:55:26,1023.03,S008_Anish,house_A,spoil_free_pcb_v1,pcb_A,chamber_A,poultry,chicken,Warmup,1308,0.164,7631,0.954,428,0.054,30.8,93243.0,64.36,206000.0,none
2026-07-28T18:55:28,1025.03,S008_Anish,house_A,spoil_free_pcb_v1,pcb_A,chamber_A,poultry,chicken,Warmup,1308,0.164,7632,0.954,428,0.054,30.8,93243.0,64.35,206700.0,none
2026-07-28T18:55:30,1027.02,S008_Anish,house_A,spoil_free_pcb_v1,pcb_A,chamber_A,poultry,chicken,Warmup,1307,0.163,7633,0.954,428,0.054,30.8,93243.0,64.34,206700.0,none
2026-07-28T18:55:32,1029.02,S008_Anish,house_A,spoil_free_pcb_v1,pcb_A,chamber_A,poultry,chicken,Warmup,1306,0.163,7631,0.954,429,0.054,30.8,93243.0,64.33,205900.0,none
2026-07-28T18:55:34,1031.02,S008_Anish,house_A,spoil_free_pcb_v1,pcb_A,chamber_A,poultry,chicken,Warmup,1306,0.163,7633,0.954,427,0.053,30.8,93243.0,64.33,207200.0,none
2026-07-28T18:55:36,1033.03,S008_Anish,house_A,spoil_free_pcb_v1,pcb_A,chamber_A,poultry,chicken,Warmup,1302,0.163,7632,0.954,428,0.054,30.81,93243.0,64.33,207200.0,none
2026-07-28T18:55:38,1035.02,S008_Anish,house_A,spoil_free_pcb_v1,pcb_A,chamber_A,poultry,chicken,Warmup,1299,0.162,7633,0.954,428,0.054,30.81,93243.0,64.31,206500.0,none
2026-07-28T18:55:40,1037.03,S008_Anish,house_A,spoil_free_pcb_v1,pcb_A,chamber_A,poultry,chicken,Warmup,1297,0.162,7634,0.954,428,0.054,30.81,93243.0,64.33,206800.0,none
2026-07-28T18:55:42,1039.03,S008_Anish,house_A,spoil_free_pcb_v1,pcb_A,chamber_A,poultry,chicken,Warmup,1295,0.162,7635,0.954,428,0.054,30.81,93245.0,64.33,207900.0,none
2026-07-28T18:55:44,1041.02,S008_Anish,house_A,spoil_free_pcb_v1,pcb_A,chamber_A,poultry,chicken,Warmup,1294,0.162,7637,0.955,428,0.054,30.81,93245.0,64.31,206900.0,none
2026-07-28T18:55:46,1043.03,S008_Anish,house_A,spoil_free_pcb_v1,pcb_A,chamber_A,poultry,chicken,Warmup,1290,0.161,7636,0.955,428,0.054,30.81,93245.0,64.31,207200.0,none
2026-07-28T18:55:48,1045.03,S008_Anish,house_A,spoil_free_pcb_v1,pcb_A,chamber_A,poultry,chicken,Warmup,1290,0.161,7637,0.955,427,0.053,30.81,93245.0,64.3,207400.0,none
2026-07-28T18:55:50,1047.02,S008_Anish,house_A,spoil_free_pcb_v1,pcb_A,chamber_A,poultry,chicken,Warmup,1291,0.161,7638,0.955,427,0.053,30.82,93247.0,64.3,207000.0,none
2026-07-28T18:55:52,1049.03,S008_Anish,house_A,spoil_free_pcb_v1,pcb_A,chamber_A,poultry,chicken,Warmup,1294,0.162,7638,0.955,428,0.054,30.82,93247.0,64.27,207900.0,none
2026-07-28T18:55:54,1051.02,S008_Anish,house_A,spoil_free_pcb_v1,pcb_A,chamber_A,poultry,chicken,Warmup,1294,0.162,7638,0.955,427,0.053,30.82,93247.0,64.28,207800.0,none
2026-07-28T18:55:56,1053.02,S008_Anish,house_A,spoil_free_pcb_v1,pcb_A,chamber_A,poultry,chicken,Warmup,1299,0.162,7639,0.955,428,0.054,30.82,93247.0,64.29,207300.0,none
2026-07-28T18:55:58,1055.01,S008_Anish,house_A,spoil_free_pcb_v1,pcb_A,chamber_A,poultry,chicken,Warmup,1303,0.163,7638,0.955,429,0.054,30.82,93247.0,64.28,207200.0,none
2026-07-28T18:56:00,1057.02,S008_Anish,house_A,spoil_free_pcb_v1,pcb_A,chamber_A,poultry,chicken,Warmup,1304,0.163,7639,0.955,428,0.054,30.82,93247.0,64.26,208400.0,none
2026-07-28T18:56:02,1059.02,S008_Anish,house_A,spoil_free_pcb_v1,pcb_A,chamber_A,poultry,chicken,Warmup,1306,0.163,7641,0.955,428,0.054,30.82,93247.0,64.26,208000.0,none
2026-07-28T18:56:04,1061.02,S008_Anish,house_A,spoil_free_pcb_v1,pcb_A,chamber_A,poultry,chicken,Warmup,1305,0.163,7641,0.955,428,0.054,30.83,93249.0,64.27,207200.0,none
2026-07-28T18:56:06,1063.03,S008_Anish,house_A,spoil_free_pcb_v1,pcb_A,chamber_A,poultry,chicken,Warmup,1306,0.163,7641,0.955,428,0.054,30.83,93249.0,64.26,208200.0,none
2026-07-28T18:56:08,1065.02,S008_Anish,house_A,spoil_free_pcb_v1,pcb_A,chamber_A,poultry,chicken,Warmup,1310,0.164,7642,0.955,428,0.054,30.83,93247.0,64.26,207800.0,none
2026-07-28T18:56:10,1067.02,S008_Anish,house_A,spoil_free_pcb_v1,pcb_A,chamber_A,poultry,chicken,Warmup,1310,0.164,7642,0.955,428,0.054,30.83,93247.0,64.26,207500.0,none
2026-07-28T18:56:12,1069.03,S008_Anish,house_A,spoil_free_pcb_v1,pcb_A,chamber_A,poultry,chicken,Warmup,1307,0.163,7642,0.955,427,0.053,30.83,93247.0,64.25,209100.0,none
2026-07-28T18:56:14,1071.03,S008_Anish,house_A,spoil_free_pcb_v1,pcb_A,chamber_A,poultry,chicken,Warmup,1307,0.163,7642,0.955,427,0.053,30.83,93247.0,64.25,208000.0,none
2026-07-28T18:56:16,1073.03,S008_Anish,house_A,spoil_free_pcb_v1,pcb_A,chamber_A,poultry,chicken,Warmup,1308,0.164,7642,0.955,427,0.053,30.83,93247.0,64.25,208700.0,none
2026-07-28T18:56:18,1075.03,S008_Anish,house_A,spoil_free_pcb_v1,pcb_A,chamber_A,poultry,chicken,Warmup,1307,0.163,7644,0.956,427,0.053,30.83,93247.0,64.25,207700.0,none
2026-07-28T18:56:20,1077.02,S008_Anish,house_A,spoil_free_pcb_v1,pcb_A,chamber_A,poultry,chicken,Warmup,1312,0.164,7645,0.956,427,0.053,30.83,93247.0,64.26,207200.0,none
2026-07-28T18:56:22,1079.03,S008_Anish,house_A,spoil_free_pcb_v1,pcb_A,chamber_A,poultry,chicken,Warmup,1306,0.163,7644,0.956,428,0.054,30.83,93249.0,64.25,208700.0,none
2026-07-28T18:56:24,1081.02,S008_Anish,house_A,spoil_free_pcb_v1,pcb_A,chamber_A,poultry,chicken,Warmup,1309,0.164,7644,0.956,428,0.054,30.83,93249.0,64.25,208700.0,none
2026-07-28T18:56:26,1083.03,S008_Anish,house_A,spoil_free_pcb_v1,pcb_A,chamber_A,poultry,chicken,Warmup,1306,0.163,7643,0.955,428,0.054,30.83,93249.0,64.25,208400.0,none
2026-07-28T18:56:28,1085.02,S008_Anish,house_A,spoil_free_pcb_v1,pcb_A,chamber_A,poultry,chicken,Warmup,1306,0.163,7642,0.955,428,0.054,30.83,93247.0,64.25,208200.0,none
2026-07-28T18:56:30,1087.02,S008_Anish,house_A,spoil_free_pcb_v1,pcb_A,chamber_A,poultry,chicken,Warmup,1311,0.164,7644,0.956,427,0.053,30.83,93247.0,64.26,208500.0,none
2026-07-28T18:56:32,1089.02,S008_Anish,house_A,spoil_free_pcb_v1,pcb_A,chamber_A,poultry,chicken,Warmup,1310,0.164,7645,0.956,428,0.054,30.83,93249.0,64.25,208800.0,none
2026-07-28T18:56:34,1091.01,S008_Anish,house_A,spoil_free_pcb_v1,pcb_A,chamber_A,poultry,chicken,Warmup,1308,0.164,7644,0.956,428,0.054,30.83,93249.0,64.24,209100.0,none
2026-07-28T18:56:36,1093.02,S008_Anish,house_A,spoil_free_pcb_v1,pcb_A,chamber_A,poultry,chicken,Warmup,1311,0.164,7645,0.956,427,0.053,30.83,93249.0,64.24,208300.0,none
2026-07-28T18:56:38,1095.02,S008_Anish,house_A,spoil_free_pcb_v1,pcb_A,chamber_A,poultry,chicken,Warmup,1310,0.164,7646,0.956,428,0.054,30.83,93249.0,64.25,208000.0,none
2026-07-28T18:56:40,1097.02,S008_Anish,house_A,spoil_free_pcb_v1,pcb_A,chamber_A,poultry,chicken,Warmup,1310,0.164,7645,0.956,429,0.054,30.83,93249.0,64.24,209300.0,none
2026-07-28T18:56:42,1099.01,S008_Anish,house_A,spoil_free_pcb_v1,pcb_A,chamber_A,poultry,chicken,Warmup,1310,0.164,7648,0.956,428,0.054,30.83,93249.0,64.24,209800.0,none
2026-07-28T18:56:44,1102.01,S008_Anish,house_A,spoil_free_pcb_v1,pcb_A,chamber_A,poultry,chicken,Warmup,1312,0.164,7648,0.956,428,0.054,30.83,93249.0,64.25,209400.0,none
2026-07-28T18:56:46,1103.03,S008_Anish,house_A,spoil_free_pcb_v1,pcb_A,chamber_A,poultry,chicken,Warmup,1311,0.164,7649,0.956,428,0.054,30.83,93251.0,64.24,209600.0,none
2026-07-28T18:56:48,1105.02,S008_Anish,house_A,spoil_free_pcb_v1,pcb_A,chamber_A,poultry,chicken,Warmup,1308,0.164,7650,0.956,428,0.054,30.83,93251.0,64.24,209800.0,none
2026-07-28T18:56:50,1107.01,S008_Anish,house_A,spoil_free_pcb_v1,pcb_A,chamber_A,poultry,chicken,Warmup,1305,0.163,7652,0.957,428,0.054,30.84,93251.0,64.24,208800.0,none
2026-07-28T18:56:52,1109.03,S008_Anish,house_A,spoil_free_pcb_v1,pcb_A,chamber_A,poultry,chicken,Warmup,1304,0.163,7651,0.956,428,0.054,30.84,93251.0,64.24,209600.0,none
2026-07-28T18:56:54,1111.01,S008_Anish,house_A,spoil_free_pcb_v1,pcb_A,chamber_A,poultry,chicken,Warmup,1300,0.163,7652,0.957,427,0.053,30.83,93251.0,64.23,209100.0,none
2026-07-28T18:56:56,1113.02,S008_Anish,house_A,spoil_free_pcb_v1,pcb_A,chamber_A,poultry,chicken,Warmup,1297,0.162,7653,0.957,427,0.053,30.84,93251.0,64.23,209400.0,none
2026-07-28T18:56:58,1115.02,S008_Anish,house_A,spoil_free_pcb_v1,pcb_A,chamber_A,poultry,chicken,Warmup,1294,0.162,7654,0.957,428,0.054,30.84,93251.0,64.23,210600.0,none
2026-07-28T18:57:00,1117.02,S008_Anish,house_A,spoil_free_pcb_v1,pcb_A,chamber_A,poultry,chicken,Warmup,1289,0.161,7653,0.957,428,0.054,30.83,93251.0,64.23,209700.0,none
2026-07-28T18:57:02,1119.03,S008_Anish,house_A,spoil_free_pcb_v1,pcb_A,chamber_A,poultry,chicken,Warmup,1289,0.161,7654,0.957,427,0.053,30.84,93251.0,64.24,210000.0,none
2026-07-28T18:57:04,1121.02,S008_Anish,house_A,spoil_free_pcb_v1,pcb_A,chamber_A,poultry,chicken,Warmup,1284,0.161,7655,0.957,428,0.054,30.84,93251.0,64.22,210300.0,none
2026-07-28T18:57:06,1123.02,S008_Anish,house_A,spoil_free_pcb_v1,pcb_A,chamber_A,poultry,chicken,Warmup,1286,0.161,7654,0.957,428,0.054,30.84,93251.0,64.23,209300.0,none
2026-07-28T18:57:08,1125.02,S008_Anish,house_A,spoil_free_pcb_v1,pcb_A,chamber_A,poultry,chicken,Warmup,1290,0.161,7654,0.957,428,0.054,30.84,93251.0,64.21,209700.0,none
2026-07-28T18:57:10,1127.02,S008_Anish,house_A,spoil_free_pcb_v1,pcb_A,chamber_A,poultry,chicken,Warmup,1291,0.161,7654,0.957,428,0.054,30.84,93251.0,64.23,209800.0,none
2026-07-28T18:57:12,1129.03,S008_Anish,house_A,spoil_free_pcb_v1,pcb_A,chamber_A,poultry,chicken,Warmup,1294,0.162,7654,0.957,427,0.053,30.84,93251.0,64.23,211300.0,none
2026-07-28T18:57:14,1131.02,S008_Anish,house_A,spoil_free_pcb_v1,pcb_A,chamber_A,poultry,chicken,Warmup,1297,0.162,7655,0.957,427,0.053,30.84,93251.0,64.2,210100.0,none
2026-07-28T18:57:16,1133.02,S008_Anish,house_A,spoil_free_pcb_v1,pcb_A,chamber_A,poultry,chicken,Warmup,1298,0.162,7658,0.957,427,0.053,30.84,93251.0,64.21,208800.0,none
2026-07-28T18:57:18,1135.02,S008_Anish,house_A,spoil_free_pcb_v1,pcb_A,chamber_A,poultry,chicken,Warmup,1303,0.163,7656,0.957,427,0.053,30.84,93251.0,64.21,210300.0,none
2026-07-28T18:57:20,1137.02,S008_Anish,house_A,spoil_free_pcb_v1,pcb_A,chamber_A,poultry,chicken,Warmup,1305,0.163,7657,0.957,427,0.053,30.84,93251.0,64.21,211100.0,none
2026-07-28T18:57:22,1139.02,S008_Anish,house_A,spoil_free_pcb_v1,pcb_A,chamber_A,poultry,chicken,Warmup,1307,0.163,7657,0.957,428,0.054,30.85,93251.0,64.22,209300.0,none
2026-07-28T18:57:24,1141.02,S008_Anish,house_A,spoil_free_pcb_v1,pcb_A,chamber_A,poultry,chicken,Warmup,1306,0.163,7658,0.957,427,0.053,30.85,93251.0,64.2,210300.0,none
2026-07-28T18:57:26,1143.02,S008_Anish,house_A,spoil_free_pcb_v1,pcb_A,chamber_A,poultry,chicken,Warmup,1308,0.164,7659,0.957,427,0.053,30.85,93251.0,64.22,209700.0,none
2026-07-28T18:57:28,1145.02,S008_Anish,house_A,spoil_free_pcb_v1,pcb_A,chamber_A,poultry,chicken,Warmup,1306,0.163,7659,0.957,428,0.054,30.85,93251.0,64.21,210100.0,none
2026-07-28T18:57:30,1147.03,S008_Anish,house_A,spoil_free_pcb_v1,pcb_A,chamber_A,poultry,chicken,Warmup,1297,0.162,7662,0.958,427,0.053,30.85,93251.0,64.21,211000.0,none
2026-07-28T18:57:32,1149.02,S008_Anish,house_A,spoil_free_pcb_v1,pcb_A,chamber_A,poultry,chicken,Warmup,1295,0.162,7662,0.958,427,0.053,30.85,93249.0,64.2,209300.0,none
2026-07-28T18:57:34,1151.03,S008_Anish,house_A,spoil_free_pcb_v1,pcb_A,chamber_A,poultry,chicken,Warmup,1292,0.162,7662,0.958,427,0.053,30.84,93249.0,64.2,210600.0,none
2026-07-28T18:57:36,1153.02,S008_Anish,house_A,spoil_free_pcb_v1,pcb_A,chamber_A,poultry,chicken,Warmup,1290,0.161,7661,0.958,427,0.053,30.84,93249.0,64.21,209200.0,none
2026-07-28T18:57:38,1155.02,S008_Anish,house_A,spoil_free_pcb_v1,pcb_A,chamber_A,poultry,chicken,Warmup,1292,0.162,7660,0.958,426,0.053,30.84,93249.0,64.17,211000.0,none
2026-07-28T18:57:40,1157.02,S008_Anish,house_A,spoil_free_pcb_v1,pcb_A,chamber_A,poultry,chicken,Warmup,1297,0.162,7662,0.958,427,0.053,30.84,93249.0,64.19,210100.0,none
2026-07-28T18:57:42,1159.01,S008_Anish,house_A,spoil_free_pcb_v1,pcb_A,chamber_A,poultry,chicken,Warmup,1298,0.162,7662,0.958,427,0.053,30.84,93249.0,64.21,211500.0,none
2026-07-28T18:57:44,1161.02,S008_Anish,house_A,spoil_free_pcb_v1,pcb_A,chamber_A,poultry,chicken,Warmup,1304,0.163,7663,0.958,428,0.054,30.84,93249.0,64.19,210600.0,none
2026-07-28T18:57:46,1163.02,S008_Anish,house_A,spoil_free_pcb_v1,pcb_A,chamber_A,poultry,chicken,Warmup,1303,0.163,7663,0.958,428,0.054,30.84,93249.0,64.21,211100.0,none
2026-07-28T18:57:48,1165.03,S008_Anish,house_A,spoil_free_pcb_v1,pcb_A,chamber_A,poultry,chicken,Warmup,1301,0.163,7661,0.958,428,0.054,30.84,93249.0,64.21,211700.0,none
2026-07-28T18:57:50,1167.03,S008_Anish,house_A,spoil_free_pcb_v1,pcb_A,chamber_A,poultry,chicken,Warmup,1296,0.162,7663,0.958,427,0.053,30.84,93251.0,64.2,211700.0,none
2026-07-28T18:57:52,1169.02,S008_Anish,house_A,spoil_free_pcb_v1,pcb_A,chamber_A,poultry,chicken,Warmup,1295,0.162,7662,0.958,427,0.053,30.84,93251.0,64.21,211000.0,none
2026-07-28T18:57:54,1171.02,S008_Anish,house_A,spoil_free_pcb_v1,pcb_A,chamber_A,poultry,chicken,Warmup,1291,0.161,7663,0.958,427,0.053,30.84,93251.0,64.2,211300.0,none
2026-07-28T18:57:56,1173.02,S008_Anish,house_A,spoil_free_pcb_v1,pcb_A,chamber_A,poultry,chicken,Warmup,1293,0.162,7663,0.958,427,0.053,30.84,93251.0,64.19,211400.0,none
2026-07-28T18:57:58,1175.02,S008_Anish,house_A,spoil_free_pcb_v1,pcb_A,chamber_A,poultry,chicken,Warmup,1294,0.162,7663,0.958,427,0.053,30.84,93251.0,64.19,212200.0,none
2026-07-28T18:58:00,1177.02,S008_Anish,house_A,spoil_free_pcb_v1,pcb_A,chamber_A,poultry,chicken,Warmup,1294,0.162,7662,0.958,427,0.053,30.84,93251.0,64.19,212200.0,none
2026-07-28T18:58:02,1179.02,S008_Anish,house_A,spoil_free_pcb_v1,pcb_A,chamber_A,poultry,chicken,Warmup,1295,0.162,7663,0.958,427,0.053,30.85,93251.0,64.19,211300.0,none
2026-07-28T18:58:04,1181.02,S008_Anish,house_A,spoil_free_pcb_v1,pcb_A,chamber_A,poultry,chicken,Warmup,1297,0.162,7664,0.958,427,0.053,30.85,93251.0,64.2,210900.0,none
2026-07-28T18:58:06,1183.02,S008_Anish,house_A,spoil_free_pcb_v1,pcb_A,chamber_A,poultry,chicken,Warmup,1297,0.162,7664,0.958,428,0.054,30.85,93251.0,64.2,211900.0,none
2026-07-28T18:58:08,1185.02,S008_Anish,house_A,spoil_free_pcb_v1,pcb_A,chamber_A,poultry,chicken,Warmup,1298,0.162,7662,0.958,428,0.054,30.85,93249.0,64.17,212800.0,none
2026-07-28T18:58:10,1187.02,S008_Anish,house_A,spoil_free_pcb_v1,pcb_A,chamber_A,poultry,chicken,Warmup,1301,0.163,7662,0.958,428,0.054,30.85,93249.0,64.2,212400.0,none
2026-07-28T18:58:12,1189.02,S008_Anish,house_A,spoil_free_pcb_v1,pcb_A,chamber_A,poultry,chicken,Warmup,1301,0.163,7664,0.958,428,0.054,30.85,93249.0,64.19,212300.0,none
2026-07-28T18:58:14,1191.02,S008_Anish,house_A,spoil_free_pcb_v1,pcb_A,chamber_A,poultry,chicken,Warmup,1302,0.163,7664,0.958,428,0.054,30.84,93249.0,64.17,213100.0,none
2026-07-28T18:58:16,1193.03,S008_Anish,house_A,spoil_free_pcb_v1,pcb_A,chamber_A,poultry,chicken,Warmup,1303,0.163,7664,0.958,428,0.054,30.84,93249.0,64.19,211000.0,none
2026-07-28T18:58:18,1195.02,S008_Anish,house_A,spoil_free_pcb_v1,pcb_A,chamber_A,poultry,chicken,Warmup,1303,0.163,7666,0.958,428,0.054,30.84,93251.0,64.19,213100.0,none
2026-07-28T18:58:20,1197.03,S008_Anish,house_A,spoil_free_pcb_v1,pcb_A,chamber_A,poultry,chicken,Warmup,1305,0.163,7666,0.958,429,0.054,30.84,93251.0,64.17,212200.0,none
2026-07-28T18:58:22,1199.02,S008_Anish,house_A,spoil_free_pcb_v1,pcb_A,chamber_A,poultry,chicken,Warmup,1303,0.163,7668,0.959,427,0.053,30.84,93251.0,64.17,213000.0,none
2026-07-28T18:58:24,1201.02,S008_Anish,house_A,spoil_free_pcb_v1,pcb_A,chamber_A,poultry,chicken,Warmup,1302,0.163,7667,0.958,428,0.054,30.84,93251.0,64.19,212400.0,none
2026-07-28T18:58:26,1203.02,S008_Anish,house_A,spoil_free_pcb_v1,pcb_A,chamber_A,poultry,chicken,Warmup,1299,0.162,7665,0.958,428,0.054,30.84,93251.0,64.19,211700.0,none
2026-07-28T18:58:28,1205.03,S008_Anish,house_A,spoil_free_pcb_v1,pcb_A,chamber_A,poultry,chicken,Warmup,1297,0.162,7666,0.958,429,0.054,30.84,93251.0,64.18,212600.0,none
2026-07-28T18:58:30,1207.03,S008_Anish,house_A,spoil_free_pcb_v1,pcb_A,chamber_A,poultry,chicken,Warmup,1294,0.162,7667,0.958,427,0.053,30.85,93251.0,64.19,211700.0,none
2026-07-28T18:58:32,1209.02,S008_Anish,house_A,spoil_free_pcb_v1,pcb_A,chamber_A,poultry,chicken,Warmup,1291,0.161,7666,0.958,428,0.054,30.85,93251.0,64.17,212000.0,none
2026-07-28T18:58:34,1211.02,S008_Anish,house_A,spoil_free_pcb_v1,pcb_A,chamber_A,poultry,chicken,Warmup,1285,0.161,7668,0.959,428,0.054,30.85,93251.0,64.18,212800.0,none
2026-07-28T18:58:36,1213.03,S008_Anish,house_A,spoil_free_pcb_v1,pcb_A,chamber_A,poultry,chicken,Warmup,1284,0.161,7667,0.958,428,0.054,30.85,93253.0,64.17,212400.0,none
2026-07-28T18:58:38,1215.02,S008_Anish,house_A,spoil_free_pcb_v1,pcb_A,chamber_A,poultry,chicken,Warmup,1284,0.161,7667,0.958,427,0.053,30.85,93253.0,64.17,211800.0,none
2026-07-28T18:58:40,1217.02,S008_Anish,house_A,spoil_free_pcb_v1,pcb_A,chamber_A,poultry,chicken,Warmup,1288,0.161,7668,0.959,429,0.054,30.85,93251.0,64.17,212200.0,none
2026-07-28T18:58:42,1219.03,S008_Anish,house_A,spoil_free_pcb_v1,pcb_A,chamber_A,poultry,chicken,Warmup,1291,0.161,7669,0.959,427,0.053,30.86,93251.0,64.16,213000.0,none
2026-07-28T18:58:44,1221.03,S008_Anish,house_A,spoil_free_pcb_v1,pcb_A,chamber_A,poultry,chicken,Warmup,1294,0.162,7671,0.959,427,0.053,30.86,93251.0,64.16,212000.0,none
2026-07-28T18:58:46,1223.02,S008_Anish,house_A,spoil_free_pcb_v1,pcb_A,chamber_A,poultry,chicken,Warmup,1295,0.162,7671,0.959,427,0.053,30.86,93251.0,64.13,212600.0,none
2026-07-28T18:58:48,1225.03,S008_Anish,house_A,spoil_free_pcb_v1,pcb_A,chamber_A,poultry,chicken,Warmup,1300,0.163,7673,0.959,427,0.053,30.86,93251.0,64.15,213000.0,none
2026-07-28T18:58:50,1227.01,S008_Anish,house_A,spoil_free_pcb_v1,pcb_A,chamber_A,poultry,chicken,Warmup,1306,0.163,7672,0.959,427,0.053,30.86,93251.0,64.13,213000.0,none
2026-07-28T18:58:52,1229.01,S008_Anish,house_A,spoil_free_pcb_v1,pcb_A,chamber_A,poultry,chicken,Warmup,1309,0.164,7673,0.959,428,0.054,30.86,93251.0,64.14,214400.0,none
2026-07-28T18:58:54,1231.02,S008_Anish,house_A,spoil_free_pcb_v1,pcb_A,chamber_A,poultry,chicken,Warmup,1307,0.163,7673,0.959,427,0.053,30.86,93251.0,64.12,213800.0,none
2026-07-28T18:58:56,1233.02,S008_Anish,house_A,spoil_free_pcb_v1,pcb_A,chamber_A,poultry,chicken,Warmup,1305,0.163,7672,0.959,428,0.054,30.86,93251.0,64.14,212700.0,none
2026-07-28T18:58:58,1235.02,S008_Anish,house_A,spoil_free_pcb_v1,pcb_A,chamber_A,poultry,chicken,Warmup,1301,0.163,7674,0.959,428,0.054,30.86,93251.0,64.15,213900.0,none
2026-07-28T18:59:00,1237.02,S008_Anish,house_A,spoil_free_pcb_v1,pcb_A,chamber_A,poultry,chicken,Warmup,1298,0.162,7672,0.959,428,0.054,30.86,93251.0,64.13,213600.0,none
2026-07-28T18:59:02,1239.02,S008_Anish,house_A,spoil_free_pcb_v1,pcb_A,chamber_A,poultry,chicken,Warmup,1298,0.162,7675,0.959,428,0.054,30.86,93251.0,64.12,213000.0,none
2026-07-28T18:59:04,1241.03,S008_Anish,house_A,spoil_free_pcb_v1,pcb_A,chamber_A,poultry,chicken,Warmup,1293,0.162,7674,0.959,427,0.053,30.86,93251.0,64.13,213000.0,none
2026-07-28T18:59:06,1243.02,S008_Anish,house_A,spoil_free_pcb_v1,pcb_A,chamber_A,poultry,chicken,Warmup,1291,0.161,7674,0.959,428,0.054,30.86,93253.0,64.14,213000.0,none
2026-07-28T18:59:08,1245.02,S008_Anish,house_A,spoil_free_pcb_v1,pcb_A,chamber_A,poultry,chicken,Warmup,1287,0.161,7673,0.959,428,0.054,30.86,93253.0,64.15,213800.0,none
2026-07-28T18:59:10,1247.01,S008_Anish,house_A,spoil_free_pcb_v1,pcb_A,chamber_A,poultry,chicken,Warmup,1286,0.161,7675,0.959,428,0.054,30.86,93253.0,64.14,213000.0,none
2026-07-28T18:59:12,1249.02,S008_Anish,house_A,spoil_free_pcb_v1,pcb_A,chamber_A,poultry,chicken,Warmup,1284,0.161,7673,0.959,428,0.054,30.86,93253.0,64.15,213000.0,none
2026-07-28T18:59:14,1251.03,S008_Anish,house_A,spoil_free_pcb_v1,pcb_A,chamber_A,poultry,chicken,Warmup,1283,0.16,7675,0.959,428,0.054,30.86,93253.0,64.14,213900.0,none
2026-07-28T18:59:16,1253.03,S008_Anish,house_A,spoil_free_pcb_v1,pcb_A,chamber_A,poultry,chicken,Warmup,1284,0.161,7675,0.959,427,0.053,30.86,93253.0,64.13,213500.0,none
2026-07-28T18:59:18,1255.01,S008_Anish,house_A,spoil_free_pcb_v1,pcb_A,chamber_A,poultry,chicken,Warmup,1283,0.16,7677,0.96,427,0.053,30.86,93253.0,64.14,214200.0,none
2026-07-28T18:59:20,1257.03,S008_Anish,house_A,spoil_free_pcb_v1,pcb_A,chamber_A,poultry,chicken,Warmup,1287,0.161,7677,0.96,428,0.054,30.86,93253.0,64.14,213400.0,none
2026-07-28T18:59:22,1259.01,S008_Anish,house_A,spoil_free_pcb_v1,pcb_A,chamber_A,poultry,chicken,Warmup,1290,0.161,7678,0.96,427,0.053,30.86,93251.0,64.14,213400.0,none
2026-07-28T18:59:24,1261.02,S008_Anish,house_A,spoil_free_pcb_v1,pcb_A,chamber_A,poultry,chicken,Warmup,1293,0.162,7679,0.96,427,0.053,30.86,93251.0,64.12,213200.0,none
2026-07-28T18:59:26,1263.02,S008_Anish,house_A,spoil_free_pcb_v1,pcb_A,chamber_A,poultry,chicken,Warmup,1296,0.162,7680,0.96,427,0.053,30.86,93251.0,64.12,214400.0,none
2026-07-28T18:59:28,1265.02,S008_Anish,house_A,spoil_free_pcb_v1,pcb_A,chamber_A,poultry,chicken,Warmup,1298,0.162,7679,0.96,428,0.054,30.86,93251.0,64.13,214000.0,none
2026-07-28T18:59:30,1267.02,S008_Anish,house_A,spoil_free_pcb_v1,pcb_A,chamber_A,poultry,chicken,Warmup,1303,0.163,7680,0.96,428,0.054,30.86,93251.0,64.12,215000.0,none
2026-07-28T18:59:32,1269.02,S008_Anish,house_A,spoil_free_pcb_v1,pcb_A,chamber_A,poultry,chicken,Warmup,1308,0.164,7681,0.96,427,0.053,30.86,93251.0,64.12,215000.0,none
2026-07-28T18:59:34,1271.02,S008_Anish,house_A,spoil_free_pcb_v1,pcb_A,chamber_A,poultry,chicken,Warmup,1304,0.163,7680,0.96,428,0.054,30.86,93251.0,64.12,214000.0,none
2026-07-28T18:59:36,1273.02,S008_Anish,house_A,spoil_free_pcb_v1,pcb_A,chamber_A,poultry,chicken,Warmup,1299,0.162,7680,0.96,428,0.054,30.86,93251.0,64.12,215500.0,none
2026-07-28T18:59:38,1275.01,S008_Anish,house_A,spoil_free_pcb_v1,pcb_A,chamber_A,poultry,chicken,Warmup,1293,0.162,7682,0.96,427,0.053,30.87,93251.0,64.12,214200.0,none
2026-07-28T18:59:40,1277.01,S008_Anish,house_A,spoil_free_pcb_v1,pcb_A,chamber_A,poultry,chicken,Warmup,1287,0.161,7683,0.96,428,0.054,30.87,93251.0,64.12,215000.0,none
2026-07-28T18:59:42,1279.01,S008_Anish,house_A,spoil_free_pcb_v1,pcb_A,chamber_A,poultry,chicken,Warmup,1282,0.16,7683,0.96,427,0.053,30.87,93251.0,64.11,216300.0,none
2026-07-28T18:59:44,1281.02,S008_Anish,house_A,spoil_free_pcb_v1,pcb_A,chamber_A,poultry,chicken,Warmup,1286,0.161,7684,0.961,428,0.054,30.87,93251.0,64.12,214300.0,none
2026-07-28T18:59:46,1283.01,S008_Anish,house_A,spoil_free_pcb_v1,pcb_A,chamber_A,poultry,chicken,Warmup,1290,0.161,7683,0.96,428,0.054,30.87,93251.0,64.12,214700.0,none
2026-07-28T18:59:48,1285.02,S008_Anish,house_A,spoil_free_pcb_v1,pcb_A,chamber_A,poultry,chicken,Warmup,1295,0.162,7683,0.96,427,0.053,30.87,93253.0,64.12,214300.0,none
2026-07-28T18:59:50,1287.03,S008_Anish,house_A,spoil_free_pcb_v1,pcb_A,chamber_A,poultry,chicken,Warmup,1303,0.163,7683,0.96,427,0.053,30.87,93255.0,64.13,214200.0,none
2026-07-28T18:59:52,1289.01,S008_Anish,house_A,spoil_free_pcb_v1,pcb_A,chamber_A,poultry,chicken,Warmup,1308,0.164,7685,0.961,428,0.054,30.87,93257.0,64.12,215400.0,none
2026-07-28T18:59:54,1291.02,S008_Anish,house_A,spoil_free_pcb_v1,pcb_A,chamber_A,poultry,chicken,Warmup,1301,0.163,7685,0.961,428,0.054,30.87,93255.0,64.11,212600.0,none
2026-07-28T18:59:56,1293.02,S008_Anish,house_A,spoil_free_pcb_v1,pcb_A,chamber_A,poultry,chicken,Warmup,1297,0.162,7685,0.961,428,0.054,30.87,93255.0,64.1,215400.0,none
2026-07-28T18:59:58,1295.02,S008_Anish,house_A,spoil_free_pcb_v1,pcb_A,chamber_A,poultry,chicken,Warmup,1289,0.161,7685,0.961,427,0.053,30.88,93255.0,64.11,215100.0,none
2026-07-28T19:00:00,1297.01,S008_Anish,house_A,spoil_free_pcb_v1,pcb_A,chamber_A,poultry,chicken,Warmup,1284,0.161,7686,0.961,427,0.053,30.88,93255.0,64.09,214600.0,none
2026-07-28T19:00:02,1299.02,S008_Anish,house_A,spoil_free_pcb_v1,pcb_A,chamber_A,poultry,chicken,Warmup,1284,0.161,7687,0.961,427,0.053,30.88,93255.0,64.1,214700.0,none
2026-07-28T19:00:04,1301.02,S008_Anish,house_A,spoil_free_pcb_v1,pcb_A,chamber_A,poultry,chicken,Warmup,1292,0.162,7687,0.961,427,0.053,30.88,93255.0,64.09,214700.0,none
2026-07-28T19:00:06,1303.03,S008_Anish,house_A,spoil_free_pcb_v1,pcb_A,chamber_A,poultry,chicken,Warmup,1297,0.162,7687,0.961,428,0.054,30.88,93253.0,64.09,214400.0,none
2026-07-28T19:00:08,1305.02,S008_Anish,house_A,spoil_free_pcb_v1,pcb_A,chamber_A,poultry,chicken,Warmup,1304,0.163,7688,0.961,427,0.053,30.88,93253.0,64.09,214900.0,none
2026-07-28T19:00:10,1307.03,S008_Anish,house_A,spoil_free_pcb_v1,pcb_A,chamber_A,poultry,chicken,Warmup,1302,0.163,7689,0.961,428,0.054,30.88,93253.0,64.08,216200.0,none
2026-07-28T19:00:12,1309.03,S008_Anish,house_A,spoil_free_pcb_v1,pcb_A,chamber_A,poultry,chicken,Warmup,1295,0.162,7690,0.961,427,0.053,30.88,93253.0,64.07,215000.0,none
2026-07-28T19:00:14,1311.01,S008_Anish,house_A,spoil_free_pcb_v1,pcb_A,chamber_A,poultry,chicken,Warmup,1288,0.161,7690,0.961,427,0.053,30.89,93253.0,64.06,214700.0,none
2026-07-28T19:00:16,1313.02,S008_Anish,house_A,spoil_free_pcb_v1,pcb_A,chamber_A,poultry,chicken,Warmup,1290,0.161,7690,0.961,427,0.053,30.89,93255.0,64.06,215300.0,none
2026-07-28T19:00:18,1315.01,S008_Anish,house_A,spoil_free_pcb_v1,pcb_A,chamber_A,poultry,chicken,Warmup,1299,0.162,7690,0.961,428,0.054,30.89,93253.0,64.05,215300.0,none
2026-07-28T19:00:20,1317.02,S008_Anish,house_A,spoil_free_pcb_v1,pcb_A,chamber_A,poultry,chicken,Warmup,1303,0.163,7691,0.961,428,0.054,30.89,93253.0,64.06,215700.0,none
2026-07-28T19:00:22,1319.03,S008_Anish,house_A,spoil_free_pcb_v1,pcb_A,chamber_A,poultry,chicken,Warmup,1293,0.162,7694,0.962,428,0.054,30.89,93253.0,64.04,215000.0,none
2026-07-28T19:00:24,1321.03,S008_Anish,house_A,spoil_free_pcb_v1,pcb_A,chamber_A,poultry,chicken,Warmup,1286,0.161,7697,0.962,427,0.053,30.89,93257.0,64.06,215400.0,none
2026-07-28T19:00:26,1323.02,S008_Anish,house_A,spoil_free_pcb_v1,pcb_A,chamber_A,poultry,chicken,Warmup,1295,0.162,7703,0.963,428,0.054,30.89,93257.0,64.07,216200.0,none
2026-07-28T19:00:28,1325.03,S008_Anish,house_A,spoil_free_pcb_v1,pcb_A,chamber_A,poultry,chicken,Warmup,1304,0.163,7704,0.963,428,0.054,30.89,93257.0,64.08,217000.0,none
2026-07-28T19:00:30,1327.02,S008_Anish,house_A,spoil_free_pcb_v1,pcb_A,chamber_A,poultry,chicken,Warmup,1297,0.162,7706,0.963,427,0.053,30.89,93257.0,64.07,215300.0,none
2026-07-28T19:00:32,1329.02,S008_Anish,house_A,spoil_free_pcb_v1,pcb_A,chamber_A,poultry,chicken,Warmup,1287,0.161,7706,0.963,428,0.054,30.89,93257.0,64.06,214700.0,none
2026-07-28T19:00:34,1331.02,S008_Anish,house_A,spoil_free_pcb_v1,pcb_A,chamber_A,poultry,chicken,Warmup,1294,0.162,7707,0.963,427,0.053,30.89,93257.0,64.08,215800.0,none
2026-07-28T19:00:36,1333.02,S008_Anish,house_A,spoil_free_pcb_v1,pcb_A,chamber_A,poultry,chicken,Warmup,1303,0.163,7705,0.963,427,0.053,30.89,93257.0,64.07,215900.0,none
2026-07-28T19:00:38,1335.01,S008_Anish,house_A,spoil_free_pcb_v1,pcb_A,chamber_A,poultry,chicken,Warmup,1297,0.162,7704,0.963,428,0.054,30.89,93257.0,64.06,214900.0,none
2026-07-28T19:00:40,1337.02,S008_Anish,house_A,spoil_free_pcb_v1,pcb_A,chamber_A,poultry,chicken,Warmup,1288,0.161,7706,0.963,428,0.054,30.89,93257.0,64.08,216200.0,none
2026-07-28T19:00:42,1339.02,S008_Anish,house_A,spoil_free_pcb_v1,pcb_A,chamber_A,poultry,chicken,Warmup,1288,0.161,7705,0.963,427,0.053,30.89,93257.0,64.07,218000.0,none
2026-07-28T19:00:44,1341.03,S008_Anish,house_A,spoil_free_pcb_v1,pcb_A,chamber_A,poultry,chicken,Warmup,1297,0.162,7706,0.963,427,0.053,30.89,93257.0,64.06,215500.0,none
2026-07-28T19:00:46,1343.02,S008_Anish,house_A,spoil_free_pcb_v1,pcb_A,chamber_A,poultry,chicken,Warmup,1306,0.163,7706,0.963,428,0.054,30.89,93257.0,64.06,215000.0,none
2026-07-28T19:00:48,1345.02,S008_Anish,house_A,spoil_free_pcb_v1,pcb_A,chamber_A,poultry,chicken,Warmup,1297,0.162,7704,0.963,428,0.054,30.89,93257.0,64.07,216100.0,none
2026-07-28T19:00:50,1347.02,S008_Anish,house_A,spoil_free_pcb_v1,pcb_A,chamber_A,poultry,chicken,Warmup,1282,0.16,7704,0.963,427,0.053,30.89,93257.0,64.06,216100.0,none
2026-07-28T19:00:52,1349.02,S008_Anish,house_A,spoil_free_pcb_v1,pcb_A,chamber_A,poultry,chicken,Warmup,1288,0.161,7705,0.963,429,0.054,30.89,93255.0,64.06,216900.0,none
2026-07-28T19:00:54,1351.02,S008_Anish,house_A,spoil_free_pcb_v1,pcb_A,chamber_A,poultry,chicken,Warmup,1304,0.163,7703,0.963,428,0.054,30.9,93255.0,64.07,217000.0,none
2026-07-28T19:00:56,1353.02,S008_Anish,house_A,spoil_free_pcb_v1,pcb_A,chamber_A,poultry,chicken,Warmup,1307,0.163,7703,0.963,428,0.054,30.9,93255.0,64.06,215500.0,none
2026-07-28T19:00:58,1355.01,S008_Anish,house_A,spoil_free_pcb_v1,pcb_A,chamber_A,poultry,chicken,Warmup,1292,0.162,7704,0.963,428,0.054,30.9,93255.0,64.06,216500.0,none
2026-07-28T19:01:00,1357.02,S008_Anish,house_A,spoil_free_pcb_v1,pcb_A,chamber_A,poultry,chicken,Warmup,1287,0.161,7704,0.963,427,0.053,30.9,93255.0,64.07,216200.0,none
2026-07-28T19:01:02,1359.02,S008_Anish,house_A,spoil_free_pcb_v1,pcb_A,chamber_A,poultry,chicken,Warmup,1297,0.162,7703,0.963,428,0.054,30.9,93255.0,64.07,216300.0,none
2026-07-28T19:01:04,1361.02,S008_Anish,house_A,spoil_free_pcb_v1,pcb_A,chamber_A,poultry,chicken,Warmup,1301,0.163,7705,0.963,428,0.054,30.9,93255.0,64.06,216800.0,none
2026-07-28T19:01:06,1363.01,S008_Anish,house_A,spoil_free_pcb_v1,pcb_A,chamber_A,poultry,chicken,Warmup,1290,0.161,7704,0.963,427,0.053,30.91,93255.0,64.06,215500.0,none
2026-07-28T19:01:08,1365.02,S008_Anish,house_A,spoil_free_pcb_v1,pcb_A,chamber_A,poultry,chicken,Warmup,1288,0.161,7705,0.963,428,0.054,30.91,93255.0,64.06,216300.0,none
2026-07-28T19:01:10,1367.02,S008_Anish,house_A,spoil_free_pcb_v1,pcb_A,chamber_A,poultry,chicken,Warmup,1298,0.162,7707,0.963,428,0.054,30.91,93255.0,64.06,215400.0,none
2026-07-28T19:01:12,1369.02,S008_Anish,house_A,spoil_free_pcb_v1,pcb_A,chamber_A,poultry,chicken,Warmup,1300,0.163,7705,0.963,428,0.054,30.91,93255.0,64.06,216200.0,none
2026-07-28T19:01:14,1371.02,S008_Anish,house_A,spoil_free_pcb_v1,pcb_A,chamber_A,poultry,chicken,Warmup,1290,0.161,7705,0.963,428,0.054,30.91,93255.0,64.06,215700.0,none
2026-07-28T19:01:16,1373.02,S008_Anish,house_A,spoil_free_pcb_v1,pcb_A,chamber_A,poultry,chicken,Warmup,1287,0.161,7707,0.963,427,0.053,30.91,93255.0,64.06,216500.0,none
2026-07-28T19:01:18,1375.02,S008_Anish,house_A,spoil_free_pcb_v1,pcb_A,chamber_A,poultry,chicken,Warmup,1300,0.163,7705,0.963,427,0.053,30.91,93257.0,64.06,215500.0,none
2026-07-28T19:01:20,1377.01,S008_Anish,house_A,spoil_free_pcb_v1,pcb_A,chamber_A,poultry,chicken,Warmup,1298,0.162,7707,0.963,427,0.053,30.91,93257.0,64.04,216500.0,none
2026-07-28T19:01:22,1379.02,S008_Anish,house_A,spoil_free_pcb_v1,pcb_A,chamber_A,poultry,chicken,Warmup,1289,0.161,7706,0.963,427,0.053,30.91,93257.0,64.04,217000.0,none
2026-07-28T19:01:24,1381.01,S008_Anish,house_A,spoil_free_pcb_v1,pcb_A,chamber_A,poultry,chicken,Warmup,1292,0.162,7708,0.964,427,0.053,30.91,93257.0,64.04,215800.0,none
2026-07-28T19:01:26,1383.02,S008_Anish,house_A,spoil_free_pcb_v1,pcb_A,chamber_A,poultry,chicken,Warmup,1302,0.163,7708,0.964,427,0.053,30.91,93255.0,64.04,215800.0,none
2026-07-28T19:01:28,1385.02,S008_Anish,house_A,spoil_free_pcb_v1,pcb_A,chamber_A,poultry,chicken,Warmup,1301,0.163,7709,0.964,427,0.053,30.92,93255.0,64.04,216200.0,none
2026-07-28T19:01:30,1387.02,S008_Anish,house_A,spoil_free_pcb_v1,pcb_A,chamber_A,poultry,chicken,Warmup,1289,0.161,7709,0.964,427,0.053,30.92,93255.0,64.04,216800.0,none
2026-07-28T19:01:32,1389.02,S008_Anish,house_A,spoil_free_pcb_v1,pcb_A,chamber_A,poultry,chicken,Warmup,1284,0.161,7709,0.964,427,0.053,30.92,93255.0,64.02,216800.0,none
2026-07-28T19:01:34,1391.01,S008_Anish,house_A,spoil_free_pcb_v1,pcb_A,chamber_A,poultry,chicken,Warmup,1299,0.162,7710,0.964,427,0.053,30.92,93255.0,64.04,217500.0,none
2026-07-28T19:01:36,1393.02,S008_Anish,house_A,spoil_free_pcb_v1,pcb_A,chamber_A,poultry,chicken,Warmup,1300,0.163,7710,0.964,428,0.054,30.92,93255.0,64.02,217000.0,none
2026-07-28T19:01:38,1395.01,S008_Anish,house_A,spoil_free_pcb_v1,pcb_A,chamber_A,poultry,chicken,Warmup,1292,0.162,7710,0.964,428,0.054,30.92,93255.0,64.02,217000.0,none
2026-07-28T19:01:40,1397.02,S008_Anish,house_A,spoil_free_pcb_v1,pcb_A,chamber_A,poultry,chicken,Warmup,1281,0.16,7709,0.964,427,0.053,30.92,93255.0,64.02,217600.0,none
2026-07-28T19:01:42,1399.02,S008_Anish,house_A,spoil_free_pcb_v1,pcb_A,chamber_A,poultry,chicken,Warmup,1295,0.162,7710,0.964,427,0.053,30.92,93255.0,64.02,218600.0,none
2026-07-28T19:01:44,1401.01,S008_Anish,house_A,spoil_free_pcb_v1,pcb_A,chamber_A,poultry,chicken,Warmup,1309,0.164,7710,0.964,428,0.054,30.92,93257.0,64.02,217300.0,none
2026-07-28T19:01:46,1403.02,S008_Anish,house_A,spoil_free_pcb_v1,pcb_A,chamber_A,poultry,chicken,Warmup,1296,0.162,7711,0.964,427,0.053,30.92,93255.0,64.01,216800.0,none
2026-07-28T19:01:48,1405.03,S008_Anish,house_A,spoil_free_pcb_v1,pcb_A,chamber_A,poultry,chicken,Warmup,1287,0.161,7712,0.964,427,0.053,30.92,93255.0,64.02,217900.0,none
2026-07-28T19:01:50,1407.03,S008_Anish,house_A,spoil_free_pcb_v1,pcb_A,chamber_A,poultry,chicken,Warmup,1294,0.162,7711,0.964,427,0.053,30.92,93255.0,64.02,217900.0,none
2026-07-28T19:01:52,1409.02,S008_Anish,house_A,spoil_free_pcb_v1,pcb_A,chamber_A,poultry,chicken,Warmup,1301,0.163,7712,0.964,427,0.053,30.92,93255.0,64.01,216900.0,none
2026-07-28T19:01:54,1411.01,S008_Anish,house_A,spoil_free_pcb_v1,pcb_A,chamber_A,poultry,chicken,Warmup,1298,0.162,7709,0.964,428,0.054,30.93,93255.0,64.01,217500.0,none
2026-07-28T19:01:56,1413.01,S008_Anish,house_A,spoil_free_pcb_v1,pcb_A,chamber_A,poultry,chicken,Warmup,1289,0.161,7712,0.964,428,0.054,30.93,93255.0,64.0,217900.0,none
2026-07-28T19:01:58,1415.01,S008_Anish,house_A,spoil_free_pcb_v1,pcb_A,chamber_A,poultry,chicken,Warmup,1290,0.161,7711,0.964,428,0.054,30.93,93255.0,64.01,217300.0,none
2026-07-28T19:02:00,1417.01,S008_Anish,house_A,spoil_free_pcb_v1,pcb_A,chamber_A,poultry,chicken,Warmup,1301,0.163,7711,0.964,428,0.054,30.93,93253.0,63.99,216900.0,none
2026-07-28T19:02:02,1419.01,S008_Anish,house_A,spoil_free_pcb_v1,pcb_A,chamber_A,poultry,chicken,Warmup,1302,0.163,7709,0.964,427,0.053,30.93,93253.0,64.0,218100.0,none
2026-07-28T19:02:04,1421.01,S008_Anish,house_A,spoil_free_pcb_v1,pcb_A,chamber_A,poultry,chicken,Warmup,1292,0.162,7709,0.964,428,0.054,30.93,93255.0,63.99,218000.0,none
2026-07-28T19:02:06,1423.02,S008_Anish,house_A,spoil_free_pcb_v1,pcb_A,chamber_A,poultry,chicken,Warmup,1282,0.16,7710,0.964,427,0.053,30.93,93255.0,63.98,217700.0,none
2026-07-28T19:02:08,1425.02,S008_Anish,house_A,spoil_free_pcb_v1,pcb_A,chamber_A,poultry,chicken,Warmup,1293,0.162,7711,0.964,429,0.054,30.93,93255.0,63.99,217700.0,none
2026-07-28T19:02:10,1427.01,S008_Anish,house_A,spoil_free_pcb_v1,pcb_A,chamber_A,poultry,chicken,Warmup,1308,0.164,7711,0.964,427,0.053,30.93,93255.0,63.99,216900.0,none
2026-07-28T19:02:12,1429.02,S008_Anish,house_A,spoil_free_pcb_v1,pcb_A,chamber_A,poultry,chicken,Warmup,1301,0.163,7710,0.964,427,0.053,30.93,93255.0,63.97,218000.0,none
2026-07-28T19:02:14,1431.02,S008_Anish,house_A,spoil_free_pcb_v1,pcb_A,chamber_A,poultry,chicken,Warmup,1291,0.161,7712,0.964,427,0.053,30.93,93257.0,63.97,217700.0,none
2026-07-28T19:02:16,1433.02,S008_Anish,house_A,spoil_free_pcb_v1,pcb_A,chamber_A,poultry,chicken,Warmup,1283,0.16,7713,0.964,428,0.054,30.93,93257.0,63.97,219000.0,none
2026-07-28T19:02:18,1435.02,S008_Anish,house_A,spoil_free_pcb_v1,pcb_A,chamber_A,poultry,chicken,Warmup,1291,0.161,7711,0.964,427,0.053,30.93,93257.0,63.97,217900.0,none
2026-07-28T19:02:20,1437.02,S008_Anish,house_A,spoil_free_pcb_v1,pcb_A,chamber_A,poultry,chicken,Warmup,1304,0.163,7710,0.964,427,0.053,30.93,93257.0,63.97,218300.0,none
2026-07-28T19:02:22,1439.02,S008_Anish,house_A,spoil_free_pcb_v1,pcb_A,chamber_A,poultry,chicken,Warmup,1302,0.163,7712,0.964,428,0.054,30.93,93257.0,63.98,217300.0,none
2026-07-28T19:02:24,1441.02,S008_Anish,house_A,spoil_free_pcb_v1,pcb_A,chamber_A,poultry,chicken,Warmup,1296,0.162,7710,0.964,427,0.053,30.93,93257.0,63.97,217600.0,none
2026-07-28T19:02:26,1443.02,S008_Anish,house_A,spoil_free_pcb_v1,pcb_A,chamber_A,poultry,chicken,Warmup,1284,0.161,7709,0.964,427,0.053,30.93,93257.0,63.98,218400.0,none
2026-07-28T19:02:28,1445.02,S008_Anish,house_A,spoil_free_pcb_v1,pcb_A,chamber_A,poultry,chicken,Warmup,1290,0.161,7709,0.964,428,0.054,30.93,93257.0,63.97,218300.0,none
2026-07-28T19:02:30,1447.02,S008_Anish,house_A,spoil_free_pcb_v1,pcb_A,chamber_A,poultry,chicken,Warmup,1298,0.162,7710,0.964,428,0.054,30.93,93257.0,63.97,218300.0,none
2026-07-28T19:02:32,1449.02,S008_Anish,house_A,spoil_free_pcb_v1,pcb_A,chamber_A,poultry,chicken,Warmup,1302,0.163,7708,0.964,427,0.053,30.93,93257.0,63.97,217600.0,none
2026-07-28T19:02:34,1451.01,S008_Anish,house_A,spoil_free_pcb_v1,pcb_A,chamber_A,poultry,chicken,Warmup,1296,0.162,7710,0.964,428,0.054,30.93,93257.0,63.97,217900.0,none
2026-07-28T19:02:36,1453.01,S008_Anish,house_A,spoil_free_pcb_v1,pcb_A,chamber_A,poultry,chicken,Warmup,1288,0.161,7709,0.964,427,0.053,30.93,93257.0,63.98,218600.0,none
2026-07-28T19:02:38,1455.02,S008_Anish,house_A,spoil_free_pcb_v1,pcb_A,chamber_A,poultry,chicken,Warmup,1282,0.16,7708,0.964,427,0.053,30.93,93257.0,63.97,217700.0,none
2026-07-28T19:02:40,1457.02,S008_Anish,house_A,spoil_free_pcb_v1,pcb_A,chamber_A,poultry,chicken,Warmup,1292,0.162,7707,0.963,427,0.053,30.93,93257.0,63.97,218300.0,none
2026-07-28T19:02:42,1459.02,S008_Anish,house_A,spoil_free_pcb_v1,pcb_A,chamber_A,poultry,chicken,Warmup,1300,0.163,7710,0.964,428,0.054,30.93,93257.0,63.98,218000.0,none
2026-07-28T19:02:44,1461.02,S008_Anish,house_A,spoil_free_pcb_v1,pcb_A,chamber_A,poultry,chicken,Warmup,1299,0.162,7710,0.964,427,0.053,30.93,93257.0,63.96,218600.0,none
2026-07-28T19:02:46,1463.02,S008_Anish,house_A,spoil_free_pcb_v1,pcb_A,chamber_A,poultry,chicken,Warmup,1291,0.161,7710,0.964,427,0.053,30.93,93259.0,63.97,218400.0,none
2026-07-28T19:02:48,1465.02,S008_Anish,house_A,spoil_free_pcb_v1,pcb_A,chamber_A,poultry,chicken,Warmup,1286,0.161,7710,0.964,427,0.053,30.94,93259.0,63.98,219000.0,none
2026-07-28T19:02:50,1467.02,S008_Anish,house_A,spoil_free_pcb_v1,pcb_A,chamber_A,poultry,chicken,Warmup,1292,0.162,7710,0.964,428,0.054,30.94,93257.0,63.96,217700.0,none
2026-07-28T19:02:52,1469.02,S008_Anish,house_A,spoil_free_pcb_v1,pcb_A,chamber_A,poultry,chicken,Warmup,1300,0.163,7710,0.964,427,0.053,30.94,93257.0,63.98,218400.0,none
2026-07-28T19:02:54,1471.02,S008_Anish,house_A,spoil_free_pcb_v1,pcb_A,chamber_A,poultry,chicken,Warmup,1311,0.164,7711,0.964,427,0.053,30.94,93259.0,63.98,218000.0,none
2026-07-28T19:02:56,1473.02,S008_Anish,house_A,spoil_free_pcb_v1,pcb_A,chamber_A,poultry,chicken,Warmup,1300,0.163,7712,0.964,427,0.053,30.93,93259.0,63.97,218100.0,none
2026-07-28T19:02:58,1475.02,S008_Anish,house_A,spoil_free_pcb_v1,pcb_A,chamber_A,poultry,chicken,Warmup,1282,0.16,7713,0.964,427,0.053,30.93,93259.0,63.97,218400.0,none
