Saved Sample Number,Date,Timestamp,Elapsed Time (seconds),Elapsed Time (minutes),Gas Sensor 1 Raw,Gas Sensor 1 Voltage (V),Gas Sensor 2 Raw,Gas Sensor 2 Voltage (V),Gas Sensor 3 Raw,Gas Sensor 3 Voltage (V),Temperature (C),Humidity (%),Pressure (hPa),BME680 Gas Resistance (kOhms)
1,2026-08-05,2026-08-05 12:26:32 AM,30.037,0.5006,4448,0.556,6865,0.8581,8527,1.0659,24.49,49.26,998.75,56.8
2,2026-08-05,2026-08-05 12:27:02 AM,60.013,1.0002,4423,0.5529,6762,0.8453,8540,1.0675,24.71,48.62,998.74,81.24
3,2026-08-05,2026-08-05 12:27:32 AM,90.007,1.5001,4400,0.55,6654,0.8318,8551,1.0689,24.85,48.34,998.75,96.35
4,2026-08-05,2026-08-05 12:28:02 AM,120.014,2.0002,4387,0.5484,6549,0.8186,8561,1.0701,24.97,48.17,998.77,107.11
5,2026-08-05,2026-08-05 12:28:32 AM,150.009,2.5002,4375,0.5469,6465,0.8081,8578,1.0723,25.05,48.09,998.79,116.23
6,2026-08-05,2026-08-05 12:29:02 AM,180.021,3.0004,4360,0.545,6374,0.7968,8587,1.0734,25.12,48.05,998.77,124.27
7,2026-08-05,2026-08-05 12:29:32 AM,210.012,3.5002,4353,0.5441,6291,0.7864,8598,1.0748,25.18,48.05,998.76,131.45
8,2026-08-05,2026-08-05 12:30:02 AM,240.006,4.0001,4352,0.544,6202,0.7753,8604,1.0755,25.23,48.05,998.77,138.6
9,2026-08-05,2026-08-05 12:30:32 AM,270.016,4.5003,4349,0.5436,6127,0.7659,8620,1.0775,25.28,48.09,998.76,142.54
10,2026-08-05,2026-08-05 12:31:02 AM,300.003,5.0001,4348,0.5435,6061,0.7576,8636,1.0795,25.33,48.12,998.75,148.49
11,2026-08-05,2026-08-05 12:31:32 AM,330.005,5.5001,4348,0.5435,5989,0.7486,8651,1.0814,25.38,48.17,998.76,153.15
12,2026-08-05,2026-08-05 12:32:02 AM,360.018,6.0003,4348,0.5435,5929,0.7411,8663,1.0829,25.42,48.22,998.76,157.39
13,2026-08-05,2026-08-05 12:32:32 AM,390.009,6.5002,4356,0.5445,5860,0.7325,8672,1.084,25.46,48.27,998.76,159.75
14,2026-08-05,2026-08-05 12:33:02 AM,420.006,7.0001,4358,0.5448,5807,0.7259,8691,1.0864,25.5,48.33,998.78,162.49
15,2026-08-05,2026-08-05 12:33:32 AM,450.017,7.5003,4350,0.5438,5745,0.7181,8709,1.0886,25.55,48.41,998.79,165.96
16,2026-08-05,2026-08-05 12:34:02 AM,480.012,8.0002,4360,0.545,5699,0.7124,8721,1.0901,25.59,48.48,998.82,168.26
17,2026-08-05,2026-08-05 12:34:32 AM,510.201,8.5034,4361,0.5451,5640,0.705,8735,1.0919,25.63,48.54,998.81,172.16
18,2026-08-05,2026-08-05 12:35:02 AM,540.013,9.0002,4365,0.5456,5586,0.6983,8748,1.0935,25.67,48.62,998.81,172.51
19,2026-08-05,2026-08-05 12:35:32 AM,570.007,9.5001,4368,0.546,5544,0.693,8761,1.0951,25.71,48.69,998.82,174.45
20,2026-08-05,2026-08-05 12:36:02 AM,600.013,10.0002,4376,0.547,5509,0.6886,8773,1.0966,25.74,48.77,998.82,176.79
21,2026-08-05,2026-08-05 12:36:32 AM,630.004,10.5001,4381,0.5476,5461,0.6826,8785,1.0981,25.78,48.85,998.82,178.27
22,2026-08-05,2026-08-05 12:37:02 AM,660.002,11.0,4388,0.5485,5415,0.6769,8796,1.0995,25.82,48.93,998.8,179.96
23,2026-08-05,2026-08-05 12:37:32 AM,690.203,11.5034,4393,0.5491,5389,0.6736,8813,1.1016,25.86,49.02,998.81,182.27
24,2026-08-05,2026-08-05 12:38:02 AM,720.008,12.0001,4401,0.5501,5346,0.6683,8826,1.1033,25.89,49.09,998.82,183.25
25,2026-08-05,2026-08-05 12:38:32 AM,750.005,12.5001,4412,0.5515,5310,0.6638,8840,1.105,25.93,49.18,998.84,184.44
26,2026-08-05,2026-08-05 12:39:02 AM,780.013,13.0002,4425,0.5531,5281,0.6601,8854,1.1068,25.96,49.26,998.84,185.24
27,2026-08-05,2026-08-05 12:39:32 AM,810.004,13.5001,4437,0.5546,5249,0.6561,8868,1.1085,26.01,49.35,998.86,186.25
28,2026-08-05,2026-08-05 12:40:02 AM,840.002,14.0,4446,0.5558,5215,0.6519,8878,1.1098,26.04,49.43,998.86,186.45
29,2026-08-05,2026-08-05 12:40:32 AM,870.001,14.5,4461,0.5576,5191,0.6489,8898,1.1123,26.08,49.51,998.86,191.4
30,2026-08-05,2026-08-05 12:41:02 AM,900.199,15.0033,4477,0.5596,5157,0.6446,8910,1.1138,26.12,49.59,998.84,192.48
31,2026-08-05,2026-08-05 12:41:32 AM,930.202,15.5034,4482,0.5603,5129,0.6411,8924,1.1155,26.15,49.67,998.85,192.05
32,2026-08-05,2026-08-05 12:42:02 AM,960.01,16.0002,4493,0.5616,5100,0.6375,8942,1.1178,26.19,49.74,998.86,193.13
33,2026-08-05,2026-08-05 12:42:32 AM,990.007,16.5001,4505,0.5631,5082,0.6353,8947,1.1184,26.22,49.82,998.83,194.12
34,2026-08-05,2026-08-05 12:43:02 AM,1020.004,17.0001,4516,0.5645,5052,0.6315,8964,1.1205,26.26,49.9,998.83,196.02
35,2026-08-05,2026-08-05 12:43:32 AM,1050.002,17.5,4535,0.5669,5023,0.6279,8979,1.1224,26.29,49.98,998.82,194.34
36,2026-08-05,2026-08-05 12:44:02 AM,1080.212,18.0035,4547,0.5684,5003,0.6254,8994,1.1243,26.33,50.07,998.79,195.9
37,2026-08-05,2026-08-05 12:44:32 AM,1110.203,18.5034,4566,0.5707,4982,0.6228,9010,1.1263,26.36,50.14,998.81,195.23
38,2026-08-05,2026-08-05 12:45:02 AM,1140.187,19.0031,4577,0.5721,4973,0.6216,9003,1.1254,26.39,50.23,998.79,194.79
39,2026-08-05,2026-08-05 12:45:32 AM,1170.003,19.5001,4586,0.5733,4947,0.6184,9028,1.1285,26.42,50.3,998.78,196.36
40,2026-08-05,2026-08-05 12:46:02 AM,1200.002,20.0,4589,0.5736,4941,0.6176,9039,1.1299,26.46,50.39,998.77,197.61
41,2026-08-05,2026-08-05 12:46:32 AM,1230.002,20.5,4597,0.5746,4917,0.6146,9046,1.1308,26.48,50.48,998.76,196.47
42,2026-08-05,2026-08-05 12:47:02 AM,1260.004,21.0001,4595,0.5744,4900,0.6125,9049,1.1311,26.51,50.57,998.75,197.95
43,2026-08-05,2026-08-05 12:47:32 AM,1290.13,21.5022,4597,0.5746,4879,0.6099,9069,1.1336,26.54,50.67,998.74,197.61
44,2026-08-05,2026-08-05 12:48:02 AM,1320.004,22.0001,4607,0.5759,4857,0.6071,9069,1.1336,26.56,50.75,998.74,197.95
45,2026-08-05,2026-08-05 12:48:32 AM,1350.194,22.5032,4609,0.5761,4839,0.6049,9077,1.1346,26.59,50.84,998.74,197.61
46,2026-08-05,2026-08-05 12:49:02 AM,1380.202,23.0034,4619,0.5774,4824,0.603,9092,1.1365,26.61,50.93,998.74,198.29
47,2026-08-05,2026-08-05 12:49:32 AM,1410.197,23.5033,4616,0.577,4811,0.6014,9103,1.1379,26.64,51.02,998.75,198.18
48,2026-08-05,2026-08-05 12:50:02 AM,1440.181,24.003,4623,0.5779,4790,0.5988,9112,1.139,26.66,51.12,998.77,198.07
49,2026-08-05,2026-08-05 12:50:32 AM,1470.186,24.5031,4629,0.5786,4785,0.5981,9131,1.1414,26.68,51.2,998.76,198.07
50,2026-08-05,2026-08-05 12:51:02 AM,1500.009,25.0001,4633,0.5791,4761,0.5951,9141,1.1426,26.7,51.31,998.74,196.92
51,2026-08-05,2026-08-05 12:51:32 AM,1530.205,25.5034,4645,0.5806,4752,0.594,9152,1.144,26.72,51.4,998.74,197.15
52,2026-08-05,2026-08-05 12:52:02 AM,1560.196,26.0033,4656,0.582,4734,0.5918,9154,1.1443,26.74,51.52,998.72,197.15
53,2026-08-05,2026-08-05 12:52:32 AM,1590.189,26.5031,4662,0.5828,4724,0.5905,9164,1.1455,26.76,51.64,998.75,197.49
54,2026-08-05,2026-08-05 12:53:02 AM,1620.184,27.0031,4659,0.5824,4704,0.588,9173,1.1466,26.78,51.76,998.75,197.61
55,2026-08-05,2026-08-05 12:53:32 AM,1650.184,27.5031,4674,0.5843,4691,0.5864,9186,1.1483,26.8,51.86,998.76,197.04
56,2026-08-05,2026-08-05 12:54:02 AM,1680.197,28.0033,4688,0.586,4687,0.5859,9197,1.1496,26.83,51.96,998.77,197.15
57,2026-08-05,2026-08-05 12:54:32 AM,1710.19,28.5032,4692,0.5865,4672,0.584,9207,1.1509,26.85,52.06,998.77,196.92
58,2026-08-05,2026-08-05 12:55:02 AM,1740.193,29.0032,4700,0.5875,4668,0.5835,9204,1.1505,26.87,52.17,998.76,196.24
59,2026-08-05,2026-08-05 12:55:32 AM,1770.185,29.5031,4709,0.5886,4656,0.582,9222,1.1528,26.89,52.24,998.75,196.58
60,2026-08-05,2026-08-05 12:56:02 AM,1800.173,30.0029,4717,0.5896,4644,0.5805,9241,1.1551,26.91,52.35,998.73,196.7
61,2026-08-05,2026-08-05 12:56:32 AM,1830.179,30.503,4730,0.5913,4632,0.579,9234,1.1543,26.93,52.42,998.72,197.15
62,2026-08-05,2026-08-05 12:57:02 AM,1860.186,31.0031,4740,0.5925,4625,0.5781,9251,1.1564,26.95,52.53,998.7,196.24
63,2026-08-05,2026-08-05 12:57:32 AM,1890.183,31.5031,4743,0.5929,4621,0.5776,9268,1.1585,26.98,52.61,998.7,195.12
64,2026-08-05,2026-08-05 12:58:02 AM,1920.177,32.003,4756,0.5945,4608,0.576,9270,1.1588,27.0,52.69,998.69,195.46
65,2026-08-05,2026-08-05 12:58:32 AM,1950.172,32.5029,4762,0.5953,4605,0.5756,9281,1.1601,27.02,52.77,998.68,196.92
66,2026-08-05,2026-08-05 12:59:02 AM,1980.167,33.0028,4776,0.597,4590,0.5738,9292,1.1615,27.03,52.87,998.65,195.12
67,2026-08-05,2026-08-05 12:59:32 AM,2010.177,33.503,4784,0.598,4578,0.5723,9304,1.163,27.05,52.93,998.64,196.13
68,2026-08-05,2026-08-05 01:00:02 AM,2040.176,34.0029,4789,0.5986,4570,0.5713,9315,1.1644,27.07,53.0,998.63,194.34
69,2026-08-05,2026-08-05 01:00:32 AM,2070.18,34.503,4801,0.6001,4562,0.5703,9328,1.166,27.09,53.09,998.6,196.24
70,2026-08-05,2026-08-05 01:01:02 AM,2100.188,35.0031,4800,0.6,4556,0.5695,9333,1.1666,27.11,53.15,998.6,195.23
71,2026-08-05,2026-08-05 01:01:32 AM,2130.185,35.5031,4809,0.6011,4550,0.5688,9341,1.1676,27.13,53.23,998.58,194.01
72,2026-08-05,2026-08-05 01:02:02 AM,2160.175,36.0029,4821,0.6026,4539,0.5674,9350,1.1688,27.15,53.32,998.57,195.01
73,2026-08-05,2026-08-05 01:02:32 AM,2190.167,36.5028,4817,0.6021,4529,0.5661,9349,1.1686,27.17,53.4,998.54,193.02
74,2026-08-05,2026-08-05 01:03:02 AM,2220.179,37.003,4835,0.6044,4514,0.5643,9369,1.1711,27.18,53.46,998.52,193.35
75,2026-08-05,2026-08-05 01:03:32 AM,2250.176,37.5029,4835,0.6044,4519,0.5649,9375,1.1719,27.2,53.54,998.53,194.57
76,2026-08-05,2026-08-05 01:04:02 AM,2280.179,38.003,4836,0.6045,4505,0.5631,9384,1.173,27.21,53.61,998.54,194.12
77,2026-08-05,2026-08-05 01:04:32 AM,2310.159,38.5027,4843,0.6054,4496,0.562,9386,1.1733,27.22,53.68,998.53,193.46
78,2026-08-05,2026-08-05 01:05:02 AM,2340.175,39.0029,4840,0.605,4484,0.5605,9391,1.1739,27.23,53.75,998.55,193.57
79,2026-08-05,2026-08-05 01:05:32 AM,2370.166,39.5028,4858,0.6073,4476,0.5595,9396,1.1745,27.24,53.83,998.58,192.37
80,2026-08-05,2026-08-05 01:06:02 AM,2400.178,40.003,4861,0.6076,4483,0.5604,9420,1.1775,27.25,53.94,998.59,193.13
81,2026-08-05,2026-08-05 01:06:32 AM,2430.159,40.5027,4872,0.609,4475,0.5594,9425,1.1781,27.27,54.04,998.62,193.46
82,2026-08-05,2026-08-05 01:07:02 AM,2460.169,41.0028,4875,0.6094,4464,0.558,9437,1.1796,27.28,54.12,998.64,193.02
83,2026-08-05,2026-08-05 01:07:32 AM,2490.176,41.5029,4883,0.6104,4462,0.5578,9445,1.1806,27.29,54.19,998.66,192.81
84,2026-08-05,2026-08-05 01:08:02 AM,2520.164,42.0027,4894,0.6118,4448,0.556,9445,1.1806,27.3,54.3,998.66,192.05
85,2026-08-05,2026-08-05 01:08:32 AM,2550.167,42.5028,4898,0.6123,4439,0.5549,9454,1.1818,27.31,54.39,998.66,187.07
86,2026-08-05,2026-08-05 01:09:02 AM,2580.174,43.0029,4908,0.6135,4441,0.5551,9464,1.183,27.33,54.49,998.67,191.4
87,2026-08-05,2026-08-05 01:09:32 AM,2610.157,43.5026,4908,0.6135,4425,0.5531,9468,1.1835,27.34,54.57,998.66,186.66
88,2026-08-05,2026-08-05 01:10:02 AM,2640.165,44.0028,4916,0.6145,4428,0.5535,9470,1.1838,27.35,54.65,998.65,186.86
89,2026-08-05,2026-08-05 01:10:32 AM,2670.166,44.5028,4928,0.616,4424,0.553,9492,1.1865,27.37,54.75,998.66,190.87
90,2026-08-05,2026-08-05 01:11:02 AM,2700.158,45.0026,4934,0.6168,4426,0.5533,9500,1.1875,27.38,54.83,998.63,186.86
91,2026-08-05,2026-08-05 01:11:32 AM,2730.16,45.5027,4947,0.6184,4413,0.5516,9501,1.1876,27.39,54.91,998.62,186.86
92,2026-08-05,2026-08-05 01:12:02 AM,2760.15,46.0025,4948,0.6185,4411,0.5514,9511,1.1889,27.41,55.0,998.62,185.24
93,2026-08-05,2026-08-05 01:12:32 AM,2790.153,46.5026,4962,0.6203,4407,0.5509,9521,1.1901,27.42,55.09,998.62,185.84
94,2026-08-05,2026-08-05 01:13:02 AM,2820.159,47.0027,4962,0.6203,4398,0.5498,9526,1.1908,27.43,55.17,998.63,186.25
95,2026-08-05,2026-08-05 01:13:32 AM,2850.173,47.5029,4976,0.622,4395,0.5494,9526,1.1908,27.45,55.25,998.64,183.84
96,2026-08-05,2026-08-05 01:14:02 AM,2880.154,48.0026,4975,0.6219,4399,0.5499,9538,1.1923,27.47,55.33,998.65,185.24
97,2026-08-05,2026-08-05 01:14:32 AM,2910.159,48.5027,4991,0.6239,4399,0.5499,9551,1.1939,27.48,55.4,998.65,185.04
98,2026-08-05,2026-08-05 01:15:02 AM,2940.16,49.0027,4990,0.6238,4392,0.549,9557,1.1946,27.5,55.47,998.65,184.44
99,2026-08-05,2026-08-05 01:15:32 AM,2970.155,49.5026,4992,0.624,4387,0.5484,9567,1.1959,27.51,55.56,998.64,183.64
100,2026-08-05,2026-08-05 01:16:02 AM,3000.15,50.0025,5006,0.6258,4386,0.5483,9560,1.195,27.53,55.63,998.66,183.84
101,2026-08-05,2026-08-05 01:16:32 AM,3030.156,50.5026,5003,0.6254,4381,0.5476,9576,1.197,27.54,55.7,998.65,183.25
102,2026-08-05,2026-08-05 01:17:02 AM,3060.157,51.0026,5011,0.6264,4383,0.5479,9579,1.1974,27.55,55.76,998.66,183.84
103,2026-08-05,2026-08-05 01:17:32 AM,3090.157,51.5026,5015,0.6269,4376,0.547,9593,1.1991,27.57,55.83,998.66,182.47
104,2026-08-05,2026-08-05 01:18:02 AM,3120.159,52.0026,5021,0.6276,4372,0.5465,9591,1.1989,27.58,55.88,998.68,183.25
105,2026-08-05,2026-08-05 01:18:32 AM,3150.148,52.5025,5025,0.6281,4365,0.5456,9600,1.2,27.59,55.96,998.65,182.86
106,2026-08-05,2026-08-05 01:19:02 AM,3180.161,53.0027,5026,0.6283,4368,0.546,9597,1.1996,27.6,56.03,998.64,183.45
107,2026-08-05,2026-08-05 01:19:32 AM,3210.143,53.5024,5032,0.629,4367,0.5459,9613,1.2016,27.61,56.06,998.65,182.08
108,2026-08-05,2026-08-05 01:20:02 AM,3240.148,54.0025,5037,0.6296,4355,0.5444,9620,1.2025,27.62,56.12,998.65,183.45
109,2026-08-05,2026-08-05 01:20:32 AM,3270.136,54.5023,5052,0.6315,4358,0.5448,9629,1.2036,27.62,56.2,998.63,182.27
110,2026-08-05,2026-08-05 01:21:02 AM,3300.144,55.0024,5052,0.6315,4355,0.5444,9633,1.2041,27.63,56.24,998.63,182.47
111,2026-08-05,2026-08-05 01:21:32 AM,3330.14,55.5023,5053,0.6316,4357,0.5446,9633,1.2041,27.64,56.32,998.65,182.08
112,2026-08-05,2026-08-05 01:22:02 AM,3360.153,56.0025,5062,0.6328,4351,0.5439,9651,1.2064,27.64,56.4,998.64,180.92
113,2026-08-05,2026-08-05 01:22:32 AM,3390.142,56.5024,5064,0.633,4350,0.5438,9650,1.2063,27.65,56.48,998.62,183.05
114,2026-08-05,2026-08-05 01:23:02 AM,3420.153,57.0025,5066,0.6333,4350,0.5438,9655,1.2069,27.65,56.57,998.62,181.3
115,2026-08-05,2026-08-05 01:23:32 AM,3450.145,57.5024,5084,0.6355,4340,0.5425,9661,1.2076,27.66,56.68,998.62,181.69
116,2026-08-05,2026-08-05 01:24:02 AM,3480.148,58.0025,5081,0.6351,4342,0.5428,9669,1.2086,27.67,56.76,998.62,180.92
117,2026-08-05,2026-08-05 01:24:32 AM,3510.147,58.5025,5093,0.6366,4348,0.5435,9671,1.2089,27.67,56.89,998.61,180.15
118,2026-08-05,2026-08-05 01:25:02 AM,3540.136,59.0023,5101,0.6376,4345,0.5431,9682,1.2103,27.68,56.98,998.58,179.96
119,2026-08-05,2026-08-05 01:25:32 AM,3570.134,59.5022,5096,0.637,4349,0.5436,9685,1.2106,27.69,57.06,998.6,179.77
120,2026-08-05,2026-08-05 01:26:02 AM,3600.135,60.0023,5105,0.6381,4342,0.5428,9690,1.2113,27.69,57.15,998.57,179.21
121,2026-08-05,2026-08-05 01:26:32 AM,3630.143,60.5024,5105,0.6381,4342,0.5428,9693,1.2116,27.7,57.23,998.57,179.21
122,2026-08-05,2026-08-05 01:27:02 AM,3660.154,61.0026,5116,0.6395,4336,0.542,9710,1.2138,27.71,57.32,998.57,178.83
123,2026-08-05,2026-08-05 01:27:32 AM,3690.141,61.5023,5120,0.64,4339,0.5424,9709,1.2136,27.72,57.4,998.58,178.65
124,2026-08-05,2026-08-05 01:28:02 AM,3720.137,62.0023,5124,0.6405,4338,0.5423,9716,1.2145,27.73,57.49,998.59,178.27
125,2026-08-05,2026-08-05 01:28:32 AM,3750.139,62.5023,5137,0.6421,4341,0.5426,9719,1.2149,27.74,57.57,998.6,178.09
126,2026-08-05,2026-08-05 01:29:02 AM,3780.134,63.0022,5146,0.6433,4338,0.5423,9730,1.2163,27.75,57.65,998.62,178.09
127,2026-08-05,2026-08-05 01:29:32 AM,3810.139,63.5023,5154,0.6443,4341,0.5426,9729,1.2161,27.75,57.73,998.62,177.9
128,2026-08-05,2026-08-05 01:30:02 AM,3840.14,64.0023,5158,0.6448,4331,0.5414,9743,1.2179,27.76,57.82,998.63,177.9
129,2026-08-05,2026-08-05 01:30:32 AM,3870.138,64.5023,5165,0.6456,4334,0.5418,9747,1.2184,27.77,57.9,998.63,177.53
130,2026-08-05,2026-08-05 01:31:02 AM,3900.126,65.0021,5165,0.6456,4335,0.5419,9754,1.2193,27.78,57.98,998.64,177.53
131,2026-08-05,2026-08-05 01:31:32 AM,3930.126,65.5021,5163,0.6454,4327,0.5409,9753,1.2191,27.79,58.04,998.63,177.35
132,2026-08-05,2026-08-05 01:32:02 AM,3960.139,66.0023,5178,0.6473,4332,0.5415,9764,1.2205,27.8,58.12,998.63,176.61
133,2026-08-05,2026-08-05 01:32:32 AM,3990.127,66.5021,5181,0.6476,4338,0.5423,9763,1.2204,27.81,58.2,998.62,176.07
134,2026-08-05,2026-08-05 01:33:02 AM,4020.137,67.0023,5195,0.6494,4341,0.5426,9779,1.2224,27.81,58.26,998.64,176.07
135,2026-08-05,2026-08-05 01:33:32 AM,4050.13,67.5022,5192,0.649,4336,0.542,9774,1.2218,27.82,58.31,998.63,175.7
136,2026-08-05,2026-08-05 01:34:02 AM,4080.121,68.002,5199,0.6499,4330,0.5413,9782,1.2228,27.82,58.37,998.63,175.34
137,2026-08-05,2026-08-05 01:34:32 AM,4110.134,68.5022,5205,0.6506,4331,0.5414,9791,1.2239,27.83,58.44,998.62,175.52
138,2026-08-05,2026-08-05 01:35:02 AM,4140.122,69.002,5206,0.6508,4326,0.5408,9791,1.2239,27.83,58.49,998.61,175.52
139,2026-08-05,2026-08-05 01:35:32 AM,4170.129,69.5022,5212,0.6515,4330,0.5413,9796,1.2245,27.83,58.55,998.61,176.43
140,2026-08-05,2026-08-05 01:36:02 AM,4200.128,70.0021,5217,0.6521,4335,0.5419,9796,1.2245,27.83,58.62,998.61,175.7
141,2026-08-05,2026-08-05 01:36:32 AM,4230.135,70.5023,5219,0.6524,4327,0.5409,9810,1.2263,27.83,58.67,998.6,176.43
142,2026-08-05,2026-08-05 01:37:02 AM,4260.128,71.0021,5225,0.6531,4323,0.5404,9811,1.2264,27.83,58.71,998.61,175.16
143,2026-08-05,2026-08-05 01:37:32 AM,4290.133,71.5022,5233,0.6541,4323,0.5404,9817,1.2271,27.83,58.77,998.6,174.8
144,2026-08-05,2026-08-05 01:38:02 AM,4320.124,72.0021,5238,0.6548,4315,0.5394,9818,1.2273,27.82,58.84,998.62,175.7
145,2026-08-05,2026-08-05 01:38:32 AM,4350.133,72.5022,5241,0.6551,4318,0.5398,9820,1.2275,27.82,58.91,998.63,174.27
146,2026-08-05,2026-08-05 01:39:02 AM,4380.124,73.0021,5243,0.6554,4315,0.5394,9831,1.2289,27.81,58.99,998.64,174.62
147,2026-08-05,2026-08-05 01:39:32 AM,4410.118,73.502,5246,0.6558,4319,0.5399,9832,1.229,27.81,59.08,998.66,174.62
148,2026-08-05,2026-08-05 01:40:02 AM,4440.126,74.0021,5247,0.6559,4314,0.5393,9839,1.2299,27.81,59.17,998.66,173.91
149,2026-08-05,2026-08-05 01:40:32 AM,4470.12,74.502,5260,0.6575,4316,0.5395,9839,1.2299,27.8,59.25,998.66,174.62
150,2026-08-05,2026-08-05 01:41:02 AM,4500.121,75.002,5255,0.6569,4315,0.5394,9849,1.2311,27.8,59.34,998.65,173.91
151,2026-08-05,2026-08-05 01:41:32 AM,4530.113,75.5019,5265,0.6581,4312,0.539,9852,1.2315,27.8,59.42,998.65,173.74
152,2026-08-05,2026-08-05 01:42:02 AM,4560.12,76.002,5266,0.6583,4316,0.5395,9861,1.2326,27.8,59.51,998.65,173.03
153,2026-08-05,2026-08-05 01:42:32 AM,4590.123,76.502,5269,0.6586,4309,0.5386,9864,1.233,27.8,59.62,998.64,174.27
154,2026-08-05,2026-08-05 01:43:02 AM,4620.124,77.0021,5276,0.6595,4300,0.5375,9866,1.2333,27.8,59.72,998.63,173.03
155,2026-08-05,2026-08-05 01:43:32 AM,4650.105,77.5018,5286,0.6608,4312,0.539,9874,1.2343,27.8,59.81,998.63,172.16
156,2026-08-05,2026-08-05 01:44:02 AM,4680.114,78.0019,5286,0.6608,4320,0.54,9882,1.2353,27.8,59.92,998.62,171.81
157,2026-08-05,2026-08-05 01:44:32 AM,4710.117,78.502,5292,0.6615,4315,0.5394,9897,1.2371,27.8,59.99,998.63,172.33
158,2026-08-05,2026-08-05 01:45:02 AM,4740.115,79.0019,5300,0.6625,4312,0.539,9875,1.2344,27.8,60.08,998.61,173.21
159,2026-08-05,2026-08-05 01:45:32 AM,4770.108,79.5018,5309,0.6636,4305,0.5381,9896,1.237,27.8,60.16,998.6,172.33
160,2026-08-05,2026-08-05 01:46:02 AM,4800.122,80.002,5308,0.6635,4314,0.5393,9891,1.2364,27.8,60.25,998.62,171.47
161,2026-08-05,2026-08-05 01:46:32 AM,4830.106,80.5018,5315,0.6644,4309,0.5386,9896,1.237,27.8,60.34,998.6,170.78
162,2026-08-05,2026-08-05 01:47:02 AM,4860.125,81.0021,5320,0.665,4313,0.5391,9910,1.2388,27.8,60.41,998.59,171.47
163,2026-08-05,2026-08-05 01:47:32 AM,4890.105,81.5017,5325,0.6656,4307,0.5384,9915,1.2394,27.81,60.51,998.58,169.59
164,2026-08-05,2026-08-05 01:48:02 AM,4920.113,82.0019,5332,0.6665,4317,0.5396,9914,1.2393,27.81,60.6,998.57,170.1
165,2026-08-05,2026-08-05 01:48:32 AM,4950.11,82.5018,5333,0.6666,4319,0.5399,9922,1.2403,27.81,60.66,998.56,171.12
166,2026-08-05,2026-08-05 01:49:02 AM,4980.108,83.0018,5343,0.6679,4309,0.5386,9919,1.2399,27.81,60.73,998.52,170.27
167,2026-08-05,2026-08-05 01:49:32 AM,5010.11,83.5018,5339,0.6674,4309,0.5386,9922,1.2403,27.82,60.82,998.5,169.42
168,2026-08-05,2026-08-05 01:50:02 AM,5040.108,84.0018,5339,0.6674,4304,0.538,9920,1.24,27.82,60.88,998.48,169.59
169,2026-08-05,2026-08-05 01:50:32 AM,5070.108,84.5018,5354,0.6693,4312,0.539,9938,1.2423,27.82,60.97,998.48,169.09
170,2026-08-05,2026-08-05 01:51:02 AM,5100.104,85.0017,5355,0.6694,4307,0.5384,9943,1.2429,27.83,61.03,998.45,169.09
171,2026-08-05,2026-08-05 01:51:32 AM,5130.101,85.5017,5364,0.6705,4304,0.538,9939,1.2424,27.83,61.08,998.44,169.42
172,2026-08-05,2026-08-05 01:52:02 AM,5160.097,86.0016,5370,0.6713,4309,0.5386,9946,1.2433,27.83,61.16,998.42,168.92
173,2026-08-05,2026-08-05 01:52:32 AM,5190.102,86.5017,5370,0.6713,4306,0.5383,9950,1.2438,27.83,61.21,998.44,168.42
174,2026-08-05,2026-08-05 01:53:02 AM,5220.108,87.0018,5380,0.6725,4315,0.5394,9961,1.2451,27.84,61.27,998.44,168.92
175,2026-08-05,2026-08-05 01:53:32 AM,5250.108,87.5018,5381,0.6726,4314,0.5393,9960,1.245,27.84,61.38,998.46,167.76
176,2026-08-05,2026-08-05 01:54:02 AM,5280.1,88.0017,5385,0.6731,4312,0.539,9959,1.2449,27.84,61.42,998.48,167.43
177,2026-08-05,2026-08-05 01:54:32 AM,5310.099,88.5017,5388,0.6735,4311,0.5389,9976,1.247,27.84,61.5,998.5,167.59
178,2026-08-05,2026-08-05 01:55:02 AM,5340.114,89.0019,5387,0.6734,4308,0.5385,9973,1.2466,27.84,61.58,998.52,167.76
179,2026-08-05,2026-08-05 01:55:32 AM,5370.109,89.5018,5398,0.6748,4308,0.5385,9977,1.2471,27.84,61.65,998.52,167.26
180,2026-08-05,2026-08-05 01:56:02 AM,5400.108,90.0018,5397,0.6746,4314,0.5393,9979,1.2474,27.83,61.77,998.52,166.77
181,2026-08-05,2026-08-05 01:56:32 AM,5430.099,90.5017,5398,0.6748,4313,0.5391,9986,1.2483,27.83,61.84,998.54,166.77
182,2026-08-05,2026-08-05 01:57:02 AM,5460.104,91.0017,5400,0.675,4315,0.5394,9987,1.2484,27.82,61.93,998.53,166.94
183,2026-08-05,2026-08-05 01:57:32 AM,5490.094,91.5016,5409,0.6761,4313,0.5391,9988,1.2485,27.81,62.03,998.52,167.1
184,2026-08-05,2026-08-05 01:58:02 AM,5520.1,92.0017,5411,0.6764,4305,0.5381,9996,1.2495,27.79,62.13,998.53,166.77
185,2026-08-05,2026-08-05 01:58:32 AM,5550.098,92.5016,5419,0.6774,4306,0.5383,10005,1.2506,27.78,62.24,998.55,166.45
186,2026-08-05,2026-08-05 01:59:02 AM,5580.095,93.0016,5410,0.6763,4310,0.5388,9994,1.2493,27.76,62.39,998.55,165.96
187,2026-08-05,2026-08-05 01:59:32 AM,5610.082,93.5014,5412,0.6765,4305,0.5381,9989,1.2486,27.74,62.53,998.55,166.29
188,2026-08-05,2026-08-05 02:00:02 AM,5640.095,94.0016,5417,0.6771,4301,0.5376,9994,1.2493,27.72,62.67,998.57,165.48
189,2026-08-05,2026-08-05 02:00:32 AM,5670.096,94.5016,5421,0.6776,4299,0.5374,9990,1.2488,27.7,62.82,998.57,165.96
190,2026-08-05,2026-08-05 02:01:02 AM,5700.1,95.0017,5417,0.6771,4302,0.5378,9996,1.2495,27.67,62.97,998.59,164.84
191,2026-08-05,2026-08-05 02:01:32 AM,5730.1,95.5017,5419,0.6774,4295,0.5369,10004,1.2505,27.64,63.04,998.59,164.68
192,2026-08-05,2026-08-05 02:02:02 AM,5760.096,96.0016,5412,0.6765,4295,0.5369,9991,1.2489,27.62,63.17,998.58,164.37
193,2026-08-05,2026-08-05 02:02:32 AM,5790.094,96.5016,5409,0.6761,4288,0.536,10008,1.251,27.6,63.29,998.57,164.05
194,2026-08-05,2026-08-05 02:03:02 AM,5820.098,97.0016,5413,0.6766,4287,0.5359,9991,1.2489,27.58,63.38,998.58,164.52
195,2026-08-05,2026-08-05 02:03:32 AM,5850.087,97.5014,5413,0.6766,4293,0.5366,10005,1.2506,27.56,63.5,998.56,164.21
196,2026-08-05,2026-08-05 02:04:02 AM,5880.095,98.0016,5418,0.6773,4289,0.5361,10001,1.2501,27.54,63.59,998.55,163.42
197,2026-08-05,2026-08-05 02:04:32 AM,5910.09,98.5015,5425,0.6781,4283,0.5354,10001,1.2501,27.53,63.68,998.55,162.33
198,2026-08-05,2026-08-05 02:05:02 AM,5940.095,99.0016,5430,0.6788,4288,0.536,10008,1.251,27.52,63.77,998.55,163.11
199,2026-08-05,2026-08-05 02:05:32 AM,5970.082,99.5014,5434,0.6793,4285,0.5356,10011,1.2514,27.51,63.85,998.55,162.95
200,2026-08-05,2026-08-05 02:06:02 AM,6000.083,100.0014,5436,0.6795,4287,0.5359,10012,1.2515,27.51,63.92,998.54,163.11
201,2026-08-05,2026-08-05 02:06:32 AM,6030.095,100.5016,5440,0.68,4287,0.5359,10024,1.253,27.5,63.98,998.55,163.42
202,2026-08-05,2026-08-05 02:07:02 AM,6060.098,101.0016,5444,0.6805,4290,0.5363,10015,1.2519,27.5,64.06,998.53,163.74
203,2026-08-05,2026-08-05 02:07:32 AM,6090.085,101.5014,5453,0.6816,4292,0.5365,10021,1.2526,27.5,64.13,998.53,162.49
204,2026-08-05,2026-08-05 02:08:02 AM,6120.081,102.0014,5462,0.6828,4288,0.536,10027,1.2534,27.5,64.2,998.52,162.02
205,2026-08-05,2026-08-05 02:08:32 AM,6150.082,102.5014,5461,0.6826,4301,0.5376,10031,1.2539,27.5,64.29,998.53,162.33
206,2026-08-05,2026-08-05 02:09:02 AM,6180.078,103.0013,5469,0.6836,4296,0.537,10031,1.2539,27.49,64.39,998.52,161.41
207,2026-08-05,2026-08-05 02:09:32 AM,6210.095,103.5016,5482,0.6853,4298,0.5373,10032,1.254,27.48,64.52,998.53,160.5
208,2026-08-05,2026-08-05 02:10:02 AM,6240.08,104.0013,5486,0.6858,4294,0.5368,10039,1.2549,27.46,64.68,998.51,161.72
209,2026-08-05,2026-08-05 02:10:32 AM,6270.083,104.5014,5545,0.6931,4303,0.5379,10035,1.2544,27.39,64.8,998.5,161.11
210,2026-08-05,2026-08-05 02:11:02 AM,6300.08,105.0013,5571,0.6964,4303,0.5379,10045,1.2556,27.34,64.8,998.51,160.5
211,2026-08-05,2026-08-05 02:11:32 AM,6330.081,105.5014,5601,0.7001,4294,0.5368,10044,1.2555,27.3,64.9,998.52,162.49
212,2026-08-05,2026-08-05 02:12:02 AM,6360.08,106.0013,5885,0.7356,4412,0.5515,12672,1.584,26.69,68.27,998.54,108.2
213,2026-08-05,2026-08-05 02:12:32 AM,6390.084,106.5014,6156,0.7695,4569,0.5711,13613,1.7016,26.15,70.94,998.54,92.42
214,2026-08-05,2026-08-05 02:13:02 AM,6420.071,107.0012,6384,0.798,4681,0.5851,14226,1.7783,25.87,72.38,998.57,86.34
215,2026-08-05,2026-08-05 02:13:32 AM,6450.076,107.5013,6568,0.821,4769,0.5961,14604,1.8255,25.7,73.33,998.59,83.31
216,2026-08-05,2026-08-05 02:14:02 AM,6480.084,108.0014,6774,0.8468,4874,0.6093,15383,1.9229,25.6,73.97,998.6,72.48
217,2026-08-05,2026-08-05 02:14:32 AM,6510.079,108.5013,6983,0.8729,4969,0.6211,15744,1.968,25.51,74.47,998.62,68.91
218,2026-08-05,2026-08-05 02:15:02 AM,6540.082,109.0014,7167,0.8959,5066,0.6333,15857,1.9821,25.45,74.91,998.65,69.98
219,2026-08-05,2026-08-05 02:15:32 AM,6570.08,109.5013,7254,0.9068,5126,0.6408,15923,1.9904,25.39,75.29,998.65,73.1
220,2026-08-05,2026-08-05 02:16:02 AM,6600.068,110.0011,7342,0.9178,5175,0.6469,16025,2.0031,25.34,75.58,998.66,73.42
221,2026-08-05,2026-08-05 02:16:32 AM,6630.078,110.5013,7412,0.9265,5223,0.6529,16135,2.0169,25.31,75.86,998.66,73.04
222,2026-08-05,2026-08-05 02:17:02 AM,6660.071,111.0012,7463,0.9329,5266,0.6583,16181,2.0226,25.28,76.1,998.68,73.23
223,2026-08-05,2026-08-05 02:17:32 AM,6690.08,111.5013,7504,0.938,5304,0.663,16275,2.0344,25.27,76.31,998.69,72.48
224,2026-08-05,2026-08-05 02:18:02 AM,6720.065,112.0011,7557,0.9446,5347,0.6684,16349,2.0436,25.26,76.47,998.7,70.97
225,2026-08-05,2026-08-05 02:18:32 AM,6750.063,112.501,7592,0.949,5376,0.672,16397,2.0496,25.25,76.65,998.69,70.62
226,2026-08-05,2026-08-05 02:19:02 AM,6780.069,113.0012,7604,0.9505,5397,0.6746,16373,2.0466,25.23,76.79,998.67,71.81
227,2026-08-05,2026-08-05 02:19:32 AM,6810.063,113.501,7624,0.953,5417,0.6771,16415,2.0519,25.23,76.93,998.67,71.57
228,2026-08-05,2026-08-05 02:20:02 AM,6840.06,114.001,7692,0.9615,5458,0.6823,16742,2.0928,25.24,77.02,998.67,63.71
229,2026-08-05,2026-08-05 02:20:32 AM,6870.06,114.501,7669,0.9586,5461,0.6826,16385,2.0481,25.23,77.16,998.66,72.6
230,2026-08-05,2026-08-05 02:21:02 AM,6900.071,115.0012,7648,0.956,5471,0.6839,16356,2.0445,25.22,77.29,998.66,73.35
231,2026-08-05,2026-08-05 02:21:32 AM,6930.07,115.5012,7602,0.9503,5479,0.6849,16258,2.0323,25.21,77.39,998.67,75.63
232,2026-08-05,2026-08-05 02:22:02 AM,6960.065,116.0011,7577,0.9471,5466,0.6833,16214,2.0268,25.22,77.49,998.66,76.1
233,2026-08-05,2026-08-05 02:22:32 AM,6990.071,116.5012,7556,0.9445,5470,0.6838,16177,2.0221,25.22,77.58,998.65,75.9
234,2026-08-05,2026-08-05 02:23:02 AM,7020.077,117.0013,7526,0.9408,5466,0.6833,16116,2.0145,25.23,77.66,998.65,76.58
235,2026-08-05,2026-08-05 02:23:32 AM,7050.061,117.501,7503,0.9379,5455,0.6819,16085,2.0106,25.23,77.73,998.65,76.58
236,2026-08-05,2026-08-05 02:24:02 AM,7080.067,118.0011,7481,0.9351,5460,0.6825,16058,2.0073,25.24,77.81,998.65,76.37
237,2026-08-05,2026-08-05 02:24:32 AM,7110.064,118.5011,7468,0.9335,5460,0.6825,16029,2.0036,25.25,77.87,998.65,76.3
238,2026-08-05,2026-08-05 02:25:02 AM,7140.06,119.001,7439,0.9299,5456,0.682,15960,1.995,25.25,77.92,998.67,77.34
239,2026-08-05,2026-08-05 02:25:32 AM,7170.057,119.5009,7417,0.9271,5459,0.6824,15930,1.9913,25.26,78.0,998.68,77.48
240,2026-08-05,2026-08-05 02:26:02 AM,7200.072,120.0012,7403,0.9254,5449,0.6811,15883,1.9854,25.27,78.06,998.69,77.69
241,2026-08-05,2026-08-05 02:26:32 AM,7230.056,120.5009,7386,0.9233,5440,0.68,15884,1.9855,25.28,78.11,998.7,77.2
242,2026-08-05,2026-08-05 02:27:02 AM,7260.066,121.0011,7371,0.9214,5442,0.6803,15806,1.9758,25.28,78.15,998.69,78.19
243,2026-08-05,2026-08-05 02:27:32 AM,7290.063,121.5011,7350,0.9188,5436,0.6795,15759,1.9699,25.3,78.22,998.71,78.62
244,2026-08-05,2026-08-05 02:28:02 AM,7320.067,122.0011,7330,0.9163,5430,0.6788,15765,1.9706,25.31,78.27,998.69,78.41
245,2026-08-05,2026-08-05 02:28:32 AM,7350.049,122.5008,7321,0.9151,5437,0.6796,15733,1.9666,25.32,78.31,998.7,77.83
246,2026-08-05,2026-08-05 02:29:02 AM,7380.059,123.001,7307,0.9134,5435,0.6794,15676,1.9595,25.33,78.34,998.69,78.99
247,2026-08-05,2026-08-05 02:29:32 AM,7410.059,123.501,7292,0.9115,5427,0.6784,15593,1.9491,25.34,78.41,998.7,80.55
248,2026-08-05,2026-08-05 02:30:02 AM,7440.049,124.0008,7257,0.9071,5417,0.6771,15513,1.9391,25.35,78.44,998.69,81.71
249,2026-08-05,2026-08-05 02:30:32 AM,7470.059,124.501,7234,0.9043,5415,0.6769,15457,1.9321,25.36,78.5,998.71,82.18
250,2026-08-05,2026-08-05 02:31:02 AM,7500.059,125.001,7213,0.9016,5403,0.6754,15393,1.9241,25.37,78.54,998.72,82.74
251,2026-08-05,2026-08-05 02:31:32 AM,7530.062,125.501,7189,0.8986,5389,0.6736,15330,1.9163,25.38,78.59,998.72,83.55
252,2026-08-05,2026-08-05 02:32:02 AM,7560.062,126.001,7168,0.896,5385,0.6731,15253,1.9066,25.39,78.62,998.73,84.29
253,2026-08-05,2026-08-05 02:32:32 AM,7590.058,126.501,7142,0.8928,5377,0.6721,15194,1.8993,25.4,78.65,998.73,84.71
254,2026-08-05,2026-08-05 02:33:02 AM,7620.043,127.0007,7106,0.8883,5372,0.6715,15131,1.8914,25.41,78.71,998.72,85.22
255,2026-08-05,2026-08-05 02:33:32 AM,7650.05,127.5008,7090,0.8863,5358,0.6698,15066,1.8833,25.42,78.74,998.72,85.65
256,2026-08-05,2026-08-05 02:34:02 AM,7680.057,128.001,7064,0.883,5352,0.669,15002,1.8753,25.43,78.79,998.72,86.08
257,2026-08-05,2026-08-05 02:34:32 AM,7710.055,128.5009,7047,0.8809,5344,0.668,14941,1.8676,25.43,78.82,998.71,86.51
258,2026-08-05,2026-08-05 02:35:02 AM,7740.051,129.0008,7031,0.8789,5329,0.6661,14879,1.8599,25.44,78.85,998.71,87.13
259,2026-08-05,2026-08-05 02:35:32 AM,7770.039,129.5006,7014,0.8768,5331,0.6664,14827,1.8534,25.45,78.88,998.71,87.67
260,2026-08-05,2026-08-05 02:36:02 AM,7800.056,130.0009,7000,0.875,5313,0.6641,14785,1.8481,25.47,78.91,998.73,87.22
261,2026-08-05,2026-08-05 02:36:32 AM,7830.051,130.5008,6983,0.8729,5313,0.6641,14717,1.8396,25.47,78.97,998.74,88.4
262,2026-08-05,2026-08-05 02:37:02 AM,7860.047,131.0008,6972,0.8715,5318,0.6648,14671,1.8339,25.48,79.03,998.73,88.76
263,2026-08-05,2026-08-05 02:37:32 AM,7890.05,131.5008,6948,0.8685,5292,0.6615,14603,1.8254,25.49,79.05,998.74,88.95
264,2026-08-05,2026-08-05 02:38:02 AM,7920.051,132.0008,6942,0.8678,5295,0.6619,14546,1.8183,25.5,79.08,998.77,89.6
265,2026-08-05,2026-08-05 02:38:32 AM,7950.048,132.5008,6921,0.8651,5290,0.6613,14497,1.8121,25.51,79.13,998.78,89.7
266,2026-08-05,2026-08-05 02:39:02 AM,7980.035,133.0006,6903,0.8629,5287,0.6609,14450,1.8063,25.52,79.17,998.78,89.51
267,2026-08-05,2026-08-05 02:39:32 AM,8010.046,133.5008,6894,0.8618,5273,0.6591,14407,1.8009,25.52,79.21,998.78,89.7
268,2026-08-05,2026-08-05 02:40:02 AM,8040.042,134.0007,6887,0.8609,5274,0.6593,14385,1.7981,25.54,79.23,998.81,90.17
269,2026-08-05,2026-08-05 02:40:32 AM,8070.045,134.5007,6874,0.8593,5280,0.66,14324,1.7905,25.54,79.28,998.8,89.7
270,2026-08-05,2026-08-05 02:41:02 AM,8100.04,135.0007,6863,0.8579,5265,0.6581,14275,1.7844,25.55,79.31,998.8,91.04
271,2026-08-05,2026-08-05 02:41:32 AM,8130.045,135.5007,6847,0.8559,5268,0.6585,14236,1.7795,25.56,79.33,998.79,91.04
272,2026-08-05,2026-08-05 02:42:02 AM,8160.048,136.0008,6843,0.8554,5261,0.6576,14229,1.7786,25.57,79.35,998.78,90.08
273,2026-08-05,2026-08-05 02:42:32 AM,8190.043,136.5007,6841,0.8551,5257,0.6571,14204,1.7755,25.58,79.41,998.76,89.79
274,2026-08-05,2026-08-05 02:43:02 AM,8220.032,137.0005,6837,0.8546,5245,0.6556,14171,1.7714,25.58,79.43,998.74,90.27
275,2026-08-05,2026-08-05 02:43:32 AM,8250.032,137.5005,6826,0.8533,5264,0.658,14155,1.7694,25.59,79.46,998.74,90.46
276,2026-08-05,2026-08-05 02:44:02 AM,8280.033,138.0006,6827,0.8534,5241,0.6551,14102,1.7628,25.6,79.48,998.73,90.65
277,2026-08-05,2026-08-05 02:44:32 AM,8310.042,138.5007,6815,0.8519,5247,0.6559,14047,1.7559,25.6,79.52,998.72,91.33
278,2026-08-05,2026-08-05 02:45:02 AM,8340.038,139.0006,6807,0.8509,5247,0.6559,14009,1.7511,25.61,79.55,998.72,91.62
279,2026-08-05,2026-08-05 02:45:32 AM,8370.035,139.5006,6797,0.8496,5240,0.655,13960,1.745,25.62,79.56,998.72,92.02
280,2026-08-05,2026-08-05 02:46:02 AM,8400.03,140.0005,6794,0.8493,5236,0.6545,13932,1.7415,25.63,79.58,998.74,91.92
281,2026-08-05,2026-08-05 02:46:32 AM,8430.026,140.5004,6784,0.848,5246,0.6558,13909,1.7386,25.64,79.63,998.72,92.02
282,2026-08-05,2026-08-05 02:47:02 AM,8460.034,141.0006,6784,0.848,5240,0.655,13894,1.7368,25.65,79.62,998.74,91.53
283,2026-08-05,2026-08-05 02:47:32 AM,8490.037,141.5006,6782,0.8478,5232,0.654,13873,1.7341,25.66,79.66,998.73,91.92
284,2026-08-05,2026-08-05 02:48:02 AM,8520.04,142.0007,6783,0.8479,5225,0.6531,13875,1.7344,25.67,79.7,998.72,91.43
285,2026-08-05,2026-08-05 02:48:32 AM,8550.024,142.5004,6782,0.8478,5237,0.6546,13843,1.7304,25.67,79.7,998.73,91.92
286,2026-08-05,2026-08-05 02:49:02 AM,8580.023,143.0004,6776,0.847,5218,0.6523,13790,1.7238,25.68,79.74,998.72,92.02
287,2026-08-05,2026-08-05 02:49:32 AM,8610.026,143.5004,6776,0.847,5229,0.6536,13785,1.7231,25.69,79.77,998.7,91.72
288,2026-08-05,2026-08-05 02:50:02 AM,8640.032,144.0005,6772,0.8465,5229,0.6536,13798,1.7248,25.7,79.8,998.7,91.43
289,2026-08-05,2026-08-05 02:50:32 AM,8670.032,144.5005,6781,0.8476,5224,0.653,13779,1.7224,25.71,79.82,998.7,90.94
290,2026-08-05,2026-08-05 02:51:02 AM,8700.033,145.0006,6778,0.8473,5233,0.6541,13735,1.7169,25.72,79.84,998.7,91.82
291,2026-08-05,2026-08-05 02:51:32 AM,8730.032,145.5005,6767,0.8459,5228,0.6535,13686,1.7108,25.73,79.84,998.7,94.12
292,2026-08-05,2026-08-05 02:52:02 AM,8760.033,146.0006,6765,0.8456,5224,0.653,13660,1.7075,25.73,79.89,998.69,92.42
293,2026-08-05,2026-08-05 02:52:32 AM,8790.032,146.5005,6765,0.8456,5225,0.6531,13673,1.7091,25.74,79.89,998.7,91.92
294,2026-08-05,2026-08-05 02:53:02 AM,8820.036,147.0006,6765,0.8456,5227,0.6534,13639,1.7049,25.75,79.92,998.7,94.12
295,2026-08-05,2026-08-05 02:53:32 AM,8850.019,147.5003,6755,0.8444,5226,0.6533,13616,1.702,25.76,79.95,998.7,93.91
296,2026-08-05,2026-08-05 02:54:02 AM,8880.022,148.0004,6767,0.8459,5229,0.6536,13605,1.7006,25.77,79.94,998.69,93.96
297,2026-08-05,2026-08-05 02:54:32 AM,8910.025,148.5004,6767,0.8459,5234,0.6543,13637,1.7046,25.78,79.96,998.7,91.82
298,2026-08-05,2026-08-05 02:55:02 AM,8940.016,149.0003,6769,0.8461,5240,0.655,13626,1.7033,25.79,79.98,998.71,91.82
299,2026-08-05,2026-08-05 02:55:32 AM,8970.031,149.5005,6777,0.8471,5241,0.6551,13612,1.7015,25.8,79.98,998.72,92.12
300,2026-08-05,2026-08-05 02:56:02 AM,9000.013,150.0002,6768,0.846,5238,0.6548,13594,1.6993,25.81,80.0,998.73,93.81
301,2026-08-05,2026-08-05 02:56:32 AM,9030.023,150.5004,6776,0.847,5239,0.6549,13567,1.6959,25.82,80.0,998.73,94.07
302,2026-08-05,2026-08-05 02:57:02 AM,9060.015,151.0003,6779,0.8474,5244,0.6555,13564,1.6955,25.83,80.03,998.71,94.12
303,2026-08-05,2026-08-05 02:57:32 AM,9090.016,151.5003,6787,0.8484,5244,0.6555,13548,1.6935,25.84,80.03,998.7,92.02
304,2026-08-05,2026-08-05 02:58:02 AM,9120.022,152.0004,6778,0.8473,5241,0.6551,13551,1.6939,25.85,80.04,998.72,94.01
305,2026-08-05,2026-08-05 02:58:32 AM,9150.027,152.5004,6791,0.8489,5257,0.6571,13638,1.7048,25.86,80.04,998.72,90.56
306,2026-08-05,2026-08-05 02:59:02 AM,9180.005,153.0001,6807,0.8509,5251,0.6564,13636,1.7045,25.87,80.05,998.7,91.04
307,2026-08-05,2026-08-05 02:59:32 AM,9210.009,153.5001,6802,0.8503,5251,0.6564,13560,1.695,25.88,80.09,998.71,92.42
308,2026-08-05,2026-08-05 03:00:02 AM,9240.008,154.0001,6806,0.8508,5249,0.6561,13516,1.6895,25.88,80.11,998.71,94.12
309,2026-08-05,2026-08-05 03:00:32 AM,9270.009,154.5002,6799,0.8499,5260,0.6575,13516,1.6895,25.89,80.12,998.69,92.22
310,2026-08-05,2026-08-05 03:01:02 AM,9300.004,155.0001,6808,0.851,5265,0.6581,13537,1.6921,25.9,80.14,998.7,91.82
311,2026-08-05,2026-08-05 03:01:32 AM,9330.013,155.5002,6812,0.8515,5264,0.658,13527,1.6909,25.91,80.15,998.71,91.53
312,2026-08-05,2026-08-05 03:02:02 AM,9360.012,156.0002,6817,0.8521,5263,0.6579,13505,1.6881,25.91,80.19,998.69,92.32
313,2026-08-05,2026-08-05 03:02:32 AM,9390.015,156.5002,6811,0.8514,5267,0.6584,13483,1.6854,25.92,80.2,998.68,94.01
314,2026-08-05,2026-08-05 03:03:02 AM,9420.003,157.0001,6813,0.8516,5259,0.6574,13493,1.6866,25.92,80.24,998.69,91.72
315,2026-08-05,2026-08-05 03:03:32 AM,9450.009,157.5001,6827,0.8534,5271,0.6589,13492,1.6865,25.93,80.25,998.7,92.12
316,2026-08-05,2026-08-05 03:04:02 AM,9480.006,158.0001,6819,0.8524,5274,0.6593,13484,1.6855,25.94,80.27,998.7,92.32
317,2026-08-05,2026-08-05 03:04:32 AM,9510.019,158.5003,6820,0.8525,5270,0.6588,13491,1.6864,25.94,80.3,998.68,91.82
318,2026-08-05,2026-08-05 03:05:02 AM,9540.006,159.0001,6829,0.8536,5276,0.6595,13494,1.6868,25.95,80.31,998.66,91.92
319,2026-08-05,2026-08-05 03:05:32 AM,9570.013,159.5002,6826,0.8533,5276,0.6595,13475,1.6844,25.95,80.34,998.65,92.22
320,2026-08-05,2026-08-05 03:06:02 AM,9600.001,160.0,6823,0.8529,5286,0.6608,13461,1.6826,25.96,80.36,998.61,92.22
321,2026-08-05,2026-08-05 03:06:32 AM,9630.012,160.5002,6822,0.8528,5268,0.6585,13441,1.6801,25.96,80.37,998.59,93.96
322,2026-08-05,2026-08-05 03:07:02 AM,9660.004,161.0001,6835,0.8544,5271,0.6589,13448,1.681,25.97,80.39,998.57,91.82
323,2026-08-05,2026-08-05 03:07:32 AM,9690.009,161.5001,6830,0.8538,5279,0.6599,13466,1.6833,25.97,80.4,998.54,91.92
324,2026-08-05,2026-08-05 03:08:02 AM,9720.009,162.0001,6840,0.855,5277,0.6596,13460,1.6825,25.98,80.42,998.52,91.43
325,2026-08-05,2026-08-05 03:08:32 AM,9750.18,162.503,6854,0.8568,5282,0.6603,13612,1.7015,25.99,80.44,998.52,87.76
326,2026-08-05,2026-08-05 03:09:02 AM,9780.178,163.003,6861,0.8576,5292,0.6615,13544,1.693,26.0,80.46,998.51,89.51
327,2026-08-05,2026-08-05 03:09:32 AM,9810.01,163.5002,6866,0.8583,5298,0.6623,13516,1.6895,26.01,80.46,998.5,90.84
328,2026-08-05,2026-08-05 03:10:02 AM,9840.177,164.0029,6870,0.8588,5304,0.663,13533,1.6916,26.01,80.46,998.5,91.04
329,2026-08-05,2026-08-05 03:10:32 AM,9870.005,164.5001,6876,0.8595,5303,0.6629,13561,1.6951,26.02,80.47,998.49,89.98
330,2026-08-05,2026-08-05 03:11:02 AM,9900.176,165.0029,6886,0.8608,5301,0.6626,13580,1.6975,26.03,80.48,998.48,89.14
331,2026-08-05,2026-08-05 03:11:32 AM,9930.175,165.5029,6891,0.8614,5292,0.6615,13533,1.6916,26.03,80.49,998.47,90.46
332,2026-08-05,2026-08-05 03:12:02 AM,9960.004,166.0001,6893,0.8616,5304,0.663,13586,1.6983,26.04,80.51,998.47,89.04
333,2026-08-05,2026-08-05 03:12:32 AM,9990.175,166.5029,6898,0.8623,5307,0.6634,13574,1.6968,26.05,80.53,998.48,89.7
334,2026-08-05,2026-08-05 03:13:02 AM,10020.01,167.0002,6900,0.8625,5316,0.6645,13597,1.6996,26.06,80.54,998.48,89.32
335,2026-08-05,2026-08-05 03:13:32 AM,10050.173,167.5029,6910,0.8638,5326,0.6658,13582,1.6978,26.06,80.55,998.49,89.51
336,2026-08-05,2026-08-05 03:14:02 AM,10080.172,168.0029,6915,0.8644,5326,0.6658,13568,1.696,26.07,80.57,998.48,90.17
337,2026-08-05,2026-08-05 03:14:32 AM,10110.171,168.5029,6920,0.865,5330,0.6663,13568,1.696,26.07,80.58,998.5,90.08
338,2026-08-05,2026-08-05 03:15:02 AM,10140.172,169.0029,6922,0.8653,5334,0.6668,13559,1.6949,26.08,80.57,998.5,90.27
339,2026-08-05,2026-08-05 03:15:32 AM,10170.17,169.5028,6926,0.8658,5335,0.6669,13576,1.697,26.09,80.61,998.51,90.27
340,2026-08-05,2026-08-05 03:16:02 AM,10200.17,170.0028,6930,0.8663,5326,0.6658,13549,1.6936,26.09,80.61,998.5,90.56
341,2026-08-05,2026-08-05 03:16:32 AM,10230.169,170.5028,6930,0.8663,5334,0.6668,13552,1.694,26.1,80.62,998.49,89.79
342,2026-08-05,2026-08-05 03:17:02 AM,10260.167,171.0028,6929,0.8661,5337,0.6671,13536,1.692,26.11,80.62,998.51,90.17
343,2026-08-05,2026-08-05 03:17:32 AM,10290.167,171.5028,6932,0.8665,5341,0.6676,13551,1.6939,26.12,80.65,998.53,89.89
344,2026-08-05,2026-08-05 03:18:02 AM,10320.166,172.0028,6937,0.8671,5345,0.6681,13543,1.6929,26.12,80.65,998.52,90.27
345,2026-08-05,2026-08-05 03:18:32 AM,10350.166,172.5028,6945,0.8681,5339,0.6674,13564,1.6955,26.13,80.67,998.52,89.23
346,2026-08-05,2026-08-05 03:19:02 AM,10380.165,173.0028,6946,0.8683,5347,0.6684,13550,1.6938,26.14,80.68,998.54,89.51
347,2026-08-05,2026-08-05 03:19:32 AM,10410.165,173.5028,6952,0.869,5346,0.6683,13544,1.693,26.14,80.67,998.54,89.7
348,2026-08-05,2026-08-05 03:20:02 AM,10440.165,174.0027,6954,0.8693,5362,0.6703,13527,1.6909,26.15,80.69,998.53,90.08
349,2026-08-05,2026-08-05 03:20:32 AM,10470.163,174.5027,6957,0.8696,5355,0.6694,13521,1.6901,26.15,80.72,998.55,90.36
350,2026-08-05,2026-08-05 03:21:02 AM,10500.163,175.0027,6950,0.8688,5359,0.6699,13501,1.6876,26.16,80.72,998.52,90.56
351,2026-08-05,2026-08-05 03:21:32 AM,10530.163,175.5027,6946,0.8683,5354,0.6693,13482,1.6853,26.17,80.75,998.52,90.84
352,2026-08-05,2026-08-05 03:22:02 AM,10560.161,176.0027,6954,0.8693,5362,0.6703,13477,1.6846,26.18,80.77,998.52,90.65
353,2026-08-05,2026-08-05 03:22:32 AM,10590.161,176.5027,6959,0.8699,5362,0.6703,13476,1.6845,26.19,80.77,998.51,90.17
354,2026-08-05,2026-08-05 03:23:02 AM,10620.16,177.0027,6958,0.8698,5365,0.6706,13474,1.6843,26.19,80.78,998.53,90.46
355,2026-08-05,2026-08-05 03:23:32 AM,10650.16,177.5027,6964,0.8705,5371,0.6714,13481,1.6851,26.2,80.78,998.52,90.27
356,2026-08-05,2026-08-05 03:24:02 AM,10680.159,178.0027,6963,0.8704,5373,0.6716,13482,1.6853,26.21,80.79,998.52,90.17
357,2026-08-05,2026-08-05 03:24:32 AM,10710.159,178.5026,6971,0.8714,5372,0.6715,13481,1.6851,26.21,80.8,998.53,89.79
358,2026-08-05,2026-08-05 03:25:02 AM,10740.158,179.0026,6974,0.8718,5376,0.672,13501,1.6876,26.22,80.82,998.54,89.51
359,2026-08-05,2026-08-05 03:25:32 AM,10770.157,179.5026,6984,0.873,5385,0.6731,13520,1.69,26.22,80.83,998.53,88.4
360,2026-08-05,2026-08-05 03:26:02 AM,10800.157,180.0026,7005,0.8756,5383,0.6729,13592,1.699,26.23,80.86,998.55,86.34
361,2026-08-05,2026-08-05 03:26:32 AM,10830.155,180.5026,7019,0.8774,5395,0.6744,13588,1.6985,26.23,80.86,998.55,87.22
362,2026-08-05,2026-08-05 03:27:02 AM,10860.154,181.0026,7013,0.8766,5404,0.6755,13586,1.6983,26.24,80.87,998.55,88.03
363,2026-08-05,2026-08-05 03:27:32 AM,10890.154,181.5026,7023,0.8779,5396,0.6745,13581,1.6976,26.24,80.89,998.56,88.4
364,2026-08-05,2026-08-05 03:28:02 AM,10920.153,182.0026,7022,0.8778,5410,0.6763,13560,1.695,26.25,80.89,998.57,88.67
365,2026-08-05,2026-08-05 03:28:32 AM,10950.153,182.5025,7024,0.878,5404,0.6755,13555,1.6944,26.25,80.91,998.59,88.76
366,2026-08-05,2026-08-05 03:29:02 AM,10980.152,183.0025,7025,0.8781,5403,0.6754,13541,1.6926,26.25,80.94,998.6,88.95
367,2026-08-05,2026-08-05 03:29:32 AM,11010.153,183.5025,7036,0.8795,5422,0.6778,13547,1.6934,26.26,80.95,998.61,88.76
368,2026-08-05,2026-08-05 03:30:02 AM,11040.151,184.0025,7023,0.8779,5416,0.677,13515,1.6894,26.26,80.96,998.59,89.6
369,2026-08-05,2026-08-05 03:30:32 AM,11070.15,184.5025,7018,0.8773,5412,0.6765,13486,1.6858,26.26,80.96,998.6,89.98
370,2026-08-05,2026-08-05 03:31:02 AM,11100.15,185.0025,7011,0.8764,5417,0.6771,13474,1.6843,26.26,80.99,998.59,90.17
371,2026-08-05,2026-08-05 03:31:32 AM,11130.149,185.5025,7011,0.8764,5412,0.6765,13479,1.6849,26.26,80.99,998.58,89.6
372,2026-08-05,2026-08-05 03:32:02 AM,11160.148,186.0025,7013,0.8766,5416,0.677,13470,1.6838,26.27,80.98,998.58,89.32
373,2026-08-05,2026-08-05 03:32:32 AM,11190.148,186.5025,7017,0.8771,5409,0.6761,13473,1.6841,26.27,81.02,998.58,88.95
374,2026-08-05,2026-08-05 03:33:02 AM,11220.148,187.0025,7022,0.8778,5409,0.6761,13468,1.6835,26.27,81.03,998.58,89.23
375,2026-08-05,2026-08-05 03:33:32 AM,11250.147,187.5025,7022,0.8778,5420,0.6775,13455,1.6819,26.28,81.05,998.6,89.23
376,2026-08-05,2026-08-05 03:34:02 AM,11280.147,188.0024,7020,0.8775,5423,0.6779,13444,1.6805,26.28,81.06,998.61,89.7
377,2026-08-05,2026-08-05 03:34:32 AM,11310.146,188.5024,7026,0.8783,5419,0.6774,13430,1.6788,26.28,81.07,998.62,90.08
378,2026-08-05,2026-08-05 03:35:02 AM,11340.145,189.0024,7022,0.8778,5422,0.6778,13413,1.6766,26.29,81.08,998.65,89.89
379,2026-08-05,2026-08-05 03:35:32 AM,11370.144,189.5024,7030,0.8788,5422,0.6778,13408,1.676,26.29,81.1,998.67,89.51
380,2026-08-05,2026-08-05 03:36:02 AM,11400.143,190.0024,7024,0.878,5431,0.6789,13388,1.6735,26.3,81.11,998.7,89.79
381,2026-08-05,2026-08-05 03:36:32 AM,11430.143,190.5024,7023,0.8779,5425,0.6781,13401,1.6751,26.3,81.12,998.7,89.6
382,2026-08-05,2026-08-05 03:37:02 AM,11460.143,191.0024,7033,0.8791,5425,0.6781,13411,1.6764,26.31,81.11,998.72,88.76
383,2026-08-05,2026-08-05 03:37:32 AM,11490.143,191.5024,7038,0.8798,5440,0.68,13420,1.6775,26.31,81.15,998.71,88.86
384,2026-08-05,2026-08-05 03:38:02 AM,11520.142,192.0024,7039,0.8799,5440,0.68,13413,1.6766,26.31,81.14,998.71,89.42
385,2026-08-05,2026-08-05 03:38:32 AM,11550.141,192.5024,7041,0.8801,5434,0.6793,13401,1.6751,26.32,81.17,998.71,89.04
386,2026-08-05,2026-08-05 03:39:02 AM,11580.14,193.0023,7046,0.8808,5439,0.6799,13411,1.6764,26.32,81.17,998.7,89.14
387,2026-08-05,2026-08-05 03:39:32 AM,11610.14,193.5023,7044,0.8805,5448,0.681,13400,1.675,26.33,81.18,998.68,88.95
388,2026-08-05,2026-08-05 03:40:02 AM,11640.14,194.0023,7054,0.8818,5448,0.681,13413,1.6766,26.33,81.18,998.68,88.58
389,2026-08-05,2026-08-05 03:40:32 AM,11670.139,194.5023,7064,0.883,5455,0.6819,13420,1.6775,26.33,81.19,998.67,88.95
390,2026-08-05,2026-08-05 03:41:02 AM,11700.138,195.0023,7063,0.8829,5459,0.6824,13410,1.6763,26.34,81.19,998.66,89.14
391,2026-08-05,2026-08-05 03:41:32 AM,11730.137,195.5023,7063,0.8829,5471,0.6839,13417,1.6771,26.34,81.21,998.64,88.21
392,2026-08-05,2026-08-05 03:42:02 AM,11760.138,196.0023,7074,0.8843,5468,0.6835,13429,1.6786,26.35,81.22,998.63,87.94
393,2026-08-05,2026-08-05 03:42:32 AM,11790.136,196.5023,7077,0.8846,5469,0.6836,13450,1.6813,26.35,81.23,998.63,87.67
394,2026-08-05,2026-08-05 03:43:02 AM,11820.136,197.0023,7090,0.8863,5476,0.6845,13460,1.6825,26.36,81.23,998.62,87.85
395,2026-08-05,2026-08-05 03:43:32 AM,11850.135,197.5023,7092,0.8865,5477,0.6846,13460,1.6825,26.36,81.26,998.62,87.58
396,2026-08-05,2026-08-05 03:44:02 AM,11880.134,198.0022,7095,0.8869,5482,0.6853,13458,1.6823,26.36,81.26,998.62,88.12
397,2026-08-05,2026-08-05 03:44:32 AM,11910.134,198.5022,7096,0.887,5485,0.6856,13455,1.6819,26.37,81.28,998.61,87.85
398,2026-08-05,2026-08-05 03:45:02 AM,11940.133,199.0022,7095,0.8869,5485,0.6856,13448,1.681,26.37,81.28,998.62,87.49
399,2026-08-05,2026-08-05 03:45:32 AM,11970.132,199.5022,7103,0.8879,5490,0.6863,13427,1.6784,26.37,81.31,998.62,88.21
400,2026-08-05,2026-08-05 03:46:02 AM,12000.132,200.0022,7108,0.8885,5492,0.6865,13406,1.6758,26.38,81.29,998.64,88.76
401,2026-08-05,2026-08-05 03:46:32 AM,12030.132,200.5022,7098,0.8873,5492,0.6865,13401,1.6751,26.38,81.31,998.63,88.58
402,2026-08-05,2026-08-05 03:47:02 AM,12060.131,201.0022,7107,0.8884,5505,0.6881,13411,1.6764,26.39,81.32,998.65,88.12
403,2026-08-05,2026-08-05 03:47:32 AM,12090.131,201.5022,7108,0.8885,5504,0.688,13419,1.6774,26.39,81.32,998.64,87.58
404,2026-08-05,2026-08-05 03:48:02 AM,12120.129,202.0022,7121,0.8901,5511,0.6889,13443,1.6804,26.39,81.34,998.66,87.58
405,2026-08-05,2026-08-05 03:48:32 AM,12150.129,202.5022,7120,0.89,5511,0.6889,13427,1.6784,26.4,81.35,998.66,87.76
406,2026-08-05,2026-08-05 03:49:02 AM,12180.128,203.0021,7128,0.891,5516,0.6895,13434,1.6793,26.4,81.36,998.68,87.85
407,2026-08-05,2026-08-05 03:49:32 AM,12210.128,203.5021,7129,0.8911,5514,0.6893,13450,1.6813,26.4,81.37,998.67,87.04
408,2026-08-05,2026-08-05 03:50:02 AM,12240.127,204.0021,7140,0.8925,5526,0.6908,13481,1.6851,26.4,81.38,998.69,86.25
409,2026-08-05,2026-08-05 03:50:32 AM,12270.126,204.5021,7148,0.8935,5524,0.6905,13534,1.6918,26.41,81.39,998.68,85.39
410,2026-08-05,2026-08-05 03:51:02 AM,12300.126,205.0021,7160,0.895,5537,0.6921,13530,1.6913,26.41,81.4,998.69,85.99
411,2026-08-05,2026-08-05 03:51:32 AM,12330.125,205.5021,7163,0.8954,5536,0.692,13511,1.6889,26.41,81.42,998.7,86.6
412,2026-08-05,2026-08-05 03:52:02 AM,12360.125,206.0021,7168,0.896,5547,0.6934,13522,1.6903,26.41,81.45,998.7,85.91
413,2026-08-05,2026-08-05 03:52:32 AM,12390.124,206.5021,7173,0.8966,5548,0.6935,13519,1.6899,26.41,81.44,998.71,86.6
414,2026-08-05,2026-08-05 03:53:02 AM,12420.123,207.0021,7173,0.8966,5558,0.6948,13527,1.6909,26.41,81.46,998.7,87.04
415,2026-08-05,2026-08-05 03:53:32 AM,12450.123,207.502,7182,0.8978,5554,0.6943,13541,1.6926,26.41,81.46,998.7,85.91
416,2026-08-05,2026-08-05 03:54:02 AM,12480.122,208.002,7191,0.8989,5558,0.6948,13573,1.6966,26.41,81.48,998.72,85.65
417,2026-08-05,2026-08-05 03:54:32 AM,12510.121,208.502,7186,0.8983,5562,0.6953,13559,1.6949,26.41,81.47,998.7,85.99
418,2026-08-05,2026-08-05 03:55:02 AM,12540.121,209.002,7175,0.8969,5560,0.695,13558,1.6948,26.41,81.5,998.71,86.25
419,2026-08-05,2026-08-05 03:55:32 AM,12570.121,209.502,7151,0.8939,5564,0.6955,13543,1.6929,26.41,81.5,998.72,86.25
420,2026-08-05,2026-08-05 03:56:02 AM,12600.121,210.002,7186,0.8983,5558,0.6948,13546,1.6933,26.42,81.52,998.73,85.91
421,2026-08-05,2026-08-05 03:56:32 AM,12630.119,210.502,7186,0.8983,5564,0.6955,13512,1.689,26.41,81.53,998.73,86.78
422,2026-08-05,2026-08-05 03:57:02 AM,12660.118,211.002,7189,0.8986,5567,0.6959,13500,1.6875,26.41,81.54,998.74,86.69
423,2026-08-05,2026-08-05 03:57:32 AM,12690.119,211.502,7190,0.8988,5568,0.696,13516,1.6895,26.41,81.57,998.76,86.78
424,2026-08-05,2026-08-05 03:58:02 AM,12720.117,212.002,7195,0.8994,5569,0.6961,13520,1.69,26.41,81.58,998.75,85.91
425,2026-08-05,2026-08-05 03:58:32 AM,12750.117,212.502,7202,0.9003,5574,0.6968,13544,1.693,26.42,81.58,998.75,85.65
426,2026-08-05,2026-08-05 03:59:02 AM,12780.116,213.0019,7209,0.9011,5572,0.6965,13545,1.6931,26.42,81.6,998.74,85.65
427,2026-08-05,2026-08-05 03:59:32 AM,12810.116,213.5019,7210,0.9013,5577,0.6971,13542,1.6928,26.42,81.61,998.74,85.22
428,2026-08-05,2026-08-05 04:00:02 AM,12840.116,214.0019,7215,0.9019,5586,0.6983,13547,1.6934,26.42,81.63,998.74,85.65
429,2026-08-05,2026-08-05 04:00:32 AM,12870.115,214.5019,7211,0.9014,5586,0.6983,13536,1.692,26.42,81.62,998.75,85.65
430,2026-08-05,2026-08-05 04:01:02 AM,12900.114,215.0019,7220,0.9025,5599,0.6999,13539,1.6924,26.43,81.64,998.77,85.91
431,2026-08-05,2026-08-05 04:01:32 AM,12930.112,215.5019,7220,0.9025,5599,0.6999,13533,1.6916,26.43,81.64,998.79,86.43
432,2026-08-05,2026-08-05 04:02:02 AM,12960.113,216.0019,7227,0.9034,5610,0.7013,13547,1.6934,26.43,81.66,998.79,85.73
433,2026-08-05,2026-08-05 04:02:32 AM,12990.112,216.5019,7229,0.9036,5611,0.7014,13537,1.6921,26.43,81.67,998.79,85.39
434,2026-08-05,2026-08-05 04:03:02 AM,13020.112,217.0019,7231,0.9039,5609,0.7011,13534,1.6918,26.43,81.67,998.79,85.65
435,2026-08-05,2026-08-05 04:03:32 AM,13050.112,217.5019,7240,0.905,5616,0.702,13532,1.6915,26.44,81.69,998.77,85.56
436,2026-08-05,2026-08-05 04:04:02 AM,13080.11,218.0018,7246,0.9058,5619,0.7024,13537,1.6921,26.44,81.69,998.78,85.47
437,2026-08-05,2026-08-05 04:04:32 AM,13110.11,218.5018,7244,0.9055,5614,0.7018,13530,1.6913,26.44,81.68,998.77,85.3
438,2026-08-05,2026-08-05 04:05:02 AM,13140.11,219.0018,7240,0.905,5626,0.7033,13535,1.6919,26.44,81.68,998.76,85.39
439,2026-08-05,2026-08-05 04:05:32 AM,13170.108,219.5018,7253,0.9066,5624,0.703,13539,1.6924,26.44,81.69,998.76,85.05
440,2026-08-05,2026-08-05 04:06:02 AM,13200.108,220.0018,7253,0.9066,5629,0.7036,13539,1.6924,26.45,81.71,998.76,84.96
441,2026-08-05,2026-08-05 04:06:32 AM,13230.108,220.5018,7254,0.9068,5626,0.7033,13560,1.695,26.45,81.73,998.76,85.05
442,2026-08-05,2026-08-05 04:07:02 AM,13260.107,221.0018,7255,0.9069,5639,0.7049,13533,1.6916,26.45,81.74,998.77,85.56
443,2026-08-05,2026-08-05 04:07:32 AM,13290.107,221.5018,7266,0.9083,5645,0.7056,13533,1.6916,26.46,81.75,998.79,85.56
444,2026-08-05,2026-08-05 04:08:02 AM,13320.105,222.0018,7263,0.9079,5638,0.7048,13526,1.6908,26.46,81.74,998.8,85.73
445,2026-08-05,2026-08-05 04:08:32 AM,13350.106,222.5018,7257,0.9071,5644,0.7055,13474,1.6843,26.46,81.75,998.79,86.96
446,2026-08-05,2026-08-05 04:09:02 AM,13380.104,223.0017,7264,0.908,5644,0.7055,13471,1.6839,26.46,81.75,998.8,87.13
447,2026-08-05,2026-08-05 04:09:32 AM,13410.103,223.5017,7259,0.9074,5652,0.7065,13470,1.6838,26.46,81.78,998.81,86.25
448,2026-08-05,2026-08-05 04:10:02 AM,13440.103,224.0017,7260,0.9075,5645,0.7056,13458,1.6823,26.47,81.77,998.8,85.47
449,2026-08-05,2026-08-05 04:10:32 AM,13470.102,224.5017,7267,0.9084,5653,0.7066,13472,1.684,26.47,81.78,998.82,85.65
450,2026-08-05,2026-08-05 04:11:02 AM,13500.102,225.0017,7272,0.909,5654,0.7068,13476,1.6845,26.47,81.79,998.82,85.65
451,2026-08-05,2026-08-05 04:11:32 AM,13530.102,225.5017,7284,0.9105,5659,0.7074,13503,1.6879,26.47,81.81,998.84,85.05
452,2026-08-05,2026-08-05 04:12:02 AM,13560.101,226.0017,7284,0.9105,5670,0.7088,13530,1.6913,26.48,81.79,998.86,84.96
453,2026-08-05,2026-08-05 04:12:32 AM,13590.101,226.5017,7298,0.9123,5678,0.7098,13559,1.6949,26.48,81.79,998.86,84.13
454,2026-08-05,2026-08-05 04:13:02 AM,13620.099,227.0017,7300,0.9125,5680,0.71,13549,1.6936,26.48,81.82,998.87,84.21
455,2026-08-05,2026-08-05 04:13:32 AM,13650.1,227.5017,7310,0.9138,5678,0.7098,13551,1.6939,26.48,81.8,998.89,84.04
456,2026-08-05,2026-08-05 04:14:02 AM,13680.099,228.0016,7316,0.9145,5678,0.7098,13567,1.6959,26.48,81.82,998.88,84.8
457,2026-08-05,2026-08-05 04:14:32 AM,13710.098,228.5016,7323,0.9154,5685,0.7106,13572,1.6965,26.48,81.81,998.89,84.46
458,2026-08-05,2026-08-05 04:15:02 AM,13740.097,229.0016,7323,0.9154,5689,0.7111,13564,1.6955,26.49,81.83,998.9,84.8
459,2026-08-05,2026-08-05 04:15:32 AM,13770.097,229.5016,7324,0.9155,5695,0.7119,13571,1.6964,26.49,81.83,998.9,84.63
460,2026-08-05,2026-08-05 04:16:02 AM,13800.097,230.0016,7334,0.9168,5693,0.7116,13564,1.6955,26.49,81.83,998.89,84.38
461,2026-08-05,2026-08-05 04:16:32 AM,13830.095,230.5016,7337,0.9171,5705,0.7131,13575,1.6969,26.49,81.85,998.88,83.71
462,2026-08-05,2026-08-05 04:17:02 AM,13860.095,231.0016,7348,0.9185,5706,0.7133,13593,1.6991,26.49,81.85,998.87,83.47
463,2026-08-05,2026-08-05 04:17:32 AM,13890.095,231.5016,7337,0.9171,5721,0.7151,13582,1.6978,26.5,81.86,998.88,84.21
464,2026-08-05,2026-08-05 04:18:02 AM,13920.093,232.0016,7351,0.9189,5716,0.7145,13572,1.6965,26.5,81.87,998.87,84.29
465,2026-08-05,2026-08-05 04:18:32 AM,13950.093,232.5016,7351,0.9189,5715,0.7144,13571,1.6964,26.5,81.86,998.86,84.54
466,2026-08-05,2026-08-05 04:19:02 AM,13980.092,233.0015,7350,0.9188,5714,0.7143,13564,1.6955,26.5,81.88,998.85,84.46
467,2026-08-05,2026-08-05 04:19:32 AM,14010.092,233.5015,7354,0.9193,5723,0.7154,13564,1.6955,26.5,81.89,998.86,84.38
468,2026-08-05,2026-08-05 04:20:02 AM,14040.092,234.0015,7365,0.9206,5727,0.7159,13563,1.6954,26.51,81.88,998.86,84.46
469,2026-08-05,2026-08-05 04:20:32 AM,14070.092,234.5015,7366,0.9208,5726,0.7158,13565,1.6956,26.51,81.89,998.87,84.8
470,2026-08-05,2026-08-05 04:21:02 AM,14100.091,235.0015,7367,0.9209,5730,0.7163,13578,1.6973,26.51,81.91,998.88,84.29
471,2026-08-05,2026-08-05 04:21:32 AM,14130.09,235.5015,7368,0.921,5735,0.7169,13557,1.6946,26.51,81.89,998.91,84.21
472,2026-08-05,2026-08-05 04:22:02 AM,14160.089,236.0015,7369,0.9211,5744,0.718,13557,1.6946,26.51,81.9,998.91,84.46
473,2026-08-05,2026-08-05 04:22:32 AM,14190.088,236.5015,7374,0.9218,5740,0.7175,13566,1.6958,26.51,81.92,998.92,84.04
474,2026-08-05,2026-08-05 04:23:02 AM,14220.088,237.0015,7378,0.9223,5752,0.719,13582,1.6978,26.52,81.9,998.94,83.96
475,2026-08-05,2026-08-05 04:23:32 AM,14250.087,237.5015,7381,0.9226,5748,0.7185,13558,1.6948,26.52,81.93,998.93,84.04
476,2026-08-05,2026-08-05 04:24:02 AM,14280.086,238.0014,7377,0.9221,5753,0.7191,13564,1.6955,26.52,81.93,998.93,84.29
477,2026-08-05,2026-08-05 04:24:32 AM,14310.087,238.5014,7386,0.9233,5752,0.719,13557,1.6946,26.52,81.93,998.94,84.21
478,2026-08-05,2026-08-05 04:25:02 AM,14340.085,239.0014,7385,0.9231,5759,0.7199,13563,1.6954,26.52,81.93,998.93,84.04
479,2026-08-05,2026-08-05 04:25:32 AM,14370.084,239.5014,7386,0.9233,5759,0.7199,13560,1.695,26.52,81.94,998.95,83.88
480,2026-08-05,2026-08-05 04:26:02 AM,14400.084,240.0014,7397,0.9246,5761,0.7201,13562,1.6953,26.53,81.94,998.94,83.39
481,2026-08-05,2026-08-05 04:26:32 AM,14430.084,240.5014,7405,0.9256,5766,0.7208,13561,1.6951,26.53,81.94,998.96,83.47
482,2026-08-05,2026-08-05 04:27:02 AM,14460.083,241.0014,7405,0.9256,5777,0.7221,13582,1.6978,26.53,81.97,998.96,83.55
483,2026-08-05,2026-08-05 04:27:32 AM,14490.083,241.5014,7414,0.9268,5774,0.7218,13570,1.6963,26.53,81.95,998.98,83.55
484,2026-08-05,2026-08-05 04:28:02 AM,14520.082,242.0014,7433,0.9291,5785,0.7231,13655,1.7069,26.53,81.95,998.99,81.79
485,2026-08-05,2026-08-05 04:28:32 AM,14550.082,242.5014,7461,0.9326,5797,0.7246,13855,1.7319,26.54,81.96,999.01,77.34
486,2026-08-05,2026-08-05 04:29:02 AM,14580.081,243.0014,7488,0.936,5808,0.726,13853,1.7316,26.54,81.97,999.0,78.62
487,2026-08-05,2026-08-05 04:29:32 AM,14610.08,243.5013,7497,0.9371,5807,0.7259,13823,1.7279,26.54,81.97,999.03,80.48
488,2026-08-05,2026-08-05 04:30:02 AM,14640.08,244.0013,7500,0.9375,5814,0.7268,13812,1.7265,26.54,82.0,999.06,81.48
489,2026-08-05,2026-08-05 04:30:32 AM,14670.079,244.5013,7498,0.9373,5824,0.728,13778,1.7223,26.53,82.0,999.06,81.95
490,2026-08-05,2026-08-05 04:31:02 AM,14700.079,245.0013,7498,0.9373,5812,0.7265,13761,1.7201,26.53,82.01,999.06,82.26
491,2026-08-05,2026-08-05 04:31:32 AM,14730.077,245.5013,7501,0.9376,5820,0.7275,13750,1.7188,26.53,82.03,999.06,82.9
492,2026-08-05,2026-08-05 04:32:02 AM,14760.078,246.0013,7498,0.9373,5826,0.7283,13756,1.7195,26.53,82.03,999.05,82.18
493,2026-08-05,2026-08-05 04:32:32 AM,14790.077,246.5013,7490,0.9363,5822,0.7278,13752,1.719,26.53,82.04,999.05,81.95
494,2026-08-05,2026-08-05 04:33:02 AM,14820.076,247.0013,7496,0.937,5821,0.7276,13756,1.7195,26.53,82.05,999.04,82.34
495,2026-08-05,2026-08-05 04:33:32 AM,14850.076,247.5013,7497,0.9371,5831,0.7289,13771,1.7214,26.53,82.05,999.04,81.55
496,2026-08-05,2026-08-05 04:34:02 AM,14880.075,248.0012,7495,0.9369,5836,0.7295,13752,1.719,26.53,82.05,999.03,82.26
497,2026-08-05,2026-08-05 04:34:32 AM,14910.075,248.5012,7502,0.9378,5827,0.7284,13743,1.7179,26.53,82.06,999.03,82.1
498,2026-08-05,2026-08-05 04:35:02 AM,14940.074,249.0012,7501,0.9376,5832,0.729,13728,1.716,26.52,82.07,999.02,81.87
499,2026-08-05,2026-08-05 04:35:32 AM,14970.073,249.5012,7496,0.937,5838,0.7298,13731,1.7164,26.52,82.08,999.02,82.02
500,2026-08-05,2026-08-05 04:36:02 AM,15000.072,250.0012,7500,0.9375,5841,0.7301,13723,1.7154,26.53,82.08,999.03,81.71
501,2026-08-05,2026-08-05 04:36:32 AM,15030.071,250.5012,7495,0.9369,5832,0.729,13721,1.7151,26.53,82.1,999.01,82.58
502,2026-08-05,2026-08-05 04:37:02 AM,15060.071,251.0012,7504,0.938,5843,0.7304,13748,1.7185,26.52,82.1,999.04,81.32
503,2026-08-05,2026-08-05 04:37:32 AM,15090.07,251.5012,7509,0.9386,5846,0.7308,13752,1.719,26.53,82.1,999.04,81.48
504,2026-08-05,2026-08-05 04:38:02 AM,15120.07,252.0012,7521,0.9401,5848,0.731,13770,1.7213,26.53,82.09,999.05,81.17
505,2026-08-05,2026-08-05 04:38:32 AM,15150.07,252.5012,7522,0.9403,5851,0.7314,13761,1.7201,26.53,82.1,999.06,81.71
506,2026-08-05,2026-08-05 04:39:02 AM,15180.069,253.0012,7525,0.9406,5862,0.7328,13760,1.72,26.53,82.09,999.08,81.17
507,2026-08-05,2026-08-05 04:39:32 AM,15210.068,253.5011,7531,0.9414,5862,0.7328,13761,1.7201,26.53,82.1,999.09,81.63
508,2026-08-05,2026-08-05 04:40:02 AM,15240.067,254.0011,7526,0.9408,5868,0.7335,13745,1.7181,26.53,82.14,999.1,81.63
509,2026-08-05,2026-08-05 04:40:32 AM,15270.068,254.5011,7532,0.9415,5875,0.7344,13755,1.7194,26.53,82.14,999.1,81.63
510,2026-08-05,2026-08-05 04:41:02 AM,15300.067,255.0011,7539,0.9424,5875,0.7344,13742,1.7178,26.53,82.14,999.11,81.48
511,2026-08-05,2026-08-05 04:41:32 AM,15330.066,255.5011,7539,0.9424,5879,0.7349,13760,1.72,26.53,82.13,999.12,81.32
512,2026-08-05,2026-08-05 04:42:02 AM,15360.066,256.0011,7548,0.9435,5879,0.7349,13767,1.7209,26.53,82.14,999.13,81.17
513,2026-08-05,2026-08-05 04:42:32 AM,15390.065,256.5011,7557,0.9446,5886,0.7358,13779,1.7224,26.54,82.14,999.15,80.55
514,2026-08-05,2026-08-05 04:43:02 AM,15420.064,257.0011,7563,0.9454,5891,0.7364,13785,1.7231,26.54,82.14,999.15,80.71
515,2026-08-05,2026-08-05 04:43:32 AM,15450.064,257.5011,7564,0.9455,5893,0.7366,13789,1.7236,26.54,82.15,999.13,80.4
516,2026-08-05,2026-08-05 04:44:02 AM,15480.064,258.0011,7574,0.9468,5900,0.7375,13802,1.7253,26.54,82.15,999.13,80.55
517,2026-08-05,2026-08-05 04:44:32 AM,15510.063,258.501,7580,0.9475,5903,0.7379,13822,1.7278,26.54,82.15,999.13,79.65
518,2026-08-05,2026-08-05 04:45:02 AM,15540.062,259.001,7588,0.9485,5905,0.7381,13799,1.7249,26.54,82.16,999.13,80.4
519,2026-08-05,2026-08-05 04:45:32 AM,15570.061,259.501,7590,0.9488,5926,0.7408,13812,1.7265,26.54,82.17,999.15,80.63
520,2026-08-05,2026-08-05 04:46:02 AM,15600.06,260.001,7595,0.9494,5921,0.7401,13826,1.7283,26.55,82.17,999.14,79.72
521,2026-08-05,2026-08-05 04:46:32 AM,15630.06,260.501,7603,0.9504,5928,0.741,13820,1.7275,26.55,82.15,999.13,80.33
522,2026-08-05,2026-08-05 04:47:02 AM,15660.06,261.001,7601,0.9501,5930,0.7413,13839,1.7299,26.55,82.16,999.1,79.95
523,2026-08-05,2026-08-05 04:47:32 AM,15690.058,261.501,7609,0.9511,5933,0.7416,13855,1.7319,26.55,82.17,999.08,80.18
524,2026-08-05,2026-08-05 04:48:02 AM,15720.059,262.001,7625,0.9531,5936,0.742,13878,1.7348,26.55,82.17,999.08,79.43
525,2026-08-05,2026-08-05 04:48:32 AM,15750.058,262.501,7627,0.9534,5943,0.7429,13901,1.7376,26.55,82.2,999.06,78.55
526,2026-08-05,2026-08-05 04:49:02 AM,15780.058,263.001,7637,0.9546,5955,0.7444,13911,1.7389,26.55,82.19,999.03,79.13
527,2026-08-05,2026-08-05 04:49:32 AM,15810.056,263.5009,7638,0.9548,5954,0.7443,13882,1.7353,26.55,82.19,999.02,79.58
528,2026-08-05,2026-08-05 04:50:02 AM,15840.056,264.0009,7646,0.9558,5956,0.7445,13855,1.7319,26.55,82.21,999.02,80.25
529,2026-08-05,2026-08-05 04:50:32 AM,15870.055,264.5009,7642,0.9553,5956,0.7445,13851,1.7314,26.55,82.2,999.03,80.63
530,2026-08-05,2026-08-05 04:51:02 AM,15900.055,265.0009,7643,0.9554,5957,0.7446,13832,1.729,26.55,82.21,999.01,80.86
531,2026-08-05,2026-08-05 04:51:32 AM,15930.054,265.5009,7641,0.9551,5970,0.7463,13821,1.7276,26.56,82.2,999.03,80.86
532,2026-08-05,2026-08-05 04:52:02 AM,15960.053,266.0009,7640,0.955,5971,0.7464,13820,1.7275,26.56,82.21,999.05,80.48
533,2026-08-05,2026-08-05 04:52:32 AM,15990.052,266.5009,7647,0.9559,5971,0.7464,13821,1.7276,26.56,82.22,999.04,80.25
534,2026-08-05,2026-08-05 04:53:02 AM,16020.052,267.0009,7651,0.9564,5982,0.7478,13821,1.7276,26.56,82.22,999.08,80.03
535,2026-08-05,2026-08-05 04:53:32 AM,16050.052,267.5009,7658,0.9573,5979,0.7474,13817,1.7271,26.56,82.24,999.11,79.95
536,2026-08-05,2026-08-05 04:54:02 AM,16080.051,268.0008,7659,0.9574,5990,0.7488,13825,1.7281,26.56,82.24,999.11,79.65
537,2026-08-05,2026-08-05 04:54:32 AM,16110.05,268.5008,7658,0.9573,5995,0.7494,13815,1.7269,26.56,82.24,999.13,80.4
538,2026-08-05,2026-08-05 04:55:02 AM,16140.051,269.0008,7664,0.958,6002,0.7503,13809,1.7261,26.56,82.24,999.14,80.1
539,2026-08-05,2026-08-05 04:55:32 AM,16170.05,269.5008,7668,0.9585,5995,0.7494,13789,1.7236,26.56,82.24,999.18,80.48
540,2026-08-05,2026-08-05 04:56:02 AM,16200.049,270.0008,7662,0.9578,5996,0.7495,13782,1.7228,26.56,82.24,999.19,80.18
541,2026-08-05,2026-08-05 04:56:32 AM,16230.049,270.5008,7658,0.9573,5999,0.7499,13758,1.7198,26.55,82.26,999.21,80.78
542,2026-08-05,2026-08-05 04:57:02 AM,16260.048,271.0008,7659,0.9574,6001,0.7501,13740,1.7175,26.55,82.25,999.22,81.4
543,2026-08-05,2026-08-05 04:57:32 AM,16290.047,271.5008,7656,0.957,6007,0.7509,13734,1.7168,26.55,82.28,999.23,81.17
544,2026-08-05,2026-08-05 04:58:02 AM,16320.047,272.0008,7649,0.9561,6014,0.7518,13718,1.7148,26.55,82.29,999.23,81.01
545,2026-08-05,2026-08-05 04:58:32 AM,16350.046,272.5008,7650,0.9563,6002,0.7503,13707,1.7134,26.55,82.3,999.23,81.24
546,2026-08-05,2026-08-05 04:59:02 AM,16380.046,273.0008,7648,0.956,6011,0.7514,13708,1.7135,26.55,82.3,999.23,80.86
547,2026-08-05,2026-08-05 04:59:32 AM,16410.045,273.5008,7647,0.9559,6004,0.7505,13698,1.7123,26.55,82.3,999.26,80.93
548,2026-08-05,2026-08-05 05:00:02 AM,16440.045,274.0007,7650,0.9563,6011,0.7514,13700,1.7125,26.54,82.31,999.25,80.93
549,2026-08-05,2026-08-05 05:00:32 AM,16470.044,274.5007,7649,0.9561,6017,0.7521,13705,1.7131,26.54,82.32,999.27,80.55
550,2026-08-05,2026-08-05 05:01:02 AM,16500.043,275.0007,7652,0.9565,6016,0.752,13689,1.7111,26.54,82.31,999.26,81.01
551,2026-08-05,2026-08-05 05:01:32 AM,16530.043,275.5007,7650,0.9563,6011,0.7514,13667,1.7084,26.54,82.33,999.27,81.17
552,2026-08-05,2026-08-05 05:02:02 AM,16560.042,276.0007,7651,0.9564,6030,0.7538,13661,1.7076,26.54,82.32,999.27,81.24
553,2026-08-05,2026-08-05 05:02:32 AM,16590.041,276.5007,7653,0.9566,6025,0.7531,13654,1.7068,26.54,82.33,999.25,81.09
554,2026-08-05,2026-08-05 05:03:02 AM,16620.041,277.0007,7650,0.9563,6023,0.7529,13649,1.7061,26.54,82.33,999.25,81.48
555,2026-08-05,2026-08-05 05:03:32 AM,16650.04,277.5007,7647,0.9559,6024,0.753,13641,1.7051,26.54,82.34,999.27,81.32
556,2026-08-05,2026-08-05 05:04:02 AM,16680.04,278.0007,7655,0.9569,6036,0.7545,13626,1.7033,26.54,82.34,999.25,81.32
557,2026-08-05,2026-08-05 05:04:32 AM,16710.039,278.5007,7646,0.9558,6031,0.7539,13626,1.7033,26.54,82.34,999.24,81.63
558,2026-08-05,2026-08-05 05:05:02 AM,16740.038,279.0006,7648,0.956,6025,0.7531,13601,1.7001,26.54,82.35,999.24,81.71
559,2026-08-05,2026-08-05 05:05:32 AM,16770.037,279.5006,7647,0.9559,6031,0.7539,13600,1.7,26.54,82.35,999.23,81.55
560,2026-08-05,2026-08-05 05:06:02 AM,16800.038,280.0006,7660,0.9575,6031,0.7539,13595,1.6994,26.54,82.35,999.23,81.48
561,2026-08-05,2026-08-05 05:06:32 AM,16830.037,280.5006,7656,0.957,6043,0.7554,13579,1.6974,26.54,82.35,999.22,81.32
562,2026-08-05,2026-08-05 05:07:02 AM,16860.036,281.0006,7659,0.9574,6041,0.7551,13582,1.6978,26.54,82.35,999.23,81.17
563,2026-08-05,2026-08-05 05:07:32 AM,16890.036,281.5006,7651,0.9564,6049,0.7561,13570,1.6963,26.54,82.36,999.21,81.4
564,2026-08-05,2026-08-05 05:08:02 AM,16920.035,282.0006,7662,0.9578,6047,0.7559,13562,1.6953,26.55,82.38,999.21,81.79
565,2026-08-05,2026-08-05 05:08:32 AM,16950.034,282.5006,7663,0.9579,6054,0.7568,13547,1.6934,26.55,82.36,999.2,81.4
566,2026-08-05,2026-08-05 05:09:02 AM,16980.033,283.0006,7668,0.9585,6054,0.7568,13533,1.6916,26.55,82.36,999.2,81.63
567,2026-08-05,2026-08-05 05:09:32 AM,17010.033,283.5006,7664,0.958,6061,0.7576,13524,1.6905,26.55,82.36,999.2,81.09
568,2026-08-05,2026-08-05 05:10:02 AM,17040.032,284.0005,7660,0.9575,6067,0.7584,13522,1.6903,26.55,82.36,999.19,81.24
569,2026-08-05,2026-08-05 05:10:32 AM,17070.032,284.5005,7661,0.9576,6066,0.7583,13513,1.6891,26.55,82.38,999.18,81.71
570,2026-08-05,2026-08-05 05:11:02 AM,17100.031,285.0005,7664,0.958,6068,0.7585,13492,1.6865,26.55,82.37,999.18,81.79
571,2026-08-05,2026-08-05 05:11:32 AM,17130.031,285.5005,7668,0.9585,6074,0.7593,13510,1.6888,26.55,82.37,999.2,81.48
572,2026-08-05,2026-08-05 05:12:02 AM,17160.03,286.0005,7678,0.9598,6064,0.758,13552,1.694,26.56,82.39,999.18,80.25
573,2026-08-05,2026-08-05 05:12:32 AM,17190.029,286.5005,7690,0.9613,6076,0.7595,13564,1.6955,26.56,82.36,999.19,80.1
574,2026-08-05,2026-08-05 05:13:02 AM,17220.029,287.0005,7704,0.963,6083,0.7604,13590,1.6988,26.56,82.39,999.2,79.58
575,2026-08-05,2026-08-05 05:13:32 AM,17250.029,287.5005,7712,0.964,6098,0.7623,13614,1.7018,26.56,82.38,999.2,79.13
576,2026-08-05,2026-08-05 05:14:02 AM,17280.027,288.0005,7720,0.965,6103,0.7629,13635,1.7044,26.56,82.39,999.21,78.91
577,2026-08-05,2026-08-05 05:14:32 AM,17310.027,288.5005,7728,0.966,6114,0.7643,13658,1.7073,26.56,82.38,999.19,78.41
578,2026-08-05,2026-08-05 05:15:02 AM,17340.026,289.0004,7747,0.9684,6111,0.7639,13690,1.7113,26.56,82.37,999.21,78.19
579,2026-08-05,2026-08-05 05:15:32 AM,17370.026,289.5004,7756,0.9695,6126,0.7658,13706,1.7133,26.57,82.39,999.18,78.62
580,2026-08-05,2026-08-05 05:16:02 AM,17400.026,290.0004,7766,0.9708,6129,0.7661,13721,1.7151,26.56,82.39,999.17,78.33
581,2026-08-05,2026-08-05 05:16:32 AM,17430.025,290.5004,7776,0.972,6132,0.7665,13745,1.7181,26.57,82.37,999.16,77.91
582,2026-08-05,2026-08-05 05:17:02 AM,17460.023,291.0004,7792,0.974,6140,0.7675,13777,1.7221,26.57,82.37,999.15,77.48
583,2026-08-05,2026-08-05 05:17:32 AM,17490.024,291.5004,7804,0.9755,6151,0.7689,13798,1.7248,26.57,82.4,999.14,77.48
584,2026-08-05,2026-08-05 05:18:02 AM,17520.023,292.0004,7819,0.9774,6157,0.7696,13787,1.7234,26.57,82.41,999.13,77.98
585,2026-08-05,2026-08-05 05:18:32 AM,17550.022,292.5004,7813,0.9766,6163,0.7704,13757,1.7196,26.57,82.41,999.12,78.48
586,2026-08-05,2026-08-05 05:19:02 AM,17580.022,293.0004,7809,0.9761,6172,0.7715,13746,1.7183,26.57,82.41,999.13,78.91
587,2026-08-05,2026-08-05 05:19:32 AM,17610.021,293.5004,7819,0.9774,6171,0.7714,13738,1.7173,26.57,82.42,999.12,78.48
588,2026-08-05,2026-08-05 05:20:02 AM,17640.021,294.0004,7820,0.9775,6178,0.7723,13718,1.7148,26.57,82.44,999.14,79.28
589,2026-08-05,2026-08-05 05:20:32 AM,17670.02,294.5003,7811,0.9764,6180,0.7725,13701,1.7126,26.56,82.42,999.15,79.65
590,2026-08-05,2026-08-05 05:21:02 AM,17700.02,295.0003,7822,0.9778,6175,0.7719,13695,1.7119,26.56,82.45,999.16,79.5
591,2026-08-05,2026-08-05 05:21:32 AM,17730.018,295.5003,7814,0.9768,6184,0.773,13675,1.7094,26.56,82.45,999.17,79.43
592,2026-08-05,2026-08-05 05:22:02 AM,17760.018,296.0003,7817,0.9771,6192,0.774,13660,1.7075,26.56,82.46,999.21,79.8
593,2026-08-05,2026-08-05 05:22:32 AM,17790.017,296.5003,7810,0.9763,6192,0.774,13647,1.7059,26.56,82.46,999.21,78.99
594,2026-08-05,2026-08-05 05:23:02 AM,17820.016,297.0003,7810,0.9763,6194,0.7743,13649,1.7061,26.56,82.47,999.23,79.72
595,2026-08-05,2026-08-05 05:23:32 AM,17850.016,297.5003,7812,0.9765,6195,0.7744,13627,1.7034,26.55,82.47,999.22,79.72
596,2026-08-05,2026-08-05 05:24:02 AM,17880.015,298.0003,7817,0.9771,6195,0.7744,13629,1.7036,26.55,82.48,999.22,79.28
597,2026-08-05,2026-08-05 05:24:32 AM,17910.016,298.5003,7811,0.9764,6192,0.774,13609,1.7011,26.55,82.5,999.21,79.36
598,2026-08-05,2026-08-05 05:25:02 AM,17940.015,299.0002,7813,0.9766,6200,0.775,13623,1.7029,26.55,82.49,999.21,79.65
599,2026-08-05,2026-08-05 05:25:32 AM,17970.015,299.5002,7809,0.9761,6200,0.775,13617,1.7021,26.55,82.49,999.19,78.99
600,2026-08-05,2026-08-05 05:26:02 AM,18000.014,300.0002,7815,0.9769,6202,0.7753,13621,1.7026,26.55,82.5,999.16,79.21
601,2026-08-05,2026-08-05 05:26:32 AM,18030.013,300.5002,7806,0.9758,6204,0.7755,13634,1.7043,26.55,82.52,999.15,78.33
602,2026-08-05,2026-08-05 05:27:02 AM,18060.012,301.0002,7818,0.9773,6210,0.7763,13644,1.7055,26.55,82.51,999.15,78.48
603,2026-08-05,2026-08-05 05:27:32 AM,18090.013,301.5002,7822,0.9778,6205,0.7756,13640,1.705,26.54,82.53,999.14,78.12
604,2026-08-05,2026-08-05 05:28:02 AM,18120.01,302.0002,7817,0.9771,6209,0.7761,13623,1.7029,26.54,82.52,999.13,79.06
605,2026-08-05,2026-08-05 05:28:32 AM,18150.011,302.5002,7822,0.9778,6215,0.7769,13607,1.7009,26.54,82.54,999.11,79.06
606,2026-08-05,2026-08-05 05:29:02 AM,18180.01,303.0002,7828,0.9785,6222,0.7778,13622,1.7028,26.54,82.54,999.11,78.77
607,2026-08-05,2026-08-05 05:29:32 AM,18210.01,303.5002,7825,0.9781,6221,0.7776,13629,1.7036,26.54,82.52,999.09,78.05
608,2026-08-05,2026-08-05 05:30:02 AM,18240.009,304.0001,7835,0.9794,6228,0.7785,13642,1.7053,26.54,82.53,999.1,78.19
609,2026-08-05,2026-08-05 05:30:32 AM,18270.008,304.5001,7851,0.9814,6235,0.7794,13661,1.7076,26.54,82.54,999.09,77.69
610,2026-08-05,2026-08-05 05:31:02 AM,18300.008,305.0001,7847,0.9809,6242,0.7803,13667,1.7084,26.54,82.53,999.1,78.05
611,2026-08-05,2026-08-05 05:31:32 AM,18330.007,305.5001,7851,0.9814,6246,0.7808,13644,1.7055,26.55,82.53,999.1,78.19
612,2026-08-05,2026-08-05 05:32:02 AM,18360.007,306.0001,7855,0.9819,6248,0.781,13656,1.707,26.55,82.52,999.13,77.41
613,2026-08-05,2026-08-05 05:32:32 AM,18390.006,306.5001,7857,0.9821,6246,0.7808,13674,1.7093,26.55,82.55,999.14,77.83
614,2026-08-05,2026-08-05 05:33:02 AM,18420.005,307.0001,7864,0.983,6260,0.7825,13661,1.7076,26.55,82.54,999.17,77.76
615,2026-08-05,2026-08-05 05:33:32 AM,18450.004,307.5001,7866,0.9833,6263,0.7829,13645,1.7056,26.54,82.55,999.18,78.19
616,2026-08-05,2026-08-05 05:34:02 AM,18480.004,308.0001,7872,0.984,6261,0.7826,13644,1.7055,26.55,82.55,999.19,78.41
617,2026-08-05,2026-08-05 05:34:32 AM,18510.003,308.5001,7876,0.9845,6270,0.7838,13641,1.7051,26.55,82.55,999.2,78.41
618,2026-08-05,2026-08-05 05:35:02 AM,18540.003,309.0,7882,0.9853,6269,0.7836,13652,1.7065,26.55,82.56,999.21,77.98
619,2026-08-05,2026-08-05 05:35:32 AM,18570.003,309.5001,7881,0.9851,6274,0.7843,13664,1.708,26.55,82.55,999.22,77.76
620,2026-08-05,2026-08-05 05:36:02 AM,18600.002,310.0,7856,0.982,6278,0.7848,13681,1.7101,26.55,82.56,999.23,77.06
621,2026-08-05,2026-08-05 05:36:32 AM,18630.001,310.5,7877,0.9846,6288,0.786,13679,1.7099,26.55,82.55,999.23,77.13
622,2026-08-05,2026-08-05 05:37:02 AM,18660.001,311.0,7890,0.9863,6289,0.7861,13662,1.7078,26.55,82.55,999.24,77.76
623,2026-08-05,2026-08-05 05:37:32 AM,18690.001,311.5,7902,0.9878,6300,0.7875,13651,1.7064,26.55,82.55,999.24,78.05
624,2026-08-05,2026-08-05 05:38:02 AM,18720.0,312.0,7892,0.9865,6294,0.7868,13634,1.7043,26.55,82.56,999.24,78.33
625,2026-08-05,2026-08-05 05:38:32 AM,18750.0,312.5,7898,0.9873,6299,0.7874,13624,1.703,26.55,82.57,999.26,78.26
626,2026-08-05,2026-08-05 05:39:02 AM,18780.0,313.0,7892,0.9865,6305,0.7881,13597,1.6996,26.55,82.58,999.27,78.19
627,2026-08-05,2026-08-05 05:39:32 AM,18810.001,313.5,7899,0.9874,6304,0.788,13594,1.6993,26.55,82.58,999.27,78.26
628,2026-08-05,2026-08-05 05:40:02 AM,18840.0,314.0,7906,0.9883,6308,0.7885,13579,1.6974,26.55,82.58,999.28,77.83
629,2026-08-05,2026-08-05 05:40:32 AM,18870.001,314.5,7895,0.9869,6315,0.7894,13561,1.6951,26.55,82.58,999.3,78.62
630,2026-08-05,2026-08-05 05:41:02 AM,18900.0,315.0,7903,0.9879,6315,0.7894,13569,1.6961,26.56,82.58,999.3,78.05
631,2026-08-05,2026-08-05 05:41:32 AM,18930.0,315.5,7914,0.9893,6323,0.7904,13571,1.6964,26.56,82.59,999.32,77.41
632,2026-08-05,2026-08-05 05:42:02 AM,18960.0,316.0,7911,0.9889,6319,0.7899,13588,1.6985,26.56,82.58,999.33,77.34
633,2026-08-05,2026-08-05 05:42:32 AM,18990.0,316.5,7911,0.9889,6326,0.7908,13585,1.6981,26.56,82.59,999.33,77.41
634,2026-08-05,2026-08-05 05:43:02 AM,19020.214,317.0036,7923,0.9904,6338,0.7923,13590,1.6988,26.56,82.58,999.34,77.48
635,2026-08-05,2026-08-05 05:43:32 AM,19050.001,317.5,7926,0.9908,6335,0.7919,13575,1.6969,26.56,82.59,999.35,77.91
636,2026-08-05,2026-08-05 05:44:02 AM,19080.202,318.0034,7926,0.9908,6336,0.792,13574,1.6968,26.56,82.59,999.34,77.34
637,2026-08-05,2026-08-05 05:44:32 AM,19110.001,318.5,7934,0.9918,6345,0.7931,13586,1.6983,26.56,82.59,999.35,77.34
638,2026-08-05,2026-08-05 05:45:02 AM,19140.001,319.0,7941,0.9926,6352,0.794,13601,1.7001,26.56,82.59,999.36,77.34
639,2026-08-05,2026-08-05 05:45:32 AM,19170.0,319.5,7947,0.9934,6365,0.7956,13591,1.6989,26.56,82.61,999.38,77.34
640,2026-08-05,2026-08-05 05:46:02 AM,19200.205,320.0034,7952,0.994,6362,0.7953,13623,1.7029,26.56,82.6,999.38,76.51
641,2026-08-05,2026-08-05 05:46:32 AM,19230.2,320.5033,7962,0.9953,6371,0.7964,13628,1.7035,26.57,82.6,999.38,76.65
642,2026-08-05,2026-08-05 05:47:02 AM,19260.208,321.0035,7968,0.996,6370,0.7963,13635,1.7044,26.56,82.61,999.39,76.37
643,2026-08-05,2026-08-05 05:47:32 AM,19290.199,321.5033,7973,0.9966,6376,0.797,13634,1.7043,26.57,82.61,999.39,76.58
644,2026-08-05,2026-08-05 05:48:02 AM,19320.208,322.0035,7977,0.9971,6380,0.7975,13639,1.7049,26.57,82.61,999.4,76.92
645,2026-08-05,2026-08-05 05:48:32 AM,19350.205,322.5034,7976,0.997,6384,0.798,13622,1.7028,26.57,82.62,999.4,77.48
646,2026-08-05,2026-08-05 05:49:02 AM,19380.198,323.0033,7976,0.997,6393,0.7991,13608,1.701,26.57,82.62,999.4,76.92
647,2026-08-05,2026-08-05 05:49:32 AM,19410.212,323.5035,7974,0.9968,6387,0.7984,13594,1.6993,26.57,82.62,999.41,77.34
648,2026-08-05,2026-08-05 05:50:02 AM,19440.207,324.0035,7974,0.9968,6401,0.8001,13594,1.6993,26.57,82.62,999.41,77.13
649,2026-08-05,2026-08-05 05:50:32 AM,19470.191,324.5032,7981,0.9976,6394,0.7993,13567,1.6959,26.57,82.62,999.42,77.34
650,2026-08-05,2026-08-05 05:51:02 AM,19500.198,325.0033,7992,0.999,6408,0.801,13546,1.6933,26.57,82.62,999.43,77.69
651,2026-08-05,2026-08-05 05:51:32 AM,19530.198,325.5033,7974,0.9968,6406,0.8008,13534,1.6918,26.57,82.65,999.44,77.69
652,2026-08-05,2026-08-05 05:52:02 AM,19560.201,326.0033,7970,0.9963,6408,0.801,13517,1.6896,26.57,82.64,999.44,77.91
653,2026-08-05,2026-08-05 05:52:32 AM,19590.193,326.5032,7972,0.9965,6399,0.7999,13498,1.6873,26.57,82.63,999.44,78.12
654,2026-08-05,2026-08-05 05:53:02 AM,19620.189,327.0031,7976,0.997,6405,0.8006,13494,1.6868,26.57,82.65,999.44,77.69
655,2026-08-05,2026-08-05 05:53:32 AM,19650.202,327.5034,7983,0.9979,6409,0.8011,13489,1.6861,26.57,82.65,999.44,77.34
656,2026-08-05,2026-08-05 05:54:02 AM,19680.2,328.0033,7976,0.997,6414,0.8018,13475,1.6844,26.57,82.65,999.45,77.48
657,2026-08-05,2026-08-05 05:54:32 AM,19710.193,328.5032,7980,0.9975,6419,0.8024,13460,1.6825,26.57,82.65,999.44,77.55
658,2026-08-05,2026-08-05 05:55:02 AM,19740.19,329.0032,7976,0.997,6413,0.8016,13450,1.6813,26.57,82.65,999.45,77.69
659,2026-08-05,2026-08-05 05:55:32 AM,19770.195,329.5033,7983,0.9979,6430,0.8038,13438,1.6798,26.57,82.66,999.47,77.91
660,2026-08-05,2026-08-05 05:56:02 AM,19800.2,330.0033,7980,0.9975,6422,0.8028,13436,1.6795,26.58,82.66,999.47,77.83
661,2026-08-05,2026-08-05 05:56:32 AM,19830.19,330.5032,7983,0.9979,6432,0.804,13423,1.6779,26.57,82.68,999.47,77.62
662,2026-08-05,2026-08-05 05:57:02 AM,19860.2,331.0033,7982,0.9978,6435,0.8044,13401,1.6751,26.58,82.66,999.49,77.69
663,2026-08-05,2026-08-05 05:57:32 AM,19890.189,331.5032,7985,0.9981,6437,0.8046,13376,1.672,26.58,82.67,999.49,78.05
664,2026-08-05,2026-08-05 05:58:02 AM,19920.184,332.0031,7986,0.9983,6432,0.804,13351,1.6689,26.58,82.67,999.51,78.41
665,2026-08-05,2026-08-05 05:58:32 AM,19950.188,332.5031,7974,0.9968,6434,0.8043,13350,1.6688,26.57,82.68,999.51,78.55
666,2026-08-05,2026-08-05 05:59:02 AM,19980.19,333.0032,7966,0.9958,6439,0.8049,13309,1.6636,26.58,82.67,999.52,79.06
667,2026-08-05,2026-08-05 05:59:32 AM,20010.191,333.5032,7977,0.9971,6446,0.8058,13292,1.6615,26.58,82.66,999.54,78.91
668,2026-08-05,2026-08-05 06:00:02 AM,20040.185,334.0031,7966,0.9958,6446,0.8058,13284,1.6605,26.58,82.69,999.53,78.62
669,2026-08-05,2026-08-05 06:00:32 AM,20070.184,334.5031,7965,0.9956,6434,0.8043,13255,1.6569,26.58,82.69,999.55,79.21
670,2026-08-05,2026-08-05 06:01:02 AM,20100.185,335.0031,7969,0.9961,6448,0.806,13264,1.658,26.58,82.68,999.56,78.19
671,2026-08-05,2026-08-05 06:01:32 AM,20130.185,335.5031,7969,0.9961,6455,0.8069,13241,1.6551,26.58,82.7,999.56,78.77
672,2026-08-05,2026-08-05 06:02:02 AM,20160.184,336.0031,7959,0.9949,6454,0.8068,13239,1.6549,26.58,82.68,999.56,78.62
673,2026-08-05,2026-08-05 06:02:32 AM,20190.181,336.503,7961,0.9951,6450,0.8063,13219,1.6524,26.58,82.69,999.56,78.48
674,2026-08-05,2026-08-05 06:03:02 AM,20220.195,337.0032,7962,0.9953,6460,0.8075,13203,1.6504,26.58,82.7,999.56,78.99
675,2026-08-05,2026-08-05 06:03:32 AM,20250.191,337.5032,7962,0.9953,6467,0.8084,13181,1.6476,26.58,82.71,999.56,78.99
676,2026-08-05,2026-08-05 06:04:02 AM,20280.19,338.0032,7966,0.9958,6475,0.8094,13171,1.6464,26.58,82.72,999.56,79.06
677,2026-08-05,2026-08-05 06:04:32 AM,20310.184,338.5031,7954,0.9943,6468,0.8085,13149,1.6436,26.58,82.72,999.55,78.91
678,2026-08-05,2026-08-05 06:05:02 AM,20340.175,339.0029,7958,0.9948,6464,0.808,13131,1.6414,26.58,82.7,999.55,78.91
679,2026-08-05,2026-08-05 06:05:32 AM,20370.192,339.5032,7964,0.9955,6469,0.8086,13119,1.6399,26.58,82.71,999.57,79.43
680,2026-08-05,2026-08-05 06:06:02 AM,20400.182,340.003,7966,0.9958,6477,0.8096,13109,1.6386,26.58,82.72,999.56,79.13
681,2026-08-05,2026-08-05 06:06:32 AM,20430.182,340.503,7963,0.9954,6481,0.8101,13102,1.6378,26.59,82.72,999.57,78.99
682,2026-08-05,2026-08-05 06:07:02 AM,20460.182,341.003,7968,0.996,6483,0.8104,13112,1.639,26.59,82.71,999.56,78.84
683,2026-08-05,2026-08-05 06:07:32 AM,20490.176,341.5029,7968,0.996,6486,0.8108,13110,1.6388,26.59,82.73,999.56,78.48
684,2026-08-05,2026-08-05 06:08:02 AM,20520.177,342.003,7975,0.9969,6488,0.811,13100,1.6375,26.59,82.72,999.59,78.33
685,2026-08-05,2026-08-05 06:08:32 AM,20550.17,342.5028,7978,0.9973,6487,0.8109,13093,1.6366,26.59,82.73,999.59,78.48
686,2026-08-05,2026-08-05 06:09:02 AM,20580.182,343.003,7981,0.9976,6495,0.8119,13069,1.6336,26.59,82.72,999.62,79.21
687,2026-08-05,2026-08-05 06:09:32 AM,20610.186,343.5031,7982,0.9978,6505,0.8131,13061,1.6326,26.59,82.73,999.64,78.62
688,2026-08-05,2026-08-05 06:10:02 AM,20640.173,344.0029,7988,0.9985,6501,0.8126,13056,1.632,26.59,82.73,999.64,78.77
689,2026-08-05,2026-08-05 06:10:32 AM,20670.175,344.5029,7991,0.9989,6507,0.8134,13037,1.6296,26.59,82.75,999.66,78.62
690,2026-08-05,2026-08-05 06:11:02 AM,20700.179,345.003,7996,0.9995,6513,0.8141,13035,1.6294,26.59,82.75,999.67,78.62
691,2026-08-05,2026-08-05 06:11:32 AM,20730.182,345.503,7994,0.9993,6519,0.8149,13046,1.6308,26.59,82.76,999.67,78.62
692,2026-08-05,2026-08-05 06:12:02 AM,20760.178,346.003,8009,1.0011,6534,0.8168,13080,1.635,26.59,82.75,999.68,77.83
693,2026-08-05,2026-08-05 06:12:32 AM,20790.175,346.5029,8023,1.0029,6537,0.8171,13129,1.6411,26.59,82.75,999.68,76.3
694,2026-08-05,2026-08-05 06:13:02 AM,20820.166,347.0028,8036,1.0045,6549,0.8186,13176,1.647,26.59,82.76,999.68,75.9
695,2026-08-05,2026-08-05 06:13:32 AM,20850.179,347.503,8047,1.0059,6541,0.8176,13195,1.6494,26.59,82.76,999.7,76.1
696,2026-08-05,2026-08-05 06:14:02 AM,20880.178,348.003,8065,1.0081,6553,0.8191,13230,1.6538,26.59,82.76,999.71,74.96
697,2026-08-05,2026-08-05 06:14:32 AM,20910.168,348.5028,8077,1.0096,6563,0.8204,13330,1.6663,26.59,82.76,999.7,73.86
698,2026-08-05,2026-08-05 06:15:02 AM,20940.17,349.0028,8119,1.0149,6575,0.8219,13489,1.6861,26.59,82.76,999.69,71.09
699,2026-08-05,2026-08-05 06:15:32 AM,20970.174,349.5029,8146,1.0183,6577,0.8221,13502,1.6878,26.59,82.76,999.69,72.17
700,2026-08-05,2026-08-05 06:16:02 AM,21000.18,350.003,8151,1.0189,6587,0.8234,13505,1.6881,26.59,82.76,999.7,73.16
701,2026-08-05,2026-08-05 06:16:32 AM,21030.175,350.5029,8159,1.0199,6588,0.8235,13503,1.6879,26.58,82.78,999.69,73.48
702,2026-08-05,2026-08-05 06:17:02 AM,21060.179,351.003,8173,1.0216,6603,0.8254,13486,1.6858,26.58,82.77,999.67,73.99
703,2026-08-05,2026-08-05 06:17:32 AM,21090.174,351.5029,8179,1.0224,6606,0.8258,13522,1.6903,26.58,82.79,999.69,74.37
704,2026-08-05,2026-08-05 06:18:02 AM,21120.174,352.0029,8179,1.0224,6606,0.8258,13530,1.6913,26.58,82.79,999.67,73.8
705,2026-08-05,2026-08-05 06:18:32 AM,21150.17,352.5028,8187,1.0234,6621,0.8276,13532,1.6915,26.58,82.8,999.68,73.35
706,2026-08-05,2026-08-05 06:19:02 AM,21180.166,353.0028,8194,1.0243,6629,0.8286,13584,1.698,26.58,82.79,999.68,73.1
707,2026-08-05,2026-08-05 06:19:32 AM,21210.165,353.5028,8210,1.0263,6632,0.829,13614,1.7018,26.58,82.8,999.68,72.73
708,2026-08-05,2026-08-05 06:20:02 AM,21240.163,354.0027,8221,1.0276,6636,0.8295,13652,1.7065,26.58,82.8,999.69,72.23
709,2026-08-05,2026-08-05 06:20:32 AM,21270.163,354.5027,8224,1.028,6640,0.83,13633,1.7041,26.58,82.81,999.69,72.85
710,2026-08-05,2026-08-05 06:21:02 AM,21300.165,355.0028,8222,1.0278,6642,0.8303,13634,1.7043,26.58,82.81,999.7,73.1
711,2026-08-05,2026-08-05 06:21:32 AM,21330.157,355.5026,8230,1.0288,6664,0.833,13629,1.7036,26.58,82.8,999.71,73.29
712,2026-08-05,2026-08-05 06:22:02 AM,21360.171,356.0029,8238,1.0297,6655,0.8319,13639,1.7049,26.58,82.82,999.73,73.04
713,2026-08-05,2026-08-05 06:22:32 AM,21390.158,356.5026,8240,1.03,6658,0.8323,13638,1.7048,26.57,82.81,999.71,73.23
714,2026-08-05,2026-08-05 06:23:02 AM,21420.157,357.0026,8246,1.0308,6666,0.8333,13646,1.7058,26.58,82.8,999.73,73.1
715,2026-08-05,2026-08-05 06:23:32 AM,21450.158,357.5026,8251,1.0314,6664,0.833,13669,1.7086,26.58,82.81,999.73,72.36
716,2026-08-05,2026-08-05 06:24:02 AM,21480.154,358.0026,8259,1.0324,6674,0.8343,13688,1.711,26.57,82.82,999.73,72.23
717,2026-08-05,2026-08-05 06:24:32 AM,21510.17,358.5028,8270,1.0338,6687,0.8359,13677,1.7096,26.57,82.83,999.73,72.23
718,2026-08-05,2026-08-05 06:25:02 AM,21540.152,359.0025,8270,1.0338,6686,0.8358,13670,1.7088,26.58,82.82,999.74,73.04
719,2026-08-05,2026-08-05 06:25:32 AM,21570.155,359.5026,8271,1.0339,6697,0.8371,13666,1.7083,26.58,82.83,999.73,72.79
720,2026-08-05,2026-08-05 06:26:02 AM,21600.167,360.0028,8277,1.0346,6688,0.836,13664,1.708,26.58,82.82,999.72,72.79
721,2026-08-05,2026-08-05 06:26:32 AM,21630.166,360.5028,8281,1.0351,6709,0.8386,13665,1.7081,26.58,82.83,999.73,72.54
722,2026-08-05,2026-08-05 06:27:02 AM,21660.168,361.0028,8282,1.0353,6711,0.8389,13657,1.7071,26.58,82.83,999.7,72.91
723,2026-08-05,2026-08-05 06:27:32 AM,21690.156,361.5026,8290,1.0362,6705,0.8381,13678,1.7098,26.58,82.83,999.69,72.23
724,2026-08-05,2026-08-05 06:28:02 AM,21720.162,362.0027,8300,1.0375,6712,0.839,13700,1.7125,26.58,82.83,999.7,72.05
725,2026-08-05,2026-08-05 06:28:32 AM,21750.155,362.5026,8301,1.0376,6725,0.8406,13720,1.715,26.58,82.83,999.7,71.75
726,2026-08-05,2026-08-05 06:29:02 AM,21780.16,363.0027,8309,1.0386,6726,0.8408,13711,1.7139,26.58,82.84,999.7,71.93
727,2026-08-05,2026-08-05 06:29:32 AM,21810.165,363.5027,8315,1.0394,6736,0.842,13714,1.7143,26.58,82.83,999.72,71.87
728,2026-08-05,2026-08-05 06:30:02 AM,21840.151,364.0025,8319,1.0399,6749,0.8436,13705,1.7131,26.58,82.84,999.73,72.05
729,2026-08-05,2026-08-05 06:30:32 AM,21870.164,364.5027,8326,1.0408,6747,0.8434,13706,1.7133,26.58,82.84,999.75,71.87
730,2026-08-05,2026-08-05 06:31:02 AM,21900.163,365.0027,8332,1.0415,6756,0.8445,13720,1.715,26.58,82.83,999.75,71.93
731,2026-08-05,2026-08-05 06:31:32 AM,21930.152,365.5025,8338,1.0423,6758,0.8448,13732,1.7165,26.58,82.84,999.78,71.51
732,2026-08-05,2026-08-05 06:32:02 AM,21960.147,366.0025,8344,1.043,6758,0.8448,13721,1.7151,26.58,82.86,999.8,71.81
733,2026-08-05,2026-08-05 06:32:32 AM,21990.155,366.5026,8354,1.0443,6771,0.8464,13749,1.7186,26.58,82.85,999.81,71.51
734,2026-08-05,2026-08-05 06:33:02 AM,22020.157,367.0026,8355,1.0444,6768,0.846,13730,1.7163,26.58,82.84,999.81,71.81
735,2026-08-05,2026-08-05 06:33:32 AM,22050.159,367.5027,8356,1.0445,6778,0.8473,13715,1.7144,26.58,82.85,999.81,71.63
736,2026-08-05,2026-08-05 06:34:02 AM,22080.158,368.0026,8358,1.0448,6792,0.849,13706,1.7133,26.58,82.85,999.82,71.99
737,2026-08-05,2026-08-05 06:34:32 AM,22110.157,368.5026,8359,1.0449,6787,0.8484,13691,1.7114,26.58,82.86,999.83,72.05
738,2026-08-05,2026-08-05 06:35:02 AM,22140.144,369.0024,8352,1.044,6787,0.8484,13668,1.7085,26.58,82.86,999.85,72.05
739,2026-08-05,2026-08-05 06:35:32 AM,22170.148,369.5025,8358,1.0448,6794,0.8493,13658,1.7073,26.59,82.85,999.85,72.11
740,2026-08-05,2026-08-05 06:36:02 AM,22200.147,370.0024,8362,1.0453,6804,0.8505,13662,1.7078,26.59,82.87,999.83,71.99
741,2026-08-05,2026-08-05 06:36:32 AM,22230.151,370.5025,8360,1.045,6805,0.8506,13655,1.7069,26.59,82.87,999.85,71.87
742,2026-08-05,2026-08-05 06:37:02 AM,22260.154,371.0026,8363,1.0454,6807,0.8509,13653,1.7066,26.59,82.87,999.85,71.69
743,2026-08-05,2026-08-05 06:37:32 AM,22290.148,371.5025,8368,1.046,6812,0.8515,13665,1.7081,26.59,82.87,999.87,71.57
744,2026-08-05,2026-08-05 06:38:02 AM,22320.148,372.0025,8378,1.0473,6809,0.8511,13668,1.7085,26.59,82.85,999.87,71.27
745,2026-08-05,2026-08-05 06:38:32 AM,22350.146,372.5024,8380,1.0475,6820,0.8525,13662,1.7078,26.59,82.86,999.87,71.63
746,2026-08-05,2026-08-05 06:39:02 AM,22380.146,373.0024,8371,1.0464,6831,0.8539,13666,1.7083,26.59,82.86,999.87,71.15
747,2026-08-05,2026-08-05 06:39:32 AM,22410.141,373.5023,8376,1.047,6827,0.8534,13631,1.7039,26.59,82.86,999.88,71.45
748,2026-08-05,2026-08-05 06:40:02 AM,22440.139,374.0023,8378,1.0473,6832,0.854,13611,1.7014,26.59,82.87,999.87,71.93
749,2026-08-05,2026-08-05 06:40:32 AM,22470.148,374.5025,8377,1.0471,6843,0.8554,13592,1.699,26.59,82.88,999.89,72.05
750,2026-08-05,2026-08-05 06:41:02 AM,22500.148,375.0025,8377,1.0471,6838,0.8548,13583,1.6979,26.59,82.87,999.9,72.11
751,2026-08-05,2026-08-05 06:41:32 AM,22530.143,375.5024,8371,1.0464,6839,0.8549,13567,1.6959,26.59,82.87,999.92,72.36
752,2026-08-05,2026-08-05 06:42:02 AM,22560.138,376.0023,8377,1.0471,6846,0.8558,13539,1.6924,26.59,82.9,999.93,72.29
753,2026-08-05,2026-08-05 06:42:32 AM,22590.14,376.5023,8369,1.0461,6856,0.857,13547,1.6934,26.59,82.9,999.95,71.75
754,2026-08-05,2026-08-05 06:43:02 AM,22620.136,377.0023,8378,1.0473,6854,0.8568,13549,1.6936,26.59,82.88,999.96,71.87
755,2026-08-05,2026-08-05 06:43:32 AM,22650.135,377.5023,8382,1.0477,6856,0.857,13546,1.6933,26.6,82.88,999.98,71.63
756,2026-08-05,2026-08-05 06:44:02 AM,22680.141,378.0024,8381,1.0476,6863,0.8579,13551,1.6939,26.6,82.89,1000.01,71.51
757,2026-08-05,2026-08-05 06:44:32 AM,22710.146,378.5024,8386,1.0483,6868,0.8585,13549,1.6936,26.6,82.89,1000.01,71.21
758,2026-08-05,2026-08-05 06:45:02 AM,22740.133,379.0022,8393,1.0491,6878,0.8598,13575,1.6969,26.6,82.9,1000.02,70.86
759,2026-08-05,2026-08-05 06:45:32 AM,22770.14,379.5023,8396,1.0495,6882,0.8603,13545,1.6931,26.6,82.9,1000.02,71.03
760,2026-08-05,2026-08-05 06:46:02 AM,22800.137,380.0023,8401,1.0501,6885,0.8606,13531,1.6914,26.6,82.9,1000.03,71.33
761,2026-08-05,2026-08-05 06:46:32 AM,22830.14,380.5023,8398,1.0498,6891,0.8614,13526,1.6908,26.6,82.91,1000.04,71.27
762,2026-08-05,2026-08-05 06:47:02 AM,22860.138,381.0023,8391,1.0489,6891,0.8614,13503,1.6879,26.6,82.9,1000.05,71.57
763,2026-08-05,2026-08-05 06:47:32 AM,22890.133,381.5022,8389,1.0486,6898,0.8623,13488,1.686,26.6,82.91,1000.04,71.63
764,2026-08-05,2026-08-05 06:48:02 AM,22920.135,382.0023,8394,1.0493,6894,0.8618,13484,1.6855,26.6,82.91,1000.03,71.75
765,2026-08-05,2026-08-05 06:48:32 AM,22950.13,382.5022,8393,1.0491,6902,0.8628,13456,1.682,26.6,82.91,1000.04,71.69
766,2026-08-05,2026-08-05 06:49:02 AM,22980.143,383.0024,8390,1.0488,6899,0.8624,13454,1.6818,26.6,82.92,1000.03,71.63
767,2026-08-05,2026-08-05 06:49:32 AM,23010.138,383.5023,8387,1.0484,6912,0.864,13464,1.683,26.6,82.91,1000.02,71.39
768,2026-08-05,2026-08-05 06:50:02 AM,23040.141,384.0024,8393,1.0491,6914,0.8643,13489,1.6861,26.6,82.91,1000.03,70.44
769,2026-08-05,2026-08-05 06:50:32 AM,23070.131,384.5022,8415,1.0519,6927,0.8659,13555,1.6944,26.6,82.91,1000.03,69.36
770,2026-08-05,2026-08-05 06:51:02 AM,23100.132,385.0022,8427,1.0534,6930,0.8663,13578,1.6973,26.6,82.91,1000.03,69.19
771,2026-08-05,2026-08-05 06:51:32 AM,23130.132,385.5022,8439,1.0549,6929,0.8661,13591,1.6989,26.6,82.92,1000.04,69.08
772,2026-08-05,2026-08-05 06:52:02 AM,23160.127,386.0021,8456,1.057,6938,0.8673,13581,1.6976,26.6,82.92,1000.05,69.25
773,2026-08-05,2026-08-05 06:52:32 AM,23190.131,386.5022,8464,1.058,6943,0.8679,13595,1.6994,26.61,82.91,1000.05,69.3
774,2026-08-05,2026-08-05 06:53:02 AM,23220.134,387.0022,8474,1.0592,6955,0.8694,13595,1.6994,26.61,82.9,1000.06,69.41
775,2026-08-05,2026-08-05 06:53:32 AM,23250.131,387.5022,8475,1.0594,6954,0.8693,13601,1.7001,26.6,82.91,1000.07,69.87
776,2026-08-05,2026-08-05 06:54:02 AM,23280.134,388.0022,8490,1.0613,6961,0.8701,13601,1.7001,26.61,82.91,1000.1,69.19
777,2026-08-05,2026-08-05 06:54:32 AM,23310.134,388.5022,8488,1.061,6968,0.871,13597,1.6996,26.61,82.92,1000.12,69.36
778,2026-08-05,2026-08-05 06:55:02 AM,23340.123,389.0021,8496,1.062,6973,0.8716,13576,1.697,26.61,82.92,1000.13,69.41
779,2026-08-05,2026-08-05 06:55:32 AM,23370.126,389.5021,8490,1.0613,6982,0.8728,13557,1.6946,26.61,82.93,1000.14,70.1
780,2026-08-05,2026-08-05 06:56:02 AM,23400.125,390.0021,8489,1.0611,6980,0.8725,13553,1.6941,26.61,82.92,1000.15,69.58
781,2026-08-05,2026-08-05 06:56:32 AM,23430.128,390.5021,8489,1.0611,6986,0.8733,13531,1.6914,26.61,82.94,1000.15,70.21
782,2026-08-05,2026-08-05 06:57:02 AM,23460.128,391.0021,8489,1.0611,6992,0.874,13508,1.6885,26.61,82.94,1000.16,70.62
783,2026-08-05,2026-08-05 06:57:32 AM,23490.119,391.502,8484,1.0605,6995,0.8744,13480,1.685,26.61,82.94,1000.16,70.5
784,2026-08-05,2026-08-05 06:58:02 AM,23520.126,392.0021,8485,1.0606,6993,0.8741,13475,1.6844,26.61,82.94,1000.15,70.27
785,2026-08-05,2026-08-05 06:58:32 AM,23550.127,392.5021,8482,1.0603,7000,0.875,13473,1.6841,26.61,82.94,1000.16,70.27
786,2026-08-05,2026-08-05 06:59:02 AM,23580.12,393.002,8486,1.0608,7004,0.8755,13487,1.6859,26.61,82.95,1000.17,69.64
787,2026-08-05,2026-08-05 06:59:32 AM,23610.115,393.5019,8498,1.0623,7009,0.8761,13508,1.6885,26.61,82.94,1000.17,69.02
788,2026-08-05,2026-08-05 07:00:02 AM,23640.128,394.0021,8509,1.0636,7020,0.8775,13511,1.6889,26.62,82.96,1000.17,69.08
789,2026-08-05,2026-08-05 07:00:32 AM,23670.117,394.502,8518,1.0648,7019,0.8774,13510,1.6888,26.62,82.95,1000.17,68.91
790,2026-08-05,2026-08-05 07:01:02 AM,23700.119,395.002,8521,1.0651,7034,0.8793,13508,1.6885,26.61,82.95,1000.17,68.96
791,2026-08-05,2026-08-05 07:01:32 AM,23730.115,395.5019,8537,1.0671,7044,0.8805,13518,1.6898,26.62,82.97,1000.17,68.85
792,2026-08-05,2026-08-05 07:02:02 AM,23760.111,396.0019,8533,1.0666,7050,0.8813,13512,1.689,26.62,82.95,1000.18,68.74
793,2026-08-05,2026-08-05 07:02:32 AM,23790.122,396.502,8540,1.0675,7047,0.8809,13519,1.6899,26.62,82.95,1000.17,68.96
794,2026-08-05,2026-08-05 07:03:02 AM,23820.115,397.0019,8542,1.0678,7047,0.8809,13485,1.6856,26.61,82.97,1000.18,68.96
795,2026-08-05,2026-08-05 07:03:32 AM,23850.114,397.5019,8539,1.0674,7051,0.8814,13487,1.6859,26.62,82.97,1000.2,69.02
796,2026-08-05,2026-08-05 07:04:02 AM,23880.111,398.0018,8538,1.0673,7063,0.8829,13463,1.6829,26.61,82.97,1000.2,69.19
797,2026-08-05,2026-08-05 07:04:32 AM,23910.122,398.502,8533,1.0666,7071,0.8839,13444,1.6805,26.61,82.99,1000.2,69.41
798,2026-08-05,2026-08-05 07:05:02 AM,23940.107,399.0018,8535,1.0669,7067,0.8834,13446,1.6808,26.61,82.98,1000.19,69.19
799,2026-08-05,2026-08-05 07:05:32 AM,23970.11,399.5018,8530,1.0663,7071,0.8839,13407,1.6759,26.6,83.01,1000.2,69.93
800,2026-08-05,2026-08-05 07:06:02 AM,24000.112,400.0019,8520,1.065,7072,0.884,13384,1.673,26.6,83.0,1000.21,69.64
801,2026-08-05,2026-08-05 07:06:32 AM,24030.105,400.5017,8509,1.0636,7062,0.8828,13357,1.6696,26.6,83.01,1000.19,69.93
802,2026-08-05,2026-08-05 07:07:02 AM,24060.117,401.0019,8518,1.0648,7065,0.8831,13347,1.6684,26.6,83.01,1000.19,69.87
803,2026-08-05,2026-08-05 07:07:32 AM,24090.117,401.5019,8511,1.0639,7080,0.885,13332,1.6665,26.6,83.02,1000.2,69.53
804,2026-08-05,2026-08-05 07:08:02 AM,24120.116,402.0019,8500,1.0625,7069,0.8836,13338,1.6673,26.59,83.02,1000.19,69.3
805,2026-08-05,2026-08-05 07:08:32 AM,24150.12,402.502,8511,1.0639,7077,0.8846,13344,1.668,26.59,83.02,1000.19,68.8
806,2026-08-05,2026-08-05 07:09:02 AM,24180.116,403.0019,8514,1.0642,7073,0.8841,13361,1.6701,26.6,83.02,1000.19,68.36
807,2026-08-05,2026-08-05 07:09:32 AM,24210.114,403.5019,8522,1.0653,7080,0.885,13378,1.6723,26.59,83.01,1000.18,68.14
808,2026-08-05,2026-08-05 07:10:02 AM,24240.107,404.0018,8527,1.0659,7091,0.8864,13388,1.6735,26.6,83.02,1000.18,67.92
809,2026-08-05,2026-08-05 07:10:32 AM,24270.115,404.5019,8529,1.0661,7084,0.8855,13399,1.6749,26.59,83.01,1000.18,68.08
810,2026-08-05,2026-08-05 07:11:02 AM,24300.11,405.0018,8534,1.0668,7094,0.8868,13390,1.6738,26.59,83.02,1000.19,67.87
811,2026-08-05,2026-08-05 07:11:32 AM,24330.116,405.5019,8541,1.0676,7090,0.8863,13405,1.6756,26.59,83.02,1000.2,68.14
812,2026-08-05,2026-08-05 07:12:02 AM,24360.112,406.0019,8546,1.0683,7096,0.887,13400,1.675,26.59,83.02,1000.2,67.87
813,2026-08-05,2026-08-05 07:12:32 AM,24390.102,406.5017,8542,1.0678,7101,0.8876,13396,1.6745,26.59,83.03,1000.21,68.08
814,2026-08-05,2026-08-05 07:13:02 AM,24420.103,407.0017,8549,1.0686,7111,0.8889,13388,1.6735,26.59,83.02,1000.23,68.19
815,2026-08-05,2026-08-05 07:13:32 AM,24450.098,407.5016,8555,1.0694,7110,0.8888,13378,1.6723,26.59,83.03,1000.23,67.98
816,2026-08-05,2026-08-05 07:14:02 AM,24480.11,408.0018,8556,1.0695,7120,0.89,13380,1.6725,26.59,83.03,1000.24,68.36
817,2026-08-05,2026-08-05 07:14:32 AM,24510.107,408.5018,8563,1.0704,7124,0.8905,13371,1.6714,26.59,83.03,1000.26,68.03
818,2026-08-05,2026-08-05 07:15:02 AM,24540.1,409.0017,8561,1.0701,7130,0.8913,13355,1.6694,26.59,83.02,1000.25,68.3
819,2026-08-05,2026-08-05 07:15:32 AM,24570.106,409.5018,8561,1.0701,7132,0.8915,13338,1.6673,26.59,83.04,1000.26,68.14
820,2026-08-05,2026-08-05 07:16:02 AM,24600.098,410.0016,8562,1.0703,7147,0.8934,13322,1.6653,26.59,83.03,1000.26,68.25
821,2026-08-05,2026-08-05 07:16:32 AM,24630.109,410.5018,8565,1.0706,7138,0.8923,13304,1.663,26.59,83.04,1000.28,68.36
822,2026-08-05,2026-08-05 07:17:02 AM,24660.093,411.0016,8558,1.0698,7143,0.8929,13285,1.6606,26.59,83.05,1000.3,68.41
823,2026-08-05,2026-08-05 07:17:32 AM,24690.099,411.5017,8563,1.0704,7152,0.894,13267,1.6584,26.59,83.05,1000.29,68.3
824,2026-08-05,2026-08-05 07:18:02 AM,24720.098,412.0016,8554,1.0693,7147,0.8934,13265,1.6581,26.59,83.04,1000.31,68.14
825,2026-08-05,2026-08-05 07:18:32 AM,24750.1,412.5017,8561,1.0701,7152,0.894,13244,1.6555,26.59,83.05,1000.33,68.41
826,2026-08-05,2026-08-05 07:19:02 AM,24780.105,413.0018,8561,1.0701,7158,0.8948,13237,1.6546,26.59,83.05,1000.34,68.19
827,2026-08-05,2026-08-05 07:19:32 AM,24810.102,413.5017,8558,1.0698,7170,0.8963,13228,1.6535,26.59,83.06,1000.36,68.25
828,2026-08-05,2026-08-05 07:20:02 AM,24840.099,414.0017,8569,1.0711,7172,0.8965,13215,1.6519,26.59,83.06,1000.39,67.92
829,2026-08-05,2026-08-05 07:20:32 AM,24870.098,414.5016,8567,1.0709,7180,0.8975,13208,1.651,26.59,83.05,1000.39,68.08
830,2026-08-05,2026-08-05 07:21:02 AM,24900.105,415.0017,8564,1.0705,7177,0.8971,13201,1.6501,26.59,83.07,1000.4,67.81
831,2026-08-05,2026-08-05 07:21:32 AM,24930.107,415.5018,8566,1.0707,7176,0.897,13210,1.6513,26.59,83.05,1000.43,67.55
832,2026-08-05,2026-08-05 07:22:02 AM,24960.099,416.0017,8571,1.0714,7182,0.8978,13207,1.6509,26.6,83.07,1000.45,67.55
833,2026-08-05,2026-08-05 07:22:32 AM,24990.092,416.5015,8574,1.0718,7194,0.8993,13208,1.651,26.59,83.07,1000.45,67.39
834,2026-08-05,2026-08-05 07:23:02 AM,25020.096,417.0016,8585,1.0731,7199,0.8999,13200,1.65,26.6,83.06,1000.46,67.17
835,2026-08-05,2026-08-05 07:23:32 AM,25050.099,417.5017,8576,1.072,7209,0.9011,13202,1.6503,26.6,83.07,1000.47,66.96
836,2026-08-05,2026-08-05 07:24:02 AM,25080.097,418.0016,8589,1.0736,7208,0.901,13217,1.6521,26.6,83.05,1000.5,66.96
837,2026-08-05,2026-08-05 07:24:32 AM,25110.09,418.5015,8592,1.074,7214,0.9018,13232,1.654,26.6,83.08,1000.5,66.65
838,2026-08-05,2026-08-05 07:25:02 AM,25140.1,419.0017,8604,1.0755,7227,0.9034,13236,1.6545,26.6,83.08,1000.5,66.34
839,2026-08-05,2026-08-05 07:25:32 AM,25170.088,419.5015,8617,1.0771,7228,0.9035,13235,1.6544,26.6,83.08,1000.5,66.39
840,2026-08-05,2026-08-05 07:26:02 AM,25200.094,420.0016,8607,1.0759,7232,0.904,13205,1.6506,26.6,83.06,1000.51,67.44
841,2026-08-05,2026-08-05 07:26:32 AM,25230.096,420.5016,8607,1.0759,7232,0.904,13196,1.6495,26.6,83.08,1000.52,66.96
842,2026-08-05,2026-08-05 07:27:02 AM,25260.082,421.0014,8605,1.0756,7236,0.9045,13204,1.6505,26.6,83.08,1000.52,67.17
843,2026-08-05,2026-08-05 07:27:32 AM,25290.087,421.5015,8616,1.077,7247,0.9059,13177,1.6471,26.6,83.07,1000.54,66.81
844,2026-08-05,2026-08-05 07:28:02 AM,25320.086,422.0014,8613,1.0766,7242,0.9053,13182,1.6478,26.6,83.07,1000.54,66.65
845,2026-08-05,2026-08-05 07:28:32 AM,25350.093,422.5016,8616,1.077,7253,0.9066,13170,1.6463,26.6,83.09,1000.56,66.6
846,2026-08-05,2026-08-05 07:29:02 AM,25380.092,423.0015,8624,1.078,7264,0.908,13177,1.6471,26.6,83.08,1000.57,66.34
847,2026-08-05,2026-08-05 07:29:32 AM,25410.089,423.5015,8620,1.0775,7261,0.9076,13168,1.646,26.6,83.09,1000.57,66.54
848,2026-08-05,2026-08-05 07:30:02 AM,25440.089,424.0015,8637,1.0796,7265,0.9081,13154,1.6443,26.6,83.08,1000.59,66.08
849,2026-08-05,2026-08-05 07:30:32 AM,25470.083,424.5014,8634,1.0793,7276,0.9095,13168,1.646,26.6,83.09,1000.61,66.18
850,2026-08-05,2026-08-05 07:31:02 AM,25500.081,425.0014,8636,1.0795,7292,0.9115,13176,1.647,26.6,83.08,1000.6,65.88
851,2026-08-05,2026-08-05 07:31:32 AM,25530.083,425.5014,8651,1.0814,7288,0.911,13163,1.6454,26.6,83.08,1000.59,66.08
852,2026-08-05,2026-08-05 07:32:02 AM,25560.078,426.0013,8644,1.0805,7281,0.9101,13128,1.641,26.6,83.08,1000.6,66.6
853,2026-08-05,2026-08-05 07:32:32 AM,25590.084,426.5014,8644,1.0805,7291,0.9114,13138,1.6423,26.6,83.09,1000.6,66.49
854,2026-08-05,2026-08-05 07:33:02 AM,25620.09,427.0015,8641,1.0801,7295,0.9119,13093,1.6366,26.6,83.09,1000.59,66.18
855,2026-08-05,2026-08-05 07:33:32 AM,25650.082,427.5014,8640,1.08,7300,0.9125,13088,1.636,26.6,83.11,1000.59,66.18
856,2026-08-05,2026-08-05 07:34:02 AM,25680.088,428.0015,8643,1.0804,7301,0.9126,13070,1.6338,26.6,83.08,1000.58,66.39
857,2026-08-05,2026-08-05 07:34:32 AM,25710.087,428.5015,8636,1.0795,7306,0.9133,13057,1.6321,26.6,83.08,1000.57,66.6
858,2026-08-05,2026-08-05 07:35:02 AM,25740.077,429.0013,8642,1.0803,7307,0.9134,13025,1.6281,26.61,83.09,1000.57,66.6
859,2026-08-05,2026-08-05 07:35:32 AM,25770.087,429.5014,8644,1.0805,7305,0.9131,13012,1.6265,26.61,83.11,1000.55,66.54
860,2026-08-05,2026-08-05 07:36:02 AM,25800.082,430.0014,8638,1.0798,7317,0.9146,12989,1.6236,26.61,83.1,1000.54,66.75
861,2026-08-05,2026-08-05 07:36:32 AM,25830.087,430.5014,8641,1.0801,7310,0.9138,12971,1.6214,26.61,83.11,1000.53,66.34
862,2026-08-05,2026-08-05 07:37:02 AM,25860.086,431.0014,8638,1.0798,7319,0.9149,12962,1.6203,26.61,83.11,1000.53,66.81
863,2026-08-05,2026-08-05 07:37:32 AM,25890.081,431.5014,8641,1.0801,7323,0.9154,12930,1.6163,26.61,83.11,1000.52,66.29
864,2026-08-05,2026-08-05 07:38:02 AM,25920.073,432.0012,8635,1.0794,7329,0.9161,12906,1.6133,26.61,83.1,1000.53,66.65
865,2026-08-05,2026-08-05 07:38:32 AM,25950.081,432.5013,8636,1.0795,7333,0.9166,12899,1.6124,26.61,83.11,1000.52,66.29
866,2026-08-05,2026-08-05 07:39:02 AM,25980.082,433.0014,8634,1.0793,7342,0.9178,12868,1.6085,26.61,83.12,1000.53,66.18
867,2026-08-05,2026-08-05 07:39:32 AM,26010.081,433.5013,8627,1.0784,7347,0.9184,12856,1.607,26.61,83.11,1000.52,66.29
868,2026-08-05,2026-08-05 07:40:02 AM,26040.072,434.0012,8627,1.0784,7343,0.9179,12837,1.6046,26.61,83.11,1000.52,66.29
869,2026-08-05,2026-08-05 07:40:32 AM,26070.083,434.5014,8633,1.0791,7346,0.9183,12818,1.6023,26.61,83.12,1000.52,66.39
870,2026-08-05,2026-08-05 07:41:02 AM,26100.073,435.0012,8630,1.0788,7343,0.9179,12795,1.5994,26.61,83.12,1000.52,66.29
871,2026-08-05,2026-08-05 07:41:32 AM,26130.08,435.5013,8631,1.0789,7348,0.9185,12780,1.5975,26.61,83.13,1000.53,66.49
872,2026-08-05,2026-08-05 07:42:02 AM,26160.081,436.0013,8622,1.0778,7352,0.919,12763,1.5954,26.62,83.12,1000.53,66.13
873,2026-08-05,2026-08-05 07:42:32 AM,26190.079,436.5013,8627,1.0784,7352,0.919,12747,1.5934,26.62,83.12,1000.54,66.03
874,2026-08-05,2026-08-05 07:43:02 AM,26220.073,437.0012,8623,1.0779,7356,0.9195,12722,1.5903,26.62,83.11,1000.54,66.13
875,2026-08-05,2026-08-05 07:43:32 AM,26250.069,437.5012,8627,1.0784,7354,0.9193,12713,1.5891,26.62,83.14,1000.54,65.83
876,2026-08-05,2026-08-05 07:44:02 AM,26280.079,438.0013,8626,1.0783,7354,0.9193,12696,1.587,26.62,83.15,1000.55,65.78
877,2026-08-05,2026-08-05 07:44:32 AM,26310.065,438.5011,8622,1.0778,7364,0.9205,12676,1.5845,26.62,83.14,1000.55,65.98
878,2026-08-05,2026-08-05 07:45:02 AM,26340.071,439.0012,8624,1.078,7363,0.9204,12657,1.5821,26.62,83.12,1000.55,66.34
879,2026-08-05,2026-08-05 07:45:32 AM,26370.073,439.5012,8618,1.0773,7374,0.9218,12642,1.5803,26.62,83.15,1000.55,66.08
880,2026-08-05,2026-08-05 07:46:02 AM,26400.067,440.0011,8616,1.077,7376,0.922,12610,1.5763,26.63,83.14,1000.56,66.39
881,2026-08-05,2026-08-05 07:46:32 AM,26430.069,440.5012,8621,1.0776,7377,0.9221,12597,1.5746,26.62,83.14,1000.57,66.24
882,2026-08-05,2026-08-05 07:47:02 AM,26460.074,441.0012,8629,1.0786,7387,0.9234,12579,1.5724,26.63,83.16,1000.56,65.78
883,2026-08-05,2026-08-05 07:47:32 AM,26490.07,441.5012,8618,1.0773,7379,0.9224,12573,1.5716,26.63,83.14,1000.56,65.57
884,2026-08-05,2026-08-05 07:48:02 AM,26520.073,442.0012,8626,1.0783,7387,0.9234,12561,1.5701,26.63,83.15,1000.56,65.42
885,2026-08-05,2026-08-05 07:48:32 AM,26550.07,442.5012,8624,1.078,7389,0.9236,12540,1.5675,26.63,83.16,1000.57,65.32
886,2026-08-05,2026-08-05 07:49:02 AM,26580.072,443.0012,8624,1.078,7396,0.9245,12530,1.5663,26.63,83.14,1000.57,65.22
887,2026-08-05,2026-08-05 07:49:32 AM,26610.061,443.501,8625,1.0781,7391,0.9239,12518,1.5648,26.63,83.15,1000.58,65.52
888,2026-08-05,2026-08-05 07:50:02 AM,26640.064,444.0011,8630,1.0788,7399,0.9249,12512,1.564,26.63,83.15,1000.59,65.72
889,2026-08-05,2026-08-05 07:50:32 AM,26670.064,444.5011,8635,1.0794,7395,0.9244,12497,1.5621,26.64,83.15,1000.6,65.83
890,2026-08-05,2026-08-05 07:51:02 AM,26700.073,445.0012,8636,1.0795,7391,0.9239,12491,1.5614,26.63,83.14,1000.61,65.17
891,2026-08-05,2026-08-05 07:51:32 AM,26730.071,445.5012,8638,1.0798,7417,0.9271,12474,1.5593,26.64,83.16,1000.61,65.22
892,2026-08-05,2026-08-05 07:52:02 AM,26760.06,446.001,8638,1.0798,7416,0.927,12484,1.5605,26.64,83.15,1000.63,65.07
893,2026-08-05,2026-08-05 07:52:32 AM,26790.063,446.501,8640,1.08,7415,0.9269,12474,1.5593,26.64,83.15,1000.63,64.78
894,2026-08-05,2026-08-05 07:53:02 AM,26820.058,447.001,8640,1.08,7420,0.9275,12475,1.5594,26.64,83.16,1000.64,64.68
895,2026-08-05,2026-08-05 07:53:32 AM,26850.058,447.501,8652,1.0815,7427,0.9284,12464,1.558,26.64,83.17,1000.65,64.78
896,2026-08-05,2026-08-05 07:54:02 AM,26880.062,448.001,8653,1.0816,7433,0.9291,12453,1.5566,26.64,83.16,1000.66,64.63
897,2026-08-05,2026-08-05 07:54:32 AM,26910.065,448.5011,8655,1.0819,7442,0.9303,12446,1.5558,26.64,83.16,1000.65,64.53
898,2026-08-05,2026-08-05 07:55:02 AM,26940.059,449.001,8654,1.0818,7444,0.9305,12439,1.5549,26.64,83.16,1000.67,64.53
899,2026-08-05,2026-08-05 07:55:32 AM,26970.057,449.5009,8659,1.0824,7451,0.9314,12426,1.5533,26.64,83.17,1000.69,64.39
900,2026-08-05,2026-08-05 07:56:02 AM,27000.059,450.001,8660,1.0825,7447,0.9309,12416,1.552,26.64,83.17,1000.7,64.29
901,2026-08-05,2026-08-05 07:56:32 AM,27030.064,450.5011,8667,1.0834,7462,0.9328,12412,1.5515,26.65,83.17,1000.72,64.73
902,2026-08-05,2026-08-05 07:57:02 AM,27060.061,451.001,8658,1.0822,7464,0.933,12405,1.5506,26.65,83.17,1000.74,64.83
903,2026-08-05,2026-08-05 07:57:32 AM,27090.062,451.501,8667,1.0834,7472,0.934,12395,1.5494,26.65,83.17,1000.78,64.05
904,2026-08-05,2026-08-05 07:58:02 AM,27120.057,452.001,8664,1.083,7469,0.9336,12378,1.5473,26.65,83.17,1000.79,64.1
905,2026-08-05,2026-08-05 07:58:32 AM,27150.056,452.5009,8666,1.0833,7474,0.9343,12370,1.5463,26.65,83.18,1000.82,64.29
906,2026-08-05,2026-08-05 07:59:02 AM,27180.057,453.001,8667,1.0834,7475,0.9344,12345,1.5431,26.65,83.18,1000.83,64.58
907,2026-08-05,2026-08-05 07:59:32 AM,27210.05,453.5008,8664,1.083,7480,0.935,12332,1.5415,26.65,83.19,1000.87,64.0
908,2026-08-05,2026-08-05 08:00:02 AM,27240.058,454.001,8670,1.0838,7494,0.9368,12314,1.5393,26.65,83.19,1000.89,64.1
909,2026-08-05,2026-08-05 08:00:32 AM,27270.055,454.5009,8663,1.0829,7495,0.9369,12297,1.5371,26.65,83.18,1000.89,64.34
910,2026-08-05,2026-08-05 08:01:02 AM,27300.053,455.0009,8671,1.0839,7497,0.9371,12296,1.537,26.66,83.19,1000.9,64.19
911,2026-08-05,2026-08-05 08:01:32 AM,27330.053,455.5009,8674,1.0843,7504,0.938,12305,1.5381,26.66,83.18,1000.92,63.38
912,2026-08-05,2026-08-05 08:02:02 AM,27360.049,456.0008,8679,1.0849,7503,0.9379,12287,1.5359,26.66,83.18,1000.93,63.29
913,2026-08-05,2026-08-05 08:02:32 AM,27390.05,456.5008,8683,1.0854,7509,0.9386,12293,1.5366,26.66,83.19,1000.93,63.52
914,2026-08-05,2026-08-05 08:03:02 AM,27420.048,457.0008,8679,1.0849,7512,0.939,12295,1.5369,26.66,83.2,1000.94,62.68
915,2026-08-05,2026-08-05 08:03:32 AM,27450.044,457.5007,8695,1.0869,7521,0.9401,12293,1.5366,26.66,83.19,1000.95,63.01
916,2026-08-05,2026-08-05 08:04:02 AM,27480.057,458.001,8693,1.0866,7529,0.9411,12290,1.5363,26.66,83.18,1000.95,62.78
917,2026-08-05,2026-08-05 08:04:32 AM,27510.045,458.5007,8701,1.0876,7538,0.9423,12301,1.5376,26.66,83.2,1000.95,62.45
918,2026-08-05,2026-08-05 08:05:02 AM,27540.049,459.0008,8706,1.0883,7536,0.942,12297,1.5371,26.66,83.21,1000.96,62.5
919,2026-08-05,2026-08-05 08:05:32 AM,27570.052,459.5009,8700,1.0875,7541,0.9426,12285,1.5356,26.66,83.21,1000.96,62.59
920,2026-08-05,2026-08-05 08:06:02 AM,27600.044,460.0007,8708,1.0885,7544,0.943,12290,1.5363,26.66,83.21,1000.96,62.32
921,2026-08-05,2026-08-05 08:06:32 AM,27630.039,460.5007,8718,1.0898,7549,0.9436,12284,1.5355,26.66,83.21,1000.96,62.32
922,2026-08-05,2026-08-05 08:07:02 AM,27660.046,461.0008,8714,1.0893,7547,0.9434,12285,1.5356,26.67,83.21,1000.96,62.27
923,2026-08-05,2026-08-05 08:07:32 AM,27690.053,461.5009,8716,1.0895,7548,0.9435,12274,1.5343,26.67,83.22,1000.96,62.0
924,2026-08-05,2026-08-05 08:08:02 AM,27720.053,462.0009,8711,1.0889,7566,0.9458,12264,1.533,26.67,83.21,1000.97,62.04
925,2026-08-05,2026-08-05 08:08:32 AM,27750.047,462.5008,8717,1.0896,7560,0.945,12260,1.5325,26.67,83.22,1000.96,61.91
926,2026-08-05,2026-08-05 08:09:02 AM,27780.039,463.0007,8720,1.09,7560,0.945,12262,1.5328,26.67,83.2,1000.97,61.87
927,2026-08-05,2026-08-05 08:09:32 AM,27810.039,463.5007,8728,1.091,7566,0.9458,12265,1.5331,26.67,83.22,1000.96,61.33
928,2026-08-05,2026-08-05 08:10:02 AM,27840.042,464.0007,8728,1.091,7571,0.9464,12249,1.5311,26.67,83.22,1000.95,61.91
929,2026-08-05,2026-08-05 08:10:32 AM,27870.039,464.5006,8735,1.0919,7582,0.9478,12250,1.5313,26.67,83.22,1000.97,61.64
930,2026-08-05,2026-08-05 08:11:02 AM,27900.046,465.0008,8738,1.0923,7589,0.9486,12242,1.5303,26.67,83.22,1000.95,61.69
931,2026-08-05,2026-08-05 08:11:32 AM,27930.049,465.5008,8745,1.0931,7589,0.9486,12240,1.53,26.68,83.24,1000.96,60.85
932,2026-08-05,2026-08-05 08:12:02 AM,27960.043,466.0007,8756,1.0945,7596,0.9495,12227,1.5284,26.68,83.22,1000.95,61.24
933,2026-08-05,2026-08-05 08:12:32 AM,27990.031,466.5005,8757,1.0946,7611,0.9514,12226,1.5283,26.68,83.22,1000.95,61.07
934,2026-08-05,2026-08-05 08:13:02 AM,28020.04,467.0007,8765,1.0956,7604,0.9505,12218,1.5273,26.68,83.22,1000.93,61.24
935,2026-08-05,2026-08-05 08:13:32 AM,28050.037,467.5006,8767,1.0959,7619,0.9524,12216,1.527,26.68,83.22,1000.94,60.63
936,2026-08-05,2026-08-05 08:14:02 AM,28080.037,468.0006,8776,1.097,7624,0.953,12199,1.5249,26.68,83.22,1000.92,60.81
937,2026-08-05,2026-08-05 08:14:32 AM,28110.038,468.5006,8771,1.0964,7632,0.954,12207,1.5259,26.68,83.22,1000.94,60.63
938,2026-08-05,2026-08-05 08:15:02 AM,28140.045,469.0008,8769,1.0961,7626,0.9533,12197,1.5246,26.68,83.23,1000.92,60.55
939,2026-08-05,2026-08-05 08:15:32 AM,28170.039,469.5007,8773,1.0966,7638,0.9548,12195,1.5244,26.69,83.22,1000.92,60.63
940,2026-08-05,2026-08-05 08:16:02 AM,28200.044,470.0007,8779,1.0974,7637,0.9546,12190,1.5238,26.69,83.23,1000.92,60.29
941,2026-08-05,2026-08-05 08:16:32 AM,28230.036,470.5006,8774,1.0968,7645,0.9556,12173,1.5216,26.69,83.23,1000.92,60.38
942,2026-08-05,2026-08-05 08:17:02 AM,28260.034,471.0006,8788,1.0985,7650,0.9563,12170,1.5213,26.69,83.25,1000.92,60.21
943,2026-08-05,2026-08-05 08:17:32 AM,28290.024,471.5004,8786,1.0983,7656,0.957,12184,1.523,26.69,83.22,1000.92,59.7
944,2026-08-05,2026-08-05 08:18:02 AM,28320.025,472.0004,8790,1.0987,7663,0.9579,12162,1.5203,26.69,83.24,1000.91,59.66
945,2026-08-05,2026-08-05 08:18:32 AM,28350.037,472.5006,8797,1.0996,7667,0.9584,12167,1.5209,26.69,83.23,1000.92,59.87
946,2026-08-05,2026-08-05 08:19:02 AM,28380.029,473.0005,8797,1.0996,7670,0.9588,12159,1.5199,26.7,83.24,1000.91,59.62
947,2026-08-05,2026-08-05 08:19:32 AM,28410.029,473.5005,8819,1.1024,7680,0.96,12164,1.5205,26.7,83.23,1000.92,59.62
948,2026-08-05,2026-08-05 08:20:02 AM,28440.041,474.0007,8813,1.1016,7696,0.962,12158,1.5198,26.7,83.25,1000.91,59.66
949,2026-08-05,2026-08-05 08:20:32 AM,28470.025,474.5004,8817,1.1021,7687,0.9609,12145,1.5181,26.7,83.24,1000.92,59.62
950,2026-08-05,2026-08-05 08:21:02 AM,28500.036,475.0006,8816,1.102,7695,0.9619,12144,1.518,26.7,83.25,1000.91,59.24
951,2026-08-05,2026-08-05 08:21:32 AM,28530.032,475.5005,8828,1.1035,7710,0.9638,12148,1.5185,26.7,83.25,1000.89,59.37
952,2026-08-05,2026-08-05 08:22:02 AM,28560.027,476.0004,8832,1.104,7706,0.9633,12145,1.5181,26.71,83.27,1000.91,58.72
953,2026-08-05,2026-08-05 08:22:32 AM,28590.024,476.5004,8836,1.1045,7720,0.965,12139,1.5174,26.71,83.24,1000.91,58.92
954,2026-08-05,2026-08-05 08:23:02 AM,28620.025,477.0004,8835,1.1044,7723,0.9654,12143,1.5179,26.71,83.27,1000.91,58.39
955,2026-08-05,2026-08-05 08:23:32 AM,28650.034,477.5006,8840,1.105,7721,0.9651,12126,1.5158,26.71,83.27,1000.9,58.84
956,2026-08-05,2026-08-05 08:24:02 AM,28680.027,478.0004,8838,1.1048,7726,0.9658,12129,1.5161,26.71,83.25,1000.9,58.88
957,2026-08-05,2026-08-05 08:24:32 AM,28710.033,478.5006,8857,1.1071,7736,0.967,12127,1.5159,26.71,83.26,1000.91,58.19
958,2026-08-05,2026-08-05 08:25:02 AM,28740.037,479.0006,8855,1.1069,7745,0.9681,12125,1.5156,26.71,83.27,1000.9,57.96
959,2026-08-05,2026-08-05 08:25:32 AM,28770.02,479.5003,8859,1.1074,7749,0.9686,12128,1.516,26.72,83.28,1000.9,58.04
960,2026-08-05,2026-08-05 08:26:02 AM,28800.028,480.0005,8863,1.1079,7757,0.9696,12115,1.5144,26.72,83.28,1000.91,57.92
961,2026-08-05,2026-08-05 08:26:32 AM,28830.027,480.5005,8872,1.109,7757,0.9696,12123,1.5154,26.72,83.27,1000.91,58.19
962,2026-08-05,2026-08-05 08:27:02 AM,28860.03,481.0005,8874,1.1093,7764,0.9705,12115,1.5144,26.72,83.28,1000.9,57.92
963,2026-08-05,2026-08-05 08:27:32 AM,28890.026,481.5004,8879,1.1099,7773,0.9716,12125,1.5156,26.72,83.28,1000.92,57.84
964,2026-08-05,2026-08-05 08:28:02 AM,28920.015,482.0003,8875,1.1094,7775,0.9719,12121,1.5151,26.72,83.28,1000.92,57.26
965,2026-08-05,2026-08-05 08:28:32 AM,28950.023,482.5004,8878,1.1098,7787,0.9734,12120,1.515,26.72,83.28,1000.9,57.49
966,2026-08-05,2026-08-05 08:29:02 AM,28980.019,483.0003,8887,1.1109,7792,0.974,12112,1.514,26.73,83.29,1000.92,57.57
967,2026-08-05,2026-08-05 08:29:32 AM,29010.016,483.5003,8890,1.1113,7784,0.973,12118,1.5148,26.73,83.29,1000.91,57.22
968,2026-08-05,2026-08-05 08:30:02 AM,29040.025,484.0004,8895,1.1119,7795,0.9744,12108,1.5135,26.73,83.28,1000.92,57.18
969,2026-08-05,2026-08-05 08:30:32 AM,29070.029,484.5005,8897,1.1121,7799,0.9749,12112,1.514,26.73,83.28,1000.92,56.95
970,2026-08-05,2026-08-05 08:31:02 AM,29100.016,485.0003,8905,1.1131,7805,0.9756,12121,1.5151,26.73,83.29,1000.92,56.88
971,2026-08-05,2026-08-05 08:31:32 AM,29130.023,485.5004,8910,1.1138,7810,0.9763,12119,1.5149,26.73,83.28,1000.91,56.72
972,2026-08-05,2026-08-05 08:32:02 AM,29160.022,486.0004,8915,1.1144,7812,0.9765,12108,1.5135,26.73,83.31,1000.91,56.8
973,2026-08-05,2026-08-05 08:32:32 AM,29190.014,486.5002,8870,1.1088,7822,0.9778,12111,1.5139,26.73,83.29,1000.92,56.16
974,2026-08-05,2026-08-05 08:33:02 AM,29220.022,487.0004,8877,1.1096,7830,0.9788,12102,1.5128,26.73,83.3,1000.92,56.05
975,2026-08-05,2026-08-05 08:33:32 AM,29250.022,487.5004,8883,1.1104,7835,0.9794,12101,1.5126,26.73,83.29,1000.93,56.39
976,2026-08-05,2026-08-05 08:34:02 AM,29280.019,488.0003,8893,1.1116,7835,0.9794,12081,1.5101,26.74,83.3,1000.92,56.5
977,2026-08-05,2026-08-05 08:34:32 AM,29310.016,488.5003,8893,1.1116,7847,0.9809,12096,1.512,26.74,83.3,1000.94,55.91
978,2026-08-05,2026-08-05 08:35:02 AM,29340.011,489.0002,8901,1.1126,7850,0.9813,12085,1.5106,26.74,83.32,1000.95,56.24
979,2026-08-05,2026-08-05 08:35:32 AM,29370.017,489.5003,8898,1.1123,7864,0.983,12083,1.5104,26.74,83.31,1000.95,56.02
980,2026-08-05,2026-08-05 08:36:02 AM,29400.009,490.0002,8896,1.112,7868,0.9835,12092,1.5115,26.74,83.31,1000.97,55.83
981,2026-08-05,2026-08-05 08:36:32 AM,29430.011,490.5002,8896,1.112,7866,0.9833,12082,1.5103,26.74,83.32,1000.96,55.87
982,2026-08-05,2026-08-05 08:37:02 AM,29460.004,491.0001,8904,1.113,7880,0.985,12069,1.5086,26.74,83.33,1000.99,55.76
983,2026-08-05,2026-08-05 08:37:32 AM,29490.009,491.5002,8909,1.1136,7887,0.9859,12080,1.51,26.74,83.32,1000.98,55.18
984,2026-08-05,2026-08-05 08:38:02 AM,29520.004,492.0001,8913,1.1141,7889,0.9861,12069,1.5086,26.74,83.33,1001.01,55.36
985,2026-08-05,2026-08-05 08:38:32 AM,29550.002,492.5,8918,1.1148,7899,0.9874,12068,1.5085,26.74,83.32,1001.01,55.33
986,2026-08-05,2026-08-05 08:39:02 AM,29580.003,493.0001,8906,1.1133,7900,0.9875,12057,1.5071,26.75,83.34,1001.03,55.11
987,2026-08-05,2026-08-05 08:39:32 AM,29610.016,493.5003,8914,1.1143,7907,0.9884,12053,1.5066,26.75,83.33,1001.02,54.94
988,2026-08-05,2026-08-05 08:40:02 AM,29640.001,494.0,8920,1.115,7910,0.9888,12049,1.5061,26.75,83.31,1001.02,54.83
989,2026-08-05,2026-08-05 08:40:32 AM,29670.01,494.5002,8926,1.1158,7919,0.9899,12048,1.506,26.75,83.34,1001.03,54.72
990,2026-08-05,2026-08-05 08:41:02 AM,29700.001,495.0,8934,1.1168,7927,0.9909,12048,1.506,26.75,83.33,1001.02,54.62
991,2026-08-05,2026-08-05 08:41:32 AM,29730.005,495.5001,8938,1.1173,7935,0.9919,12038,1.5048,26.75,83.33,1001.02,54.58
992,2026-08-05,2026-08-05 08:42:02 AM,29760.201,496.0033,8934,1.1168,7938,0.9923,12048,1.506,26.75,83.35,1001.03,54.51
993,2026-08-05,2026-08-05 08:42:32 AM,29790.011,496.5002,8938,1.1173,7934,0.9918,12040,1.505,26.75,83.34,1001.04,54.44
994,2026-08-05,2026-08-05 08:43:02 AM,29820.204,497.0034,8949,1.1186,7950,0.9938,12037,1.5046,26.76,83.34,1001.04,54.13
995,2026-08-05,2026-08-05 08:43:32 AM,29850.201,497.5034,8963,1.1204,7951,0.9939,12035,1.5044,26.76,83.34,1001.05,54.31
996,2026-08-05,2026-08-05 08:44:02 AM,29880.007,498.0001,8959,1.1199,7960,0.995,12042,1.5053,26.76,83.34,1001.05,53.83
997,2026-08-05,2026-08-05 08:44:32 AM,29910.005,498.5001,8966,1.1208,7974,0.9968,12047,1.5059,26.76,83.34,1001.06,53.79
998,2026-08-05,2026-08-05 08:45:02 AM,29940.009,499.0001,8972,1.1215,7979,0.9974,12041,1.5051,26.76,83.34,1001.06,53.76
999,2026-08-05,2026-08-05 08:45:32 AM,29970.195,499.5032,8986,1.1233,7981,0.9976,12027,1.5034,26.76,83.35,1001.06,53.49
1000,2026-08-05,2026-08-05 08:46:02 AM,30000.003,500.0001,8986,1.1233,7990,0.9988,12039,1.5049,26.76,83.33,1001.05,53.66
1001,2026-08-05,2026-08-05 08:46:32 AM,30030.201,500.5033,8994,1.1243,7996,0.9995,12033,1.5041,26.77,83.34,1001.06,53.49
1002,2026-08-05,2026-08-05 08:47:02 AM,30060.201,501.0033,8990,1.1238,7999,0.9999,12035,1.5044,26.77,83.36,1001.07,52.99
1003,2026-08-05,2026-08-05 08:47:32 AM,30090.198,501.5033,8998,1.1248,8003,1.0004,12032,1.504,26.77,83.35,1001.07,53.56
1004,2026-08-05,2026-08-05 08:48:02 AM,30120.005,502.0001,8995,1.1244,8013,1.0016,12027,1.5034,26.77,83.35,1001.07,52.89
1005,2026-08-05,2026-08-05 08:48:32 AM,30150.201,502.5034,8999,1.1249,8021,1.0026,12023,1.5029,26.77,83.35,1001.07,53.16
1006,2026-08-05,2026-08-05 08:49:02 AM,30180.202,503.0034,9008,1.126,8027,1.0034,12019,1.5024,26.77,83.35,1001.08,52.83
1007,2026-08-05,2026-08-05 08:49:32 AM,30210.202,503.5034,9003,1.1254,8028,1.0035,12032,1.504,26.77,83.35,1001.09,52.7
1008,2026-08-05,2026-08-05 08:50:02 AM,30240.201,504.0034,9011,1.1264,8032,1.004,12024,1.503,26.77,83.35,1001.09,52.6
1009,2026-08-05,2026-08-05 08:50:32 AM,30270.203,504.5034,9017,1.1271,8037,1.0046,12038,1.5048,26.78,83.35,1001.1,52.53
1010,2026-08-05,2026-08-05 08:51:02 AM,30300.198,505.0033,9017,1.1271,8040,1.005,12039,1.5049,26.78,83.35,1001.1,52.44
1011,2026-08-05,2026-08-05 08:51:32 AM,30330.201,505.5033,9031,1.1289,8057,1.0071,12033,1.5041,26.78,83.35,1001.12,52.24
1012,2026-08-05,2026-08-05 08:52:02 AM,30360.191,506.0032,9037,1.1296,8063,1.0079,12035,1.5044,26.78,83.36,1001.12,52.18
1013,2026-08-05,2026-08-05 08:52:32 AM,30390.195,506.5033,9037,1.1296,8059,1.0074,12045,1.5056,26.78,83.36,1001.13,51.86
1014,2026-08-05,2026-08-05 08:53:02 AM,30420.19,507.0032,9037,1.1296,8068,1.0085,12035,1.5044,26.78,83.36,1001.14,52.12
1015,2026-08-05,2026-08-05 08:53:32 AM,30450.202,507.5034,9045,1.1306,8075,1.0094,12039,1.5049,26.78,83.36,1001.14,51.61
1016,2026-08-05,2026-08-05 08:54:02 AM,30480.193,508.0032,9055,1.1319,8075,1.0094,12041,1.5051,26.78,83.36,1001.15,51.15
1017,2026-08-05,2026-08-05 08:54:32 AM,30510.198,508.5033,9060,1.1325,8094,1.0118,12056,1.507,26.79,83.38,1001.16,51.52
1018,2026-08-05,2026-08-05 08:55:02 AM,30540.19,509.0032,9069,1.1336,8098,1.0123,12052,1.5065,26.79,83.36,1001.18,51.36
1019,2026-08-05,2026-08-05 08:55:32 AM,30570.198,509.5033,9072,1.134,8105,1.0131,12069,1.5086,26.79,83.37,1001.18,51.06
1020,2026-08-05,2026-08-05 08:56:02 AM,30600.194,510.0032,9082,1.1353,8115,1.0144,12078,1.5098,26.79,83.39,1001.18,51.12
1021,2026-08-05,2026-08-05 08:56:32 AM,30630.187,510.5031,9089,1.1361,8119,1.0149,12063,1.5079,26.79,83.38,1001.2,50.69
1022,2026-08-05,2026-08-05 08:57:02 AM,30660.19,511.0032,9094,1.1368,8129,1.0161,12084,1.5105,26.79,83.38,1001.21,51.0
1023,2026-08-05,2026-08-05 08:57:32 AM,30690.196,511.5033,9101,1.1376,8132,1.0165,12083,1.5104,26.79,83.39,1001.22,50.45
1024,2026-08-05,2026-08-05 08:58:02 AM,30720.184,512.0031,9105,1.1381,8144,1.018,12087,1.5109,26.79,83.4,1001.22,50.1
1025,2026-08-05,2026-08-05 08:58:32 AM,30750.186,512.5031,9111,1.1389,8155,1.0194,12087,1.5109,26.8,83.39,1001.26,50.51
1026,2026-08-05,2026-08-05 08:59:02 AM,30780.196,513.0033,9114,1.1393,8164,1.0205,12084,1.5105,26.8,83.37,1001.27,50.16
1027,2026-08-05,2026-08-05 08:59:32 AM,30810.194,513.5032,9123,1.1404,8172,1.0215,12095,1.5119,26.8,83.39,1001.29,50.04
1028,2026-08-05,2026-08-05 09:00:02 AM,30840.192,514.0032,9120,1.14,8178,1.0223,12095,1.5119,26.8,83.4,1001.29,50.22
1029,2026-08-05,2026-08-05 09:00:32 AM,30870.191,514.5032,9127,1.1409,8182,1.0228,12095,1.5119,26.8,83.39,1001.3,49.92
1030,2026-08-05,2026-08-05 09:01:02 AM,30900.194,515.0032,9133,1.1416,8185,1.0231,12087,1.5109,26.8,83.39,1001.32,49.95
1031,2026-08-05,2026-08-05 09:01:32 AM,30930.189,515.5031,9133,1.1416,8191,1.0239,12091,1.5114,26.8,83.41,1001.33,49.54
1032,2026-08-05,2026-08-05 09:02:02 AM,30960.196,516.0033,9140,1.1425,8201,1.0251,12087,1.5109,26.8,83.4,1001.33,49.32
1033,2026-08-05,2026-08-05 09:02:32 AM,30990.186,516.5031,9146,1.1433,8202,1.0253,12088,1.511,26.81,83.4,1001.34,49.54
1034,2026-08-05,2026-08-05 09:03:02 AM,31020.185,517.0031,9149,1.1436,8215,1.0269,12094,1.5118,26.81,83.41,1001.33,49.06
1035,2026-08-05,2026-08-05 09:03:32 AM,31050.182,517.503,9156,1.1445,8224,1.028,12099,1.5124,26.81,83.41,1001.32,49.06
1036,2026-08-05,2026-08-05 09:04:02 AM,31080.182,518.003,9163,1.1454,8229,1.0286,12112,1.514,26.81,83.4,1001.3,48.95
1037,2026-08-05,2026-08-05 09:04:32 AM,31110.196,518.5033,9168,1.146,8234,1.0293,12128,1.516,26.81,83.41,1001.32,48.56
1038,2026-08-05,2026-08-05 09:05:02 AM,31140.187,519.0031,9184,1.148,8255,1.0319,12123,1.5154,26.81,83.4,1001.32,48.39
1039,2026-08-05,2026-08-05 09:05:32 AM,31170.186,519.5031,9192,1.149,8250,1.0313,12157,1.5196,26.82,83.39,1001.3,48.07
1040,2026-08-05,2026-08-05 09:06:02 AM,31200.183,520.0031,9197,1.1496,8262,1.0328,12171,1.5214,26.82,83.4,1001.31,47.74
1041,2026-08-05,2026-08-05 09:06:32 AM,31230.172,520.5029,9217,1.1521,8258,1.0323,12180,1.5225,26.82,83.41,1001.32,47.58
1042,2026-08-05,2026-08-05 09:07:02 AM,31260.184,521.0031,9217,1.1521,8269,1.0336,12179,1.5224,26.82,83.42,1001.31,47.85
1043,2026-08-05,2026-08-05 09:07:32 AM,31290.187,521.5031,9228,1.1535,8279,1.0349,12176,1.522,26.83,83.42,1001.33,47.82
1044,2026-08-05,2026-08-05 09:08:02 AM,31320.179,522.003,9226,1.1533,8277,1.0346,12182,1.5228,26.82,83.43,1001.33,47.72
1045,2026-08-05,2026-08-05 09:08:32 AM,31350.183,522.5031,9237,1.1546,8292,1.0365,12183,1.5229,26.83,83.42,1001.34,46.72
1046,2026-08-05,2026-08-05 09:09:02 AM,31380.178,523.003,9233,1.1541,8293,1.0366,12187,1.5234,26.83,83.43,1001.34,46.66
1047,2026-08-05,2026-08-05 09:09:32 AM,31410.184,523.5031,9241,1.1551,8309,1.0386,12191,1.5239,26.83,83.42,1001.34,46.66
1048,2026-08-05,2026-08-05 09:10:02 AM,31440.174,524.0029,9257,1.1571,8300,1.0375,12186,1.5233,26.83,83.42,1001.35,46.66
1049,2026-08-05,2026-08-05 09:10:32 AM,31470.18,524.503,9249,1.1561,8315,1.0394,12184,1.523,26.83,83.43,1001.35,46.56
1050,2026-08-05,2026-08-05 09:11:02 AM,31500.182,525.003,9259,1.1574,8311,1.0389,12199,1.5249,26.83,83.43,1001.34,46.41
1051,2026-08-05,2026-08-05 09:11:32 AM,31530.18,525.503,9272,1.159,8320,1.04,12197,1.5246,26.84,83.41,1001.36,46.11
1052,2026-08-05,2026-08-05 09:12:02 AM,31560.178,526.003,9282,1.1603,8331,1.0414,12195,1.5244,26.84,83.43,1001.37,46.06
1053,2026-08-05,2026-08-05 09:12:32 AM,31590.171,526.5028,9282,1.1603,8335,1.0419,12211,1.5264,26.84,83.43,1001.37,46.01
1054,2026-08-05,2026-08-05 09:13:02 AM,31620.178,527.003,9296,1.162,8343,1.0429,12220,1.5275,26.84,83.42,1001.37,45.91
1055,2026-08-05,2026-08-05 09:13:32 AM,31650.176,527.5029,9297,1.1621,8355,1.0444,12229,1.5286,26.84,83.43,1001.36,45.67
1056,2026-08-05,2026-08-05 09:14:02 AM,31680.169,528.0028,9310,1.1638,8349,1.0436,12243,1.5304,26.84,83.44,1001.38,45.52
1057,2026-08-05,2026-08-05 09:14:32 AM,31710.175,528.5029,9315,1.1644,8357,1.0446,12249,1.5311,26.84,83.44,1001.37,45.33
1058,2026-08-05,2026-08-05 09:15:02 AM,31740.162,529.0027,9329,1.1661,8361,1.0451,12257,1.5321,26.84,83.43,1001.37,45.23
1059,2026-08-05,2026-08-05 09:15:32 AM,31770.171,529.5029,9333,1.1666,8373,1.0466,12263,1.5329,26.85,83.43,1001.38,45.13
1060,2026-08-05,2026-08-05 09:16:02 AM,31800.17,530.0028,9332,1.1665,8374,1.0468,12273,1.5341,26.85,83.44,1001.38,44.94
1061,2026-08-05,2026-08-05 09:16:32 AM,31830.165,530.5028,9348,1.1685,8381,1.0476,12265,1.5331,26.85,83.45,1001.36,44.76
1062,2026-08-05,2026-08-05 09:17:02 AM,31860.168,531.0028,9345,1.1681,8394,1.0493,12284,1.5355,26.85,83.43,1001.39,44.66
1063,2026-08-05,2026-08-05 09:17:32 AM,31890.171,531.5029,9355,1.1694,8397,1.0496,12288,1.536,26.85,83.43,1001.39,44.94
1064,2026-08-05,2026-08-05 09:18:02 AM,31920.159,532.0026,9368,1.171,8404,1.0505,12293,1.5366,26.85,83.45,1001.38,44.66
1065,2026-08-05,2026-08-05 09:18:32 AM,31950.172,532.5029,9381,1.1726,8410,1.0513,12300,1.5375,26.85,83.44,1001.37,44.47
1066,2026-08-05,2026-08-05 09:19:02 AM,31980.163,533.0027,9382,1.1727,8419,1.0524,12300,1.5375,26.85,83.46,1001.38,44.47
1067,2026-08-05,2026-08-05 09:19:32 AM,32010.174,533.5029,9392,1.174,8424,1.053,12309,1.5386,26.85,83.46,1001.37,44.15
1068,2026-08-05,2026-08-05 09:20:02 AM,32040.17,534.0028,9387,1.1734,8433,1.0541,12308,1.5385,26.86,83.45,1001.38,44.11
1069,2026-08-05,2026-08-05 09:20:32 AM,32070.165,534.5028,9404,1.1755,8443,1.0554,12311,1.5389,26.86,83.46,1001.38,44.2
1070,2026-08-05,2026-08-05 09:21:02 AM,32100.165,535.0027,9412,1.1765,8449,1.0561,12317,1.5396,26.86,83.46,1001.38,43.97
1071,2026-08-05,2026-08-05 09:21:32 AM,32130.166,535.5028,9418,1.1773,8456,1.057,12324,1.5405,26.86,83.46,1001.37,43.74
1072,2026-08-05,2026-08-05 09:22:02 AM,32160.162,536.0027,9424,1.178,8469,1.0586,12333,1.5416,26.86,83.45,1001.37,43.74
1073,2026-08-05,2026-08-05 09:22:32 AM,32190.169,536.5028,9442,1.1803,8471,1.0589,12344,1.543,26.86,83.45,1001.36,43.61
1074,2026-08-05,2026-08-05 09:23:02 AM,32220.164,537.0027,9437,1.1796,8480,1.06,12343,1.5429,26.87,83.45,1001.38,43.57
1075,2026-08-05,2026-08-05 09:23:32 AM,32250.157,537.5026,9444,1.1805,8490,1.0613,12349,1.5436,26.87,83.47,1001.37,43.35
1076,2026-08-05,2026-08-05 09:24:02 AM,32280.168,538.0028,9449,1.1811,8492,1.0615,12358,1.5448,26.87,83.45,1001.35,43.13
1077,2026-08-05,2026-08-05 09:24:32 AM,32310.156,538.5026,9455,1.1819,8496,1.062,12360,1.545,26.87,83.47,1001.35,43.21
1078,2026-08-05,2026-08-05 09:25:02 AM,32340.156,539.0026,9456,1.182,8501,1.0626,12362,1.5453,26.87,83.45,1001.35,43.17
1079,2026-08-05,2026-08-05 09:25:32 AM,32370.158,539.5026,9457,1.1821,8505,1.0631,12367,1.5459,26.87,83.47,1001.34,42.91
1080,2026-08-05,2026-08-05 09:26:02 AM,32400.163,540.0027,9458,1.1823,8517,1.0646,12373,1.5466,26.87,83.46,1001.34,42.78
1081,2026-08-05,2026-08-05 09:26:32 AM,32430.16,540.5027,9469,1.1836,8515,1.0644,12369,1.5461,26.88,83.47,1001.33,42.61
1082,2026-08-05,2026-08-05 09:27:02 AM,32460.163,541.0027,9466,1.1833,8529,1.0661,12375,1.5469,26.88,83.47,1001.33,42.69
1083,2026-08-05,2026-08-05 09:27:32 AM,32490.165,541.5028,9479,1.1849,8539,1.0674,12377,1.5471,26.88,83.46,1001.34,42.48
1084,2026-08-05,2026-08-05 09:28:02 AM,32520.163,542.0027,9497,1.1871,8551,1.0689,12387,1.5484,26.88,83.46,1001.32,42.36
1085,2026-08-05,2026-08-05 09:28:32 AM,32550.15,542.5025,9516,1.1895,8553,1.0691,12384,1.548,26.88,83.47,1001.34,42.27
1086,2026-08-05,2026-08-05 09:29:02 AM,32580.163,543.0027,9505,1.1881,8569,1.0711,12392,1.549,26.88,83.46,1001.32,42.02
1087,2026-08-05,2026-08-05 09:29:32 AM,32610.155,543.5026,9520,1.19,8564,1.0705,12402,1.5503,26.89,83.46,1001.35,42.02
1088,2026-08-05,2026-08-05 09:30:02 AM,32640.161,544.0027,9522,1.1903,8580,1.0725,12411,1.5514,26.89,83.47,1001.35,41.86
1089,2026-08-05,2026-08-05 09:30:32 AM,32670.158,544.5026,9531,1.1914,8586,1.0733,12411,1.5514,26.89,83.47,1001.36,41.65
1090,2026-08-05,2026-08-05 09:31:02 AM,32700.15,545.0025,9541,1.1926,8592,1.074,12411,1.5514,26.89,83.48,1001.35,41.73
1091,2026-08-05,2026-08-05 09:31:32 AM,32730.155,545.5026,9535,1.1919,8598,1.0748,12412,1.5515,26.89,83.48,1001.35,41.61
1092,2026-08-05,2026-08-05 09:32:02 AM,32760.157,546.0026,9530,1.1913,8605,1.0756,12415,1.5519,26.89,83.47,1001.37,41.57
1093,2026-08-05,2026-08-05 09:32:32 AM,32790.155,546.5026,9519,1.1899,8608,1.076,12419,1.5524,26.89,83.49,1001.36,41.41
1094,2026-08-05,2026-08-05 09:33:02 AM,32820.157,547.0026,9529,1.1911,8602,1.0753,12418,1.5523,26.9,83.48,1001.38,41.45
1095,2026-08-05,2026-08-05 09:33:32 AM,32850.158,547.5026,9521,1.1901,8616,1.077,12416,1.552,26.9,83.47,1001.38,41.45
1096,2026-08-05,2026-08-05 09:34:02 AM,32880.15,548.0025,9525,1.1906,8623,1.0779,12418,1.5523,26.9,83.47,1001.39,41.41
1097,2026-08-05,2026-08-05 09:34:32 AM,32910.146,548.5024,9540,1.1925,8632,1.079,12418,1.5523,26.9,83.48,1001.38,41.13
1098,2026-08-05,2026-08-05 09:35:02 AM,32940.141,549.0023,9540,1.1925,8643,1.0804,12426,1.5533,26.9,83.48,1001.38,41.13
1099,2026-08-05,2026-08-05 09:35:32 AM,32970.146,549.5024,9549,1.1936,8650,1.0813,12425,1.5531,26.9,83.48,1001.38,41.05
1100,2026-08-05,2026-08-05 09:36:02 AM,33000.148,550.0025,9565,1.1956,8650,1.0813,12434,1.5543,26.91,83.48,1001.39,40.66
1101,2026-08-05,2026-08-05 09:36:32 AM,33030.158,550.5026,9574,1.1968,8673,1.0841,12424,1.553,26.91,83.48,1001.38,40.74
1102,2026-08-05,2026-08-05 09:37:02 AM,33060.149,551.0025,9574,1.1968,8671,1.0839,12426,1.5533,26.91,83.48,1001.37,40.7
1103,2026-08-05,2026-08-05 09:37:32 AM,33090.143,551.5024,9581,1.1976,8694,1.0868,12426,1.5533,26.91,83.48,1001.37,40.24
1104,2026-08-05,2026-08-05 09:38:02 AM,33120.14,552.0023,9598,1.1998,8688,1.086,12472,1.559,26.92,83.47,1001.36,40.05
1105,2026-08-05,2026-08-05 09:38:32 AM,33150.141,552.5024,9611,1.2014,8698,1.0872,12466,1.5583,26.92,83.49,1001.35,39.9
1106,2026-08-05,2026-08-05 09:39:02 AM,33180.152,553.0025,9620,1.2025,8711,1.0889,12495,1.5619,26.92,83.49,1001.35,39.9
1107,2026-08-05,2026-08-05 09:39:32 AM,33210.143,553.5024,9627,1.2034,8721,1.0901,12494,1.5618,26.92,83.49,1001.34,39.83
1108,2026-08-05,2026-08-05 09:40:02 AM,33240.143,554.0024,9650,1.2063,8734,1.0918,12487,1.5609,26.93,83.49,1001.35,39.64
1109,2026-08-05,2026-08-05 09:40:32 AM,33270.141,554.5023,9643,1.2054,8740,1.0925,12516,1.5645,26.93,83.5,1001.35,39.68
1110,2026-08-05,2026-08-05 09:41:02 AM,33300.147,555.0024,9663,1.2079,8746,1.0933,12514,1.5643,26.93,83.49,1001.34,39.49
1111,2026-08-05,2026-08-05 09:41:32 AM,33330.138,555.5023,9662,1.2078,8759,1.0949,12525,1.5656,26.94,83.49,1001.35,39.38
1112,2026-08-05,2026-08-05 09:42:02 AM,33360.148,556.0025,9664,1.208,8771,1.0964,12530,1.5663,26.94,83.49,1001.35,39.31
1113,2026-08-05,2026-08-05 09:42:32 AM,33390.14,556.5023,9676,1.2095,8780,1.0975,12552,1.569,26.94,83.5,1001.34,39.2
1114,2026-08-05,2026-08-05 09:43:02 AM,33420.137,557.0023,9673,1.2091,8789,1.0986,12568,1.571,26.95,83.48,1001.34,39.2
1115,2026-08-05,2026-08-05 09:43:32 AM,33450.13,557.5022,9690,1.2113,8795,1.0994,12561,1.5701,26.95,83.48,1001.32,38.78
1116,2026-08-05,2026-08-05 09:44:02 AM,33480.143,558.0024,9698,1.2123,8811,1.1014,12567,1.5709,26.95,83.48,1001.32,38.81
1117,2026-08-05,2026-08-05 09:44:32 AM,33510.136,558.5023,9711,1.2139,8807,1.1009,12568,1.571,26.95,83.48,1001.32,38.85
1118,2026-08-05,2026-08-05 09:45:02 AM,33540.139,559.0023,9722,1.2153,8832,1.104,12577,1.5721,26.95,83.48,1001.3,38.81
1119,2026-08-05,2026-08-05 09:45:32 AM,33570.133,559.5022,9703,1.2129,8821,1.1026,12582,1.5728,26.95,83.46,1001.29,38.5
1120,2026-08-05,2026-08-05 09:46:02 AM,33600.146,560.0024,9695,1.2119,8839,1.1049,12596,1.5745,26.95,83.47,1001.3,38.43
1121,2026-08-05,2026-08-05 09:46:32 AM,33630.139,560.5023,9662,1.2078,8831,1.1039,12598,1.5748,26.95,83.45,1001.3,38.25
1122,2026-08-05,2026-08-05 09:47:02 AM,33660.143,561.0024,9667,1.2084,8836,1.1045,12622,1.5778,26.94,83.45,1001.29,38.15
1123,2026-08-05,2026-08-05 09:47:32 AM,33690.145,561.5024,9674,1.2093,8835,1.1044,12613,1.5766,26.94,83.45,1001.3,38.15
1124,2026-08-05,2026-08-05 09:48:02 AM,33720.134,562.0022,9652,1.2065,8839,1.1049,12648,1.581,26.93,83.44,1001.3,38.05
1125,2026-08-05,2026-08-05 09:48:32 AM,33750.133,562.5022,9652,1.2065,8844,1.1055,12616,1.577,26.92,83.44,1001.31,38.12
1126,2026-08-05,2026-08-05 09:49:02 AM,33780.131,563.0022,9644,1.2055,8829,1.1036,12626,1.5783,26.91,83.44,1001.31,37.91
1127,2026-08-05,2026-08-05 09:49:32 AM,33810.135,563.5022,9630,1.2038,8840,1.105,12618,1.5773,26.9,83.39,1001.32,38.05
1128,2026-08-05,2026-08-05 09:50:02 AM,33840.139,564.0023,9623,1.2029,8846,1.1058,12617,1.5771,26.89,83.42,1001.33,38.02
1129,2026-08-05,2026-08-05 09:50:32 AM,33870.125,564.5021,9632,1.204,8838,1.1048,12615,1.5769,26.88,83.4,1001.33,37.95
1130,2026-08-05,2026-08-05 09:51:02 AM,33900.127,565.0021,9605,1.2006,8834,1.1043,12615,1.5769,26.86,83.42,1001.34,37.85
1131,2026-08-05,2026-08-05 09:51:32 AM,33930.12,565.502,9587,1.1984,8834,1.1043,12620,1.5775,26.85,83.43,1001.34,37.81
1132,2026-08-05,2026-08-05 09:52:02 AM,33960.135,566.0023,9568,1.196,8817,1.1021,12613,1.5766,26.84,83.43,1001.35,37.98
1133,2026-08-05,2026-08-05 09:52:32 AM,33990.128,566.5021,9556,1.1945,8828,1.1035,12624,1.578,26.83,83.44,1001.35,37.65
1134,2026-08-05,2026-08-05 09:53:02 AM,34020.129,567.0022,9551,1.1939,8822,1.1028,12640,1.58,26.82,83.43,1001.37,37.58
1135,2026-08-05,2026-08-05 09:53:32 AM,34050.135,567.5023,9546,1.1933,8821,1.1026,12672,1.584,26.81,83.43,1001.36,37.48
1136,2026-08-05,2026-08-05 09:54:02 AM,34080.129,568.0022,9561,1.1951,8829,1.1036,12687,1.5859,26.8,83.46,1001.35,37.35
1137,2026-08-05,2026-08-05 09:54:32 AM,34110.138,568.5023,9581,1.1976,8837,1.1046,12712,1.589,26.79,83.48,1001.36,36.9
1138,2026-08-05,2026-08-05 09:55:02 AM,34140.118,569.002,9614,1.2018,8863,1.1079,12777,1.5971,26.79,83.48,1001.35,36.77
1139,2026-08-05,2026-08-05 09:55:32 AM,34170.134,569.5022,9653,1.2066,8870,1.1088,12803,1.6004,26.79,83.5,1001.37,36.74
1140,2026-08-05,2026-08-05 09:56:02 AM,34200.123,570.002,9684,1.2105,8894,1.1118,12820,1.6025,26.78,83.53,1001.35,36.55
1141,2026-08-05,2026-08-05 09:56:32 AM,34230.132,570.5022,9711,1.2139,8907,1.1134,12831,1.6039,26.78,83.53,1001.35,36.33
1142,2026-08-05,2026-08-05 09:57:02 AM,34260.122,571.002,9740,1.2175,8914,1.1143,12852,1.6065,26.78,83.54,1001.33,36.49
1143,2026-08-05,2026-08-05 09:57:32 AM,34290.13,571.5022,9759,1.2199,8932,1.1165,12851,1.6064,26.79,83.56,1001.32,36.24
1144,2026-08-05,2026-08-05 09:58:02 AM,34320.124,572.0021,9784,1.223,8945,1.1181,12859,1.6074,26.79,83.56,1001.31,36.18
1145,2026-08-05,2026-08-05 09:58:32 AM,34350.128,572.5021,9801,1.2251,8965,1.1206,12878,1.6098,26.79,83.59,1001.3,36.15
1146,2026-08-05,2026-08-05 09:59:02 AM,34380.131,573.0022,9834,1.2293,8980,1.1225,12881,1.6101,26.79,83.6,1001.29,35.99
1147,2026-08-05,2026-08-05 09:59:32 AM,34410.125,573.5021,9848,1.231,8996,1.1245,12893,1.6116,26.79,83.59,1001.28,35.87
1148,2026-08-05,2026-08-05 10:00:02 AM,34440.122,574.002,9874,1.2343,9008,1.126,12892,1.6115,26.8,83.6,1001.27,35.81
1149,2026-08-05,2026-08-05 10:00:32 AM,34470.12,574.502,9892,1.2365,9028,1.1285,12907,1.6134,26.8,83.6,1001.27,35.6
1150,2026-08-05,2026-08-05 10:01:02 AM,34500.12,575.002,9904,1.238,9041,1.1301,12900,1.6125,26.8,83.61,1001.27,35.78
1151,2026-08-05,2026-08-05 10:01:32 AM,34530.114,575.5019,9918,1.2398,9051,1.1314,12917,1.6146,26.8,83.6,1001.28,35.66
1152,2026-08-05,2026-08-05 10:02:02 AM,34560.117,576.0019,9941,1.2426,9067,1.1334,12929,1.6161,26.8,83.62,1001.28,35.4
1153,2026-08-05,2026-08-05 10:02:32 AM,34590.129,576.5021,9952,1.244,9080,1.135,12928,1.616,26.81,83.62,1001.3,35.34
1154,2026-08-05,2026-08-05 10:03:02 AM,34620.124,577.0021,9964,1.2455,9086,1.1358,12942,1.6178,26.81,83.61,1001.29,35.05
1155,2026-08-05,2026-08-05 10:03:32 AM,34650.112,577.5019,9977,1.2471,9105,1.1381,12975,1.6219,26.81,83.6,1001.32,34.93
1156,2026-08-05,2026-08-05 10:04:02 AM,34680.121,578.002,9990,1.2488,9115,1.1394,13013,1.6266,26.82,83.62,1001.31,34.65
1157,2026-08-05,2026-08-05 10:04:32 AM,34710.117,578.502,10014,1.2518,9132,1.1415,13021,1.6276,26.82,83.62,1001.32,34.65
1158,2026-08-05,2026-08-05 10:05:02 AM,34740.123,579.002,10034,1.2543,9134,1.1418,13083,1.6354,26.82,83.61,1001.32,34.23
1159,2026-08-05,2026-08-05 10:05:32 AM,34770.113,579.5019,10039,1.2549,9147,1.1434,13080,1.635,26.83,83.62,1001.32,34.21
1160,2026-08-05,2026-08-05 10:06:02 AM,34800.108,580.0018,10053,1.2566,9172,1.1465,13080,1.635,26.83,83.61,1001.33,34.32
1161,2026-08-05,2026-08-05 10:06:32 AM,34830.108,580.5018,10070,1.2588,9190,1.1488,13087,1.6359,26.83,83.6,1001.32,34.21
1162,2026-08-05,2026-08-05 10:07:02 AM,34860.107,581.0018,10072,1.259,9197,1.1496,13112,1.639,26.84,83.61,1001.31,34.26
1163,2026-08-05,2026-08-05 10:07:32 AM,34890.108,581.5018,10070,1.2588,9199,1.1499,13100,1.6375,26.84,83.61,1001.29,34.12
1164,2026-08-05,2026-08-05 10:08:02 AM,34920.11,582.0018,10088,1.261,9214,1.1518,13101,1.6376,26.84,83.6,1001.29,34.26
1165,2026-08-05,2026-08-05 10:08:32 AM,34950.115,582.5019,10099,1.2624,9223,1.1529,13142,1.6428,26.84,83.6,1001.29,33.8
1166,2026-08-05,2026-08-05 10:09:02 AM,34980.106,583.0018,10121,1.2651,9250,1.1563,13172,1.6465,26.85,83.6,1001.29,33.61
1167,2026-08-05,2026-08-05 10:09:32 AM,35010.118,583.502,10137,1.2671,9248,1.156,13169,1.6461,26.85,83.6,1001.29,33.8
1168,2026-08-05,2026-08-05 10:10:02 AM,35040.105,584.0018,10134,1.2668,9258,1.1573,13175,1.6469,26.85,83.6,1001.29,33.53
1169,2026-08-05,2026-08-05 10:10:32 AM,35070.11,584.5018,10148,1.2685,9277,1.1596,13171,1.6464,26.85,83.6,1001.29,33.53
1170,2026-08-05,2026-08-05 10:11:02 AM,35100.106,585.0018,10163,1.2704,9285,1.1606,13177,1.6471,26.86,83.61,1001.3,33.35
1171,2026-08-05,2026-08-05 10:11:32 AM,35130.11,585.5018,10162,1.2703,9301,1.1626,13168,1.646,26.86,83.6,1001.3,33.53
1172,2026-08-05,2026-08-05 10:12:02 AM,35160.106,586.0018,10183,1.2729,9300,1.1625,13163,1.6454,26.86,83.6,1001.32,33.4
1173,2026-08-05,2026-08-05 10:12:32 AM,35190.111,586.5019,10181,1.2726,9310,1.1638,13155,1.6444,26.86,83.59,1001.32,33.25
1174,2026-08-05,2026-08-05 10:13:02 AM,35220.101,587.0017,10185,1.2731,9336,1.167,13159,1.6449,26.87,83.6,1001.33,33.19
1175,2026-08-05,2026-08-05 10:13:32 AM,35250.112,587.5019,10197,1.2746,9338,1.1673,13155,1.6444,26.87,83.6,1001.33,33.09
1176,2026-08-05,2026-08-05 10:14:02 AM,35280.109,588.0018,10203,1.2754,9353,1.1691,13169,1.6461,26.87,83.6,1001.33,32.89
1177,2026-08-05,2026-08-05 10:14:32 AM,35310.096,588.5016,10215,1.2769,9359,1.1699,13168,1.646,26.88,83.61,1001.35,32.99
1178,2026-08-05,2026-08-05 10:15:02 AM,35340.094,589.0016,10213,1.2766,9379,1.1724,13174,1.6468,26.88,83.61,1001.36,32.84
1179,2026-08-05,2026-08-05 10:15:32 AM,35370.104,589.5017,10223,1.2779,9375,1.1719,13183,1.6479,26.88,83.6,1001.37,32.69
1180,2026-08-05,2026-08-05 10:16:02 AM,35400.112,590.0019,10228,1.2785,9395,1.1744,13196,1.6495,26.88,83.59,1001.36,32.61
1181,2026-08-05,2026-08-05 10:16:32 AM,35430.107,590.5018,10231,1.2789,9392,1.174,13187,1.6484,26.88,83.59,1001.38,32.49
1182,2026-08-05,2026-08-05 10:17:02 AM,35460.107,591.0018,10243,1.2804,9410,1.1763,13187,1.6484,26.88,83.6,1001.38,32.44
1183,2026-08-05,2026-08-05 10:17:32 AM,35490.107,591.5018,10255,1.2819,9426,1.1783,13198,1.6498,26.89,83.61,1001.36,32.44
1184,2026-08-05,2026-08-05 10:18:02 AM,35520.096,592.0016,10265,1.2831,9439,1.1799,13190,1.6488,26.89,83.6,1001.38,32.29
1185,2026-08-05,2026-08-05 10:18:32 AM,35550.099,592.5017,10268,1.2835,9448,1.181,13192,1.649,26.89,83.59,1001.4,32.17
1186,2026-08-05,2026-08-05 10:19:02 AM,35580.103,593.0017,10277,1.2846,9451,1.1814,13191,1.6489,26.89,83.61,1001.39,32.02
1187,2026-08-05,2026-08-05 10:19:32 AM,35610.1,593.5017,10276,1.2845,9444,1.1805,13200,1.65,26.89,83.6,1001.41,32.0
1188,2026-08-05,2026-08-05 10:20:02 AM,35640.094,594.0016,10290,1.2863,9466,1.1833,13196,1.6495,26.9,83.62,1001.42,31.88
1189,2026-08-05,2026-08-05 10:20:32 AM,35670.099,594.5016,10296,1.287,9482,1.1853,13189,1.6486,26.9,83.61,1001.42,31.88
1190,2026-08-05,2026-08-05 10:21:02 AM,35700.099,595.0017,10303,1.2879,9499,1.1874,13207,1.6509,26.9,83.61,1001.42,31.67
1191,2026-08-05,2026-08-05 10:21:32 AM,35730.106,595.5018,10315,1.2894,9497,1.1871,13222,1.6528,26.9,83.6,1001.45,31.62
1192,2026-08-05,2026-08-05 10:22:02 AM,35760.105,596.0018,10324,1.2905,9514,1.1893,13219,1.6524,26.9,83.61,1001.47,31.64
1193,2026-08-05,2026-08-05 10:22:32 AM,35790.089,596.5015,10343,1.2929,9541,1.1926,13223,1.6529,26.91,83.62,1001.49,31.48
1194,2026-08-05,2026-08-05 10:23:02 AM,35820.086,597.0014,10339,1.2924,9556,1.1945,13237,1.6546,26.91,83.6,1001.49,31.41
1195,2026-08-05,2026-08-05 10:23:32 AM,35850.087,597.5015,10359,1.2949,9559,1.1949,13252,1.6565,26.91,83.6,1001.52,31.27
1196,2026-08-05,2026-08-05 10:24:02 AM,35880.087,598.0015,10364,1.2955,9569,1.1961,13262,1.6578,26.92,83.6,1001.53,31.25
1197,2026-08-05,2026-08-05 10:24:32 AM,35910.1,598.5017,10353,1.2941,9563,1.1954,13259,1.6574,26.92,83.6,1001.53,30.98
1198,2026-08-05,2026-08-05 10:25:02 AM,35940.093,599.0016,10359,1.2949,9586,1.1983,13265,1.6581,26.92,83.6,1001.55,31.07
1199,2026-08-05,2026-08-05 10:25:32 AM,35970.095,599.5016,10375,1.2969,9584,1.198,13265,1.6581,26.92,83.6,1001.55,30.95
1200,2026-08-05,2026-08-05 10:26:02 AM,36000.089,600.0015,10384,1.298,9598,1.1998,13294,1.6618,26.92,83.61,1001.55,30.8
1201,2026-08-05,2026-08-05 10:26:32 AM,36030.091,600.5015,10383,1.2979,9600,1.2,13288,1.661,26.92,83.6,1001.55,30.73
1202,2026-08-05,2026-08-05 10:27:02 AM,36060.103,601.0017,10398,1.2998,9623,1.2029,13301,1.6626,26.93,83.61,1001.56,30.62
1203,2026-08-05,2026-08-05 10:27:32 AM,36090.086,601.5014,10407,1.3009,9624,1.203,13300,1.6625,26.93,83.6,1001.57,30.56
1204,2026-08-05,2026-08-05 10:28:02 AM,36120.085,602.0014,10422,1.3028,9646,1.2058,13301,1.6626,26.94,83.62,1001.57,30.49
1205,2026-08-05,2026-08-05 10:28:32 AM,36150.101,602.5017,10437,1.3046,9643,1.2054,13350,1.6688,26.94,83.62,1001.6,30.19
1206,2026-08-05,2026-08-05 10:29:02 AM,36180.091,603.0015,10443,1.3054,9672,1.209,13337,1.6671,26.94,83.62,1001.58,30.21
1207,2026-08-05,2026-08-05 10:29:32 AM,36210.094,603.5016,10461,1.3076,9670,1.2088,13332,1.6665,26.94,83.61,1001.59,30.25
1208,2026-08-05,2026-08-05 10:30:02 AM,36240.092,604.0015,10465,1.3081,9683,1.2104,13351,1.6689,26.94,83.62,1001.6,30.1
1209,2026-08-05,2026-08-05 10:30:32 AM,36270.081,604.5013,10476,1.3095,9707,1.2134,13332,1.6665,26.95,83.62,1001.62,30.02
1210,2026-08-05,2026-08-05 10:31:02 AM,36300.088,605.0015,10493,1.3116,9710,1.2138,13374,1.6718,26.95,83.6,1001.62,29.81
1211,2026-08-05,2026-08-05 10:31:32 AM,36330.082,605.5014,10514,1.3143,9722,1.2153,13417,1.6771,26.95,83.6,1001.64,29.52
1212,2026-08-05,2026-08-05 10:32:02 AM,36360.091,606.0015,10533,1.3166,9739,1.2174,13397,1.6746,26.95,83.62,1001.63,29.66
1213,2026-08-05,2026-08-05 10:32:32 AM,36390.086,606.5014,10536,1.317,9741,1.2176,13399,1.6749,26.96,83.62,1001.64,29.75
1214,2026-08-05,2026-08-05 10:33:02 AM,36420.089,607.0015,10537,1.3171,9756,1.2195,13403,1.6754,26.96,83.62,1001.64,29.58
1215,2026-08-05,2026-08-05 10:33:32 AM,36450.084,607.5014,10548,1.3185,9763,1.2204,13405,1.6756,26.96,83.64,1001.64,29.46
1216,2026-08-05,2026-08-05 10:34:02 AM,36480.088,608.0015,10561,1.3201,9789,1.2236,13407,1.6759,26.96,83.61,1001.66,29.38
1217,2026-08-05,2026-08-05 10:34:32 AM,36510.077,608.5013,10585,1.3231,9812,1.2265,13442,1.6803,26.97,83.63,1001.66,29.22
1218,2026-08-05,2026-08-05 10:35:02 AM,36540.082,609.0014,10610,1.3263,9810,1.2263,13449,1.6811,26.97,83.63,1001.67,29.08
1219,2026-08-05,2026-08-05 10:35:32 AM,36570.081,609.5013,10610,1.3263,9829,1.2286,13443,1.6804,26.97,83.62,1001.67,29.24
1220,2026-08-05,2026-08-05 10:36:02 AM,36600.084,610.0014,10620,1.3275,9815,1.2269,13449,1.6811,26.97,83.64,1001.68,29.02
1221,2026-08-05,2026-08-05 10:36:32 AM,36630.074,610.5012,10622,1.3278,9848,1.231,13462,1.6828,26.98,83.64,1001.68,28.92
1222,2026-08-05,2026-08-05 10:37:02 AM,36660.085,611.0014,10632,1.329,9846,1.2308,13492,1.6865,26.98,83.63,1001.69,28.88
1223,2026-08-05,2026-08-05 10:37:32 AM,36690.076,611.5013,10645,1.3306,9868,1.2335,13482,1.6853,26.98,83.62,1001.68,28.69
1224,2026-08-05,2026-08-05 10:38:02 AM,36720.08,612.0013,10654,1.3318,9879,1.2349,13499,1.6874,26.98,83.64,1001.7,28.63
1225,2026-08-05,2026-08-05 10:38:32 AM,36750.076,612.5013,10673,1.3341,9896,1.237,13498,1.6873,26.98,83.63,1001.69,28.46
1226,2026-08-05,2026-08-05 10:39:02 AM,36780.083,613.0014,10678,1.3348,9916,1.2395,13513,1.6891,26.99,83.63,1001.69,28.38
1227,2026-08-05,2026-08-05 10:39:32 AM,36810.075,613.5013,10696,1.337,9925,1.2406,13531,1.6914,26.99,83.63,1001.69,28.31
1228,2026-08-05,2026-08-05 10:40:02 AM,36840.07,614.0012,10719,1.3399,9943,1.2429,13575,1.6969,26.99,83.64,1001.69,28.06
1229,2026-08-05,2026-08-05 10:40:32 AM,36870.079,614.5013,10742,1.3428,9951,1.2439,13595,1.6994,26.99,83.64,1001.71,28.01
1230,2026-08-05,2026-08-05 10:41:02 AM,36900.069,615.0011,10767,1.3459,9969,1.2461,13644,1.7055,27.0,83.65,1001.71,27.75
1231,2026-08-05,2026-08-05 10:41:32 AM,36930.076,615.5013,10791,1.3489,9983,1.2479,13654,1.7068,27.0,83.63,1001.73,27.79
1232,2026-08-05,2026-08-05 10:42:02 AM,36960.076,616.0013,10803,1.3504,10009,1.2511,13655,1.7069,27.0,83.66,1001.75,27.7
1233,2026-08-05,2026-08-05 10:42:32 AM,36990.078,616.5013,10821,1.3526,10018,1.2523,13703,1.7129,27.0,83.64,1001.76,27.57
1234,2026-08-05,2026-08-05 10:43:02 AM,37020.08,617.0013,10850,1.3563,10043,1.2554,13759,1.7199,27.01,83.64,1001.78,27.29
1235,2026-08-05,2026-08-05 10:43:32 AM,37050.071,617.5012,10878,1.3598,10056,1.257,13783,1.7229,27.01,83.64,1001.8,27.17
1236,2026-08-05,2026-08-05 10:44:02 AM,37080.064,618.0011,10909,1.3636,10078,1.2598,13820,1.7275,27.01,83.66,1001.79,27.14
1237,2026-08-05,2026-08-05 10:44:32 AM,37110.077,618.5013,10915,1.3644,10083,1.2604,13819,1.7274,27.01,83.65,1001.81,27.08
1238,2026-08-05,2026-08-05 10:45:02 AM,37140.068,619.0011,10926,1.3658,10097,1.2621,13815,1.7269,27.01,83.64,1001.81,27.12
1239,2026-08-05,2026-08-05 10:45:32 AM,37170.068,619.5011,10945,1.3681,10102,1.2628,13813,1.7266,27.01,83.67,1001.82,27.1
1240,2026-08-05,2026-08-05 10:46:02 AM,37200.063,620.0011,10940,1.3675,10126,1.2658,13810,1.7263,27.02,83.65,1001.82,27.08
1241,2026-08-05,2026-08-05 10:46:32 AM,37230.067,620.5011,10942,1.3678,10142,1.2678,13810,1.7263,27.02,83.66,1001.84,27.07
1242,2026-08-05,2026-08-05 10:47:02 AM,37260.069,621.0012,10946,1.3683,10150,1.2688,13808,1.726,27.02,83.68,1001.84,26.95
1243,2026-08-05,2026-08-05 10:47:32 AM,37290.064,621.5011,10951,1.3689,10172,1.2715,13802,1.7253,27.02,83.68,1001.84,26.88
1244,2026-08-05,2026-08-05 10:48:02 AM,37320.068,622.0011,10967,1.3709,10170,1.2713,13809,1.7261,27.02,83.66,1001.85,26.84
1245,2026-08-05,2026-08-05 10:48:32 AM,37350.063,622.501,10964,1.3705,10182,1.2728,13803,1.7254,27.02,83.67,1001.85,26.81
1246,2026-08-05,2026-08-05 10:49:02 AM,37380.063,623.001,10967,1.3709,10196,1.2745,13793,1.7241,27.03,83.66,1001.87,26.59
1247,2026-08-05,2026-08-05 10:49:32 AM,37410.068,623.5011,10979,1.3724,10199,1.2749,13809,1.7261,27.03,83.69,1001.89,26.58
1248,2026-08-05,2026-08-05 10:50:02 AM,37440.069,624.0011,10987,1.3734,10221,1.2776,13813,1.7266,27.03,83.68,1001.9,26.45
1249,2026-08-05,2026-08-05 10:50:32 AM,37470.071,624.5012,10999,1.3749,10224,1.278,13822,1.7278,27.03,83.69,1001.9,26.4
1250,2026-08-05,2026-08-05 10:51:02 AM,37500.055,625.0009,11007,1.3759,10247,1.2809,13833,1.7291,27.04,83.67,1001.91,26.23
1251,2026-08-05,2026-08-05 10:51:32 AM,37530.066,625.5011,11012,1.3765,10248,1.281,13826,1.7283,27.04,83.69,1001.91,26.23
1252,2026-08-05,2026-08-05 10:52:02 AM,37560.07,626.0012,11040,1.38,10265,1.2831,13826,1.7283,27.04,83.7,1001.93,26.14
1253,2026-08-05,2026-08-05 10:52:32 AM,37590.068,626.5011,11044,1.3805,10284,1.2855,13818,1.7273,27.04,83.7,1001.93,26.12
1254,2026-08-05,2026-08-05 10:53:02 AM,37620.051,627.0009,11059,1.3824,10285,1.2856,13822,1.7278,27.04,83.71,1001.93,26.03
1255,2026-08-05,2026-08-05 10:53:32 AM,37650.058,627.501,11070,1.3838,10301,1.2876,13821,1.7276,27.05,83.7,1001.93,25.96
1256,2026-08-05,2026-08-05 10:54:02 AM,37680.063,628.001,11083,1.3854,10312,1.289,13825,1.7281,27.05,83.7,1001.97,25.93
1257,2026-08-05,2026-08-05 10:54:32 AM,37710.053,628.5009,11098,1.3873,10330,1.2913,13814,1.7268,27.05,83.7,1001.97,25.79
1258,2026-08-05,2026-08-05 10:55:02 AM,37740.054,629.0009,11096,1.387,10335,1.2919,13822,1.7278,27.05,83.71,1001.97,25.76
1259,2026-08-05,2026-08-05 10:55:32 AM,37770.052,629.5009,11122,1.3903,10351,1.2939,13822,1.7278,27.06,83.71,1001.93,25.76
1260,2026-08-05,2026-08-05 10:56:02 AM,37800.053,630.0009,11106,1.3883,10359,1.2949,13825,1.7281,27.06,83.71,1001.95,25.56
1261,2026-08-05,2026-08-05 10:56:32 AM,37830.063,630.501,11096,1.387,10359,1.2949,13815,1.7269,27.06,83.7,1001.95,25.54
1262,2026-08-05,2026-08-05 10:57:02 AM,37860.063,631.001,11064,1.383,10369,1.2961,13818,1.7273,27.05,83.68,1001.96,25.47
1263,2026-08-05,2026-08-05 10:57:32 AM,37890.059,631.501,11079,1.3849,10375,1.2969,13824,1.728,27.05,83.68,1001.96,25.38
1264,2026-08-05,2026-08-05 10:58:02 AM,37920.057,632.0009,11074,1.3843,10383,1.2979,13825,1.7281,27.05,83.67,1001.96,25.35
1265,2026-08-05,2026-08-05 10:58:32 AM,37950.053,632.5009,11034,1.3793,10379,1.2974,13809,1.7261,27.04,83.67,1001.96,25.27
1266,2026-08-05,2026-08-05 10:59:02 AM,37980.058,633.001,11014,1.3768,10373,1.2966,13805,1.7256,27.03,83.66,1001.96,25.21
1267,2026-08-05,2026-08-05 10:59:32 AM,38010.05,633.5008,11019,1.3774,10360,1.295,13801,1.7251,27.02,83.65,1001.96,25.21
1268,2026-08-05,2026-08-05 11:00:02 AM,38040.048,634.0008,11048,1.381,10377,1.2971,13791,1.7239,27.01,83.66,1001.96,25.15
1269,2026-08-05,2026-08-05 11:00:32 AM,38070.063,634.501,11019,1.3774,10392,1.299,13786,1.7233,27.0,83.64,1001.97,25.27
1270,2026-08-05,2026-08-05 11:01:02 AM,38100.05,635.0008,11023,1.3779,10380,1.2975,13776,1.722,26.99,83.65,1001.97,25.11
1271,2026-08-05,2026-08-05 11:01:32 AM,38130.05,635.5008,11066,1.3833,10398,1.2998,13779,1.7224,26.98,83.66,1001.97,25.12
1272,2026-08-05,2026-08-05 11:02:02 AM,38160.049,636.0008,11023,1.3779,10394,1.2993,13775,1.7219,26.97,83.66,1001.96,24.98
1273,2026-08-05,2026-08-05 11:02:32 AM,38190.053,636.5009,11031,1.3789,10403,1.3004,13758,1.7198,26.96,83.66,1001.98,25.08
1274,2026-08-05,2026-08-05 11:03:02 AM,38220.056,637.0009,11044,1.3805,10407,1.3009,13751,1.7189,26.95,83.68,1001.98,24.93
1275,2026-08-05,2026-08-05 11:03:32 AM,38250.052,637.5009,11075,1.3844,10438,1.3048,13752,1.719,26.94,83.72,1002.0,24.99
1276,2026-08-05,2026-08-05 11:04:02 AM,38280.044,638.0007,11101,1.3876,10453,1.3066,13750,1.7188,26.93,83.72,1002.0,24.93
1277,2026-08-05,2026-08-05 11:04:32 AM,38310.042,638.5007,11104,1.388,10468,1.3085,13760,1.72,26.93,83.75,1001.99,24.93
1278,2026-08-05,2026-08-05 11:05:02 AM,38340.043,639.0007,11107,1.3884,10471,1.3089,13742,1.7178,26.93,83.75,1001.99,24.64
1279,2026-08-05,2026-08-05 11:05:32 AM,38370.047,639.5008,11126,1.3908,10483,1.3104,13742,1.7178,26.92,83.78,1001.98,24.67
1280,2026-08-05,2026-08-05 11:06:02 AM,38400.055,640.0009,11139,1.3924,10495,1.3119,13745,1.7181,26.92,83.8,1001.98,24.53
1281,2026-08-05,2026-08-05 11:06:32 AM,38430.053,640.5009,11149,1.3936,10500,1.3125,13741,1.7176,26.92,83.81,1001.99,24.45
1282,2026-08-05,2026-08-05 11:07:02 AM,38460.048,641.0008,11168,1.396,10533,1.3166,13733,1.7166,26.92,83.81,1001.98,24.59
1283,2026-08-05,2026-08-05 11:07:32 AM,38490.053,641.5009,11190,1.3988,10542,1.3178,13736,1.717,26.92,83.83,1001.98,24.4
1284,2026-08-05,2026-08-05 11:08:02 AM,38520.043,642.0007,11211,1.4014,10564,1.3205,13728,1.716,26.92,83.83,1001.99,24.33
1285,2026-08-05,2026-08-05 11:08:32 AM,38550.047,642.5008,11212,1.4015,10571,1.3214,13720,1.715,26.91,83.84,1001.99,24.26
1286,2026-08-05,2026-08-05 11:09:02 AM,38580.049,643.0008,11225,1.4031,10579,1.3224,13713,1.7141,26.91,83.85,1001.99,24.35
1287,2026-08-05,2026-08-05 11:09:32 AM,38610.048,643.5008,11237,1.4046,10586,1.3233,13722,1.7153,26.91,83.84,1001.99,24.03
1288,2026-08-05,2026-08-05 11:10:02 AM,38640.05,644.0008,11252,1.4065,10601,1.3251,13716,1.7145,26.92,83.88,1001.99,24.16
1289,2026-08-05,2026-08-05 11:10:32 AM,38670.04,644.5007,11257,1.4071,10620,1.3275,13705,1.7131,26.92,83.87,1002.0,24.03
1290,2026-08-05,2026-08-05 11:11:02 AM,38700.037,645.0006,11268,1.4085,10626,1.3283,13713,1.7141,26.92,83.87,1002.0,23.92
1291,2026-08-05,2026-08-05 11:11:32 AM,38730.05,645.5008,11267,1.4084,10639,1.3299,13699,1.7124,26.92,83.88,1001.99,23.9
1292,2026-08-05,2026-08-05 11:12:02 AM,38760.042,646.0007,11281,1.4101,10653,1.3316,13692,1.7115,26.92,83.88,1001.98,23.84
1293,2026-08-05,2026-08-05 11:12:32 AM,38790.039,646.5006,11278,1.4098,10655,1.3319,13690,1.7113,26.92,83.88,1001.97,23.76
1294,2026-08-05,2026-08-05 11:13:02 AM,38820.041,647.0007,11268,1.4085,10668,1.3335,13672,1.709,26.93,83.89,1001.99,23.67
1295,2026-08-05,2026-08-05 11:13:32 AM,38850.045,647.5007,11269,1.4086,10663,1.3329,13666,1.7083,26.93,83.9,1001.99,23.63
1296,2026-08-05,2026-08-05 11:14:02 AM,38880.028,648.0005,11275,1.4094,10676,1.3345,13660,1.7075,26.93,83.89,1001.98,23.58
1297,2026-08-05,2026-08-05 11:14:32 AM,38910.03,648.5005,11291,1.4114,10686,1.3358,13645,1.7056,26.93,83.89,1002.0,23.52
1298,2026-08-05,2026-08-05 11:15:02 AM,38940.036,649.0006,11282,1.4103,10711,1.3389,13662,1.7078,26.94,83.88,1001.98,22.93
1299,2026-08-05,2026-08-05 11:15:32 AM,38970.04,649.5007,11303,1.4129,10723,1.3404,13650,1.7063,26.94,83.91,1002.0,22.91
1300,2026-08-05,2026-08-05 11:16:02 AM,39000.037,650.0006,11318,1.4148,10730,1.3413,13656,1.707,26.94,83.9,1002.0,22.86
1301,2026-08-05,2026-08-05 11:16:32 AM,39030.031,650.5005,11321,1.4151,10749,1.3436,13658,1.7073,26.94,83.9,1001.99,22.81
1302,2026-08-05,2026-08-05 11:17:02 AM,39060.028,651.0005,11337,1.4171,10752,1.344,13656,1.707,26.95,83.9,1002.0,22.83
1303,2026-08-05,2026-08-05 11:17:32 AM,39090.031,651.5005,11337,1.4171,10766,1.3458,13647,1.7059,26.95,83.9,1002.01,22.78
1304,2026-08-05,2026-08-05 11:18:02 AM,39120.036,652.0006,11363,1.4204,10793,1.3491,13654,1.7068,26.95,83.91,1002.02,22.66
1305,2026-08-05,2026-08-05 11:18:32 AM,39150.038,652.5006,11376,1.422,10790,1.3488,13671,1.7089,26.96,83.9,1002.01,22.54
1306,2026-08-05,2026-08-05 11:19:02 AM,39180.025,653.0004,11384,1.423,10797,1.3496,13663,1.7079,26.96,83.9,1002.01,22.47
1307,2026-08-05,2026-08-05 11:19:32 AM,39210.033,653.5005,11376,1.422,10809,1.3511,13660,1.7075,26.96,83.91,1002.01,22.28
1308,2026-08-05,2026-08-05 11:20:02 AM,39240.035,654.0006,11384,1.423,10823,1.3529,13649,1.7061,26.96,83.88,1002.01,22.35
1309,2026-08-05,2026-08-05 11:20:32 AM,39270.04,654.5007,11397,1.4246,10838,1.3548,13657,1.7071,26.97,83.88,1002.02,22.33
1310,2026-08-05,2026-08-05 11:21:02 AM,39300.031,655.0005,11406,1.4258,10846,1.3558,13663,1.7079,26.97,83.89,1002.02,22.19
1311,2026-08-05,2026-08-05 11:21:32 AM,39330.034,655.5006,11409,1.4261,10849,1.3561,13644,1.7055,26.97,83.9,1002.01,22.15
1312,2026-08-05,2026-08-05 11:22:02 AM,39360.027,656.0005,11414,1.4268,10863,1.3579,13653,1.7066,26.97,83.89,1002.01,22.12
1313,2026-08-05,2026-08-05 11:22:32 AM,39390.027,656.5004,11429,1.4286,10878,1.3598,13684,1.7105,26.98,83.89,1002.03,21.92
1314,2026-08-05,2026-08-05 11:23:02 AM,39420.024,657.0004,11443,1.4304,10888,1.361,13667,1.7084,26.98,83.89,1002.03,21.92
1315,2026-08-05,2026-08-05 11:23:32 AM,39450.028,657.5005,11463,1.4329,10901,1.3626,13679,1.7099,26.98,83.88,1002.03,21.85
1316,2026-08-05,2026-08-05 11:24:02 AM,39480.027,658.0005,11466,1.4333,10903,1.3629,13670,1.7088,26.99,83.9,1002.02,21.69
1317,2026-08-05,2026-08-05 11:24:32 AM,39510.02,658.5003,11482,1.4353,10923,1.3654,13683,1.7104,26.99,83.88,1002.01,21.65
1318,2026-08-05,2026-08-05 11:25:02 AM,39540.03,659.0005,11481,1.4351,10939,1.3674,13686,1.7108,26.99,83.89,1002.02,21.54
1319,2026-08-05,2026-08-05 11:25:32 AM,39570.023,659.5004,11493,1.4366,10924,1.3655,13701,1.7126,27.0,83.88,1002.04,21.48
1320,2026-08-05,2026-08-05 11:26:02 AM,39600.029,660.0005,11509,1.4386,10957,1.3696,13697,1.7121,27.0,83.89,1002.03,21.43
1321,2026-08-05,2026-08-05 11:26:32 AM,39630.025,660.5004,11519,1.4399,10969,1.3711,13698,1.7123,27.0,83.89,1002.03,21.3
1322,2026-08-05,2026-08-05 11:27:02 AM,39660.024,661.0004,11524,1.4405,10988,1.3735,13706,1.7133,27.0,83.91,1002.02,21.33
1323,2026-08-05,2026-08-05 11:27:32 AM,39690.033,661.5005,11544,1.443,10999,1.3749,13712,1.714,27.01,83.9,1002.03,21.18
1324,2026-08-05,2026-08-05 11:28:02 AM,39720.02,662.0003,11556,1.4445,11000,1.375,13717,1.7146,27.01,83.88,1002.04,21.11
1325,2026-08-05,2026-08-05 11:28:32 AM,39750.024,662.5004,11562,1.4453,11005,1.3756,13716,1.7145,27.01,83.88,1002.05,21.03
1326,2026-08-05,2026-08-05 11:29:02 AM,39780.012,663.0002,11572,1.4465,11024,1.378,13728,1.716,27.01,83.89,1002.06,20.83
1327,2026-08-05,2026-08-05 11:29:32 AM,39810.022,663.5004,11591,1.4489,11041,1.3801,13730,1.7163,27.01,83.88,1002.07,20.91
1328,2026-08-05,2026-08-05 11:30:02 AM,39840.019,664.0003,11606,1.4508,11054,1.3818,13740,1.7175,27.02,83.88,1002.08,20.75
1329,2026-08-05,2026-08-05 11:30:32 AM,39870.018,664.5003,11610,1.4513,11060,1.3825,13756,1.7195,27.02,83.88,1002.07,20.57
1330,2026-08-05,2026-08-05 11:31:02 AM,39900.023,665.0004,11621,1.4526,11088,1.386,13753,1.7191,27.02,83.91,1002.07,20.65
1331,2026-08-05,2026-08-05 11:31:32 AM,39930.014,665.5002,11622,1.4528,11101,1.3876,13748,1.7185,27.02,83.89,1002.08,20.57
1332,2026-08-05,2026-08-05 11:32:02 AM,39960.024,666.0004,11636,1.4545,11111,1.3889,13750,1.7188,27.03,83.9,1002.08,20.49
1333,2026-08-05,2026-08-05 11:32:32 AM,39990.013,666.5002,11647,1.4559,11119,1.3899,13769,1.7211,27.03,83.91,1002.09,20.41
1334,2026-08-05,2026-08-05 11:33:02 AM,40020.012,667.0002,11663,1.4579,11131,1.3914,13782,1.7228,27.03,83.89,1002.09,20.31
1335,2026-08-05,2026-08-05 11:33:32 AM,40050.015,667.5002,11671,1.4589,11134,1.3918,13789,1.7236,27.04,83.9,1002.1,20.16
1336,2026-08-05,2026-08-05 11:34:02 AM,40080.013,668.0002,11684,1.4605,11156,1.3945,13806,1.7258,27.04,83.89,1002.08,20.16
1337,2026-08-05,2026-08-05 11:34:32 AM,40110.024,668.5004,11702,1.4628,11174,1.3968,13820,1.7275,27.04,83.9,1002.09,20.04
1338,2026-08-05,2026-08-05 11:35:02 AM,40140.009,669.0001,11720,1.465,11181,1.3976,13824,1.728,27.04,83.9,1002.09,19.95
1339,2026-08-05,2026-08-05 11:35:32 AM,40170.021,669.5003,11731,1.4664,11205,1.4006,13830,1.7288,27.05,83.9,1002.09,19.8
1340,2026-08-05,2026-08-05 11:36:02 AM,40200.005,670.0001,11738,1.4673,11225,1.4031,13834,1.7293,27.05,83.9,1002.09,19.76
1341,2026-08-05,2026-08-05 11:36:32 AM,40230.011,670.5002,11768,1.471,11240,1.405,13923,1.7404,27.05,83.9,1002.08,19.6
1342,2026-08-05,2026-08-05 11:37:02 AM,40260.018,671.0003,11797,1.4746,11239,1.4049,13970,1.7463,27.06,83.88,1002.1,19.37
1343,2026-08-05,2026-08-05 11:37:32 AM,40290.02,671.5003,11850,1.4813,11279,1.4099,14118,1.7648,27.06,83.88,1002.09,18.87
1344,2026-08-05,2026-08-05 11:38:02 AM,40320.014,672.0002,11869,1.4836,11297,1.4121,14076,1.7595,27.06,83.9,1002.08,18.99
1345,2026-08-05,2026-08-05 11:38:32 AM,40350.009,672.5001,11884,1.4855,11313,1.4141,14082,1.7603,27.06,83.91,1002.1,19.11
1346,2026-08-05,2026-08-05 11:39:02 AM,40380.017,673.0003,11894,1.4868,11329,1.4161,14082,1.7603,27.06,83.9,1002.09,19.02
1347,2026-08-05,2026-08-05 11:39:32 AM,40410.016,673.5003,11907,1.4884,11342,1.4178,14084,1.7605,27.07,83.9,1002.07,18.97
1348,2026-08-05,2026-08-05 11:40:02 AM,40440.003,674.0,11922,1.4903,11362,1.4203,14089,1.7611,27.07,83.9,1002.07,18.99
1349,2026-08-05,2026-08-05 11:40:32 AM,40470.003,674.5001,11926,1.4908,11381,1.4226,14096,1.762,27.07,83.91,1002.09,19.02
1350,2026-08-05,2026-08-05 11:41:02 AM,40500.012,675.0002,11933,1.4916,11394,1.4243,14092,1.7615,27.08,83.91,1002.08,18.99
1351,2026-08-05,2026-08-05 11:41:32 AM,40530.018,675.5003,11933,1.4916,11410,1.4263,14096,1.762,27.08,83.91,1002.08,18.92
1352,2026-08-05,2026-08-05 11:42:02 AM,40560.004,676.0001,11932,1.4915,11408,1.426,14096,1.762,27.07,83.89,1002.07,18.82
1353,2026-08-05,2026-08-05 11:42:32 AM,40590.0,676.5,11957,1.4946,11431,1.4289,14102,1.7628,27.07,83.88,1002.07,18.66
1354,2026-08-05,2026-08-05 11:43:02 AM,40620.009,677.0002,11962,1.4953,11439,1.4299,14110,1.7638,27.07,83.89,1002.07,18.58
1355,2026-08-05,2026-08-05 11:43:32 AM,40650.016,677.5003,11949,1.4936,11444,1.4305,14125,1.7656,27.07,83.89,1002.09,18.47
1356,2026-08-05,2026-08-05 11:44:02 AM,40680.008,678.0001,11950,1.4938,11456,1.432,14150,1.7688,27.06,83.86,1002.09,18.43
1357,2026-08-05,2026-08-05 11:44:32 AM,40710.002,678.5,11918,1.4898,11447,1.4309,14158,1.7698,27.05,83.87,1002.08,18.27
1358,2026-08-05,2026-08-05 11:45:02 AM,40740.008,679.0001,11905,1.4881,11436,1.4295,14173,1.7716,27.04,83.84,1002.1,18.21
1359,2026-08-05,2026-08-05 11:45:32 AM,40770.006,679.5001,11953,1.4941,11460,1.4325,14165,1.7706,27.03,83.85,1002.11,18.15
1360,2026-08-05,2026-08-05 11:46:02 AM,40800.205,680.0034,11976,1.497,11475,1.4344,14194,1.7743,27.03,83.86,1002.11,18.06
1361,2026-08-05,2026-08-05 11:46:32 AM,40830.003,680.5001,11964,1.4955,11492,1.4365,14220,1.7775,27.02,83.85,1002.11,17.98
1362,2026-08-05,2026-08-05 11:47:02 AM,40860.202,681.0034,12014,1.5018,11510,1.4388,14237,1.7796,27.01,83.84,1002.13,17.91
1363,2026-08-05,2026-08-05 11:47:32 AM,40890.194,681.5032,12024,1.503,11506,1.4383,14266,1.7833,27.0,83.85,1002.14,17.79
1364,2026-08-05,2026-08-05 11:48:02 AM,40920.002,682.0,12031,1.5039,11527,1.4409,14302,1.7878,26.99,83.85,1002.13,17.64
1365,2026-08-05,2026-08-05 11:48:32 AM,40950.007,682.5001,12049,1.5061,11543,1.4429,14313,1.7891,26.97,83.85,1002.11,17.57
1366,2026-08-05,2026-08-05 11:49:02 AM,40980.202,683.0034,12065,1.5081,11548,1.4435,14301,1.7876,26.96,83.87,1002.12,17.67
1367,2026-08-05,2026-08-05 11:49:32 AM,41010.203,683.5034,12101,1.5126,11573,1.4466,14324,1.7905,26.95,83.88,1002.11,17.57
1368,2026-08-05,2026-08-05 11:50:02 AM,41040.0,684.0,12130,1.5163,11582,1.4478,14323,1.7904,26.94,83.9,1002.1,17.5
1369,2026-08-05,2026-08-05 11:50:32 AM,41070.005,684.5001,12176,1.522,11612,1.4515,14352,1.794,26.94,83.92,1002.1,17.35
1370,2026-08-05,2026-08-05 11:51:02 AM,41100.196,685.0033,12213,1.5266,11639,1.4549,14353,1.7941,26.93,83.95,1002.09,17.41
1371,2026-08-05,2026-08-05 11:51:32 AM,41130.198,685.5033,12215,1.5269,11647,1.4559,14347,1.7934,26.93,83.96,1002.09,17.27
1372,2026-08-05,2026-08-05 11:52:02 AM,41160.196,686.0033,12225,1.5281,11662,1.4578,14359,1.7949,26.92,83.98,1002.08,17.27
1373,2026-08-05,2026-08-05 11:52:32 AM,41190.192,686.5032,12246,1.5308,11687,1.4609,14368,1.796,26.92,84.0,1002.1,17.2
1374,2026-08-05,2026-08-05 11:53:02 AM,41220.202,687.0034,12262,1.5328,11705,1.4631,14390,1.7988,26.92,84.01,1002.07,17.1
1375,2026-08-05,2026-08-05 11:53:32 AM,41250.194,687.5032,12277,1.5346,11718,1.4648,14379,1.7974,26.92,84.01,1002.06,17.02
1376,2026-08-05,2026-08-05 11:54:02 AM,41280.203,688.0034,12302,1.5378,11744,1.468,14394,1.7993,26.92,84.03,1002.05,16.9
1377,2026-08-05,2026-08-05 11:54:32 AM,41310.191,688.5032,12318,1.5398,11764,1.4705,14381,1.7976,26.92,84.02,1002.04,16.94
1378,2026-08-05,2026-08-05 11:55:02 AM,41340.2,689.0033,12333,1.5416,11779,1.4724,14389,1.7986,26.92,84.06,1002.03,16.91
1379,2026-08-05,2026-08-05 11:55:32 AM,41370.196,689.5033,12345,1.5431,11777,1.4721,14395,1.7994,26.92,84.05,1002.03,16.75
1380,2026-08-05,2026-08-05 11:56:02 AM,41400.191,690.0032,12349,1.5436,11801,1.4751,14389,1.7986,26.92,84.06,1002.03,16.74
1381,2026-08-05,2026-08-05 11:56:32 AM,41430.194,690.5032,12369,1.5461,11815,1.4769,14384,1.798,26.92,84.05,1002.03,16.66
1382,2026-08-05,2026-08-05 11:57:02 AM,41460.2,691.0033,12385,1.5481,11836,1.4795,14399,1.7999,26.92,84.07,1002.01,16.6
1383,2026-08-05,2026-08-05 11:57:32 AM,41490.003,691.5,12396,1.5495,11835,1.4794,14379,1.7974,26.92,84.07,1002.01,16.51
1384,2026-08-05,2026-08-05 11:58:02 AM,41520.187,692.0031,12410,1.5513,11861,1.4826,14382,1.7978,26.93,84.06,1002.0,16.49
1385,2026-08-05,2026-08-05 11:58:32 AM,41550.194,692.5032,12414,1.5518,11878,1.4848,14384,1.798,26.93,84.07,1002.0,16.43
1386,2026-08-05,2026-08-05 11:59:02 AM,41580.19,693.0032,12425,1.5531,11878,1.4848,14387,1.7984,26.93,84.06,1001.99,16.38
1387,2026-08-05,2026-08-05 11:59:32 AM,41610.201,693.5034,12428,1.5535,11890,1.4863,14380,1.7975,26.93,84.06,1002.0,16.35
1388,2026-08-05,2026-08-05 12:00:02 PM,41640.187,694.0031,12443,1.5554,11907,1.4884,14400,1.8,26.94,84.08,1002.0,16.15
1389,2026-08-05,2026-08-05 12:00:32 PM,41670.19,694.5032,12442,1.5553,11911,1.4889,14396,1.7995,26.94,84.06,1001.99,16.16
1390,2026-08-05,2026-08-05 12:01:02 PM,41700.195,695.0032,12461,1.5576,11927,1.4909,14413,1.8016,26.94,84.08,1001.97,15.99
1391,2026-08-05,2026-08-05 12:01:32 PM,41730.197,695.5033,12473,1.5591,11948,1.4935,14432,1.804,26.95,84.08,1001.98,15.94
1392,2026-08-05,2026-08-05 12:02:02 PM,41760.184,696.0031,12484,1.5605,11967,1.4959,14415,1.8019,26.95,84.07,1001.99,15.88
1393,2026-08-05,2026-08-05 12:02:32 PM,41790.185,696.5031,12497,1.5621,11975,1.4969,14416,1.802,26.95,84.07,1002.0,15.86
1394,2026-08-05,2026-08-05 12:03:02 PM,41820.181,697.003,12503,1.5629,11994,1.4993,14404,1.8005,26.95,84.07,1001.99,15.82
1395,2026-08-05,2026-08-05 12:03:32 PM,41850.187,697.5031,12520,1.565,12011,1.5014,14397,1.7996,26.96,84.06,1001.97,15.74
1396,2026-08-05,2026-08-05 12:04:02 PM,41880.189,698.0031,12530,1.5663,12023,1.5029,14420,1.8025,26.96,84.08,1001.98,15.65
1397,2026-08-05,2026-08-05 12:04:32 PM,41910.176,698.5029,12545,1.5681,12037,1.5046,14407,1.8009,26.96,84.07,1001.98,15.6
1398,2026-08-05,2026-08-05 12:05:02 PM,41940.181,699.003,12554,1.5693,12049,1.5061,14399,1.7999,26.96,84.08,1001.98,15.51
1399,2026-08-05,2026-08-05 12:05:32 PM,41970.187,699.5031,12570,1.5713,12062,1.5078,14397,1.7996,26.97,84.08,1001.96,15.44
1400,2026-08-05,2026-08-05 12:06:02 PM,42000.178,700.003,12578,1.5723,12079,1.5099,14390,1.7988,26.97,84.08,1001.95,15.48
1401,2026-08-05,2026-08-05 12:06:32 PM,42030.181,700.503,12593,1.5741,12085,1.5106,14385,1.7981,26.97,84.08,1001.96,15.32
1402,2026-08-05,2026-08-05 12:07:02 PM,42060.187,701.0031,12603,1.5754,12095,1.5119,14391,1.7989,26.97,84.09,1001.98,15.32
1403,2026-08-05,2026-08-05 12:07:32 PM,42090.189,701.5032,12608,1.576,12111,1.5139,14391,1.7989,26.98,84.09,1001.99,15.27
1404,2026-08-05,2026-08-05 12:08:02 PM,42120.188,702.0031,12620,1.5775,12128,1.516,14389,1.7986,26.98,84.09,1001.98,15.15
1405,2026-08-05,2026-08-05 12:08:32 PM,42150.177,702.503,12641,1.5801,12140,1.5175,14391,1.7989,26.98,84.07,1001.97,15.14
1406,2026-08-05,2026-08-05 12:09:02 PM,42180.184,703.0031,12649,1.5811,12147,1.5184,14383,1.7979,26.99,84.07,1001.98,15.05
1407,2026-08-05,2026-08-05 12:09:32 PM,42210.172,703.5029,12664,1.583,12161,1.5201,14384,1.798,26.99,84.07,1001.98,14.94
1408,2026-08-05,2026-08-05 12:10:02 PM,42240.18,704.003,12670,1.5838,12187,1.5234,14378,1.7973,26.99,84.08,1001.97,14.84
1409,2026-08-05,2026-08-05 12:10:32 PM,42270.187,704.5031,12683,1.5854,12192,1.524,14368,1.796,27.0,84.07,1001.97,14.83
1410,2026-08-05,2026-08-05 12:11:02 PM,42300.184,705.0031,12690,1.5863,12208,1.526,14373,1.7966,27.0,84.07,1001.97,14.79
1411,2026-08-05,2026-08-05 12:11:32 PM,42330.181,705.503,12705,1.5881,12215,1.5269,14368,1.796,27.0,84.07,1001.98,14.67
1412,2026-08-05,2026-08-05 12:12:02 PM,42360.182,706.003,12712,1.589,12239,1.5299,14358,1.7948,27.01,84.08,1001.97,14.62
1413,2026-08-05,2026-08-05 12:12:32 PM,42390.181,706.503,12732,1.5915,12255,1.5319,14352,1.794,27.01,84.08,1001.98,14.66
1414,2026-08-05,2026-08-05 12:13:02 PM,42420.172,707.0029,12742,1.5928,12267,1.5334,14348,1.7935,27.01,84.07,1001.98,14.52
1415,2026-08-05,2026-08-05 12:13:32 PM,42450.181,707.503,12760,1.595,12272,1.534,14337,1.7921,27.01,84.05,1001.99,14.52
1416,2026-08-05,2026-08-05 12:14:02 PM,42480.178,708.003,12770,1.5963,12281,1.5351,14335,1.7919,27.01,84.07,1001.98,14.44
1417,2026-08-05,2026-08-05 12:14:32 PM,42510.18,708.503,12790,1.5988,12303,1.5379,14330,1.7913,27.01,84.06,1002.01,14.38
1418,2026-08-05,2026-08-05 12:15:02 PM,42540.175,709.0029,12817,1.6021,12324,1.5405,14339,1.7924,27.01,84.05,1002.0,14.31
1419,2026-08-05,2026-08-05 12:15:32 PM,42570.179,709.503,12822,1.6028,12323,1.5404,14342,1.7928,27.01,84.07,1002.01,14.24
1420,2026-08-05,2026-08-05 12:16:02 PM,42600.177,710.0029,12851,1.6064,12350,1.5438,14348,1.7935,27.0,84.05,1002.04,14.21
1421,2026-08-05,2026-08-05 12:16:32 PM,42630.171,710.5029,12868,1.6085,12356,1.5445,14357,1.7946,27.0,84.05,1002.04,14.09
1422,2026-08-05,2026-08-05 12:17:02 PM,42660.173,711.0029,12877,1.6096,12360,1.545,14330,1.7913,26.99,84.04,1002.03,13.99
1423,2026-08-05,2026-08-05 12:17:32 PM,42690.162,711.5027,12858,1.6073,12363,1.5454,14355,1.7944,26.98,84.05,1002.04,14.02
1424,2026-08-05,2026-08-05 12:18:02 PM,42720.172,712.0029,12813,1.6016,12370,1.5463,14338,1.7923,26.97,84.04,1002.04,13.91
1425,2026-08-05,2026-08-05 12:18:32 PM,42750.16,712.5027,12819,1.6024,12356,1.5445,14343,1.7929,26.96,84.01,1002.07,13.83
1426,2026-08-05,2026-08-05 12:19:02 PM,42780.163,713.0027,12841,1.6051,12354,1.5443,14336,1.792,26.95,84.01,1002.07,13.88
1427,2026-08-05,2026-08-05 12:19:32 PM,42810.175,713.5029,12860,1.6075,12362,1.5453,14339,1.7924,26.93,84.02,1002.08,13.73
1428,2026-08-05,2026-08-05 12:20:02 PM,42840.166,714.0028,12885,1.6106,12383,1.5479,14338,1.7923,26.92,84.01,1002.07,13.76
1429,2026-08-05,2026-08-05 12:20:32 PM,42870.161,714.5027,12912,1.614,12397,1.5496,14331,1.7914,26.91,84.03,1002.09,13.72
1430,2026-08-05,2026-08-05 12:21:02 PM,42900.164,715.0027,12925,1.6156,12405,1.5506,14325,1.7906,26.9,84.04,1002.09,13.61
1431,2026-08-05,2026-08-05 12:21:32 PM,42930.161,715.5027,12961,1.6201,12411,1.5514,14321,1.7901,26.89,84.06,1002.09,13.57
1432,2026-08-05,2026-08-05 12:22:02 PM,42960.168,716.0028,12985,1.6231,12444,1.5555,14311,1.7889,26.89,84.07,1002.09,13.52
1433,2026-08-05,2026-08-05 12:22:32 PM,42990.157,716.5026,12989,1.6236,12454,1.5568,14305,1.7881,26.88,84.1,1002.08,13.47
1434,2026-08-05,2026-08-05 12:23:02 PM,43020.164,717.0027,13000,1.625,12458,1.5573,14310,1.7888,26.88,84.11,1002.07,13.47
1435,2026-08-05,2026-08-05 12:23:32 PM,43050.158,717.5026,13029,1.6286,12485,1.5606,14295,1.7869,26.87,84.12,1002.07,13.39
1436,2026-08-05,2026-08-05 12:24:02 PM,43080.164,718.0027,13039,1.6299,12490,1.5613,14278,1.7848,26.87,84.13,1002.05,13.33
1437,2026-08-05,2026-08-05 12:24:32 PM,43110.172,718.5029,13048,1.631,12497,1.5621,14284,1.7855,26.87,84.17,1002.02,13.29
1438,2026-08-05,2026-08-05 12:25:02 PM,43140.168,719.0028,13065,1.6331,12495,1.5619,14288,1.786,26.87,84.18,1002.04,13.16
1439,2026-08-05,2026-08-05 12:25:32 PM,43170.168,719.5028,13077,1.6346,12518,1.5648,14302,1.7878,26.86,84.17,1002.0,13.13
1440,2026-08-05,2026-08-05 12:26:02 PM,43200.168,720.0028,13104,1.638,12529,1.5661,14291,1.7864,26.86,84.19,1001.99,13.05
1441,2026-08-05,2026-08-05 12:26:32 PM,43230.149,720.5025,13115,1.6394,12549,1.5686,14284,1.7855,26.86,84.2,1002.0,13.01
1442,2026-08-05,2026-08-05 12:27:02 PM,43260.154,721.0026,13127,1.6409,12567,1.5709,14282,1.7853,26.86,84.2,1001.98,12.91
1443,2026-08-05,2026-08-05 12:27:32 PM,43290.159,721.5026,13149,1.6436,12569,1.5711,14305,1.7881,26.87,84.22,1001.98,12.81
1444,2026-08-05,2026-08-05 12:28:02 PM,43320.155,722.0026,13165,1.6456,12580,1.5725,14309,1.7886,26.87,84.21,1001.99,12.79
1445,2026-08-05,2026-08-05 12:28:32 PM,43350.164,722.5027,13183,1.6479,12602,1.5753,14300,1.7875,26.87,84.22,1001.99,12.71
1446,2026-08-05,2026-08-05 12:29:02 PM,43380.16,723.0027,13199,1.6499,12614,1.5768,14319,1.7899,26.87,84.22,1002.0,12.66
1447,2026-08-05,2026-08-05 12:29:32 PM,43410.152,723.5025,13215,1.6519,12620,1.5775,14314,1.7893,26.87,84.21,1001.98,12.54
1448,2026-08-05,2026-08-05 12:30:02 PM,43440.157,724.0026,13211,1.6514,12637,1.5796,14323,1.7904,26.88,84.22,1001.99,12.49
1449,2026-08-05,2026-08-05 12:30:32 PM,43470.159,724.5026,13204,1.6505,12651,1.5814,14318,1.7898,26.88,84.22,1001.99,12.51
1450,2026-08-05,2026-08-05 12:31:02 PM,43500.154,725.0026,13231,1.6539,12658,1.5823,14333,1.7916,26.88,84.22,1001.99,12.41
1451,2026-08-05,2026-08-05 12:31:32 PM,43530.152,725.5025,13245,1.6556,12667,1.5834,14337,1.7921,26.89,84.22,1001.97,12.37
1452,2026-08-05,2026-08-05 12:32:02 PM,43560.161,726.0027,13251,1.6564,12674,1.5843,14322,1.7903,26.89,84.23,1001.98,12.29
1453,2026-08-05,2026-08-05 12:32:32 PM,43590.161,726.5027,13263,1.6579,12685,1.5856,14325,1.7906,26.89,84.23,1001.98,12.24
1454,2026-08-05,2026-08-05 12:33:02 PM,43620.153,727.0026,13253,1.6566,12706,1.5883,14325,1.7906,26.89,84.22,1001.97,12.17
1455,2026-08-05,2026-08-05 12:33:32 PM,43650.145,727.5024,13281,1.6601,12707,1.5884,14328,1.791,26.9,84.23,1001.97,12.16
1456,2026-08-05,2026-08-05 12:34:02 PM,43680.154,728.0026,13302,1.6628,12725,1.5906,14312,1.789,26.9,84.23,1001.97,12.08
1457,2026-08-05,2026-08-05 12:34:32 PM,43710.149,728.5025,13318,1.6648,12741,1.5926,14316,1.7895,26.91,84.24,1001.97,12.06
1458,2026-08-05,2026-08-05 12:35:02 PM,43740.148,729.0025,13311,1.6639,12751,1.5939,14321,1.7901,26.91,84.24,1001.97,11.7
1459,2026-08-05,2026-08-05 12:35:32 PM,43770.141,729.5024,13327,1.6659,12759,1.5949,14320,1.79,26.91,84.22,1001.96,11.65
1460,2026-08-05,2026-08-05 12:36:02 PM,43800.149,730.0025,13325,1.6656,12771,1.5964,14314,1.7893,26.92,84.23,1001.95,11.6
1461,2026-08-05,2026-08-05 12:36:32 PM,43830.155,730.5026,13338,1.6673,12778,1.5973,14326,1.7908,26.92,84.22,1001.96,11.54
1462,2026-08-05,2026-08-05 12:37:02 PM,43860.147,731.0024,13363,1.6704,12788,1.5985,14320,1.79,26.93,84.21,1001.95,11.47
1463,2026-08-05,2026-08-05 12:37:32 PM,43890.143,731.5024,13394,1.6743,12821,1.6026,14448,1.806,26.94,84.2,1001.96,11.21
1464,2026-08-05,2026-08-05 12:38:02 PM,43920.149,732.0025,13494,1.6868,12857,1.6071,14695,1.8369,26.95,84.18,1001.96,10.67
1465,2026-08-05,2026-08-05 12:38:32 PM,43950.145,732.5024,13564,1.6955,12902,1.6128,14786,1.8483,26.96,84.18,1001.97,10.53
1466,2026-08-05,2026-08-05 12:39:02 PM,43980.14,733.0023,13616,1.702,12928,1.616,14832,1.854,26.96,84.19,1001.96,10.58
1467,2026-08-05,2026-08-05 12:39:32 PM,44010.148,733.5025,13681,1.7101,12967,1.6209,14940,1.8675,26.96,84.16,1001.96,10.4
1468,2026-08-05,2026-08-05 12:40:02 PM,44040.148,734.0025,13738,1.7173,13002,1.6253,15008,1.876,26.96,84.14,1001.94,10.39
1469,2026-08-05,2026-08-05 12:40:32 PM,44070.138,734.5023,13786,1.7233,13034,1.6293,15074,1.8843,26.96,84.13,1001.93,10.27
1470,2026-08-05,2026-08-05 12:41:02 PM,44100.144,735.0024,13832,1.729,13060,1.6325,15145,1.8931,26.96,84.11,1001.91,10.26
1471,2026-08-05,2026-08-05 12:41:32 PM,44130.147,735.5025,13884,1.7355,13105,1.6381,15213,1.9016,26.96,84.11,1001.91,10.23
1472,2026-08-05,2026-08-05 12:42:02 PM,44160.149,736.0025,13927,1.7409,13126,1.6408,15248,1.906,26.96,84.13,1001.93,10.11
1473,2026-08-05,2026-08-05 12:42:32 PM,44190.129,736.5022,13931,1.7414,13147,1.6434,15250,1.9063,26.95,84.12,1001.91,10.14
1474,2026-08-05,2026-08-05 12:43:02 PM,44220.138,737.0023,13946,1.7433,13159,1.6449,15246,1.9058,26.95,84.14,1001.91,10.15
1475,2026-08-05,2026-08-05 12:43:32 PM,44250.143,737.5024,13955,1.7444,13178,1.6473,15249,1.9061,26.94,84.15,1001.89,10.13
1476,2026-08-05,2026-08-05 12:44:02 PM,44280.15,738.0025,13935,1.7419,13197,1.6496,15234,1.9043,26.94,84.15,1001.91,10.1
1477,2026-08-05,2026-08-05 12:44:32 PM,44310.136,738.5023,13934,1.7418,13204,1.6505,15246,1.9058,26.93,84.15,1001.87,10.05
1478,2026-08-05,2026-08-05 12:45:02 PM,44340.135,739.0023,13922,1.7403,13221,1.6526,15226,1.9033,26.92,84.13,1001.9,10.07
1479,2026-08-05,2026-08-05 12:45:32 PM,44370.131,739.5022,13920,1.74,13221,1.6526,15220,1.9025,26.92,84.15,1001.89,10.0
1480,2026-08-05,2026-08-05 12:46:02 PM,44400.136,740.0023,13927,1.7409,13250,1.6563,15192,1.899,26.92,84.15,1001.88,9.99
1481,2026-08-05,2026-08-05 12:46:32 PM,44430.145,740.5024,13917,1.7396,13259,1.6574,15163,1.8954,26.91,84.17,1001.87,9.98
1482,2026-08-05,2026-08-05 12:47:02 PM,44460.129,741.0021,13925,1.7406,13269,1.6586,15142,1.8928,26.91,84.19,1001.9,9.93
1483,2026-08-05,2026-08-05 12:47:32 PM,44490.137,741.5023,13923,1.7404,13285,1.6606,15111,1.8889,26.91,84.2,1001.89,9.95
1484,2026-08-05,2026-08-05 12:48:02 PM,44520.13,742.0022,13909,1.7386,13291,1.6614,15095,1.8869,26.91,84.21,1001.88,9.91
1485,2026-08-05,2026-08-05 12:48:32 PM,44550.141,742.5024,13900,1.7375,13300,1.6625,15073,1.8841,26.91,84.22,1001.9,9.88
1486,2026-08-05,2026-08-05 12:49:02 PM,44580.139,743.0023,13896,1.737,13311,1.6639,15046,1.8808,26.91,84.23,1001.91,9.83
1487,2026-08-05,2026-08-05 12:49:32 PM,44610.141,743.5024,13891,1.7364,13312,1.664,15026,1.8783,26.92,84.24,1001.89,9.77
1488,2026-08-05,2026-08-05 12:50:02 PM,44640.142,744.0024,13892,1.7365,13327,1.6659,15001,1.8751,26.92,84.23,1001.91,9.71
1489,2026-08-05,2026-08-05 12:50:32 PM,44670.137,744.5023,13888,1.736,13337,1.6671,14980,1.8725,26.93,84.25,1001.9,9.69
1490,2026-08-05,2026-08-05 12:51:02 PM,44700.126,745.0021,13905,1.7381,13362,1.6703,14959,1.8699,26.93,84.25,1001.91,9.69
1491,2026-08-05,2026-08-05 12:51:32 PM,44730.15,745.5025,13912,1.739,13374,1.6718,14941,1.8676,26.94,84.25,1001.91,9.63
1492,2026-08-05,2026-08-05 12:52:02 PM,44760.133,746.0022,13906,1.7383,13386,1.6733,14916,1.8645,26.95,84.26,1001.88,9.62
1493,2026-08-05,2026-08-05 12:52:32 PM,44790.134,746.5022,13897,1.7371,13388,1.6735,14912,1.864,26.95,84.24,1001.9,9.51
1494,2026-08-05,2026-08-05 12:53:02 PM,44820.134,747.0022,13898,1.7373,13392,1.674,14892,1.8615,26.95,84.25,1001.91,9.46
1495,2026-08-05,2026-08-05 12:53:32 PM,44850.132,747.5022,13917,1.7396,13403,1.6754,14888,1.861,26.96,84.24,1001.89,9.44
1496,2026-08-05,2026-08-05 12:54:02 PM,44880.124,748.0021,13933,1.7416,13420,1.6775,14883,1.8604,26.96,84.21,1001.85,9.37
1497,2026-08-05,2026-08-05 12:54:32 PM,44910.128,748.5021,13941,1.7426,13430,1.6788,14885,1.8606,26.96,84.21,1001.86,9.28
1498,2026-08-05,2026-08-05 12:55:02 PM,44940.128,749.0021,13953,1.7441,13439,1.6799,14909,1.8636,26.96,84.21,1001.86,9.18
1499,2026-08-05,2026-08-05 12:55:32 PM,44970.139,749.5023,13957,1.7446,13453,1.6816,14905,1.8631,26.96,84.21,1001.84,9.18
1500,2026-08-05,2026-08-05 12:56:02 PM,45000.119,750.002,13976,1.747,13463,1.6829,14886,1.8608,26.95,84.21,1001.85,9.15
1501,2026-08-05,2026-08-05 12:56:32 PM,45030.134,750.5022,13983,1.7479,13477,1.6846,14874,1.8593,26.95,84.19,1001.86,9.13
1502,2026-08-05,2026-08-05 12:57:02 PM,45060.134,751.0022,14002,1.7503,13489,1.6861,14862,1.8578,26.95,84.2,1001.84,9.1
1503,2026-08-05,2026-08-05 12:57:32 PM,45090.128,751.5021,14004,1.7505,13492,1.6865,14855,1.8569,26.95,84.2,1001.82,9.04
1504,2026-08-05,2026-08-05 12:58:02 PM,45120.115,752.0019,14010,1.7513,13503,1.6879,14831,1.8539,26.94,84.21,1001.84,9.03
1505,2026-08-05,2026-08-05 12:58:32 PM,45150.126,752.5021,14034,1.7543,13524,1.6905,14820,1.8525,26.93,84.21,1001.85,8.98
1506,2026-08-05,2026-08-05 12:59:02 PM,45180.122,753.002,14059,1.7574,13537,1.6921,14806,1.8508,26.93,84.23,1001.83,8.95
1507,2026-08-05,2026-08-05 12:59:32 PM,45210.123,753.502,14083,1.7604,13556,1.6945,14812,1.8515,26.93,84.2,1001.83,8.87
1508,2026-08-05,2026-08-05 01:00:02 PM,45240.121,754.002,14084,1.7605,13552,1.694,14808,1.851,26.92,84.21,1001.82,8.8
1509,2026-08-05,2026-08-05 01:00:32 PM,45270.127,754.5021,14085,1.7606,13560,1.695,14792,1.849,26.92,84.23,1001.81,8.83
1510,2026-08-05,2026-08-05 01:01:02 PM,45300.119,755.002,14095,1.7619,13567,1.6959,14790,1.8488,26.91,84.24,1001.81,8.78
1511,2026-08-05,2026-08-05 01:01:32 PM,45330.118,755.502,14091,1.7614,13573,1.6966,14772,1.8465,26.91,84.24,1001.8,8.74
1512,2026-08-05,2026-08-05 01:02:02 PM,45360.122,756.002,14106,1.7633,13584,1.698,14774,1.8468,26.91,84.25,1001.79,8.65
1513,2026-08-05,2026-08-05 01:02:32 PM,45390.125,756.5021,14097,1.7621,13599,1.6999,14762,1.8453,26.91,84.27,1001.81,8.65
1514,2026-08-05,2026-08-05 01:03:02 PM,45420.124,757.0021,14112,1.764,13600,1.7,14750,1.8438,26.9,84.27,1001.8,8.62
1515,2026-08-05,2026-08-05 01:03:32 PM,45450.117,757.502,14120,1.765,13603,1.7004,14750,1.8438,26.91,84.27,1001.78,8.57
1516,2026-08-05,2026-08-05 01:04:02 PM,45480.126,758.0021,14134,1.7668,13610,1.7013,14736,1.842,26.9,84.28,1001.76,8.51
1517,2026-08-05,2026-08-05 01:04:32 PM,45510.12,758.502,14128,1.766,13613,1.7016,14736,1.842,26.91,84.28,1001.76,8.48
1518,2026-08-05,2026-08-05 01:05:02 PM,45540.113,759.0019,14156,1.7695,13626,1.7033,14747,1.8434,26.91,84.29,1001.76,8.42
1519,2026-08-05,2026-08-05 01:05:32 PM,45570.125,759.5021,14161,1.7701,13639,1.7049,14740,1.8425,26.91,84.3,1001.75,8.33
1520,2026-08-05,2026-08-05 01:06:02 PM,45600.113,760.0019,14166,1.7708,13637,1.7046,14730,1.8413,26.91,84.29,1001.73,8.34
1521,2026-08-05,2026-08-05 01:06:32 PM,45630.108,760.5018,14163,1.7704,13647,1.7059,14718,1.8398,26.92,84.32,1001.73,8.28
1522,2026-08-05,2026-08-05 01:07:02 PM,45660.117,761.002,13991,1.7489,13670,1.7088,14687,1.8359,26.92,84.32,1001.72,8.31
1523,2026-08-05,2026-08-05 01:07:32 PM,45690.119,761.502,14171,1.7714,13673,1.7091,14688,1.836,26.92,84.33,1001.7,8.22
1524,2026-08-05,2026-08-05 01:08:02 PM,45720.109,762.0018,14210,1.7763,13691,1.7114,14691,1.8364,26.93,84.32,1001.69,8.2
1525,2026-08-05,2026-08-05 01:08:32 PM,45750.107,762.5018,14222,1.7778,13696,1.712,14683,1.8354,26.94,84.34,1001.65,8.14
1526,2026-08-05,2026-08-05 01:09:02 PM,45780.121,763.002,14248,1.781,13720,1.715,14679,1.8349,26.95,84.33,1001.63,8.1
1527,2026-08-05,2026-08-05 01:09:32 PM,45810.12,763.502,14253,1.7816,13724,1.7155,14680,1.835,26.95,84.32,1001.64,8.07
1528,2026-08-05,2026-08-05 01:10:02 PM,45840.105,764.0017,14268,1.7835,13740,1.7175,14667,1.8334,26.95,84.31,1001.61,8.0
1529,2026-08-05,2026-08-05 01:10:32 PM,45870.103,764.5017,14285,1.7856,13748,1.7185,14659,1.8324,26.95,84.32,1001.61,7.93
1530,2026-08-05,2026-08-05 01:11:02 PM,45900.106,765.0018,14298,1.7873,13759,1.7199,14654,1.8318,26.96,84.31,1001.64,7.91
1531,2026-08-05,2026-08-05 01:11:32 PM,45930.118,765.502,14327,1.7909,13774,1.7218,14643,1.8304,26.96,84.29,1001.62,7.86
1532,2026-08-05,2026-08-05 01:12:02 PM,45960.112,766.0019,14328,1.791,13778,1.7223,14641,1.8301,26.96,84.3,1001.63,7.86
1533,2026-08-05,2026-08-05 01:12:32 PM,45990.118,766.502,14359,1.7949,13795,1.7244,14631,1.8289,26.96,84.28,1001.63,7.81
1534,2026-08-05,2026-08-05 01:13:02 PM,46020.11,767.0018,13357,1.6696,13807,1.7259,14609,1.8261,26.96,84.28,1001.59,7.74
1535,2026-08-05,2026-08-05 01:13:32 PM,46050.105,767.5018,13699,1.7124,13812,1.7265,14607,1.8259,26.96,84.29,1001.61,7.74
1536,2026-08-05,2026-08-05 01:14:02 PM,46080.115,768.0019,12490,1.5613,13799,1.7249,14598,1.8248,26.95,84.3,1001.62,7.7
1537,2026-08-05,2026-08-05 01:14:32 PM,46110.111,768.5018,12900,1.6125,13811,1.7264,14598,1.8248,26.95,84.29,1001.62,7.68
1538,2026-08-05,2026-08-05 01:15:02 PM,46140.111,769.0018,12411,1.5514,13823,1.7279,14572,1.8215,26.94,84.3,1001.63,7.61
1539,2026-08-05,2026-08-05 01:15:32 PM,46170.118,769.502,13374,1.6718,13831,1.7289,14574,1.8218,26.94,84.29,1001.61,7.6
1540,2026-08-05,2026-08-05 01:16:02 PM,46200.112,770.0019,13180,1.6475,13852,1.7315,14568,1.821,26.94,84.29,1001.59,7.56
1541,2026-08-05,2026-08-05 01:16:32 PM,46230.109,770.5018,12717,1.5896,13848,1.731,14560,1.82,26.93,84.31,1001.59,7.5
1542,2026-08-05,2026-08-05 01:17:02 PM,46260.102,771.0017,11974,1.4968,13855,1.7319,14548,1.8185,26.93,84.31,1001.62,7.5
1543,2026-08-05,2026-08-05 01:17:32 PM,46290.11,771.5018,12473,1.5591,13866,1.7333,14531,1.8164,26.92,84.31,1001.56,7.45
1544,2026-08-05,2026-08-05 01:18:02 PM,46320.112,772.0019,12416,1.552,13872,1.734,14540,1.8175,26.92,84.33,1001.56,7.39
1545,2026-08-05,2026-08-05 01:18:32 PM,46350.111,772.5018,11930,1.4913,13880,1.735,14530,1.8163,26.91,84.33,1001.54,7.39
1546,2026-08-05,2026-08-05 01:19:02 PM,46380.094,773.0016,12815,1.6019,13893,1.7366,14538,1.8173,26.91,84.33,1001.55,7.38
1547,2026-08-05,2026-08-05 01:19:32 PM,46410.104,773.5017,12621,1.5776,13896,1.737,14525,1.8156,26.91,84.34,1001.53,7.32
1548,2026-08-05,2026-08-05 01:20:02 PM,46440.092,774.0015,13110,1.6388,13898,1.7373,14511,1.8139,26.9,84.33,1001.55,7.27
1549,2026-08-05,2026-08-05 01:20:32 PM,46470.107,774.5018,12402,1.5503,13911,1.7389,14512,1.814,26.9,84.33,1001.53,7.2
1550,2026-08-05,2026-08-05 01:21:02 PM,46500.107,775.0018,12348,1.5435,13915,1.7394,14501,1.8126,26.89,84.34,1001.5,7.21
1551,2026-08-05,2026-08-05 01:21:32 PM,46530.103,775.5017,13301,1.6626,13926,1.7408,14488,1.811,26.89,84.37,1001.5,7.16
1552,2026-08-05,2026-08-05 01:22:02 PM,46560.094,776.0016,13839,1.7299,13941,1.7426,14487,1.8109,26.88,84.38,1001.5,7.13
1553,2026-08-05,2026-08-05 01:22:32 PM,46590.088,776.5015,14083,1.7604,13947,1.7434,14471,1.8089,26.87,84.39,1001.46,7.09
1554,2026-08-05,2026-08-05 01:23:02 PM,46620.095,777.0016,14143,1.7679,13955,1.7444,14461,1.8076,26.87,84.4,1001.47,7.06
1555,2026-08-05,2026-08-05 01:23:32 PM,46650.101,777.5017,14427,1.8034,13949,1.7436,14474,1.8093,26.86,84.41,1001.45,7.02
1556,2026-08-05,2026-08-05 01:24:02 PM,46680.1,778.0017,14414,1.8018,13970,1.7463,14464,1.808,26.86,84.43,1001.42,7.0
1557,2026-08-05,2026-08-05 01:24:32 PM,46710.093,778.5016,14525,1.8156,13982,1.7478,14480,1.81,26.85,84.43,1001.42,6.92
1558,2026-08-05,2026-08-05 01:25:02 PM,46740.099,779.0017,14631,1.8289,13986,1.7483,14482,1.8103,26.85,84.43,1001.41,6.92
1559,2026-08-05,2026-08-05 01:25:32 PM,46770.086,779.5014,14601,1.8251,13986,1.7483,14463,1.8079,26.85,84.42,1001.42,6.88
1560,2026-08-05,2026-08-05 01:26:02 PM,46800.092,780.0015,14715,1.8394,14005,1.7506,14487,1.8109,26.84,84.45,1001.4,6.83
1561,2026-08-05,2026-08-05 01:26:32 PM,46830.085,780.5014,14671,1.8339,14017,1.7521,14483,1.8104,26.84,84.45,1001.39,6.81
1562,2026-08-05,2026-08-05 01:27:02 PM,46860.093,781.0016,14615,1.8269,14024,1.753,14475,1.8094,26.84,84.46,1001.4,6.77
1563,2026-08-05,2026-08-05 01:27:32 PM,46890.086,781.5014,14578,1.8223,14036,1.7545,14495,1.8119,26.84,84.48,1001.4,6.73
1564,2026-08-05,2026-08-05 01:28:02 PM,46920.091,782.0015,14715,1.8394,14027,1.7534,14497,1.8121,26.84,84.47,1001.4,6.7
1565,2026-08-05,2026-08-05 01:28:32 PM,46950.088,782.5015,14753,1.8441,14036,1.7545,14498,1.8123,26.84,84.49,1001.39,6.66
1566,2026-08-05,2026-08-05 01:29:02 PM,46980.1,783.0017,14797,1.8496,14039,1.7549,14505,1.8131,26.84,84.49,1001.38,6.64
1567,2026-08-05,2026-08-05 01:29:32 PM,47010.099,783.5016,14820,1.8525,14054,1.7568,14513,1.8141,26.84,84.49,1001.39,6.6
1568,2026-08-05,2026-08-05 01:30:02 PM,47040.093,784.0016,14009,1.7511,14055,1.7569,14505,1.8131,26.85,84.49,1001.39,6.58
1569,2026-08-05,2026-08-05 01:30:32 PM,47070.083,784.5014,14711,1.8389,14073,1.7591,14507,1.8134,26.85,84.49,1001.38,6.53
1570,2026-08-05,2026-08-05 01:31:02 PM,47100.085,785.0014,14824,1.853,14093,1.7616,14506,1.8133,26.86,84.5,1001.39,6.5
1571,2026-08-05,2026-08-05 01:31:32 PM,47130.083,785.5014,14697,1.8371,14111,1.7639,14513,1.8141,26.87,84.5,1001.37,6.45
1572,2026-08-05,2026-08-05 01:32:02 PM,47160.079,786.0013,10499,1.3124,14124,1.7655,14563,1.8204,26.87,84.5,1001.36,6.36
1573,2026-08-05,2026-08-05 01:32:32 PM,47190.078,786.5013,13350,1.6688,14144,1.768,14525,1.8156,26.88,84.51,1001.36,6.37
1574,2026-08-05,2026-08-05 01:33:02 PM,47220.089,787.0015,14708,1.8385,14161,1.7701,14544,1.818,26.88,84.49,1001.36,6.32
1575,2026-08-05,2026-08-05 01:33:32 PM,47250.09,787.5015,14799,1.8499,14172,1.7715,14535,1.8169,26.88,84.5,1001.35,6.3
1576,2026-08-05,2026-08-05 01:34:02 PM,47280.077,788.0013,14442,1.8053,14193,1.7741,14541,1.8176,26.89,84.51,1001.35,6.28
1577,2026-08-05,2026-08-05 01:34:32 PM,47310.076,788.5013,14202,1.7753,14198,1.7748,14531,1.8164,26.89,84.49,1001.36,6.26
1578,2026-08-05,2026-08-05 01:35:02 PM,47340.086,789.0014,14546,1.8183,14210,1.7763,14529,1.8161,26.89,84.5,1001.35,6.23
1579,2026-08-05,2026-08-05 01:35:32 PM,47370.083,789.5014,14675,1.8344,14240,1.78,14531,1.8164,26.89,84.5,1001.35,6.2
1580,2026-08-05,2026-08-05 01:36:02 PM,47400.086,790.0014,14752,1.844,14257,1.7821,14542,1.8178,26.9,84.5,1001.34,6.15
1581,2026-08-05,2026-08-05 01:36:32 PM,47430.087,790.5015,14808,1.851,14260,1.7825,14532,1.8165,26.9,84.51,1001.34,6.13
1582,2026-08-05,2026-08-05 01:37:02 PM,47460.078,791.0013,14724,1.8405,14278,1.7848,14514,1.8143,26.9,84.51,1001.35,6.09
1583,2026-08-05,2026-08-05 01:37:32 PM,47490.082,791.5014,14696,1.837,14292,1.7865,14535,1.8169,26.9,84.5,1001.35,6.05
1584,2026-08-05,2026-08-05 01:38:02 PM,47520.089,792.0015,14734,1.8418,14304,1.788,14536,1.817,26.9,84.49,1001.35,6.05
1585,2026-08-05,2026-08-05 01:38:32 PM,47550.069,792.5011,12032,1.504,14329,1.7911,14535,1.8169,26.89,84.5,1001.34,6.02
1586,2026-08-05,2026-08-05 01:39:02 PM,47580.075,793.0013,12163,1.5204,14328,1.791,14529,1.8161,26.89,84.51,1001.35,5.98
1587,2026-08-05,2026-08-05 01:39:32 PM,47610.086,793.5014,12088,1.511,14351,1.7939,14518,1.8148,26.89,84.5,1001.34,5.95
1588,2026-08-05,2026-08-05 01:40:02 PM,47640.083,794.0014,14132,1.7665,14372,1.7965,14514,1.8143,26.89,84.52,1001.35,5.94
1589,2026-08-05,2026-08-05 01:40:32 PM,47670.079,794.5013,13690,1.7113,14387,1.7984,14508,1.8135,26.88,84.51,1001.34,5.91
1590,2026-08-05,2026-08-05 01:41:02 PM,47700.079,795.0013,12864,1.608,14383,1.7979,14505,1.8131,26.88,84.52,1001.35,5.87
1591,2026-08-05,2026-08-05 01:41:32 PM,47730.073,795.5012,14043,1.7554,14391,1.7989,14511,1.8139,26.87,84.54,1001.36,5.68
1592,2026-08-05,2026-08-05 01:42:02 PM,47760.067,796.0011,14063,1.7579,14394,1.7993,14507,1.8134,26.87,84.54,1001.35,5.68
1593,2026-08-05,2026-08-05 01:42:32 PM,47790.078,796.5013,14653,1.8316,14405,1.8006,14501,1.8126,26.86,84.54,1001.34,5.68
1594,2026-08-05,2026-08-05 01:43:02 PM,47820.067,797.0011,14599,1.8249,14423,1.8029,14504,1.813,26.86,84.56,1001.37,5.68
1595,2026-08-05,2026-08-05 01:43:32 PM,47850.08,797.5013,14407,1.8009,14422,1.8028,14507,1.8134,26.86,84.58,1001.34,5.68
1596,2026-08-05,2026-08-05 01:44:02 PM,47880.082,798.0014,14569,1.8211,14438,1.8048,14499,1.8124,26.85,84.57,1001.37,5.68
1597,2026-08-05,2026-08-05 01:44:32 PM,47910.067,798.5011,13429,1.6786,14441,1.8051,14508,1.8135,26.85,84.57,1001.38,5.68
1598,2026-08-05,2026-08-05 01:45:02 PM,47940.073,799.0012,14964,1.8705,14467,1.8084,14498,1.8123,26.85,84.58,1001.38,5.68
1599,2026-08-05,2026-08-05 01:45:32 PM,47970.076,799.5013,14962,1.8703,14468,1.8085,14517,1.8146,26.84,84.58,1001.39,5.68
1600,2026-08-05,2026-08-05 01:46:02 PM,48000.063,800.0011,15029,1.8786,14461,1.8076,14536,1.817,26.84,84.57,1001.38,5.68
1601,2026-08-05,2026-08-05 01:46:32 PM,48030.071,800.5012,15044,1.8805,14469,1.8086,14572,1.8215,26.84,84.6,1001.38,5.68
1602,2026-08-05,2026-08-05 01:47:02 PM,48060.065,801.0011,15055,1.8819,14476,1.8095,14552,1.819,26.84,84.6,1001.38,5.68
1603,2026-08-05,2026-08-05 01:47:32 PM,48090.077,801.5013,14989,1.8736,14476,1.8095,14562,1.8203,26.84,84.62,1001.39,5.68
1604,2026-08-05,2026-08-05 01:48:02 PM,48120.074,802.0012,14933,1.8666,14491,1.8114,14554,1.8193,26.84,84.62,1001.37,5.68
1605,2026-08-05,2026-08-05 01:48:32 PM,48150.061,802.501,14771,1.8464,14481,1.8101,14552,1.819,26.84,84.65,1001.36,5.68
1606,2026-08-05,2026-08-05 01:49:02 PM,48180.071,803.0012,14858,1.8573,14493,1.8116,14550,1.8188,26.85,84.62,1001.34,5.68
1607,2026-08-05,2026-08-05 01:49:32 PM,48210.062,803.501,14718,1.8398,14495,1.8119,14648,1.831,26.85,84.62,1001.35,5.68
1608,2026-08-05,2026-08-05 01:50:02 PM,48240.073,804.0012,14501,1.8126,14516,1.8145,14645,1.8306,26.86,84.65,1001.34,5.68
1609,2026-08-05,2026-08-05 01:50:32 PM,48270.069,804.5012,14799,1.8499,14524,1.8155,14643,1.8304,26.86,84.63,1001.36,5.68
1610,2026-08-05,2026-08-05 01:51:02 PM,48300.062,805.001,13911,1.7389,14552,1.819,14843,1.8554,26.87,84.66,1001.32,5.68
1611,2026-08-05,2026-08-05 01:51:32 PM,48330.056,805.5009,14877,1.8596,14560,1.82,14661,1.8326,26.87,84.65,1001.33,5.68
1612,2026-08-05,2026-08-05 01:52:02 PM,48360.06,806.001,14723,1.8404,14568,1.821,14695,1.8369,26.88,84.64,1001.35,5.68
1613,2026-08-05,2026-08-05 01:52:32 PM,48390.067,806.5011,14721,1.8401,14593,1.8241,14744,1.843,26.89,84.64,1001.34,5.68
1614,2026-08-05,2026-08-05 01:53:02 PM,48420.064,807.0011,14845,1.8556,14612,1.8265,14794,1.8493,26.9,84.66,1001.34,5.68
1615,2026-08-05,2026-08-05 01:53:32 PM,48450.064,807.5011,14559,1.8199,14632,1.829,14849,1.8561,26.9,84.65,1001.32,5.68
1616,2026-08-05,2026-08-05 01:54:02 PM,48480.056,808.0009,14684,1.8355,14659,1.8324,14983,1.8729,26.91,84.62,1001.35,5.68
1617,2026-08-05,2026-08-05 01:54:32 PM,48510.057,808.501,14959,1.8699,14688,1.836,15059,1.8824,26.91,84.62,1001.36,5.68
1618,2026-08-05,2026-08-05 01:55:02 PM,48540.063,809.0011,15157,1.8946,14721,1.8401,15096,1.887,26.92,84.63,1001.36,5.68
1619,2026-08-05,2026-08-05 01:55:32 PM,48570.066,809.5011,15317,1.9146,14748,1.8435,15186,1.8983,26.92,84.62,1001.37,5.68
1620,2026-08-05,2026-08-05 01:56:02 PM,48600.066,810.0011,15246,1.9058,14784,1.848,15294,1.9118,26.92,84.63,1001.37,5.68
1621,2026-08-05,2026-08-05 01:56:32 PM,48630.063,810.5011,15397,1.9246,14823,1.8529,15334,1.9168,26.92,84.6,1001.36,5.68
1622,2026-08-05,2026-08-05 01:57:02 PM,48660.062,811.001,15052,1.8815,14850,1.8563,15375,1.9219,26.92,84.62,1001.38,5.68
1623,2026-08-05,2026-08-05 01:57:32 PM,48690.064,811.5011,15430,1.9288,14882,1.8603,15400,1.925,26.92,84.62,1001.39,5.68
1624,2026-08-05,2026-08-05 01:58:02 PM,48720.063,812.0011,15045,1.8806,14900,1.8625,15405,1.9256,26.92,84.61,1001.36,5.68
1625,2026-08-05,2026-08-05 01:58:32 PM,48750.047,812.5008,15716,1.9645,14926,1.8658,15436,1.9295,26.92,84.62,1001.36,5.68
1626,2026-08-05,2026-08-05 01:59:02 PM,48780.053,813.0009,15607,1.9509,14943,1.8679,15422,1.9278,26.92,84.63,1001.35,5.68
1627,2026-08-05,2026-08-05 01:59:32 PM,48810.056,813.5009,15407,1.9259,14963,1.8704,15411,1.9264,26.92,84.63,1001.36,5.68
1628,2026-08-05,2026-08-05 02:00:02 PM,48840.047,814.0008,15362,1.9203,14981,1.8726,15458,1.9323,26.92,84.62,1001.34,5.68
1629,2026-08-05,2026-08-05 02:00:32 PM,48870.053,814.5009,15485,1.9356,14995,1.8744,15471,1.9339,26.91,84.63,1001.35,5.68
1630,2026-08-05,2026-08-05 02:01:02 PM,48900.05,815.0008,15416,1.927,15001,1.8751,15470,1.9338,26.91,84.62,1001.32,5.68
1631,2026-08-05,2026-08-05 02:01:32 PM,48930.05,815.5008,15329,1.9161,15016,1.877,15477,1.9346,26.91,84.62,1001.32,5.68
1632,2026-08-05,2026-08-05 02:02:02 PM,48960.054,816.0009,15769,1.9711,15027,1.8784,15491,1.9364,26.91,84.63,1001.33,5.68
1633,2026-08-05,2026-08-05 02:02:32 PM,48990.05,816.5008,15793,1.9741,15028,1.8785,15462,1.9328,26.9,84.65,1001.32,5.68
1634,2026-08-05,2026-08-05 02:03:02 PM,49020.042,817.0007,15807,1.9759,15054,1.8818,15467,1.9334,26.9,84.66,1001.32,5.68
1635,2026-08-05,2026-08-05 02:03:32 PM,49050.055,817.5009,15796,1.9745,15059,1.8824,15478,1.9348,26.9,84.65,1001.32,5.68
1636,2026-08-05,2026-08-05 02:04:02 PM,49080.045,818.0007,15841,1.9801,15067,1.8834,15462,1.9328,26.89,84.67,1001.29,5.68
1637,2026-08-05,2026-08-05 02:04:32 PM,49110.053,818.5009,15856,1.982,15066,1.8833,15457,1.9321,26.89,84.67,1001.28,5.68
1638,2026-08-05,2026-08-05 02:05:02 PM,49140.048,819.0008,15880,1.985,15088,1.886,15444,1.9305,26.88,84.67,1001.26,5.68
1639,2026-08-05,2026-08-05 02:05:32 PM,49170.057,819.5009,15892,1.9865,15100,1.8875,15430,1.9288,26.88,84.69,1001.27,5.68
1640,2026-08-05,2026-08-05 02:06:02 PM,49200.043,820.0007,15884,1.9855,15102,1.8878,15419,1.9274,26.88,84.69,1001.27,5.68
1641,2026-08-05,2026-08-05 02:06:32 PM,49230.042,820.5007,15887,1.9859,15112,1.889,15406,1.9258,26.87,84.69,1001.27,5.68
1642,2026-08-05,2026-08-05 02:07:02 PM,49260.045,821.0007,15897,1.9871,15127,1.8909,15394,1.9243,26.87,84.71,1001.27,5.68
1643,2026-08-05,2026-08-05 02:07:32 PM,49290.046,821.5008,15913,1.9891,15130,1.8913,15386,1.9233,26.87,84.71,1001.27,5.68
1644,2026-08-05,2026-08-05 02:08:02 PM,49320.046,822.0008,15932,1.9915,15141,1.8926,15379,1.9224,26.86,84.71,1001.26,5.68
1645,2026-08-05,2026-08-05 02:08:32 PM,49350.042,822.5007,15953,1.9941,15162,1.8953,15365,1.9206,26.86,84.71,1001.25,5.68
1646,2026-08-05,2026-08-05 02:09:02 PM,49380.036,823.0006,15965,1.9956,15163,1.8954,15347,1.9184,26.85,84.73,1001.26,5.68
1647,2026-08-05,2026-08-05 02:09:32 PM,49410.048,823.5008,16007,2.0009,15178,1.8973,15346,1.9183,26.85,84.75,1001.25,5.68
1648,2026-08-05,2026-08-05 02:10:02 PM,49440.037,824.0006,16013,2.0016,15181,1.8976,15315,1.9144,26.85,84.75,1001.26,5.68
1649,2026-08-05,2026-08-05 02:10:32 PM,49470.046,824.5008,16017,2.0021,15199,1.8999,15303,1.9129,26.84,84.75,1001.24,5.68
1650,2026-08-05,2026-08-05 02:11:02 PM,49500.042,825.0007,16016,2.002,15191,1.8989,15290,1.9113,26.84,84.74,1001.24,5.68
1651,2026-08-05,2026-08-05 02:11:32 PM,49530.033,825.5006,16037,2.0046,15198,1.8998,15275,1.9094,26.83,84.74,1001.24,5.68
1652,2026-08-05,2026-08-05 02:12:02 PM,49560.04,826.0007,16038,2.0048,15208,1.901,15253,1.9066,26.82,84.76,1001.23,5.68
1653,2026-08-05,2026-08-05 02:12:32 PM,49590.035,826.5006,16059,2.0074,15203,1.9004,15239,1.9049,26.81,84.73,1001.2,5.68
1654,2026-08-05,2026-08-05 02:13:02 PM,49620.037,827.0006,16079,2.0099,15196,1.8995,15221,1.9026,26.81,84.76,1001.2,5.68
1655,2026-08-05,2026-08-05 02:13:32 PM,49650.03,827.5005,16078,2.0098,15209,1.9011,15199,1.8999,26.8,84.78,1001.21,5.68
1656,2026-08-05,2026-08-05 02:14:02 PM,49680.049,828.0008,16105,2.0131,15214,1.9018,15203,1.9004,26.8,84.79,1001.18,5.68
1657,2026-08-05,2026-08-05 02:14:32 PM,49710.042,828.5007,16119,2.0149,15220,1.9025,15186,1.8983,26.8,84.81,1001.16,5.68
1658,2026-08-05,2026-08-05 02:15:02 PM,49740.034,829.0006,16139,2.0174,15237,1.9046,15189,1.8986,26.8,84.81,1001.14,5.68
1659,2026-08-05,2026-08-05 02:15:32 PM,49770.042,829.5007,16170,2.0213,15249,1.9061,15173,1.8966,26.8,84.82,1001.15,5.68
1660,2026-08-05,2026-08-05 02:16:02 PM,49800.03,830.0005,16184,2.023,15257,1.9071,15160,1.895,26.81,84.84,1001.15,5.68
1661,2026-08-05,2026-08-05 02:16:32 PM,49830.037,830.5006,16207,2.0259,15262,1.9078,15152,1.894,26.81,84.85,1001.14,5.68
1662,2026-08-05,2026-08-05 02:17:02 PM,49860.039,831.0006,16247,2.0309,15276,1.9095,15136,1.892,26.81,84.85,1001.14,5.68
1663,2026-08-05,2026-08-05 02:17:32 PM,49890.032,831.5005,16269,2.0336,15287,1.9109,15121,1.8901,26.82,84.83,1001.12,5.68
1664,2026-08-05,2026-08-05 02:18:02 PM,49920.039,832.0007,16302,2.0378,15283,1.9104,15118,1.8898,26.83,84.85,1001.13,5.68
1665,2026-08-05,2026-08-05 02:18:32 PM,49950.04,832.5007,16343,2.0429,15298,1.9123,15117,1.8896,26.83,84.86,1001.11,5.68
1666,2026-08-05,2026-08-05 02:19:02 PM,49980.037,833.0006,16312,2.039,15303,1.9129,15110,1.8888,26.84,84.85,1001.12,5.68
1667,2026-08-05,2026-08-05 02:19:32 PM,50010.023,833.5004,16229,2.0286,15313,1.9141,15108,1.8885,26.84,84.85,1001.11,5.68
1668,2026-08-05,2026-08-05 02:20:02 PM,50040.027,834.0004,16416,2.052,15326,1.9158,15084,1.8855,26.85,84.86,1001.11,5.68
1669,2026-08-05,2026-08-05 02:20:32 PM,50070.028,834.5005,16467,2.0584,15331,1.9164,15093,1.8866,26.85,84.85,1001.09,5.68
1670,2026-08-05,2026-08-05 02:21:02 PM,50100.023,835.0004,16513,2.0641,15336,1.917,15082,1.8853,26.85,84.86,1001.1,5.68
1671,2026-08-05,2026-08-05 02:21:32 PM,50130.033,835.5005,16552,2.069,15340,1.9175,15081,1.8851,26.86,84.86,1001.09,5.68
1672,2026-08-05,2026-08-05 02:22:02 PM,50160.027,836.0005,16572,2.0715,15350,1.9188,15065,1.8831,26.86,84.85,1001.08,5.68
1673,2026-08-05,2026-08-05 02:22:32 PM,50190.026,836.5004,16597,2.0746,15354,1.9193,15056,1.882,26.87,84.86,1001.1,5.68
1674,2026-08-05,2026-08-05 02:23:02 PM,50220.034,837.0006,16629,2.0786,15355,1.9194,15040,1.88,26.87,84.87,1001.11,5.68
1675,2026-08-05,2026-08-05 02:23:32 PM,50250.029,837.5005,16660,2.0825,15373,1.9216,15044,1.8805,26.88,84.87,1001.1,5.68
1676,2026-08-05,2026-08-05 02:24:02 PM,50280.029,838.0005,16727,2.0909,15376,1.922,15041,1.8801,26.89,84.87,1001.11,5.68
1677,2026-08-05,2026-08-05 02:24:32 PM,50310.03,838.5005,16780,2.0975,15399,1.9249,15019,1.8774,26.89,84.87,1001.09,5.68
1678,2026-08-05,2026-08-05 02:25:02 PM,50340.017,839.0003,16816,2.102,15405,1.9256,15028,1.8785,26.89,84.86,1001.09,5.68
1679,2026-08-05,2026-08-05 02:25:32 PM,50370.023,839.5004,16866,2.1083,15417,1.9271,15036,1.8795,26.9,84.85,1001.08,5.68
1680,2026-08-05,2026-08-05 02:26:02 PM,50400.036,840.0006,16930,2.1163,15438,1.9298,15033,1.8791,26.9,84.87,1001.08,5.68
1681,2026-08-05,2026-08-05 02:26:32 PM,50430.027,840.5004,16967,2.1209,15444,1.9305,15025,1.8781,26.9,84.85,1001.07,5.68
1682,2026-08-05,2026-08-05 02:27:02 PM,50460.028,841.0005,17010,2.1263,15444,1.9305,15025,1.8781,26.9,84.84,1001.06,5.68
1683,2026-08-05,2026-08-05 02:27:32 PM,50490.022,841.5004,17022,2.1278,15454,1.9318,15019,1.8774,26.9,84.85,1001.07,5.68
1684,2026-08-05,2026-08-05 02:28:02 PM,50520.026,842.0004,17055,2.1319,15471,1.9339,15011,1.8764,26.9,84.82,1001.07,5.68
1685,2026-08-05,2026-08-05 02:28:32 PM,50550.016,842.5003,17085,2.1356,15478,1.9348,15004,1.8755,26.89,84.83,1001.04,5.68
1686,2026-08-05,2026-08-05 02:29:02 PM,50580.019,843.0003,17101,2.1376,15473,1.9341,14991,1.8739,26.89,84.82,1001.03,5.68
1687,2026-08-05,2026-08-05 02:29:32 PM,50610.015,843.5003,17127,2.1409,15478,1.9348,14988,1.8735,26.89,84.81,1001.02,5.68
1688,2026-08-05,2026-08-05 02:30:02 PM,50640.015,844.0003,17148,2.1435,15483,1.9354,14982,1.8728,26.88,84.81,1001.03,5.68
1689,2026-08-05,2026-08-05 02:30:32 PM,50670.017,844.5003,17154,2.1443,15472,1.934,14974,1.8718,26.87,84.82,1001.01,5.68
1690,2026-08-05,2026-08-05 02:31:02 PM,50700.024,845.0004,17146,2.1432,15467,1.9334,14966,1.8708,26.86,84.8,1001.02,5.68
1691,2026-08-05,2026-08-05 02:31:32 PM,50730.02,845.5003,17152,2.144,15466,1.9333,14970,1.8713,26.85,84.82,1001.02,5.68
1692,2026-08-05,2026-08-05 02:32:02 PM,50760.011,846.0002,17170,2.1463,15473,1.9341,14947,1.8684,26.84,84.82,1001.02,5.68
1693,2026-08-05,2026-08-05 02:32:32 PM,50790.017,846.5003,17180,2.1475,15475,1.9344,14942,1.8678,26.83,84.84,1000.99,5.68
1694,2026-08-05,2026-08-05 02:33:02 PM,50820.018,847.0003,17211,2.1514,15486,1.9358,14941,1.8676,26.81,84.82,1000.98,5.68
1695,2026-08-05,2026-08-05 02:33:32 PM,50850.014,847.5002,17217,2.1521,15493,1.9366,14927,1.8659,26.81,84.84,1000.99,5.68
1696,2026-08-05,2026-08-05 02:34:02 PM,50880.01,848.0002,17210,2.1513,15493,1.9366,14928,1.866,26.8,84.85,1000.99,5.68
1697,2026-08-05,2026-08-05 02:34:32 PM,50910.014,848.5002,17276,2.1595,15515,1.9394,14922,1.8653,26.8,84.87,1000.98,5.68
1698,2026-08-05,2026-08-05 02:35:02 PM,50940.013,849.0002,17287,2.1609,15526,1.9408,14900,1.8625,26.79,84.89,1000.97,5.68
1699,2026-08-05,2026-08-05 02:35:32 PM,50970.008,849.5001,17316,2.1645,15527,1.9409,14890,1.8613,26.79,84.9,1000.99,5.68
1700,2026-08-05,2026-08-05 02:36:02 PM,51000.016,850.0003,17342,2.1678,15537,1.9421,14891,1.8614,26.79,84.93,1000.99,5.68
1701,2026-08-05,2026-08-05 02:36:32 PM,51030.007,850.5001,17344,2.168,15550,1.9438,14882,1.8603,26.79,84.94,1001.0,5.68
1702,2026-08-05,2026-08-05 02:37:02 PM,51060.018,851.0003,17346,2.1683,15547,1.9434,14867,1.8584,26.79,84.94,1000.99,5.68
1703,2026-08-05,2026-08-05 02:37:32 PM,51090.015,851.5003,17331,2.1664,15560,1.945,14857,1.8571,26.79,84.97,1000.98,5.68
1704,2026-08-05,2026-08-05 02:38:02 PM,51120.011,852.0002,17353,2.1691,15569,1.9461,14854,1.8568,26.79,84.98,1001.0,5.68
1705,2026-08-05,2026-08-05 02:38:32 PM,51150.013,852.5002,17379,2.1724,15580,1.9475,14860,1.8575,26.79,84.99,1000.98,5.68
1706,2026-08-05,2026-08-05 02:39:02 PM,51180.006,853.0001,17371,2.1714,15585,1.9481,14852,1.8565,26.79,84.97,1000.96,5.68
1707,2026-08-05,2026-08-05 02:39:32 PM,51210.001,853.5,17353,2.1691,15597,1.9496,14841,1.8551,26.79,85.01,1000.96,5.68
1708,2026-08-05,2026-08-05 02:40:02 PM,51240.014,854.0002,17310,2.1638,15603,1.9504,14843,1.8554,26.8,85.01,1000.97,5.68
1709,2026-08-05,2026-08-05 02:40:32 PM,51270.012,854.5002,17270,2.1588,15611,1.9514,14827,1.8534,26.8,84.99,1000.97,5.68
1710,2026-08-05,2026-08-05 02:41:02 PM,51300.009,855.0002,17227,2.1534,15611,1.9514,14820,1.8525,26.8,85.01,1000.97,5.68
1711,2026-08-05,2026-08-05 02:41:32 PM,51330.013,855.5002,17189,2.1486,15614,1.9518,14801,1.8501,26.8,85.02,1000.97,5.68
1712,2026-08-05,2026-08-05 02:42:02 PM,51360.207,856.0034,17142,2.1428,15623,1.9529,14798,1.8498,26.81,85.02,1000.98,5.68
1713,2026-08-05,2026-08-05 02:42:32 PM,51390.199,856.5033,17110,2.1388,15626,1.9533,14787,1.8484,26.81,85.02,1000.99,5.68
1714,2026-08-05,2026-08-05 02:43:02 PM,51420.013,857.0002,17065,2.1331,15648,1.956,14787,1.8484,26.82,85.03,1000.99,5.68
1715,2026-08-05,2026-08-05 02:43:32 PM,51450.01,857.5002,17066,2.1332,15643,1.9554,14783,1.8479,26.82,85.04,1001.0,5.68
1716,2026-08-05,2026-08-05 02:44:02 PM,51480.001,858.0,17069,2.1336,15653,1.9566,14769,1.8461,26.83,85.03,1000.99,5.68
1717,2026-08-05,2026-08-05 02:44:32 PM,51510.203,858.5034,17073,2.1341,15669,1.9586,14763,1.8454,26.84,85.02,1000.99,5.68
1718,2026-08-05,2026-08-05 02:45:02 PM,51540.013,859.0002,17074,2.1343,15673,1.9591,14753,1.8441,26.84,85.01,1000.97,5.68
1719,2026-08-05,2026-08-05 02:45:32 PM,51570.202,859.5034,17080,2.135,15675,1.9594,14742,1.8428,26.84,85.02,1000.98,5.68
1720,2026-08-05,2026-08-05 02:46:02 PM,51600.01,860.0002,17086,2.1358,15682,1.9603,14738,1.8423,26.84,85.0,1001.01,5.68
1721,2026-08-05,2026-08-05 02:46:32 PM,51630.011,860.5002,17091,2.1364,15695,1.9619,14731,1.8414,26.85,85.0,1000.99,5.68
1722,2026-08-05,2026-08-05 02:47:02 PM,51660.004,861.0001,17111,2.1389,15696,1.962,14736,1.842,26.85,84.99,1000.98,5.68
1723,2026-08-05,2026-08-05 02:47:32 PM,51690.0,861.5,17144,2.143,15708,1.9635,14735,1.8419,26.84,84.99,1000.97,5.68
1724,2026-08-05,2026-08-05 02:48:02 PM,51720.2,862.0033,17171,2.1464,15723,1.9654,14736,1.842,26.84,85.0,1000.96,5.68
1725,2026-08-05,2026-08-05 02:48:32 PM,51750.003,862.5001,17172,2.1465,15726,1.9658,14737,1.8421,26.84,84.98,1000.95,5.68
1726,2026-08-05,2026-08-05 02:49:02 PM,51780.194,863.0032,17195,2.1494,15736,1.967,14727,1.8409,26.83,84.98,1000.94,5.68
1727,2026-08-05,2026-08-05 02:49:32 PM,51810.205,863.5034,17158,2.1448,15737,1.9671,14728,1.841,26.83,84.98,1000.91,5.68
1728,2026-08-05,2026-08-05 02:50:02 PM,51840.192,864.0032,17129,2.1411,15729,1.9661,14718,1.8398,26.82,84.99,1000.89,5.68
1729,2026-08-05,2026-08-05 02:50:32 PM,51870.003,864.5001,17058,2.1323,15740,1.9675,14702,1.8378,26.81,84.98,1000.89,5.68
1730,2026-08-05,2026-08-05 02:51:02 PM,51900.204,865.0034,17024,2.128,15743,1.9679,14697,1.8371,26.8,84.98,1000.89,5.68
1731,2026-08-05,2026-08-05 02:51:32 PM,51930.002,865.5,17092,2.1365,15735,1.9669,14696,1.837,26.79,84.98,1000.86,5.68
1732,2026-08-05,2026-08-05 02:52:02 PM,51960.007,866.0001,16973,2.1216,15744,1.968,14684,1.8355,26.78,84.96,1000.87,5.68
1733,2026-08-05,2026-08-05 02:52:32 PM,51990.198,866.5033,17100,2.1375,15743,1.9679,14688,1.836,26.77,84.98,1000.88,5.68
1734,2026-08-05,2026-08-05 02:53:02 PM,52020.198,867.0033,16944,2.118,15748,1.9685,14689,1.8361,26.77,84.98,1000.91,5.68
1735,2026-08-05,2026-08-05 02:53:32 PM,52050.204,867.5034,17141,2.1426,15765,1.9706,14689,1.8361,26.76,85.01,1000.9,5.68
1736,2026-08-05,2026-08-05 02:54:02 PM,52080.192,868.0032,17103,2.1379,15771,1.9714,14685,1.8356,26.76,85.02,1000.91,5.68
1737,2026-08-05,2026-08-05 02:54:32 PM,52110.189,868.5032,17162,2.1453,15779,1.9724,14677,1.8346,26.76,85.03,1000.88,5.68
1738,2026-08-05,2026-08-05 02:55:02 PM,52140.19,869.0032,17136,2.142,15788,1.9735,14677,1.8346,26.75,85.04,1000.86,5.68
1739,2026-08-05,2026-08-05 02:55:32 PM,52170.19,869.5032,16963,2.1204,15801,1.9751,14692,1.8365,26.75,85.07,1000.85,5.68
1740,2026-08-05,2026-08-05 02:56:02 PM,52200.193,870.0032,16767,2.0959,15810,1.9763,14709,1.8386,26.75,85.07,1000.86,5.68
1741,2026-08-05,2026-08-05 02:56:32 PM,52230.196,870.5033,17093,2.1366,15807,1.9759,14717,1.8396,26.76,85.07,1000.85,5.68
1742,2026-08-05,2026-08-05 02:57:02 PM,52260.19,871.0032,17376,2.172,15812,1.9765,14716,1.8395,26.76,85.07,1000.86,5.68
1743,2026-08-05,2026-08-05 02:57:32 PM,52290.19,871.5032,17437,2.1796,15825,1.9781,14735,1.8419,26.75,85.09,1000.85,5.68
1744,2026-08-05,2026-08-05 02:58:02 PM,52320.196,872.0033,17474,2.1843,15826,1.9783,14737,1.8421,26.75,85.07,1000.83,5.68
1745,2026-08-05,2026-08-05 02:58:32 PM,52350.196,872.5033,17520,2.19,15855,1.9819,14757,1.8446,26.76,85.1,1000.83,5.68
1746,2026-08-05,2026-08-05 02:59:02 PM,52380.201,873.0034,17499,2.1874,15861,1.9826,14757,1.8446,26.76,85.12,1000.84,5.68
1747,2026-08-05,2026-08-05 02:59:32 PM,52410.205,873.5034,17563,2.1954,15873,1.9841,14773,1.8466,26.76,85.11,1000.83,5.68
1748,2026-08-05,2026-08-05 03:00:02 PM,52440.193,874.0032,17607,2.2009,15884,1.9855,14783,1.8479,26.77,85.11,1000.82,5.68
1749,2026-08-05,2026-08-05 03:00:32 PM,52470.186,874.5031,17625,2.2031,15899,1.9874,14782,1.8478,26.77,85.14,1000.79,5.68
1750,2026-08-05,2026-08-05 03:01:02 PM,52500.197,875.0033,17644,2.2055,15902,1.9878,14775,1.8469,26.77,85.14,1000.77,5.68
1751,2026-08-05,2026-08-05 03:01:32 PM,52530.198,875.5033,17660,2.2075,15912,1.989,14773,1.8466,26.78,85.13,1000.75,5.68
1752,2026-08-05,2026-08-05 03:02:02 PM,52560.19,876.0032,17685,2.2106,15927,1.9909,14795,1.8494,26.78,85.14,1000.73,5.68
1753,2026-08-05,2026-08-05 03:02:32 PM,52590.189,876.5031,17723,2.2154,15933,1.9916,14818,1.8523,26.79,85.15,1000.74,5.68
1754,2026-08-05,2026-08-05 03:03:02 PM,52620.193,877.0032,17731,2.2164,15948,1.9935,14831,1.8539,26.79,85.16,1000.75,5.68
1755,2026-08-05,2026-08-05 03:03:32 PM,52650.174,877.5029,17748,2.2185,15962,1.9953,14827,1.8534,26.8,85.16,1000.74,5.68
1756,2026-08-05,2026-08-05 03:04:02 PM,52680.195,878.0033,17778,2.2223,15968,1.996,14840,1.855,26.8,85.16,1000.74,5.68
1757,2026-08-05,2026-08-05 03:04:32 PM,52710.181,878.503,17793,2.2241,15986,1.9983,14851,1.8564,26.81,85.17,1000.72,5.68
1758,2026-08-05,2026-08-05 03:05:02 PM,52740.191,879.0032,17824,2.228,15998,1.9998,14858,1.8573,26.81,85.15,1000.73,5.68
1759,2026-08-05,2026-08-05 03:05:32 PM,52770.189,879.5031,17831,2.2289,16007,2.0009,14867,1.8584,26.82,85.17,1000.72,5.68
1760,2026-08-05,2026-08-05 03:06:02 PM,52800.189,880.0031,17877,2.2346,16017,2.0021,14869,1.8586,26.82,85.15,1000.7,5.68
1761,2026-08-05,2026-08-05 03:06:32 PM,52830.19,880.5032,17882,2.2352,16031,2.0039,14860,1.8575,26.83,85.16,1000.7,5.68
1762,2026-08-05,2026-08-05 03:07:02 PM,52860.18,881.003,17831,2.2289,16041,2.0051,14861,1.8576,26.83,85.16,1000.68,5.68
1763,2026-08-05,2026-08-05 03:07:32 PM,52890.186,881.5031,17956,2.2445,16055,2.0069,14871,1.8589,26.84,85.16,1000.7,5.68
1764,2026-08-05,2026-08-05 03:08:02 PM,52920.179,882.003,17986,2.2483,16077,2.0096,14883,1.8604,26.84,85.16,1000.68,5.68
1765,2026-08-05,2026-08-05 03:08:32 PM,52950.194,882.5032,18024,2.253,16079,2.0099,14901,1.8626,26.84,85.16,1000.65,5.68
1766,2026-08-05,2026-08-05 03:09:02 PM,52980.192,883.0032,18063,2.2579,16086,2.0108,14896,1.862,26.85,85.14,1000.66,5.68
1767,2026-08-05,2026-08-05 03:09:32 PM,53010.178,883.503,18069,2.2586,16099,2.0124,14900,1.8625,26.85,85.14,1000.65,5.68
1768,2026-08-05,2026-08-05 03:10:02 PM,53040.185,884.0031,18053,2.2566,16091,2.0114,14911,1.8639,26.84,85.12,1000.63,5.68
1769,2026-08-05,2026-08-05 03:10:32 PM,53070.175,884.5029,18040,2.255,16090,2.0113,14907,1.8634,26.84,85.08,1000.61,5.68
1770,2026-08-05,2026-08-05 03:11:02 PM,53100.172,885.0029,18071,2.2589,16094,2.0117,14916,1.8645,26.83,85.09,1000.58,5.68
1771,2026-08-05,2026-08-05 03:11:32 PM,53130.18,885.503,18104,2.263,16107,2.0134,14919,1.8649,26.82,85.1,1000.58,5.68
1772,2026-08-05,2026-08-05 03:12:02 PM,53160.178,886.003,18136,2.267,16120,2.015,14906,1.8633,26.81,85.12,1000.57,5.68
1773,2026-08-05,2026-08-05 03:12:32 PM,53190.176,886.5029,18146,2.2682,16124,2.0155,14903,1.8629,26.8,85.11,1000.57,5.68
1774,2026-08-05,2026-08-05 03:13:02 PM,53220.186,887.0031,18168,2.271,16133,2.0166,14906,1.8633,26.8,85.1,1000.56,5.68
1775,2026-08-05,2026-08-05 03:13:32 PM,53250.179,887.503,18194,2.2743,16137,2.0171,14904,1.863,26.79,85.1,1000.55,5.68
1776,2026-08-05,2026-08-05 03:14:02 PM,53280.182,888.003,18195,2.2744,16140,2.0175,14897,1.8621,26.78,85.13,1000.55,5.68
1777,2026-08-05,2026-08-05 03:14:32 PM,53310.167,888.5028,18206,2.2758,16145,2.0181,14891,1.8614,26.77,85.11,1000.55,5.68
1778,2026-08-05,2026-08-05 03:15:02 PM,53340.172,889.0029,18224,2.278,16144,2.018,14885,1.8606,26.76,85.14,1000.55,5.68
1779,2026-08-05,2026-08-05 03:15:32 PM,53370.178,889.503,18251,2.2814,16156,2.0195,14902,1.8628,26.75,85.14,1000.54,5.68
1780,2026-08-05,2026-08-05 03:16:02 PM,53400.172,890.0029,18286,2.2858,16154,2.0193,14930,1.8663,26.74,85.15,1000.57,5.68
1781,2026-08-05,2026-08-05 03:16:32 PM,53430.168,890.5028,18333,2.2916,16176,2.022,14929,1.8661,26.74,85.15,1000.55,5.68
1782,2026-08-05,2026-08-05 03:17:02 PM,53460.167,891.0028,18344,2.293,16183,2.0229,14912,1.864,26.72,85.17,1000.54,5.68
1783,2026-08-05,2026-08-05 03:17:32 PM,53490.182,891.503,18386,2.2983,16188,2.0235,14912,1.864,26.72,85.19,1000.52,5.68
1784,2026-08-05,2026-08-05 03:18:02 PM,53520.176,892.0029,18408,2.301,16194,2.0243,14909,1.8636,26.71,85.18,1000.5,5.68
1785,2026-08-05,2026-08-05 03:18:32 PM,53550.165,892.5027,18423,2.3029,16204,2.0255,14923,1.8654,26.71,85.21,1000.47,5.68
1786,2026-08-05,2026-08-05 03:19:02 PM,53580.181,893.003,18481,2.3101,16223,2.0279,14936,1.867,26.7,85.23,1000.47,5.68
1787,2026-08-05,2026-08-05 03:19:32 PM,53610.179,893.503,18523,2.3154,16238,2.0298,14955,1.8694,26.7,85.23,1000.45,5.68
1788,2026-08-05,2026-08-05 03:20:02 PM,53640.167,894.0028,18565,2.3206,16239,2.0299,14981,1.8726,26.7,85.24,1000.44,5.68
1789,2026-08-05,2026-08-05 03:20:32 PM,53670.172,894.5029,18602,2.3253,16254,2.0318,15010,1.8763,26.7,85.26,1000.42,5.68
1790,2026-08-05,2026-08-05 03:21:02 PM,53700.177,895.003,18630,2.3288,16254,2.0318,15022,1.8778,26.7,85.26,1000.42,5.68
1791,2026-08-05,2026-08-05 03:21:32 PM,53730.173,895.5029,18665,2.3331,16276,2.0345,15035,1.8794,26.7,85.27,1000.41,5.68
1792,2026-08-05,2026-08-05 03:22:02 PM,53760.161,896.0027,18708,2.3385,16283,2.0354,15041,1.8801,26.7,85.29,1000.39,5.68
1793,2026-08-05,2026-08-05 03:22:32 PM,53790.166,896.5028,18747,2.3434,16297,2.0371,15028,1.8785,26.7,85.3,1000.42,5.68
1794,2026-08-05,2026-08-05 03:23:02 PM,53820.161,897.0027,18768,2.346,16315,2.0394,15019,1.8774,26.7,85.29,1000.39,5.68
1795,2026-08-05,2026-08-05 03:23:32 PM,53850.167,897.5028,18804,2.3505,16306,2.0383,15012,1.8765,26.7,85.31,1000.39,5.68
1796,2026-08-05,2026-08-05 03:24:02 PM,53880.163,898.0027,18831,2.3539,16325,2.0406,15018,1.8773,26.71,85.31,1000.38,5.68
1797,2026-08-05,2026-08-05 03:24:32 PM,53910.166,898.5028,18862,2.3578,16333,2.0416,15030,1.8788,26.71,85.32,1000.35,5.68
1798,2026-08-05,2026-08-05 03:25:02 PM,53940.162,899.0027,18891,2.3614,16340,2.0425,15026,1.8783,26.71,85.32,1000.35,5.68
1799,2026-08-05,2026-08-05 03:25:32 PM,53970.165,899.5028,18920,2.365,16340,2.0425,15026,1.8783,26.72,85.34,1000.35,5.68
1800,2026-08-05,2026-08-05 03:26:02 PM,54000.156,900.0026,18944,2.368,16349,2.0436,15021,1.8776,26.72,85.34,1000.34,5.68
1801,2026-08-05,2026-08-05 03:26:32 PM,54030.159,900.5026,18967,2.3709,16355,2.0444,15013,1.8766,26.72,85.34,1000.32,5.68
1802,2026-08-05,2026-08-05 03:27:02 PM,54060.16,901.0027,19003,2.3754,16364,2.0455,15017,1.8771,26.73,85.34,1000.32,5.68
1803,2026-08-05,2026-08-05 03:27:32 PM,54090.16,901.5027,19023,2.3779,16377,2.0471,15010,1.8763,26.73,85.32,1000.31,5.68
1804,2026-08-05,2026-08-05 03:28:02 PM,54120.156,902.0026,19057,2.3821,16390,2.0488,15032,1.879,26.74,85.33,1000.28,5.68
1805,2026-08-05,2026-08-05 03:28:32 PM,54150.164,902.5027,19075,2.3844,16386,2.0483,15033,1.8791,26.74,85.34,1000.26,5.68
1806,2026-08-05,2026-08-05 03:29:02 PM,54180.158,903.0026,19110,2.3888,16403,2.0504,15025,1.8781,26.75,85.33,1000.25,5.68
1807,2026-08-05,2026-08-05 03:29:32 PM,54210.148,903.5025,19148,2.3935,16410,2.0512,15028,1.8785,26.75,85.33,1000.24,5.68
1808,2026-08-05,2026-08-05 03:30:02 PM,54240.158,904.0026,19180,2.3975,16425,2.0531,15027,1.8784,26.75,85.34,1000.21,5.68
1809,2026-08-05,2026-08-05 03:30:32 PM,54270.148,904.5025,19206,2.4008,16434,2.0543,15032,1.879,26.76,85.36,1000.21,5.68
1810,2026-08-05,2026-08-05 03:31:02 PM,54300.158,905.0026,19239,2.4049,16446,2.0558,15033,1.8791,26.76,85.36,1000.23,5.68
1811,2026-08-05,2026-08-05 03:31:32 PM,54330.161,905.5027,19251,2.4064,16449,2.0561,15016,1.877,26.77,85.34,1000.2,5.68
1812,2026-08-05,2026-08-05 03:32:02 PM,54360.156,906.0026,19284,2.4105,16465,2.0581,15016,1.877,26.77,85.35,1000.22,5.68
1813,2026-08-05,2026-08-05 03:32:32 PM,54390.154,906.5026,19308,2.4135,16480,2.06,15007,1.8759,26.77,85.35,1000.22,5.68
1814,2026-08-05,2026-08-05 03:33:02 PM,54420.158,907.0026,19357,2.4196,16484,2.0605,14993,1.8741,26.77,85.36,1000.19,5.68
1815,2026-08-05,2026-08-05 03:33:32 PM,54450.156,907.5026,19385,2.4231,16498,2.0623,14983,1.8729,26.77,85.35,1000.19,5.68
1816,2026-08-05,2026-08-05 03:34:02 PM,54480.149,908.0025,19409,2.4261,16505,2.0631,14976,1.872,26.77,85.35,1000.21,5.68
1817,2026-08-05,2026-08-05 03:34:32 PM,54510.15,908.5025,19431,2.4289,16516,2.0645,14974,1.8718,26.77,85.34,1000.2,5.68
1818,2026-08-05,2026-08-05 03:35:02 PM,54540.155,909.0026,19445,2.4306,16512,2.064,14965,1.8706,26.76,85.33,1000.19,5.68
1819,2026-08-05,2026-08-05 03:35:32 PM,54570.153,909.5026,19483,2.4354,16519,2.0649,14964,1.8705,26.76,85.33,1000.18,5.68
1820,2026-08-05,2026-08-05 03:36:02 PM,54600.143,910.0024,19500,2.4375,16529,2.0661,14975,1.8719,26.75,85.33,1000.19,5.68
1821,2026-08-05,2026-08-05 03:36:32 PM,54630.15,910.5025,19514,2.4393,16528,2.066,14998,1.8748,26.75,85.33,1000.19,5.68
1822,2026-08-05,2026-08-05 03:37:02 PM,54660.145,911.0024,18878,2.3598,16544,2.068,15020,1.8775,26.75,85.35,1000.18,5.68
1823,2026-08-05,2026-08-05 03:37:32 PM,54690.154,911.5026,19573,2.4466,16555,2.0694,15021,1.8776,26.75,85.33,1000.19,5.68
1824,2026-08-05,2026-08-05 03:38:02 PM,54720.145,912.0024,19586,2.4483,16571,2.0714,15017,1.8771,26.74,85.35,1000.2,5.68
1825,2026-08-05,2026-08-05 03:38:32 PM,54750.142,912.5024,19598,2.4498,16580,2.0725,15023,1.8779,26.74,85.36,1000.2,5.68
1826,2026-08-05,2026-08-05 03:39:02 PM,54780.154,913.0026,19594,2.4493,16588,2.0735,15026,1.8783,26.74,85.37,1000.18,5.68
1827,2026-08-05,2026-08-05 03:39:32 PM,54810.144,913.5024,19563,2.4454,16592,2.074,15034,1.8793,26.74,85.38,1000.14,5.68
1828,2026-08-05,2026-08-05 03:40:02 PM,54840.145,914.0024,19475,2.4344,16597,2.0746,15027,1.8784,26.74,85.38,1000.13,5.68
1829,2026-08-05,2026-08-05 03:40:32 PM,54870.144,914.5024,19331,2.4164,16603,2.0754,15028,1.8785,26.74,85.4,1000.14,5.68
1830,2026-08-05,2026-08-05 03:41:02 PM,54900.145,915.0024,19162,2.3953,16609,2.0761,15028,1.8785,26.74,85.41,1000.11,5.68
1831,2026-08-05,2026-08-05 03:41:32 PM,54930.145,915.5024,19053,2.3816,16607,2.0759,15039,1.8799,26.74,85.41,1000.1,5.68
1832,2026-08-05,2026-08-05 03:42:02 PM,54960.138,916.0023,18976,2.372,16610,2.0763,15034,1.8793,26.74,85.42,1000.08,5.68
1833,2026-08-05,2026-08-05 03:42:32 PM,54990.152,916.5025,18935,2.3669,16620,2.0775,15041,1.8801,26.74,85.43,1000.06,5.68
1834,2026-08-05,2026-08-05 03:43:02 PM,55020.135,917.0022,18911,2.3639,16628,2.0785,15043,1.8804,26.74,85.42,1000.06,5.68
1835,2026-08-05,2026-08-05 03:43:32 PM,55050.152,917.5025,18927,2.3659,16647,2.0809,15037,1.8796,26.75,85.42,1000.04,5.68
1836,2026-08-05,2026-08-05 03:44:02 PM,55080.143,918.0024,18919,2.3649,16653,2.0816,15044,1.8805,26.75,85.43,1000.04,5.68
1837,2026-08-05,2026-08-05 03:44:32 PM,55110.141,918.5023,18938,2.3673,16655,2.0819,15064,1.883,26.75,85.43,1000.05,5.68
1838,2026-08-05,2026-08-05 03:45:02 PM,55140.137,919.0023,18951,2.3689,16663,2.0829,15061,1.8826,26.76,85.43,1000.07,5.68
1839,2026-08-05,2026-08-05 03:45:32 PM,55170.137,919.5023,18973,2.3716,16673,2.0841,15063,1.8829,26.76,85.43,1000.05,5.68
1840,2026-08-05,2026-08-05 03:46:02 PM,55200.137,920.0023,19012,2.3765,16680,2.085,15065,1.8831,26.77,85.45,1000.06,5.68
1841,2026-08-05,2026-08-05 03:46:32 PM,55230.134,920.5022,19060,2.3825,16689,2.0861,15065,1.8831,26.77,85.45,1000.06,5.68
1842,2026-08-05,2026-08-05 03:47:02 PM,55260.14,921.0023,19097,2.3871,16703,2.0879,15070,1.8838,26.78,85.44,1000.06,5.68
1843,2026-08-05,2026-08-05 03:47:32 PM,55290.133,921.5022,19163,2.3954,16710,2.0888,15074,1.8843,26.78,85.45,1000.07,5.68
1844,2026-08-05,2026-08-05 03:48:02 PM,55320.136,922.0023,19229,2.4036,16734,2.0918,15084,1.8855,26.79,85.44,1000.07,5.68
1845,2026-08-05,2026-08-05 03:48:32 PM,55350.133,922.5022,19277,2.4096,16739,2.0924,15100,1.8875,26.79,85.43,1000.07,5.68
1846,2026-08-05,2026-08-05 03:49:02 PM,55380.145,923.0024,19340,2.4175,16754,2.0943,15110,1.8888,26.8,85.45,1000.08,5.68
1847,2026-08-05,2026-08-05 03:49:32 PM,55410.138,923.5023,19390,2.4238,16752,2.094,15115,1.8894,26.8,85.43,1000.07,5.68
1848,2026-08-05,2026-08-05 03:50:02 PM,55440.128,924.0021,19441,2.4301,16764,2.0955,15130,1.8913,26.81,85.46,1000.08,5.68
1849,2026-08-05,2026-08-05 03:50:32 PM,55470.129,924.5022,19484,2.4355,16777,2.0971,15138,1.8923,26.81,85.44,1000.07,5.68
1850,2026-08-05,2026-08-05 03:51:02 PM,55500.134,925.0022,19536,2.442,16789,2.0986,15145,1.8931,26.81,85.44,1000.08,5.68
1851,2026-08-05,2026-08-05 03:51:32 PM,55530.134,925.5022,19576,2.447,16800,2.1,15149,1.8936,26.81,85.44,1000.06,5.68
1852,2026-08-05,2026-08-05 03:52:02 PM,55560.134,926.0022,19640,2.455,16807,2.1009,15164,1.8955,26.81,85.44,1000.07,5.68
1853,2026-08-05,2026-08-05 03:52:32 PM,55590.124,926.5021,19682,2.4603,16816,2.102,15170,1.8963,26.81,85.45,1000.07,5.68
1854,2026-08-05,2026-08-05 03:53:02 PM,55620.133,927.0022,19721,2.4651,16834,2.1043,15173,1.8966,26.81,85.46,1000.06,5.68
1855,2026-08-05,2026-08-05 03:53:32 PM,55650.133,927.5022,19766,2.4708,16838,2.1048,15179,1.8974,26.81,85.46,1000.04,5.68
1856,2026-08-05,2026-08-05 03:54:02 PM,55680.115,928.0019,19809,2.4761,16844,2.1055,15184,1.898,26.81,85.44,1000.01,5.68
1857,2026-08-05,2026-08-05 03:54:32 PM,55710.132,928.5022,19853,2.4816,16847,2.1059,15193,1.8991,26.8,85.44,1000.01,5.68
1858,2026-08-05,2026-08-05 03:55:02 PM,55740.13,929.0022,19907,2.4884,16868,2.1085,15201,1.9001,26.8,85.45,1000.01,5.68
1859,2026-08-05,2026-08-05 03:55:32 PM,55770.131,929.5022,19955,2.4944,16870,2.1088,15214,1.9018,26.79,85.44,1000.01,5.68
1860,2026-08-05,2026-08-05 03:56:02 PM,55800.129,930.0022,20008,2.501,16879,2.1099,15233,1.9041,26.79,85.45,1000.01,5.68
1861,2026-08-05,2026-08-05 03:56:32 PM,55830.121,930.502,20055,2.5069,16894,2.1118,15240,1.905,26.78,85.45,1000.01,5.68
1862,2026-08-05,2026-08-05 03:57:02 PM,55860.136,931.0023,20100,2.5125,16911,2.1139,15285,1.9106,26.79,85.47,1000.03,5.68
1863,2026-08-05,2026-08-05 03:57:32 PM,55890.119,931.502,20169,2.5211,16926,2.1158,15317,1.9146,26.78,85.47,1000.02,5.68
1864,2026-08-05,2026-08-05 03:58:02 PM,55920.12,932.002,20188,2.5235,16940,2.1175,15339,1.9174,26.78,85.48,1000.03,5.68
1865,2026-08-05,2026-08-05 03:58:32 PM,55950.122,932.502,20269,2.5336,16951,2.1189,15362,1.9203,26.78,85.48,1000.03,5.68
1866,2026-08-05,2026-08-05 03:59:02 PM,55980.13,933.0022,20310,2.5388,16958,2.1198,15367,1.9209,26.77,85.52,1000.02,5.68
1867,2026-08-05,2026-08-05 03:59:32 PM,56010.134,933.5022,20327,2.5409,16972,2.1215,15368,1.921,26.77,85.52,1000.0,5.68
1868,2026-08-05,2026-08-05 04:00:02 PM,56040.115,934.0019,20388,2.5485,16971,2.1214,15376,1.922,26.77,85.53,1000.0,5.68
1869,2026-08-05,2026-08-05 04:00:32 PM,56070.136,934.5023,20410,2.5513,16976,2.122,15380,1.9225,26.77,85.53,999.98,5.68
1870,2026-08-05,2026-08-05 04:01:02 PM,56100.115,935.0019,20442,2.5553,16990,2.1238,15392,1.924,26.78,85.55,999.97,5.68
1871,2026-08-05,2026-08-05 04:01:32 PM,56130.117,935.502,20470,2.5588,16999,2.1249,15390,1.9238,26.78,85.54,999.96,5.68
1872,2026-08-05,2026-08-05 04:02:02 PM,56160.133,936.0022,20506,2.5633,17009,2.1261,15390,1.9238,26.78,85.56,999.95,5.68
1873,2026-08-05,2026-08-05 04:02:32 PM,56190.12,936.502,20523,2.5654,17009,2.1261,15383,1.9229,26.78,85.55,999.93,5.68
1874,2026-08-05,2026-08-05 04:03:02 PM,56220.109,937.0018,20531,2.5664,17022,2.1278,15380,1.9225,26.79,85.57,999.91,5.68
1875,2026-08-05,2026-08-05 04:03:32 PM,56250.123,937.5021,20593,2.5741,17032,2.129,15405,1.9256,26.79,85.54,999.88,5.68
1876,2026-08-05,2026-08-05 04:04:02 PM,56280.114,938.0019,20621,2.5776,17046,2.1308,15431,1.9289,26.8,85.56,999.89,5.68
1877,2026-08-05,2026-08-05 04:04:32 PM,56310.122,938.502,20658,2.5823,17057,2.1321,15448,1.931,26.8,85.56,999.89,5.68
1878,2026-08-05,2026-08-05 04:05:02 PM,56340.11,939.0018,20680,2.585,17070,2.1338,15463,1.9329,26.81,85.56,999.89,5.68
1879,2026-08-05,2026-08-05 04:05:32 PM,56370.113,939.5019,20694,2.5868,17078,2.1348,15477,1.9346,26.81,85.58,999.88,5.68
1880,2026-08-05,2026-08-05 04:06:02 PM,56400.109,940.0018,20715,2.5894,17091,2.1364,15485,1.9356,26.81,85.57,999.89,5.68
1881,2026-08-05,2026-08-05 04:06:32 PM,56430.115,940.5019,20740,2.5925,17101,2.1376,15491,1.9364,26.82,85.58,999.85,5.68
1882,2026-08-05,2026-08-05 04:07:02 PM,56460.118,941.002,20758,2.5948,17126,2.1408,15503,1.9379,26.82,85.57,999.87,5.68
1883,2026-08-05,2026-08-05 04:07:32 PM,56490.115,941.5019,20784,2.598,17145,2.1431,15514,1.9393,26.82,85.57,999.88,5.68
1884,2026-08-05,2026-08-05 04:08:02 PM,56520.113,942.0019,20799,2.5999,17154,2.1443,15526,1.9408,26.82,85.57,999.88,5.68
1885,2026-08-05,2026-08-05 04:08:32 PM,56550.108,942.5018,20815,2.6019,17164,2.1455,15525,1.9406,26.83,85.56,999.88,5.68
1886,2026-08-05,2026-08-05 04:09:02 PM,56580.111,943.0018,20834,2.6043,17186,2.1483,15527,1.9409,26.82,85.57,999.88,5.68
1887,2026-08-05,2026-08-05 04:09:32 PM,56610.115,943.5019,20844,2.6055,17191,2.1489,15561,1.9451,26.83,85.57,999.87,5.68
1888,2026-08-05,2026-08-05 04:10:02 PM,56640.116,944.0019,20841,2.6051,17203,2.1504,15516,1.9395,26.83,85.6,999.88,5.68
1889,2026-08-05,2026-08-05 04:10:32 PM,56670.105,944.5018,20851,2.6064,17210,2.1513,15536,1.942,26.83,85.61,999.85,5.68
1890,2026-08-05,2026-08-05 04:11:02 PM,56700.112,945.0019,20862,2.6078,17242,2.1553,15586,1.9483,26.83,85.61,999.85,5.68
1891,2026-08-05,2026-08-05 04:11:32 PM,56730.108,945.5018,20833,2.6041,17234,2.1543,15499,1.9374,26.83,85.6,999.84,5.68
1892,2026-08-05,2026-08-05 04:12:02 PM,56760.105,946.0018,20798,2.5998,17245,2.1556,15478,1.9348,26.83,85.63,999.83,5.68
1893,2026-08-05,2026-08-05 04:12:32 PM,56790.104,946.5017,20735,2.5919,17249,2.1561,15460,1.9325,26.83,85.6,999.84,5.68
1894,2026-08-05,2026-08-05 04:13:02 PM,56820.104,947.0017,20662,2.5828,17241,2.1551,15442,1.9303,26.83,85.63,999.83,5.68
1895,2026-08-05,2026-08-05 04:13:32 PM,56850.102,947.5017,20598,2.5748,17244,2.1555,15416,1.927,26.82,85.64,999.83,5.68
1896,2026-08-05,2026-08-05 04:14:02 PM,56880.105,948.0017,20545,2.5681,17239,2.1549,15400,1.925,26.82,85.64,999.83,5.68
1897,2026-08-05,2026-08-05 04:14:32 PM,56910.109,948.5018,20511,2.5639,17243,2.1554,15390,1.9238,26.82,85.65,999.83,5.68
1898,2026-08-05,2026-08-05 04:15:02 PM,56940.097,949.0016,20496,2.562,17253,2.1566,15382,1.9228,26.81,85.65,999.83,5.68
1899,2026-08-05,2026-08-05 04:15:32 PM,56970.11,949.5018,20490,2.5613,17254,2.1568,15370,1.9213,26.81,85.65,999.81,5.68
1900,2026-08-05,2026-08-05 04:16:02 PM,57000.099,950.0016,20483,2.5604,17243,2.1554,15363,1.9204,26.8,85.64,999.82,5.68
1901,2026-08-05,2026-08-05 04:16:32 PM,57030.097,950.5016,20487,2.5609,17245,2.1556,15348,1.9185,26.79,85.64,999.8,5.68
1902,2026-08-05,2026-08-05 04:17:02 PM,57060.108,951.0018,20504,2.563,17244,2.1555,15346,1.9183,26.79,85.64,999.79,5.68
1903,2026-08-05,2026-08-05 04:17:32 PM,57090.104,951.5017,20539,2.5674,17260,2.1575,15340,1.9175,26.78,85.66,999.81,5.68
1904,2026-08-05,2026-08-05 04:18:02 PM,57120.104,952.0017,20560,2.57,17279,2.1599,15354,1.9193,26.77,85.66,999.78,5.68
1905,2026-08-05,2026-08-05 04:18:32 PM,57150.104,952.5017,20583,2.5729,17271,2.1589,15341,1.9176,26.77,85.67,999.79,5.68
1906,2026-08-05,2026-08-05 04:19:02 PM,57180.105,953.0018,20610,2.5763,17272,2.159,15340,1.9175,26.76,85.67,999.77,5.68
1907,2026-08-05,2026-08-05 04:19:32 PM,57210.104,953.5017,20629,2.5786,17275,2.1594,15350,1.9188,26.76,85.68,999.79,5.68
1908,2026-08-05,2026-08-05 04:20:02 PM,57240.101,954.0017,20665,2.5831,17294,2.1618,15361,1.9201,26.76,85.68,999.79,5.68
1909,2026-08-05,2026-08-05 04:20:32 PM,57270.093,954.5015,20681,2.5851,17300,2.1625,15362,1.9203,26.76,85.7,999.78,5.68
1910,2026-08-05,2026-08-05 04:21:02 PM,57300.104,955.0017,20717,2.5896,17308,2.1635,15362,1.9203,26.75,85.71,999.8,5.68
1911,2026-08-05,2026-08-05 04:21:32 PM,57330.1,955.5017,20742,2.5928,17326,2.1658,15358,1.9198,26.75,85.75,999.8,5.68
1912,2026-08-05,2026-08-05 04:22:02 PM,57360.105,956.0017,20764,2.5955,17326,2.1658,15362,1.9203,26.75,85.75,999.8,5.68
1913,2026-08-05,2026-08-05 04:22:32 PM,57390.097,956.5016,20781,2.5976,17329,2.1661,15368,1.921,26.75,85.75,999.8,5.68
1914,2026-08-05,2026-08-05 04:23:02 PM,57420.092,957.0015,20798,2.5998,17340,2.1675,15368,1.921,26.75,85.76,999.82,5.68
1915,2026-08-05,2026-08-05 04:23:32 PM,57450.099,957.5017,20826,2.6033,17345,2.1681,15364,1.9205,26.75,85.77,999.83,5.68
1916,2026-08-05,2026-08-05 04:24:02 PM,57480.091,958.0015,20836,2.6045,17356,2.1695,15359,1.9199,26.75,85.78,999.85,5.68
1917,2026-08-05,2026-08-05 04:24:32 PM,57510.098,958.5016,20861,2.6076,17359,2.1699,15358,1.9198,26.75,85.79,999.83,5.68
1918,2026-08-05,2026-08-05 04:25:02 PM,57540.101,959.0017,20882,2.6103,17364,2.1705,15346,1.9183,26.76,85.81,999.85,5.68
1919,2026-08-05,2026-08-05 04:25:32 PM,57570.094,959.5016,20900,2.6125,17363,2.1704,15371,1.9214,26.76,85.79,999.84,5.68
1920,2026-08-05,2026-08-05 04:26:02 PM,57600.088,960.0015,20919,2.6149,17372,2.1715,15365,1.9206,26.76,85.79,999.84,5.68
1921,2026-08-05,2026-08-05 04:26:32 PM,57630.088,960.5015,20933,2.6166,17378,2.1723,15362,1.9203,26.76,85.8,999.83,5.68
1922,2026-08-05,2026-08-05 04:27:02 PM,57660.09,961.0015,20947,2.6184,17390,2.1738,15357,1.9196,26.77,85.81,999.86,5.68
1923,2026-08-05,2026-08-05 04:27:32 PM,57690.094,961.5016,20965,2.6206,17391,2.1739,15361,1.9201,26.77,85.82,999.88,5.68
1924,2026-08-05,2026-08-05 04:28:02 PM,57720.095,962.0016,20981,2.6226,17404,2.1755,15357,1.9196,26.78,85.83,999.89,5.68
1925,2026-08-05,2026-08-05 04:28:32 PM,57750.099,962.5016,20993,2.6241,17410,2.1763,15342,1.9178,26.78,85.84,999.9,5.68
1926,2026-08-05,2026-08-05 04:29:02 PM,57780.086,963.0014,21006,2.6258,17420,2.1775,15336,1.917,26.78,85.82,999.9,5.68
1927,2026-08-05,2026-08-05 04:29:32 PM,57810.095,963.5016,21011,2.6264,17414,2.1768,15330,1.9163,26.79,85.84,999.89,5.68
1928,2026-08-05,2026-08-05 04:30:02 PM,57840.095,964.0016,21037,2.6296,17427,2.1784,15322,1.9153,26.79,85.82,999.89,5.68
1929,2026-08-05,2026-08-05 04:30:32 PM,57870.085,964.5014,21057,2.6321,17435,2.1794,15307,1.9134,26.8,85.83,999.91,5.68
1930,2026-08-05,2026-08-05 04:31:02 PM,57900.083,965.0014,20831,2.6039,17444,2.1805,15301,1.9126,26.8,85.82,999.92,5.68
1931,2026-08-05,2026-08-05 04:31:32 PM,57930.085,965.5014,20972,2.6215,17451,2.1814,15286,1.9108,26.81,85.83,999.91,5.68
1932,2026-08-05,2026-08-05 04:32:02 PM,57960.083,966.0014,21028,2.6285,17462,2.1827,15277,1.9096,26.81,85.83,999.92,5.68
1933,2026-08-05,2026-08-05 04:32:32 PM,57990.09,966.5015,21063,2.6329,17467,2.1834,15284,1.9105,26.82,85.82,999.94,5.68
1934,2026-08-05,2026-08-05 04:33:02 PM,58020.084,967.0014,21091,2.6364,17473,2.1841,15260,1.9075,26.82,85.84,999.94,5.68
1935,2026-08-05,2026-08-05 04:33:32 PM,58050.084,967.5014,21115,2.6394,17476,2.1845,15254,1.9068,26.83,85.83,999.95,5.68
1936,2026-08-05,2026-08-05 04:34:02 PM,58080.085,968.0014,21151,2.6439,17481,2.1851,15251,1.9064,26.83,85.82,999.96,5.68
1937,2026-08-05,2026-08-05 04:34:32 PM,58110.077,968.5013,21171,2.6464,17487,2.1859,15235,1.9044,26.83,85.81,999.96,5.68
1938,2026-08-05,2026-08-05 04:35:02 PM,58140.085,969.0014,21200,2.65,17480,2.185,15225,1.9031,26.83,85.81,999.95,5.68
1939,2026-08-05,2026-08-05 04:35:32 PM,58170.077,969.5013,21237,2.6546,17494,2.1868,15218,1.9023,26.83,85.81,999.98,5.68
1940,2026-08-05,2026-08-05 04:36:02 PM,58200.083,970.0014,21256,2.657,17502,2.1878,15203,1.9004,26.82,85.81,999.97,5.68
1941,2026-08-05,2026-08-05 04:36:32 PM,58230.073,970.5012,21296,2.662,17509,2.1886,15193,1.8991,26.82,85.81,999.99,5.68
1942,2026-08-05,2026-08-05 04:37:02 PM,58260.074,971.0012,20704,2.588,17516,2.1895,15182,1.8978,26.82,85.8,999.98,5.68
1943,2026-08-05,2026-08-05 04:37:32 PM,58290.085,971.5014,21347,2.6684,17517,2.1896,15170,1.8963,26.81,85.81,999.99,5.68
1944,2026-08-05,2026-08-05 04:38:02 PM,58320.087,972.0015,21385,2.6731,17524,2.1905,15169,1.8961,26.81,85.81,999.99,5.68
1945,2026-08-05,2026-08-05 04:38:32 PM,58350.074,972.5012,21416,2.677,17535,2.1919,15147,1.8934,26.8,85.82,999.99,5.68
1946,2026-08-05,2026-08-05 04:39:02 PM,58380.075,973.0013,21429,2.6786,17522,2.1903,15134,1.8918,26.8,85.81,999.99,5.68
1947,2026-08-05,2026-08-05 04:39:32 PM,58410.069,973.5012,21451,2.6814,17519,2.1899,15118,1.8898,26.8,85.82,999.99,5.68
1948,2026-08-05,2026-08-05 04:40:02 PM,58440.074,974.0012,21495,2.6869,17528,2.191,15109,1.8886,26.8,85.82,1000.01,5.68
1949,2026-08-05,2026-08-05 04:40:32 PM,58470.066,974.5011,21494,2.6868,17532,2.1915,15094,1.8868,26.79,85.85,1000.0,5.68
1950,2026-08-05,2026-08-05 04:41:02 PM,58500.077,975.0013,21553,2.6941,17538,2.1923,15083,1.8854,26.8,85.84,1000.01,5.68
1951,2026-08-05,2026-08-05 04:41:32 PM,58530.078,975.5013,21554,2.6943,17549,2.1936,15074,1.8843,26.8,85.85,1000.03,5.68
1952,2026-08-05,2026-08-05 04:42:02 PM,58560.077,976.0013,21606,2.7008,17552,2.194,15075,1.8844,26.8,85.86,1000.02,5.68
1953,2026-08-05,2026-08-05 04:42:32 PM,58590.081,976.5013,21559,2.6949,17555,2.1944,15063,1.8829,26.8,85.88,1000.05,5.68
1954,2026-08-05,2026-08-05 04:43:02 PM,58620.07,977.0012,21633,2.7041,17554,2.1943,15045,1.8806,26.8,85.88,1000.03,5.68
1955,2026-08-05,2026-08-05 04:43:32 PM,58650.072,977.5012,21662,2.7078,17557,2.1946,15037,1.8796,26.81,85.89,1000.02,5.68
1956,2026-08-05,2026-08-05 04:44:02 PM,58680.073,978.0012,21682,2.7103,17560,2.195,15034,1.8793,26.81,85.9,1000.02,5.68
1957,2026-08-05,2026-08-05 04:44:32 PM,58710.073,978.5012,21703,2.7129,17563,2.1954,15025,1.8781,26.82,85.89,1000.02,5.68
1958,2026-08-05,2026-08-05 04:45:02 PM,58740.067,979.0011,21704,2.713,17567,2.1959,15005,1.8756,26.82,85.9,1000.01,5.68
1959,2026-08-05,2026-08-05 04:45:32 PM,58770.07,979.5012,21744,2.718,17576,2.197,15004,1.8755,26.83,85.91,1000.01,5.68
1960,2026-08-05,2026-08-05 04:46:02 PM,58800.066,980.0011,21766,2.7208,17577,2.1971,14991,1.8739,26.84,85.92,999.98,5.68
1961,2026-08-05,2026-08-05 04:46:32 PM,58830.06,980.501,21777,2.7221,17583,2.1979,14984,1.873,26.84,85.91,999.97,5.68
1962,2026-08-05,2026-08-05 04:47:02 PM,58860.068,981.0011,21797,2.7246,17588,2.1985,14969,1.8711,26.85,85.92,999.98,5.68
1963,2026-08-05,2026-08-05 04:47:32 PM,58890.063,981.5011,21796,2.7245,17592,2.199,14964,1.8705,26.84,85.92,999.95,5.68
1964,2026-08-05,2026-08-05 04:48:02 PM,58920.061,982.001,21820,2.7275,17605,2.2006,14953,1.8691,26.85,85.93,999.95,5.68
1965,2026-08-05,2026-08-05 04:48:32 PM,58950.059,982.501,21827,2.7284,17606,2.2008,14945,1.8681,26.86,85.91,999.93,5.68
1966,2026-08-05,2026-08-05 04:49:02 PM,58980.064,983.0011,21829,2.7286,17614,2.2018,14933,1.8666,26.86,85.92,999.94,5.68
1967,2026-08-05,2026-08-05 04:49:32 PM,59010.07,983.5012,21851,2.7314,17613,2.2016,14933,1.8666,26.87,85.92,999.93,5.68
1968,2026-08-05,2026-08-05 04:50:02 PM,59040.069,984.0012,21854,2.7318,17622,2.2028,14927,1.8659,26.87,85.93,999.92,5.68
1969,2026-08-05,2026-08-05 04:50:32 PM,59070.068,984.5011,21874,2.7343,17636,2.2045,14917,1.8646,26.88,85.94,999.93,5.68
1970,2026-08-05,2026-08-05 04:51:02 PM,59100.064,985.0011,21889,2.7361,17642,2.2053,14911,1.8639,26.88,85.93,999.93,5.68
1971,2026-08-05,2026-08-05 04:51:32 PM,59130.068,985.5011,21908,2.7385,17656,2.207,14909,1.8636,26.88,85.93,999.94,5.68
1972,2026-08-05,2026-08-05 04:52:02 PM,59160.059,986.001,21903,2.7379,17658,2.2073,14906,1.8633,26.89,85.91,999.96,5.68
1973,2026-08-05,2026-08-05 04:52:32 PM,59190.069,986.5012,21907,2.7384,17655,2.2069,14901,1.8626,26.89,85.92,999.94,5.68
1974,2026-08-05,2026-08-05 04:53:02 PM,59220.049,987.0008,21862,2.7328,17671,2.2089,14897,1.8621,26.89,85.92,999.95,5.68
