Saved Sample Number,Date,Timestamp,Elapsed Time (seconds),Elapsed Time (minutes),Gas Sensor 1 Raw,Gas Sensor 1 Voltage (V),Gas Sensor 2 Raw,Gas Sensor 2 Voltage (V),Gas Sensor 3 Raw,Gas Sensor 3 Voltage (V),Temperature (C),Humidity (%),Pressure (hPa),BME680 Gas Resistance (kOhms)
1,2026-07-28,2026-07-28 12:49:42 AM,60.005,1.0001,7458,0.9323,4056,0.507,10265,1.2831,26.45,50.34,991.43,110.51
2,2026-07-28,2026-07-28 12:50:42 AM,120.03,2.0005,7340,0.9175,3984,0.498,10445,1.3056,26.63,49.69,991.4,112.11
3,2026-07-28,2026-07-28 12:51:42 AM,180.029,3.0005,7315,0.9144,3965,0.4956,10574,1.3218,26.77,50.18,991.38,110.73
4,2026-07-28,2026-07-28 12:52:42 AM,240.03,4.0005,7292,0.9115,3953,0.4941,10635,1.3294,26.88,50.42,991.34,109.73
5,2026-07-28,2026-07-28 12:53:42 AM,300.023,5.0004,7270,0.9088,3938,0.4923,10675,1.3344,26.98,50.53,991.36,110.08
6,2026-07-28,2026-07-28 12:54:42 AM,360.026,6.0004,7244,0.9055,3922,0.4903,10690,1.3363,27.05,50.56,991.33,110.37
7,2026-07-28,2026-07-28 12:55:42 AM,420.023,7.0004,7215,0.9019,3901,0.4876,10699,1.3374,27.12,50.57,991.36,110.73
8,2026-07-28,2026-07-28 12:56:42 AM,480.027,8.0004,7185,0.8981,3887,0.4859,10723,1.3404,27.18,50.58,991.35,110.73
9,2026-07-28,2026-07-28 12:57:42 AM,540.007,9.0001,7140,0.8925,3868,0.4835,10732,1.3415,27.23,50.57,991.35,110.87
10,2026-07-28,2026-07-28 12:58:42 AM,600.011,10.0002,7114,0.8893,3848,0.481,10751,1.3439,27.27,50.56,991.36,111.09
11,2026-07-28,2026-07-28 12:59:43 AM,660.204,11.0034,7073,0.8841,3835,0.4794,10763,1.3454,27.31,50.6,991.34,111.6
12,2026-07-28,2026-07-28 01:00:42 AM,720.005,12.0001,7044,0.8805,3818,0.4773,10772,1.3465,27.33,50.62,991.32,112.04
13,2026-07-28,2026-07-28 01:01:42 AM,780.018,13.0003,7029,0.8786,3805,0.4756,10780,1.3475,27.36,50.67,991.32,112.04
14,2026-07-28,2026-07-28 01:02:42 AM,840.018,14.0003,7004,0.8755,3790,0.4738,10787,1.3484,27.39,50.68,991.32,112.48
15,2026-07-28,2026-07-28 01:03:42 AM,900.014,15.0002,6991,0.8739,3778,0.4723,10780,1.3475,27.43,50.75,991.34,112.7
16,2026-07-28,2026-07-28 01:04:42 AM,960.009,16.0002,6974,0.8718,3767,0.4709,10785,1.3481,27.46,50.8,991.34,112.4
17,2026-07-28,2026-07-28 01:05:42 AM,1020.011,17.0002,6961,0.8701,3756,0.4695,10793,1.3491,27.5,50.87,991.32,112.48
18,2026-07-28,2026-07-28 01:06:42 AM,1080.008,18.0001,6940,0.8675,3744,0.468,10797,1.3496,27.53,50.95,991.33,112.4
19,2026-07-28,2026-07-28 01:07:42 AM,1140.008,19.0001,6916,0.8645,3739,0.4674,10803,1.3504,27.57,51.05,991.33,112.33
20,2026-07-28,2026-07-28 01:08:42 AM,1200.007,20.0001,6906,0.8633,3727,0.4659,10814,1.3518,27.6,51.15,991.33,111.96
21,2026-07-28,2026-07-28 01:09:42 AM,1260.003,21.0,6895,0.8619,3725,0.4656,10820,1.3525,27.63,51.24,991.31,112.18
22,2026-07-28,2026-07-28 01:10:42 AM,1320.004,22.0001,6889,0.8611,3718,0.4648,10831,1.3539,27.66,51.34,991.28,111.45
23,2026-07-28,2026-07-28 01:11:42 AM,1380.007,23.0001,6886,0.8608,3707,0.4634,10837,1.3546,27.69,51.45,991.26,111.16
24,2026-07-28,2026-07-28 01:12:42 AM,1440.001,24.0,6884,0.8605,3710,0.4638,10846,1.3558,27.72,51.55,991.25,111.3
25,2026-07-28,2026-07-28 01:13:43 AM,1500.208,25.0035,6860,0.8575,3698,0.4623,10859,1.3574,27.74,51.67,991.23,111.09
26,2026-07-28,2026-07-28 01:14:43 AM,1560.206,26.0034,6848,0.856,3701,0.4626,10869,1.3586,27.77,51.78,991.25,111.16
27,2026-07-28,2026-07-28 01:15:43 AM,1620.198,27.0033,6838,0.8548,3694,0.4618,10877,1.3596,27.79,51.91,991.27,111.01
28,2026-07-28,2026-07-28 01:16:43 AM,1680.198,28.0033,6824,0.853,3689,0.4611,10886,1.3608,27.8,52.05,991.27,111.09
29,2026-07-28,2026-07-28 01:17:43 AM,1740.197,29.0033,6819,0.8524,3684,0.4605,10909,1.3636,27.82,52.18,991.25,110.51
30,2026-07-28,2026-07-28 01:18:43 AM,1800.206,30.0034,6801,0.8501,3677,0.4596,10909,1.3636,27.83,52.3,991.27,109.94
31,2026-07-28,2026-07-28 01:19:43 AM,1860.2,31.0033,6797,0.8496,3677,0.4596,10913,1.3641,27.85,52.42,991.26,109.87
32,2026-07-28,2026-07-28 01:20:43 AM,1920.203,32.0034,6781,0.8476,3676,0.4595,10919,1.3649,27.86,52.55,991.24,110.08
33,2026-07-28,2026-07-28 01:21:43 AM,1980.202,33.0034,6784,0.848,3675,0.4594,10917,1.3646,27.88,52.66,991.23,109.52
34,2026-07-28,2026-07-28 01:22:43 AM,2040.193,34.0032,6782,0.8478,3665,0.4581,10924,1.3655,27.91,52.78,991.23,109.66
35,2026-07-28,2026-07-28 01:23:43 AM,2100.191,35.0032,6773,0.8466,3666,0.4583,10925,1.3656,27.93,52.91,991.23,109.1
36,2026-07-28,2026-07-28 01:24:43 AM,2160.193,36.0032,6764,0.8455,3667,0.4584,10925,1.3656,27.95,53.02,991.19,108.89
37,2026-07-28,2026-07-28 01:25:43 AM,2220.188,37.0031,6759,0.8449,3658,0.4573,10927,1.3659,27.97,53.15,991.2,108.47
38,2026-07-28,2026-07-28 01:26:43 AM,2280.184,38.0031,6751,0.8439,3660,0.4575,10928,1.366,28.0,53.26,991.22,108.06
39,2026-07-28,2026-07-28 01:27:43 AM,2340.195,39.0032,6744,0.843,3664,0.458,10929,1.3661,28.02,53.38,991.24,108.34
40,2026-07-28,2026-07-28 01:28:43 AM,2400.194,40.0032,6748,0.8435,3663,0.4579,10932,1.3665,28.04,53.48,991.25,107.93
41,2026-07-28,2026-07-28 01:29:43 AM,2460.184,41.0031,6739,0.8424,3657,0.4571,10942,1.3678,28.07,53.6,991.28,107.65
42,2026-07-28,2026-07-28 01:30:43 AM,2520.18,42.003,6731,0.8414,3651,0.4564,10938,1.3673,28.09,53.72,991.29,106.98
43,2026-07-28,2026-07-28 01:31:43 AM,2580.183,43.003,6725,0.8406,3649,0.4561,10948,1.3685,28.12,53.81,991.26,106.91
44,2026-07-28,2026-07-28 01:32:43 AM,2640.177,44.003,6726,0.8408,3645,0.4556,10956,1.3695,28.15,53.93,991.25,107.45
45,2026-07-28,2026-07-28 01:33:43 AM,2700.193,45.0032,6721,0.8401,3652,0.4565,10950,1.3688,28.17,54.04,991.24,106.71
46,2026-07-28,2026-07-28 01:34:43 AM,2760.185,46.0031,6719,0.8399,3647,0.4559,10960,1.37,28.19,54.15,991.2,106.58
47,2026-07-28,2026-07-28 01:35:43 AM,2820.18,47.003,6708,0.8385,3647,0.4559,10968,1.371,28.21,54.25,991.18,106.31
48,2026-07-28,2026-07-28 01:36:43 AM,2880.176,48.0029,6703,0.8379,3646,0.4558,10975,1.3719,28.22,54.38,991.16,106.11
49,2026-07-28,2026-07-28 01:37:43 AM,2940.182,49.003,6703,0.8379,3655,0.4569,10991,1.3739,28.23,54.5,991.16,105.79
50,2026-07-28,2026-07-28 01:38:43 AM,3000.176,50.0029,6699,0.8374,3656,0.457,11007,1.3759,28.24,54.62,991.17,106.18
51,2026-07-28,2026-07-28 01:39:43 AM,3060.18,51.003,6688,0.836,3648,0.456,11006,1.3758,28.25,54.74,991.19,105.92
52,2026-07-28,2026-07-28 01:40:43 AM,3120.172,52.0029,6687,0.8359,3653,0.4566,11009,1.3761,28.26,54.84,991.2,105.33
53,2026-07-28,2026-07-28 01:41:43 AM,3180.174,53.0029,6682,0.8353,3647,0.4559,11008,1.376,28.27,54.96,991.22,105.0
54,2026-07-28,2026-07-28 01:42:43 AM,3240.158,54.0026,6676,0.8345,3642,0.4553,11014,1.3768,28.28,55.08,991.22,104.94
55,2026-07-28,2026-07-28 01:43:43 AM,3300.173,55.0029,6665,0.8331,3643,0.4554,11009,1.3761,28.3,55.18,991.23,105.26
56,2026-07-28,2026-07-28 01:44:43 AM,3360.168,56.0028,6667,0.8334,3647,0.4559,11009,1.3761,28.31,55.3,991.24,104.49
57,2026-07-28,2026-07-28 01:45:43 AM,3420.17,57.0028,6664,0.833,3644,0.4555,11014,1.3768,28.33,55.4,991.24,104.04
58,2026-07-28,2026-07-28 01:46:43 AM,3480.163,58.0027,6666,0.8333,3641,0.4551,11016,1.377,28.35,55.5,991.23,104.17
59,2026-07-28,2026-07-28 01:47:43 AM,3540.166,59.0028,6663,0.8329,3647,0.4559,11026,1.3783,28.36,55.6,991.23,104.23
60,2026-07-28,2026-07-28 01:48:43 AM,3600.175,60.0029,6661,0.8326,3643,0.4554,11031,1.3789,28.38,55.69,991.24,103.73
61,2026-07-28,2026-07-28 01:49:43 AM,3660.162,61.0027,6661,0.8326,3648,0.456,11036,1.3795,28.39,55.79,991.24,103.85
62,2026-07-28,2026-07-28 01:50:43 AM,3720.157,62.0026,6658,0.8323,3644,0.4555,11028,1.3785,28.41,55.91,991.25,103.41
63,2026-07-28,2026-07-28 01:51:43 AM,3780.159,63.0026,6652,0.8315,3644,0.4555,11038,1.3798,28.43,56.0,991.27,102.91
64,2026-07-28,2026-07-28 01:52:43 AM,3840.16,64.0027,6650,0.8313,3651,0.4564,11048,1.381,28.45,56.09,991.26,102.36
65,2026-07-28,2026-07-28 01:53:43 AM,3900.152,65.0025,6649,0.8311,3651,0.4564,11036,1.3795,28.47,56.19,991.24,102.85
66,2026-07-28,2026-07-28 01:54:43 AM,3960.151,66.0025,6641,0.8301,3654,0.4568,11042,1.3803,28.48,56.27,991.23,103.16
67,2026-07-28,2026-07-28 01:55:43 AM,4020.168,67.0028,6639,0.8299,3655,0.4569,11041,1.3801,28.51,56.36,991.2,102.79
68,2026-07-28,2026-07-28 01:56:43 AM,4080.15,68.0025,6638,0.8298,3656,0.457,11050,1.3813,28.52,56.45,991.17,102.73
69,2026-07-28,2026-07-28 01:57:43 AM,4140.154,69.0026,6635,0.8294,3652,0.4565,11053,1.3816,28.54,56.52,991.15,102.24
70,2026-07-28,2026-07-28 01:58:43 AM,4200.158,70.0026,6631,0.8289,3650,0.4563,11054,1.3818,28.56,56.6,991.15,102.42
71,2026-07-28,2026-07-28 01:59:43 AM,4260.147,71.0025,6626,0.8283,3650,0.4563,11065,1.3831,28.57,56.7,991.15,102.11
72,2026-07-28,2026-07-28 02:00:43 AM,4320.15,72.0025,6628,0.8285,3651,0.4564,11063,1.3829,28.58,56.79,991.14,102.24
73,2026-07-28,2026-07-28 02:01:43 AM,4380.155,73.0026,6616,0.827,3654,0.4568,11081,1.3851,28.58,56.88,991.13,102.11
74,2026-07-28,2026-07-28 02:02:43 AM,4440.144,74.0024,6613,0.8266,3651,0.4564,11085,1.3856,28.58,56.97,991.15,101.99
75,2026-07-28,2026-07-28 02:03:43 AM,4500.144,75.0024,6611,0.8264,3650,0.4563,11088,1.386,28.59,57.09,991.15,101.51
76,2026-07-28,2026-07-28 02:04:43 AM,4560.147,76.0025,6618,0.8273,3656,0.457,11084,1.3855,28.59,57.19,991.15,101.63
77,2026-07-28,2026-07-28 02:05:43 AM,4620.146,77.0024,6611,0.8264,3649,0.4561,11078,1.3848,28.6,57.28,991.16,100.67
78,2026-07-28,2026-07-28 02:06:43 AM,4680.151,78.0025,6623,0.8279,3645,0.4556,11074,1.3843,28.61,57.36,991.16,101.32
79,2026-07-28,2026-07-28 02:07:43 AM,4740.152,79.0025,6632,0.829,3647,0.4559,11067,1.3834,28.62,57.44,991.16,101.03
80,2026-07-28,2026-07-28 02:08:43 AM,4800.143,80.0024,6701,0.8376,3648,0.456,11072,1.384,28.63,57.54,991.16,101.14
81,2026-07-28,2026-07-28 02:09:43 AM,4860.144,81.0024,6686,0.8358,3650,0.4563,11071,1.3839,28.65,57.61,991.13,100.43
82,2026-07-28,2026-07-28 02:10:43 AM,4920.134,82.0022,6621,0.8276,3648,0.456,11081,1.3851,28.66,57.69,991.12,101.08
83,2026-07-28,2026-07-28 02:11:43 AM,4980.133,83.0022,6622,0.8278,3650,0.4563,11076,1.3845,28.67,57.76,991.11,100.91
84,2026-07-28,2026-07-28 02:12:43 AM,5040.146,84.0024,6612,0.8265,3650,0.4563,11080,1.385,28.68,57.86,991.1,100.37
85,2026-07-28,2026-07-28 02:13:43 AM,5100.132,85.0022,6615,0.8269,3652,0.4565,11079,1.3849,28.7,57.91,991.1,100.19
86,2026-07-28,2026-07-28 02:14:43 AM,5160.131,86.0022,6614,0.8268,3648,0.456,11081,1.3851,28.71,57.99,991.09,100.08
87,2026-07-28,2026-07-28 02:15:43 AM,5220.14,87.0023,6604,0.8255,3648,0.456,11084,1.3855,28.72,58.06,991.06,100.25
88,2026-07-28,2026-07-28 02:16:43 AM,5280.13,88.0022,6607,0.8259,3645,0.4556,11083,1.3854,28.74,58.14,991.05,99.79
89,2026-07-28,2026-07-28 02:17:43 AM,5340.132,89.0022,6604,0.8255,3653,0.4566,11081,1.3851,28.76,58.21,991.02,99.79
90,2026-07-28,2026-07-28 02:18:43 AM,5400.128,90.0021,6595,0.8244,3649,0.4561,11086,1.3858,28.77,58.27,991.01,99.61
91,2026-07-28,2026-07-28 02:19:43 AM,5460.132,91.0022,6596,0.8245,3650,0.4563,11085,1.3856,28.78,58.32,990.97,99.67
92,2026-07-28,2026-07-28 02:20:43 AM,5520.116,92.0019,6597,0.8246,3656,0.457,11091,1.3864,28.8,58.39,990.99,99.49
93,2026-07-28,2026-07-28 02:21:43 AM,5580.127,93.0021,6595,0.8244,3655,0.4569,11093,1.3866,28.81,58.45,991.02,99.79
94,2026-07-28,2026-07-28 02:22:43 AM,5640.123,94.0021,6591,0.8239,3654,0.4568,11088,1.386,28.81,58.51,991.03,99.38
95,2026-07-28,2026-07-28 02:23:43 AM,5700.119,95.002,6591,0.8239,3658,0.4573,11104,1.388,28.82,58.58,991.06,99.15
96,2026-07-28,2026-07-28 02:24:43 AM,5760.118,96.002,6588,0.8235,3662,0.4578,11106,1.3883,28.82,58.63,991.07,99.84
97,2026-07-28,2026-07-28 02:25:43 AM,5820.113,97.0019,6584,0.823,3657,0.4571,11112,1.389,28.82,58.7,991.07,98.97
98,2026-07-28,2026-07-28 02:26:43 AM,5880.131,98.0022,6575,0.8219,3652,0.4565,11120,1.39,28.81,58.8,991.08,98.92
99,2026-07-28,2026-07-28 02:27:43 AM,5940.114,99.0019,6581,0.8226,3657,0.4571,11114,1.3893,28.81,58.86,991.07,98.92
100,2026-07-28,2026-07-28 02:28:43 AM,6000.115,100.0019,6578,0.8223,3656,0.457,11111,1.3889,28.81,58.93,991.07,98.86
101,2026-07-28,2026-07-28 02:29:43 AM,6060.12,101.002,6577,0.8221,3658,0.4573,11120,1.39,28.82,59.0,991.09,98.97
102,2026-07-28,2026-07-28 02:30:43 AM,6120.116,102.0019,6578,0.8223,3661,0.4576,11109,1.3886,28.82,59.07,991.11,98.97
103,2026-07-28,2026-07-28 02:31:43 AM,6180.116,103.0019,6573,0.8216,3653,0.4566,11109,1.3886,28.83,59.13,991.09,99.32
104,2026-07-28,2026-07-28 02:32:43 AM,6240.103,104.0017,6576,0.822,3656,0.457,11108,1.3885,28.83,59.19,991.1,99.32
105,2026-07-28,2026-07-28 02:33:43 AM,6300.105,105.0018,6572,0.8215,3654,0.4568,11109,1.3886,28.84,59.25,991.09,98.63
106,2026-07-28,2026-07-28 02:34:43 AM,6360.11,106.0018,6571,0.8214,3656,0.457,11108,1.3885,28.85,59.31,991.09,98.46
107,2026-07-28,2026-07-28 02:35:43 AM,6420.103,107.0017,6561,0.8201,3654,0.4568,11098,1.3873,28.86,59.37,991.09,98.52
108,2026-07-28,2026-07-28 02:36:43 AM,6480.105,108.0018,6571,0.8214,3657,0.4571,11100,1.3875,28.87,59.43,991.1,98.86
109,2026-07-28,2026-07-28 02:37:43 AM,6540.105,109.0018,6565,0.8206,3659,0.4574,11107,1.3884,28.88,59.48,991.1,98.23
110,2026-07-28,2026-07-28 02:38:43 AM,6600.102,110.0017,6574,0.8218,3660,0.4575,11101,1.3876,28.89,59.54,991.1,98.8
111,2026-07-28,2026-07-28 02:39:43 AM,6660.105,111.0017,6587,0.8234,3657,0.4571,11099,1.3874,28.9,59.6,991.12,98.01
112,2026-07-28,2026-07-28 02:40:43 AM,6720.112,112.0019,6573,0.8216,3659,0.4574,11101,1.3876,28.91,59.64,991.13,98.4
113,2026-07-28,2026-07-28 02:41:43 AM,6780.101,113.0017,6568,0.821,3660,0.4575,11104,1.388,28.92,59.69,991.15,98.23
114,2026-07-28,2026-07-28 02:42:43 AM,6840.103,114.0017,6571,0.8214,3659,0.4574,11096,1.387,28.93,59.74,991.14,98.75
115,2026-07-28,2026-07-28 02:43:43 AM,6900.099,115.0017,6566,0.8208,3666,0.4583,11105,1.3881,28.94,59.8,991.13,98.63
116,2026-07-28,2026-07-28 02:44:43 AM,6960.112,116.0019,6566,0.8208,3664,0.458,11102,1.3878,28.95,59.83,991.11,98.23
117,2026-07-28,2026-07-28 02:45:43 AM,7020.096,117.0016,6570,0.8213,3657,0.4571,11101,1.3876,28.96,59.89,991.06,98.29
118,2026-07-28,2026-07-28 02:46:43 AM,7080.1,118.0017,6558,0.8198,3658,0.4573,11101,1.3876,28.97,59.94,991.04,98.69
119,2026-07-28,2026-07-28 02:47:43 AM,7140.09,119.0015,6552,0.819,3658,0.4573,11101,1.3876,28.97,59.99,991.03,98.8
120,2026-07-28,2026-07-28 02:48:43 AM,7200.102,120.0017,6563,0.8204,3659,0.4574,11100,1.3875,28.98,60.03,991.02,98.07
121,2026-07-28,2026-07-28 02:49:43 AM,7260.086,121.0014,6560,0.82,3654,0.4568,11097,1.3871,28.99,60.08,990.96,97.9
122,2026-07-28,2026-07-28 02:50:43 AM,7320.085,122.0014,6556,0.8195,3656,0.457,11092,1.3865,29.0,60.12,990.93,97.9
123,2026-07-28,2026-07-28 02:51:43 AM,7380.09,123.0015,6553,0.8191,3659,0.4574,11104,1.388,29.01,60.15,990.89,98.12
124,2026-07-28,2026-07-28 02:52:43 AM,7440.094,124.0016,6549,0.8186,3654,0.4568,11105,1.3881,29.01,60.18,990.87,97.73
125,2026-07-28,2026-07-28 02:53:43 AM,7500.089,125.0015,6552,0.819,3657,0.4571,11105,1.3881,29.01,60.23,990.86,98.52
126,2026-07-28,2026-07-28 02:54:43 AM,7560.082,126.0014,6544,0.818,3656,0.457,11111,1.3889,29.01,60.26,990.87,98.23
127,2026-07-28,2026-07-28 02:55:43 AM,7620.082,127.0014,6542,0.8178,3654,0.4568,11117,1.3896,29.0,60.31,990.88,97.95
128,2026-07-28,2026-07-28 02:56:43 AM,7680.087,128.0014,6540,0.8175,3660,0.4575,11118,1.3898,28.99,60.35,990.86,98.8
129,2026-07-28,2026-07-28 02:57:43 AM,7740.089,129.0015,6539,0.8174,3660,0.4575,11115,1.3894,28.99,60.4,990.85,98.01
130,2026-07-28,2026-07-28 02:58:43 AM,7800.086,130.0014,6536,0.817,3656,0.457,11111,1.3889,28.99,60.47,990.83,98.12
131,2026-07-28,2026-07-28 02:59:43 AM,7860.074,131.0012,6536,0.817,3657,0.4571,11105,1.3881,28.99,60.52,990.81,97.84
132,2026-07-28,2026-07-28 03:00:43 AM,7920.085,132.0014,6531,0.8164,3660,0.4575,11097,1.3871,28.99,60.57,990.81,98.12
133,2026-07-28,2026-07-28 03:01:43 AM,7980.084,133.0014,6534,0.8168,3653,0.4566,11096,1.387,29.0,60.62,990.79,98.18
134,2026-07-28,2026-07-28 03:02:43 AM,8040.085,134.0014,6535,0.8169,3656,0.457,11098,1.3873,29.0,60.67,990.78,98.29
135,2026-07-28,2026-07-28 03:03:43 AM,8100.08,135.0013,6528,0.816,3654,0.4568,11093,1.3866,29.0,60.72,990.75,98.35
136,2026-07-28,2026-07-28 03:04:43 AM,8160.072,136.0012,6534,0.8168,3656,0.457,11102,1.3878,29.01,60.76,990.75,97.62
137,2026-07-28,2026-07-28 03:05:43 AM,8220.071,137.0012,6536,0.817,3651,0.4564,11092,1.3865,29.02,60.79,990.73,97.78
138,2026-07-28,2026-07-28 03:06:43 AM,8280.07,138.0012,6527,0.8159,3648,0.456,11088,1.386,29.02,60.83,990.73,98.23
139,2026-07-28,2026-07-28 03:07:43 AM,8340.079,139.0013,6527,0.8159,3653,0.4566,11093,1.3866,29.03,60.87,990.73,98.12
140,2026-07-28,2026-07-28 03:08:43 AM,8400.061,140.001,6525,0.8156,3653,0.4566,11094,1.3868,29.03,60.92,990.74,98.07
141,2026-07-28,2026-07-28 03:09:43 AM,8460.063,141.0011,6519,0.8149,3653,0.4566,11081,1.3851,29.04,60.95,990.77,98.35
142,2026-07-28,2026-07-28 03:10:43 AM,8520.063,142.0011,6526,0.8158,3656,0.457,11089,1.3861,29.05,60.98,990.79,97.9
143,2026-07-28,2026-07-28 03:11:43 AM,8580.065,143.0011,6520,0.815,3651,0.4564,11088,1.386,29.05,61.02,990.81,97.78
144,2026-07-28,2026-07-28 03:12:43 AM,8640.072,144.0012,6527,0.8159,3653,0.4566,11095,1.3869,29.06,61.05,990.8,98.4
145,2026-07-28,2026-07-28 03:13:43 AM,8700.057,145.0009,6519,0.8149,3658,0.4573,11088,1.386,29.06,61.08,990.76,98.07
146,2026-07-28,2026-07-28 03:14:43 AM,8760.067,146.0011,6528,0.816,3654,0.4568,11084,1.3855,29.07,61.13,990.76,98.23
147,2026-07-28,2026-07-28 03:15:43 AM,8820.065,147.0011,6522,0.8153,3657,0.4571,11084,1.3855,29.08,61.16,990.76,98.46
148,2026-07-28,2026-07-28 03:16:43 AM,8880.057,148.001,6518,0.8148,3653,0.4566,11084,1.3855,29.09,61.19,990.76,98.12
149,2026-07-28,2026-07-28 03:17:43 AM,8940.065,149.0011,6521,0.8151,3654,0.4568,11085,1.3856,29.09,61.23,990.74,98.01
150,2026-07-28,2026-07-28 03:18:43 AM,9000.059,150.001,6522,0.8153,3651,0.4564,11087,1.3859,29.1,61.26,990.73,98.46
151,2026-07-28,2026-07-28 03:19:43 AM,9060.064,151.0011,6516,0.8145,3648,0.456,11087,1.3859,29.1,61.28,990.69,98.01
152,2026-07-28,2026-07-28 03:20:43 AM,9120.045,152.0007,6518,0.8148,3653,0.4566,11082,1.3853,29.11,61.32,990.65,98.57
153,2026-07-28,2026-07-28 03:21:43 AM,9180.057,153.0009,6520,0.815,3657,0.4571,11081,1.3851,29.11,61.34,990.63,98.23
154,2026-07-28,2026-07-28 03:22:43 AM,9240.055,154.0009,6518,0.8148,3650,0.4563,11081,1.3851,29.12,61.36,990.62,97.62
155,2026-07-28,2026-07-28 03:23:43 AM,9300.053,155.0009,6519,0.8149,3655,0.4569,11079,1.3849,29.13,61.4,990.57,98.12
156,2026-07-28,2026-07-28 03:24:43 AM,9360.057,156.001,6511,0.8139,3652,0.4565,11080,1.385,29.13,61.44,990.55,98.4
157,2026-07-28,2026-07-28 03:25:43 AM,9420.045,157.0007,6506,0.8133,3650,0.4563,11071,1.3839,29.14,61.47,990.54,98.46
158,2026-07-28,2026-07-28 03:26:43 AM,9480.048,158.0008,6513,0.8141,3652,0.4565,11080,1.385,29.14,61.48,990.53,97.9
159,2026-07-28,2026-07-28 03:27:43 AM,9540.044,159.0007,6507,0.8134,3657,0.4571,11086,1.3858,29.13,61.5,990.53,98.29
160,2026-07-28,2026-07-28 03:28:43 AM,9600.05,160.0008,6504,0.813,3655,0.4569,11087,1.3859,29.13,61.53,990.54,98.35
161,2026-07-28,2026-07-28 03:29:43 AM,9660.041,161.0007,6505,0.8131,3651,0.4564,11098,1.3873,29.12,61.55,990.54,98.46
162,2026-07-28,2026-07-28 03:30:43 AM,9720.042,162.0007,6500,0.8125,3652,0.4565,11105,1.3881,29.11,61.6,990.56,98.23
163,2026-07-28,2026-07-28 03:31:43 AM,9780.029,163.0005,6491,0.8114,3658,0.4573,11104,1.388,29.1,61.62,990.56,98.46
164,2026-07-28,2026-07-28 03:32:43 AM,9840.036,164.0006,6490,0.8113,3651,0.4564,11105,1.3881,29.1,61.66,990.58,98.18
165,2026-07-28,2026-07-28 03:33:43 AM,9900.033,165.0006,6489,0.8111,3655,0.4569,11087,1.3859,29.1,61.73,990.58,98.46
166,2026-07-28,2026-07-28 03:34:43 AM,9960.043,166.0007,6488,0.811,3649,0.4561,11091,1.3864,29.1,61.76,990.6,98.63
167,2026-07-28,2026-07-28 03:35:43 AM,10020.04,167.0007,6487,0.8109,3644,0.4555,11090,1.3863,29.1,61.8,990.62,98.18
168,2026-07-28,2026-07-28 03:36:43 AM,10080.04,168.0007,6486,0.8108,3646,0.4558,11090,1.3863,29.1,61.81,990.62,98.46
169,2026-07-28,2026-07-28 03:37:43 AM,10140.031,169.0005,6485,0.8106,3645,0.4556,11091,1.3864,29.1,61.85,990.61,98.8
170,2026-07-28,2026-07-28 03:38:43 AM,10200.031,170.0005,6483,0.8104,3650,0.4563,11091,1.3864,29.11,61.89,990.6,98.01
171,2026-07-28,2026-07-28 03:39:43 AM,10260.027,171.0004,6483,0.8104,3648,0.456,11088,1.386,29.11,61.9,990.58,98.75
172,2026-07-28,2026-07-28 03:40:43 AM,10320.034,172.0006,6483,0.8104,3650,0.4563,11091,1.3864,29.11,61.92,990.55,98.86
173,2026-07-28,2026-07-28 03:41:43 AM,10380.026,173.0004,6476,0.8095,3651,0.4564,11086,1.3858,29.11,61.96,990.55,98.97
174,2026-07-28,2026-07-28 03:42:43 AM,10440.028,174.0005,6471,0.8089,3650,0.4563,11081,1.3851,29.12,62.0,990.55,98.97
175,2026-07-28,2026-07-28 03:43:43 AM,10500.026,175.0004,6475,0.8094,3652,0.4565,11084,1.3855,29.12,62.03,990.55,98.63
176,2026-07-28,2026-07-28 03:44:43 AM,10560.029,176.0005,6473,0.8091,3655,0.4569,11088,1.386,29.12,62.06,990.57,98.8
177,2026-07-28,2026-07-28 03:45:43 AM,10620.026,177.0004,6469,0.8086,3651,0.4564,11086,1.3858,29.12,62.07,990.56,98.57
178,2026-07-28,2026-07-28 03:46:43 AM,10680.023,178.0004,6470,0.8088,3651,0.4564,11083,1.3854,29.13,62.1,990.57,98.4
179,2026-07-28,2026-07-28 03:47:43 AM,10740.015,179.0002,6467,0.8084,3643,0.4554,11079,1.3849,29.13,62.12,990.56,98.4
180,2026-07-28,2026-07-28 03:48:43 AM,10800.02,180.0003,6468,0.8085,3651,0.4564,11085,1.3856,29.13,62.13,990.52,98.69
181,2026-07-28,2026-07-28 03:49:43 AM,10860.021,181.0004,6466,0.8083,3653,0.4566,11081,1.3851,29.14,62.16,990.49,98.46
182,2026-07-28,2026-07-28 03:50:43 AM,10920.016,182.0003,6462,0.8078,3650,0.4563,11077,1.3846,29.14,62.2,990.43,98.35
183,2026-07-28,2026-07-28 03:51:43 AM,10980.015,183.0002,6458,0.8073,3647,0.4559,11081,1.3851,29.14,62.23,990.43,98.86
184,2026-07-28,2026-07-28 03:52:43 AM,11040.022,184.0004,6457,0.8071,3653,0.4566,11073,1.3841,29.14,62.25,990.4,98.86
185,2026-07-28,2026-07-28 03:53:43 AM,11100.021,185.0004,6452,0.8065,3653,0.4566,11077,1.3846,29.15,62.28,990.37,99.03
186,2026-07-28,2026-07-28 03:54:43 AM,11160.017,186.0003,6455,0.8069,3647,0.4559,11078,1.3848,29.15,62.3,990.33,98.75
187,2026-07-28,2026-07-28 03:55:43 AM,11220.011,187.0002,6449,0.8061,3645,0.4556,11083,1.3854,29.15,62.32,990.29,99.03
188,2026-07-28,2026-07-28 03:56:43 AM,11280.009,188.0002,6441,0.8051,3648,0.456,11071,1.3839,29.15,62.34,990.24,99.03
189,2026-07-28,2026-07-28 03:57:43 AM,11340.007,189.0001,6443,0.8054,3649,0.4561,11071,1.3839,29.16,62.39,990.21,99.03
190,2026-07-28,2026-07-28 03:58:43 AM,11400.006,190.0001,6440,0.805,3646,0.4558,11065,1.3831,29.16,62.39,990.21,99.09
191,2026-07-28,2026-07-28 03:59:43 AM,11460.011,191.0002,6436,0.8045,3643,0.4554,11068,1.3835,29.16,62.41,990.18,99.44
192,2026-07-28,2026-07-28 04:00:43 AM,11520.012,192.0002,6436,0.8045,3642,0.4553,11067,1.3834,29.17,62.44,990.16,98.92
193,2026-07-28,2026-07-28 04:01:43 AM,11580.003,193.0001,6432,0.804,3647,0.4559,11063,1.3829,29.17,62.46,990.14,99.38
194,2026-07-28,2026-07-28 04:02:43 AM,11640.007,194.0001,6428,0.8035,3641,0.4551,11060,1.3825,29.18,62.48,990.14,99.21
195,2026-07-28,2026-07-28 04:03:43 AM,11700.002,195.0,6428,0.8035,3649,0.4561,11055,1.3819,29.18,62.5,990.13,99.09
196,2026-07-28,2026-07-28 04:04:43 AM,11760.003,196.0001,6420,0.8025,3638,0.4548,11055,1.3819,29.17,62.52,990.13,99.26
197,2026-07-28,2026-07-28 04:05:43 AM,11820.16,197.0027,6409,0.8011,3641,0.4551,11056,1.382,29.17,62.54,990.14,99.26
198,2026-07-28,2026-07-28 04:06:43 AM,11880.159,198.0026,6399,0.7999,3639,0.4549,11054,1.3818,29.16,62.6,990.13,99.61
199,2026-07-28,2026-07-28 04:07:43 AM,11940.004,199.0001,6394,0.7993,3633,0.4541,11051,1.3814,29.15,62.68,990.14,99.32
200,2026-07-28,2026-07-28 04:08:43 AM,12000.156,200.0026,6379,0.7974,3633,0.4541,11049,1.3811,29.14,62.71,990.12,99.38
201,2026-07-28,2026-07-28 04:09:43 AM,12060.155,201.0026,6339,0.7924,3626,0.4533,11053,1.3816,29.13,62.77,990.11,99.49
202,2026-07-28,2026-07-28 04:10:43 AM,12120.154,202.0026,6338,0.7923,3622,0.4528,11048,1.381,29.13,62.8,990.1,99.32
203,2026-07-28,2026-07-28 04:11:43 AM,12180.153,203.0026,6335,0.7919,3618,0.4523,11039,1.3799,29.12,62.86,990.1,99.09
204,2026-07-28,2026-07-28 04:12:43 AM,12240.152,204.0025,6327,0.7909,3620,0.4525,11038,1.3798,29.12,62.89,990.12,99.84
205,2026-07-28,2026-07-28 04:13:43 AM,12300.151,205.0025,6325,0.7906,3625,0.4531,11037,1.3796,29.12,62.9,990.15,99.38
206,2026-07-28,2026-07-28 04:14:43 AM,12360.15,206.0025,6327,0.7909,3618,0.4523,11035,1.3794,29.12,62.92,990.19,99.84
207,2026-07-28,2026-07-28 04:15:43 AM,12420.149,207.0025,6328,0.791,3620,0.4525,11029,1.3786,29.12,62.95,990.24,99.73
208,2026-07-28,2026-07-28 04:16:43 AM,12480.147,208.0025,6329,0.7911,3623,0.4529,11027,1.3784,29.12,62.96,990.27,100.14
209,2026-07-28,2026-07-28 04:17:43 AM,12540.145,209.0024,6325,0.7906,3617,0.4521,11021,1.3776,29.12,62.97,990.3,99.49
210,2026-07-28,2026-07-28 04:18:43 AM,12600.145,210.0024,6325,0.7906,3622,0.4528,11015,1.3769,29.12,63.0,990.31,99.9
211,2026-07-28,2026-07-28 04:19:43 AM,12660.144,211.0024,6326,0.7908,3616,0.452,11018,1.3773,29.13,63.01,990.31,100.25
212,2026-07-28,2026-07-28 04:20:43 AM,12720.143,212.0024,6319,0.7899,3616,0.452,11015,1.3769,29.13,63.01,990.3,99.9
213,2026-07-28,2026-07-28 04:21:43 AM,12780.141,213.0024,6322,0.7903,3616,0.452,11012,1.3765,29.13,63.05,990.29,100.02
214,2026-07-28,2026-07-28 04:22:43 AM,12840.141,214.0023,6322,0.7903,3618,0.4523,11016,1.377,29.14,63.05,990.22,100.25
215,2026-07-28,2026-07-28 04:23:43 AM,12900.139,215.0023,6323,0.7904,3614,0.4518,11008,1.376,29.14,63.08,990.22,100.31
216,2026-07-28,2026-07-28 04:24:43 AM,12960.139,216.0023,6323,0.7904,3620,0.4525,11004,1.3755,29.14,63.08,990.22,100.49
217,2026-07-28,2026-07-28 04:25:43 AM,13020.137,217.0023,6326,0.7908,3613,0.4516,11004,1.3755,29.14,63.11,990.25,100.08
218,2026-07-28,2026-07-28 04:26:43 AM,13080.136,218.0023,6321,0.7901,3617,0.4521,11001,1.3751,29.15,63.12,990.25,100.25
219,2026-07-28,2026-07-28 04:27:43 AM,13140.135,219.0022,6316,0.7895,3615,0.4519,11008,1.376,29.15,63.13,990.29,100.25
220,2026-07-28,2026-07-28 04:28:43 AM,13200.134,220.0022,6322,0.7903,3619,0.4524,11001,1.3751,29.15,63.13,990.31,100.19
221,2026-07-28,2026-07-28 04:29:43 AM,13260.132,221.0022,6318,0.7898,3621,0.4526,11000,1.375,29.15,63.15,990.3,100.37
222,2026-07-28,2026-07-28 04:30:43 AM,13320.131,222.0022,6323,0.7904,3619,0.4524,10999,1.3749,29.15,63.16,990.31,100.91
223,2026-07-28,2026-07-28 04:31:43 AM,13380.129,223.0022,6316,0.7895,3617,0.4521,10996,1.3745,29.16,63.18,990.3,100.37
224,2026-07-28,2026-07-28 04:32:43 AM,13440.129,224.0021,6320,0.79,3615,0.4519,10990,1.3738,29.16,63.2,990.28,100.67
225,2026-07-28,2026-07-28 04:33:43 AM,13500.128,225.0021,6319,0.7899,3612,0.4515,10985,1.3731,29.17,63.2,990.25,101.03
226,2026-07-28,2026-07-28 04:34:43 AM,13560.127,226.0021,6316,0.7895,3615,0.4519,10982,1.3728,29.17,63.21,990.21,101.14
227,2026-07-28,2026-07-28 04:35:43 AM,13620.126,227.0021,6312,0.789,3616,0.452,10980,1.3725,29.17,63.21,990.23,101.14
228,2026-07-28,2026-07-28 04:36:43 AM,13680.124,228.0021,6305,0.7881,3614,0.4518,10973,1.3716,29.18,63.22,990.23,101.39
229,2026-07-28,2026-07-28 04:37:43 AM,13740.123,229.0021,6310,0.7888,3608,0.451,10975,1.3719,29.18,63.24,990.21,100.73
230,2026-07-28,2026-07-28 04:38:43 AM,13800.122,230.002,6297,0.7871,3606,0.4508,10970,1.3713,29.19,63.24,990.2,101.08
231,2026-07-28,2026-07-28 04:39:43 AM,13860.121,231.002,6303,0.7879,3606,0.4508,10971,1.3714,29.19,63.26,990.19,101.45
232,2026-07-28,2026-07-28 04:40:43 AM,13920.12,232.002,6300,0.7875,3605,0.4506,10966,1.3708,29.2,63.26,990.19,101.14
233,2026-07-28,2026-07-28 04:41:43 AM,13980.119,233.002,6302,0.7878,3608,0.451,10961,1.3701,29.2,63.26,990.18,101.45
234,2026-07-28,2026-07-28 04:42:43 AM,14040.117,234.002,6300,0.7875,3608,0.451,10961,1.3701,29.21,63.27,990.17,100.91
235,2026-07-28,2026-07-28 04:43:43 AM,14100.116,235.0019,6292,0.7865,3605,0.4506,10959,1.3699,29.21,63.29,990.16,101.32
236,2026-07-28,2026-07-28 04:44:43 AM,14160.116,236.0019,6297,0.7871,3606,0.4508,10954,1.3693,29.21,63.29,990.15,101.32
237,2026-07-28,2026-07-28 04:45:43 AM,14220.114,237.0019,6293,0.7866,3608,0.451,10952,1.369,29.22,63.29,990.15,101.75
238,2026-07-28,2026-07-28 04:46:43 AM,14280.113,238.0019,6289,0.7861,3604,0.4505,10951,1.3689,29.22,63.31,990.17,101.75
239,2026-07-28,2026-07-28 04:47:43 AM,14340.112,239.0019,6277,0.7846,3603,0.4504,10943,1.3679,29.21,63.33,990.19,101.81
240,2026-07-28,2026-07-28 04:48:43 AM,14400.111,240.0018,6272,0.784,3601,0.4501,10933,1.3666,29.21,63.37,990.21,101.51
241,2026-07-28,2026-07-28 04:49:43 AM,14460.109,241.0018,6264,0.783,3595,0.4494,10929,1.3661,29.19,63.41,990.24,101.14
242,2026-07-28,2026-07-28 04:50:43 AM,14520.108,242.0018,6257,0.7821,3591,0.4489,10928,1.366,29.18,63.47,990.32,101.69
243,2026-07-28,2026-07-28 04:51:43 AM,14580.107,243.0018,6249,0.7811,3588,0.4485,10923,1.3654,29.17,63.52,990.35,101.26
244,2026-07-28,2026-07-28 04:52:43 AM,14640.106,244.0018,6244,0.7805,3584,0.448,10912,1.364,29.16,63.57,990.35,101.75
245,2026-07-28,2026-07-28 04:53:43 AM,14700.105,245.0017,6242,0.7803,3582,0.4478,10914,1.3643,29.16,63.59,990.37,102.05
246,2026-07-28,2026-07-28 04:54:43 AM,14760.104,246.0017,6240,0.78,3579,0.4474,10911,1.3639,29.15,63.61,990.37,101.63
247,2026-07-28,2026-07-28 04:55:43 AM,14820.103,247.0017,6236,0.7795,3579,0.4474,10906,1.3633,29.15,63.62,990.37,102.18
248,2026-07-28,2026-07-28 04:56:43 AM,14880.102,248.0017,6237,0.7796,3581,0.4476,10902,1.3628,29.15,63.65,990.4,101.93
249,2026-07-28,2026-07-28 04:57:43 AM,14940.1,249.0017,6239,0.7799,3577,0.4471,10902,1.3628,29.15,63.66,990.4,102.11
250,2026-07-28,2026-07-28 04:58:43 AM,15000.099,250.0017,6239,0.7799,3578,0.4473,10900,1.3625,29.14,63.66,990.39,102.3
251,2026-07-28,2026-07-28 04:59:43 AM,15060.098,251.0016,6234,0.7793,3579,0.4474,10898,1.3623,29.14,63.69,990.33,102.42
252,2026-07-28,2026-07-28 05:00:43 AM,15120.097,252.0016,6238,0.7798,3577,0.4471,10895,1.3619,29.14,63.72,990.31,102.11
253,2026-07-28,2026-07-28 05:01:43 AM,15180.095,253.0016,6238,0.7798,3578,0.4473,10893,1.3616,29.14,63.72,990.23,101.93
254,2026-07-28,2026-07-28 05:02:43 AM,15240.094,254.0016,6233,0.7791,3574,0.4468,10886,1.3608,29.14,63.71,990.18,102.73
255,2026-07-28,2026-07-28 05:03:43 AM,15300.093,255.0016,6241,0.7801,3576,0.447,10883,1.3604,29.15,63.73,990.17,102.79
256,2026-07-28,2026-07-28 05:04:43 AM,15360.092,256.0015,6234,0.7793,3581,0.4476,10879,1.3599,29.15,63.74,990.15,102.54
257,2026-07-28,2026-07-28 05:05:43 AM,15420.091,257.0015,6233,0.7791,3578,0.4473,10876,1.3595,29.15,63.74,990.14,102.48
258,2026-07-28,2026-07-28 05:06:43 AM,15480.09,258.0015,6234,0.7793,3577,0.4471,10879,1.3599,29.16,63.74,990.15,102.3
259,2026-07-28,2026-07-28 05:07:43 AM,15540.089,259.0015,6232,0.779,3572,0.4465,10875,1.3594,29.16,63.74,990.15,102.73
260,2026-07-28,2026-07-28 05:08:43 AM,15600.088,260.0015,6234,0.7793,3572,0.4465,10871,1.3589,29.16,63.75,990.15,102.79
261,2026-07-28,2026-07-28 05:09:43 AM,15660.087,261.0014,6236,0.7795,3580,0.4475,10870,1.3588,29.16,63.77,990.18,102.79
262,2026-07-28,2026-07-28 05:10:43 AM,15720.085,262.0014,6232,0.779,3578,0.4473,10870,1.3588,29.17,63.76,990.19,103.22
263,2026-07-28,2026-07-28 05:11:43 AM,15780.084,263.0014,6233,0.7791,3575,0.4469,10866,1.3583,29.17,63.78,990.2,102.98
264,2026-07-28,2026-07-28 05:12:43 AM,15840.083,264.0014,6231,0.7789,3576,0.447,10857,1.3571,29.17,63.77,990.2,103.29
265,2026-07-28,2026-07-28 05:13:43 AM,15900.082,265.0014,6229,0.7786,3574,0.4468,10860,1.3575,29.18,63.77,990.18,103.29
266,2026-07-28,2026-07-28 05:14:43 AM,15960.081,266.0013,6219,0.7774,3568,0.446,10858,1.3573,29.18,63.78,990.14,103.54
267,2026-07-28,2026-07-28 05:15:43 AM,16020.08,267.0013,6224,0.778,3571,0.4464,10854,1.3568,29.18,63.78,990.11,103.22
268,2026-07-28,2026-07-28 05:16:43 AM,16080.077,268.0013,6224,0.778,3569,0.4461,10851,1.3564,29.18,63.78,990.09,103.22
269,2026-07-28,2026-07-28 05:17:43 AM,16140.077,269.0013,6221,0.7776,3573,0.4466,10856,1.357,29.19,63.8,990.08,103.29
270,2026-07-28,2026-07-28 05:18:43 AM,16200.076,270.0013,6220,0.7775,3567,0.4459,10847,1.3559,29.19,63.79,990.07,103.16
271,2026-07-28,2026-07-28 05:19:43 AM,16260.076,271.0013,6218,0.7773,3565,0.4456,10847,1.3559,29.19,63.8,990.07,103.85
272,2026-07-28,2026-07-28 05:20:43 AM,16320.074,272.0012,6222,0.7778,3567,0.4459,10844,1.3555,29.2,63.8,990.06,103.1
273,2026-07-28,2026-07-28 05:21:43 AM,16380.073,273.0012,6219,0.7774,3564,0.4455,10842,1.3553,29.2,63.8,990.05,103.73
274,2026-07-28,2026-07-28 05:22:43 AM,16440.072,274.0012,6221,0.7776,3569,0.4461,10836,1.3545,29.2,63.8,990.04,104.23
275,2026-07-28,2026-07-28 05:23:43 AM,16500.071,275.0012,6220,0.7775,3563,0.4454,10838,1.3548,29.21,63.82,990.05,104.23
276,2026-07-28,2026-07-28 05:24:43 AM,16560.07,276.0012,6219,0.7774,3564,0.4455,10832,1.354,29.21,63.81,990.02,104.3
277,2026-07-28,2026-07-28 05:25:43 AM,16620.068,277.0011,6217,0.7771,3563,0.4454,10835,1.3544,29.21,63.81,990.02,104.36
278,2026-07-28,2026-07-28 05:26:43 AM,16680.067,278.0011,6215,0.7769,3561,0.4451,10830,1.3538,29.21,63.81,990.02,104.23
279,2026-07-28,2026-07-28 05:27:43 AM,16740.066,279.0011,6208,0.776,3564,0.4455,10827,1.3534,29.21,63.83,989.98,104.62
280,2026-07-28,2026-07-28 05:28:43 AM,16800.065,280.0011,6200,0.775,3556,0.4445,10819,1.3524,29.2,63.85,989.95,104.75
281,2026-07-28,2026-07-28 05:29:43 AM,16860.064,281.0011,6191,0.7739,3556,0.4445,10809,1.3511,29.19,63.89,989.93,104.62
282,2026-07-28,2026-07-28 05:30:43 AM,16920.063,282.001,6181,0.7726,3554,0.4443,10804,1.3505,29.18,63.94,989.9,104.43
283,2026-07-28,2026-07-28 05:31:43 AM,16980.061,283.001,6176,0.772,3547,0.4434,10793,1.3491,29.16,64.02,989.9,104.04
284,2026-07-28,2026-07-28 05:32:43 AM,17040.06,284.001,6165,0.7706,3537,0.4421,10788,1.3485,29.15,64.06,989.89,103.98
285,2026-07-28,2026-07-28 05:33:43 AM,17100.059,285.001,6163,0.7704,3539,0.4424,10785,1.3481,29.15,64.1,989.86,104.11
286,2026-07-28,2026-07-28 05:34:43 AM,17160.058,286.001,6161,0.7701,3536,0.442,10781,1.3476,29.14,64.13,989.84,105.0
287,2026-07-28,2026-07-28 05:35:43 AM,17220.057,287.0009,6159,0.7699,3537,0.4421,10781,1.3476,29.14,64.14,989.82,104.11
288,2026-07-28,2026-07-28 05:36:43 AM,17280.056,288.0009,6157,0.7696,3534,0.4418,10772,1.3465,29.13,64.15,989.81,104.75
289,2026-07-28,2026-07-28 05:37:43 AM,17340.055,289.0009,6159,0.7699,3535,0.4419,10773,1.3466,29.13,64.17,989.79,105.0
290,2026-07-28,2026-07-28 05:38:43 AM,17400.054,290.0009,6163,0.7704,3531,0.4414,10768,1.346,29.13,64.17,989.76,104.36
291,2026-07-28,2026-07-28 05:39:43 AM,17460.052,291.0009,6163,0.7704,3538,0.4423,10770,1.3463,29.13,64.17,989.73,104.75
292,2026-07-28,2026-07-28 05:40:43 AM,17520.051,292.0009,6166,0.7708,3532,0.4415,10772,1.3465,29.13,64.17,989.72,105.39
293,2026-07-28,2026-07-28 05:41:43 AM,17580.05,293.0008,6164,0.7705,3536,0.442,10771,1.3464,29.13,64.17,989.7,105.26
294,2026-07-28,2026-07-28 05:42:43 AM,17640.049,294.0008,6161,0.7701,3543,0.4429,10770,1.3463,29.13,64.16,989.69,105.33
295,2026-07-28,2026-07-28 05:43:43 AM,17700.048,295.0008,6166,0.7708,3540,0.4425,10762,1.3453,29.13,64.17,989.7,105.39
296,2026-07-28,2026-07-28 05:44:43 AM,17760.046,296.0008,6175,0.7719,3537,0.4421,10764,1.3455,29.14,64.17,989.72,104.81
297,2026-07-28,2026-07-28 05:45:43 AM,17820.045,297.0008,6166,0.7708,3537,0.4421,10761,1.3451,29.14,64.15,989.74,105.46
298,2026-07-28,2026-07-28 05:46:43 AM,17880.044,298.0007,6165,0.7706,3539,0.4424,10754,1.3443,29.14,64.17,989.76,105.92
299,2026-07-28,2026-07-28 05:47:43 AM,17940.043,299.0007,6163,0.7704,3538,0.4423,10755,1.3444,29.14,64.17,989.77,105.52
300,2026-07-28,2026-07-28 05:48:43 AM,18000.042,300.0007,6162,0.7703,3536,0.442,10755,1.3444,29.15,64.17,989.78,106.25
301,2026-07-28,2026-07-28 05:49:43 AM,18060.041,301.0007,6165,0.7706,3537,0.4421,10753,1.3441,29.15,64.17,989.78,105.65
302,2026-07-28,2026-07-28 05:50:43 AM,18120.04,302.0007,6163,0.7704,3537,0.4421,10750,1.3438,29.15,64.16,989.75,106.25
303,2026-07-28,2026-07-28 05:51:43 AM,18180.038,303.0006,6159,0.7699,3539,0.4424,10749,1.3436,29.15,64.15,989.73,106.11
304,2026-07-28,2026-07-28 05:52:43 AM,18240.037,304.0006,6161,0.7701,3541,0.4426,10748,1.3435,29.15,64.17,989.71,106.11
305,2026-07-28,2026-07-28 05:53:43 AM,18300.036,305.0006,6157,0.7696,3535,0.4419,10742,1.3428,29.15,64.16,989.69,105.92
306,2026-07-28,2026-07-28 05:54:43 AM,18360.035,306.0006,6158,0.7698,3534,0.4418,10742,1.3428,29.16,64.16,989.69,106.58
307,2026-07-28,2026-07-28 05:55:43 AM,18420.034,307.0006,6157,0.7696,3536,0.442,10744,1.343,29.16,64.16,989.65,106.31
308,2026-07-28,2026-07-28 05:56:43 AM,18480.033,308.0005,6158,0.7698,3538,0.4423,10741,1.3426,29.16,64.16,989.62,105.85
309,2026-07-28,2026-07-28 05:57:43 AM,18540.031,309.0005,6159,0.7699,3538,0.4423,10736,1.342,29.16,64.18,989.58,106.71
310,2026-07-28,2026-07-28 05:58:43 AM,18600.03,310.0005,6155,0.7694,3536,0.442,10736,1.342,29.16,64.16,989.54,106.11
311,2026-07-28,2026-07-28 05:59:43 AM,18660.029,311.0005,6159,0.7699,3540,0.4425,10733,1.3416,29.16,64.18,989.51,106.84
312,2026-07-28,2026-07-28 06:00:43 AM,18720.028,312.0005,6156,0.7695,3538,0.4423,10731,1.3414,29.17,64.16,989.49,106.84
313,2026-07-28,2026-07-28 06:01:43 AM,18780.027,313.0005,6155,0.7694,3538,0.4423,10732,1.3415,29.17,64.18,989.49,107.04
314,2026-07-28,2026-07-28 06:02:43 AM,18840.026,314.0004,6156,0.7695,3539,0.4424,10730,1.3413,29.17,64.16,989.51,106.51
315,2026-07-28,2026-07-28 06:03:43 AM,18900.025,315.0004,6155,0.7694,3541,0.4426,10722,1.3403,29.17,64.16,989.51,106.84
316,2026-07-28,2026-07-28 06:04:43 AM,18960.024,316.0004,6155,0.7694,3538,0.4423,10727,1.3409,29.18,64.16,989.52,107.04
317,2026-07-28,2026-07-28 06:05:43 AM,19020.022,317.0004,6155,0.7694,3538,0.4423,10724,1.3405,29.18,64.16,989.53,107.11
318,2026-07-28,2026-07-28 06:06:43 AM,19080.021,318.0004,6153,0.7691,3538,0.4423,10720,1.34,29.18,64.16,989.55,107.65
319,2026-07-28,2026-07-28 06:07:43 AM,19140.02,319.0003,6153,0.7691,3535,0.4419,10718,1.3398,29.19,64.16,989.55,107.93
320,2026-07-28,2026-07-28 06:08:43 AM,19200.019,320.0003,6149,0.7686,3540,0.4425,10720,1.34,29.19,64.16,989.55,106.84
321,2026-07-28,2026-07-28 06:09:43 AM,19260.018,321.0003,6152,0.769,3539,0.4424,10718,1.3398,29.19,64.17,989.55,107.65
322,2026-07-28,2026-07-28 06:10:43 AM,19320.017,322.0003,6153,0.7691,3538,0.4423,10713,1.3391,29.2,64.16,989.52,107.72
323,2026-07-28,2026-07-28 06:11:43 AM,19380.016,323.0003,6151,0.7689,3536,0.442,10715,1.3394,29.2,64.16,989.53,107.86
324,2026-07-28,2026-07-28 06:12:43 AM,19440.014,324.0002,6151,0.7689,3533,0.4416,10708,1.3385,29.2,64.17,989.49,107.79
325,2026-07-28,2026-07-28 06:13:43 AM,19500.013,325.0002,6147,0.7684,3535,0.4419,10708,1.3385,29.2,64.17,989.45,107.93
326,2026-07-28,2026-07-28 06:14:43 AM,19560.012,326.0002,6148,0.7685,3533,0.4416,10706,1.3383,29.2,64.15,989.43,107.52
327,2026-07-28,2026-07-28 06:15:43 AM,19620.011,327.0002,6147,0.7684,3538,0.4423,10708,1.3385,29.21,64.17,989.4,107.52
328,2026-07-28,2026-07-28 06:16:43 AM,19680.01,328.0002,6142,0.7678,3537,0.4421,10700,1.3375,29.2,64.17,989.41,107.93
329,2026-07-28,2026-07-28 06:17:43 AM,19740.009,329.0001,6134,0.7668,3531,0.4414,10698,1.3373,29.2,64.18,989.4,108.34
330,2026-07-28,2026-07-28 06:18:43 AM,19800.008,330.0001,6128,0.766,3524,0.4405,10685,1.3356,29.19,64.22,989.41,108.68
331,2026-07-28,2026-07-28 06:19:43 AM,19860.007,331.0001,6124,0.7655,3521,0.4401,10676,1.3345,29.17,64.27,989.41,107.65
332,2026-07-28,2026-07-28 06:20:43 AM,19920.006,332.0001,6117,0.7646,3516,0.4395,10669,1.3336,29.16,64.32,989.44,108.89
333,2026-07-28,2026-07-28 06:21:43 AM,19980.004,333.0001,6107,0.7634,3511,0.4389,10663,1.3329,29.15,64.37,989.46,108.61
334,2026-07-28,2026-07-28 06:22:43 AM,20040.003,334.0001,6109,0.7636,3509,0.4386,10662,1.3328,29.14,64.4,989.47,107.93
335,2026-07-28,2026-07-28 06:23:43 AM,20100.002,335.0,6106,0.7633,3512,0.439,10654,1.3318,29.14,64.41,989.46,108.4
336,2026-07-28,2026-07-28 06:24:43 AM,20160.001,336.0,6106,0.7633,3507,0.4384,10659,1.3324,29.13,64.43,989.44,108.75
337,2026-07-28,2026-07-28 06:25:43 AM,20220.001,337.0,6107,0.7634,3508,0.4385,10657,1.3321,29.13,64.44,989.41,108.96
338,2026-07-28,2026-07-28 06:26:43 AM,20280.001,338.0,6107,0.7634,3510,0.4388,10656,1.332,29.13,64.44,989.4,109.1
339,2026-07-28,2026-07-28 06:27:43 AM,20340.001,339.0,6108,0.7635,3512,0.439,10656,1.332,29.13,64.43,989.4,108.61
340,2026-07-28,2026-07-28 06:28:43 AM,20400.001,340.0,6107,0.7634,3510,0.4388,10651,1.3314,29.13,64.44,989.43,109.03
341,2026-07-28,2026-07-28 06:29:43 AM,20460.0,341.0,6111,0.7639,3511,0.4389,10653,1.3316,29.13,64.44,989.49,108.54
342,2026-07-28,2026-07-28 06:30:43 AM,20520.209,342.0035,6110,0.7638,3511,0.4389,10647,1.3309,29.13,64.42,989.57,109.66
343,2026-07-28,2026-07-28 06:31:43 AM,20580.001,343.0,6113,0.7641,3507,0.4384,10650,1.3313,29.13,64.44,989.62,108.61
344,2026-07-28,2026-07-28 06:32:43 AM,20640.0,344.0,6109,0.7636,3509,0.4386,10651,1.3314,29.13,64.44,989.66,109.38
345,2026-07-28,2026-07-28 06:33:43 AM,20700.197,345.0033,6111,0.7639,3507,0.4384,10648,1.331,29.14,64.42,989.68,109.17
346,2026-07-28,2026-07-28 06:34:43 AM,20760.193,346.0032,6109,0.7636,3512,0.439,10646,1.3308,29.14,64.41,989.68,109.73
347,2026-07-28,2026-07-28 06:35:43 AM,20820.198,347.0033,6110,0.7638,3513,0.4391,10651,1.3314,29.14,64.41,989.65,109.87
348,2026-07-28,2026-07-28 06:36:43 AM,20880.198,348.0033,6119,0.7649,3515,0.4394,10642,1.3303,29.14,64.41,989.67,109.24
349,2026-07-28,2026-07-28 06:37:43 AM,20940.198,349.0033,6113,0.7641,3509,0.4386,10642,1.3303,29.15,64.39,989.68,109.8
350,2026-07-28,2026-07-28 06:38:43 AM,21000.192,350.0032,6119,0.7649,3508,0.4385,10641,1.3301,29.15,64.39,989.7,109.8
351,2026-07-28,2026-07-28 06:39:43 AM,21060.195,351.0032,6116,0.7645,3507,0.4384,10641,1.3301,29.15,64.4,989.73,109.66
352,2026-07-28,2026-07-28 06:40:43 AM,21120.199,352.0033,6119,0.7649,3512,0.439,10638,1.3298,29.15,64.39,989.73,109.87
353,2026-07-28,2026-07-28 06:41:43 AM,21180.19,353.0032,6115,0.7644,3518,0.4398,10630,1.3288,29.15,64.39,989.75,110.01
354,2026-07-28,2026-07-28 06:42:43 AM,21240.189,354.0031,6117,0.7646,3512,0.439,10634,1.3293,29.16,64.37,989.76,110.15
355,2026-07-28,2026-07-28 06:43:43 AM,21300.196,355.0033,6112,0.764,3515,0.4394,10634,1.3293,29.16,64.39,989.72,110.87
356,2026-07-28,2026-07-28 06:44:43 AM,21360.178,356.003,6120,0.765,3511,0.4389,10635,1.3294,29.16,64.37,989.71,110.15
357,2026-07-28,2026-07-28 06:45:43 AM,21420.191,357.0032,6114,0.7643,3508,0.4385,10633,1.3291,29.16,64.37,989.68,110.73
358,2026-07-28,2026-07-28 06:46:43 AM,21480.185,358.0031,6110,0.7638,3515,0.4394,10628,1.3285,29.17,64.35,989.65,110.44
359,2026-07-28,2026-07-28 06:47:43 AM,21540.19,359.0032,6109,0.7636,3509,0.4386,10627,1.3284,29.17,64.36,989.64,110.87
360,2026-07-28,2026-07-28 06:48:43 AM,21600.189,360.0031,6118,0.7648,3513,0.4391,10628,1.3285,29.17,64.35,989.64,110.44
361,2026-07-28,2026-07-28 06:49:43 AM,21660.184,361.0031,6107,0.7634,3515,0.4394,10630,1.3288,29.17,64.33,989.62,110.3
362,2026-07-28,2026-07-28 06:50:43 AM,21720.185,362.0031,6112,0.764,3513,0.4391,10629,1.3286,29.17,64.37,989.61,111.01
363,2026-07-28,2026-07-28 06:51:43 AM,21780.182,363.003,6110,0.7638,3513,0.4391,10627,1.3284,29.17,64.37,989.57,110.94
364,2026-07-28,2026-07-28 06:52:43 AM,21840.18,364.003,6108,0.7635,3513,0.4391,10622,1.3278,29.17,64.36,989.54,110.87
365,2026-07-28,2026-07-28 06:53:43 AM,21900.184,365.0031,6112,0.764,3510,0.4388,10619,1.3274,29.17,64.36,989.52,110.87
366,2026-07-28,2026-07-28 06:54:43 AM,21960.172,366.0029,6103,0.7629,3509,0.4386,10621,1.3276,29.17,64.36,989.5,111.16
367,2026-07-28,2026-07-28 06:55:43 AM,22020.186,367.0031,6109,0.7636,3514,0.4393,10623,1.3279,29.18,64.35,989.51,111.09
368,2026-07-28,2026-07-28 06:56:43 AM,22080.181,368.003,6111,0.7639,3517,0.4396,10618,1.3273,29.18,64.36,989.54,111.16
369,2026-07-28,2026-07-28 06:57:43 AM,22140.165,369.0027,6106,0.7633,3517,0.4396,10615,1.3269,29.18,64.35,989.53,111.09
370,2026-07-28,2026-07-28 06:58:43 AM,22200.172,370.0029,6102,0.7628,3507,0.4384,10607,1.3259,29.17,64.36,989.54,111.74
371,2026-07-28,2026-07-28 06:59:43 AM,22260.176,371.0029,6097,0.7621,3507,0.4384,10597,1.3246,29.16,64.41,989.53,111.81
372,2026-07-28,2026-07-28 07:00:43 AM,22320.18,372.003,6087,0.7609,3503,0.4379,10595,1.3244,29.15,64.45,989.55,111.45
373,2026-07-28,2026-07-28 07:01:43 AM,22380.172,373.0029,6078,0.7598,3502,0.4378,10590,1.3238,29.14,64.49,989.59,111.89
374,2026-07-28,2026-07-28 07:02:43 AM,22440.162,374.0027,6071,0.7589,3493,0.4366,10585,1.3231,29.13,64.52,989.58,111.74
375,2026-07-28,2026-07-28 07:03:43 AM,22500.173,375.0029,6070,0.7588,3494,0.4368,10582,1.3228,29.13,64.55,989.55,112.48
376,2026-07-28,2026-07-28 07:04:43 AM,22560.172,376.0029,6071,0.7589,3494,0.4368,10581,1.3226,29.12,64.57,989.52,112.48
377,2026-07-28,2026-07-28 07:05:43 AM,22620.164,377.0027,6073,0.7591,3493,0.4366,10580,1.3225,29.12,64.57,989.53,111.6
378,2026-07-28,2026-07-28 07:06:43 AM,22680.163,378.0027,6071,0.7589,3491,0.4364,10583,1.3229,29.11,64.59,989.5,111.74
379,2026-07-28,2026-07-28 07:07:43 AM,22740.165,379.0028,6068,0.7585,3490,0.4363,10581,1.3226,29.11,64.58,989.51,112.11
380,2026-07-28,2026-07-28 07:08:43 AM,22800.166,380.0028,6068,0.7585,3491,0.4364,10579,1.3224,29.11,64.6,989.52,112.63
381,2026-07-28,2026-07-28 07:09:43 AM,22860.163,381.0027,6075,0.7594,3493,0.4366,10578,1.3223,29.11,64.61,989.54,113.07
382,2026-07-28,2026-07-28 07:10:43 AM,22920.164,382.0027,6077,0.7596,3488,0.436,10580,1.3225,29.11,64.6,989.57,112.55
383,2026-07-28,2026-07-28 07:11:43 AM,22980.155,383.0026,6075,0.7594,3490,0.4363,10577,1.3221,29.11,64.6,989.58,112.04
384,2026-07-28,2026-07-28 07:12:43 AM,23040.162,384.0027,6077,0.7596,3493,0.4366,10581,1.3226,29.11,64.61,989.57,112.92
385,2026-07-28,2026-07-28 07:13:43 AM,23100.156,385.0026,6079,0.7599,3488,0.436,10579,1.3224,29.11,64.6,989.54,112.85
386,2026-07-28,2026-07-28 07:14:43 AM,23160.148,386.0025,6076,0.7595,3488,0.436,10578,1.3223,29.12,64.57,989.52,113.0
387,2026-07-28,2026-07-28 07:15:43 AM,23220.158,387.0026,6075,0.7594,3492,0.4365,10574,1.3218,29.12,64.58,989.48,112.48
388,2026-07-28,2026-07-28 07:16:43 AM,23280.152,388.0025,6076,0.7595,3493,0.4366,10578,1.3223,29.12,64.59,989.49,112.92
389,2026-07-28,2026-07-28 07:17:43 AM,23340.148,389.0025,6081,0.7601,3492,0.4365,10572,1.3215,29.12,64.57,989.5,113.07
390,2026-07-28,2026-07-28 07:18:43 AM,23400.145,390.0024,6081,0.7601,3490,0.4363,10579,1.3224,29.12,64.57,989.48,113.6
391,2026-07-28,2026-07-28 07:19:43 AM,23460.157,391.0026,6083,0.7604,3493,0.4366,10578,1.3223,29.12,64.55,989.47,113.98
392,2026-07-28,2026-07-28 07:20:43 AM,23520.143,392.0024,6082,0.7603,3494,0.4368,10573,1.3216,29.12,64.55,989.47,113.07
393,2026-07-28,2026-07-28 07:21:43 AM,23580.142,393.0024,6079,0.7599,3491,0.4364,10571,1.3214,29.13,64.56,989.44,113.37
394,2026-07-28,2026-07-28 07:22:43 AM,23640.14,394.0023,6079,0.7599,3490,0.4363,10570,1.3213,29.13,64.54,989.44,113.83
395,2026-07-28,2026-07-28 07:23:43 AM,23700.142,395.0024,6077,0.7596,3492,0.4365,10570,1.3213,29.13,64.53,989.44,113.75
396,2026-07-28,2026-07-28 07:24:43 AM,23760.146,396.0024,6086,0.7608,3493,0.4366,10571,1.3214,29.13,64.53,989.42,114.13
397,2026-07-28,2026-07-28 07:25:43 AM,23820.144,397.0024,6083,0.7604,3492,0.4365,10572,1.3215,29.13,64.52,989.42,114.29
398,2026-07-28,2026-07-28 07:26:43 AM,23880.136,398.0023,6080,0.76,3495,0.4369,10570,1.3213,29.14,64.51,989.4,114.21
399,2026-07-28,2026-07-28 07:27:43 AM,23940.142,399.0024,6084,0.7605,3497,0.4371,10569,1.3211,29.14,64.5,989.37,114.13
400,2026-07-28,2026-07-28 07:28:43 AM,24000.136,400.0023,6085,0.7606,3494,0.4368,10569,1.3211,29.14,64.52,989.35,114.44
401,2026-07-28,2026-07-28 07:29:43 AM,24060.142,401.0024,6089,0.7611,3495,0.4369,10568,1.321,29.14,64.52,989.32,113.9
402,2026-07-28,2026-07-28 07:30:43 AM,24120.135,402.0022,6082,0.7603,3494,0.4368,10566,1.3208,29.15,64.5,989.32,113.9
403,2026-07-28,2026-07-28 07:31:43 AM,24180.126,403.0021,6083,0.7604,3492,0.4365,10570,1.3213,29.15,64.49,989.33,114.98
404,2026-07-28,2026-07-28 07:32:43 AM,24240.133,404.0022,6085,0.7606,3494,0.4368,10569,1.3211,29.15,64.5,989.37,114.75
405,2026-07-28,2026-07-28 07:33:43 AM,24300.132,405.0022,6089,0.7611,3491,0.4364,10566,1.3208,29.15,64.48,989.41,114.9
406,2026-07-28,2026-07-28 07:34:43 AM,24360.123,406.0021,6084,0.7605,3494,0.4368,10566,1.3208,29.16,64.48,989.42,115.21
407,2026-07-28,2026-07-28 07:35:43 AM,24420.126,407.0021,6084,0.7605,3496,0.437,10567,1.3209,29.16,64.46,989.4,114.44
408,2026-07-28,2026-07-28 07:36:43 AM,24480.12,408.002,6088,0.761,3492,0.4365,10562,1.3203,29.16,64.46,989.38,115.06
409,2026-07-28,2026-07-28 07:37:43 AM,24540.128,409.0021,6086,0.7608,3497,0.4371,10560,1.32,29.16,64.46,989.35,115.06
410,2026-07-28,2026-07-28 07:38:43 AM,24600.117,410.0019,6084,0.7605,3498,0.4373,10564,1.3205,29.17,64.46,989.32,114.67
411,2026-07-28,2026-07-28 07:39:43 AM,24660.118,411.002,6085,0.7606,3501,0.4376,10562,1.3203,29.17,64.46,989.31,115.21
412,2026-07-28,2026-07-28 07:40:43 AM,24720.131,412.0022,6090,0.7613,3498,0.4373,10564,1.3205,29.17,64.44,989.27,115.29
413,2026-07-28,2026-07-28 07:41:43 AM,24780.117,413.002,6091,0.7614,3499,0.4374,10558,1.3198,29.18,64.45,989.26,115.6
414,2026-07-28,2026-07-28 07:42:43 AM,24840.126,414.0021,6094,0.7618,3501,0.4376,10561,1.3201,29.18,64.43,989.22,115.13
415,2026-07-28,2026-07-28 07:43:43 AM,24900.121,415.002,6084,0.7605,3503,0.4379,10560,1.32,29.18,64.42,989.2,115.92
416,2026-07-28,2026-07-28 07:44:43 AM,24960.126,416.0021,6092,0.7615,3502,0.4378,10561,1.3201,29.19,64.43,989.23,115.06
417,2026-07-28,2026-07-28 07:45:43 AM,25020.121,417.002,6087,0.7609,3502,0.4378,10558,1.3198,29.19,64.42,989.29,115.99
418,2026-07-28,2026-07-28 07:46:43 AM,25080.116,418.0019,6092,0.7615,3500,0.4375,10554,1.3193,29.2,64.41,989.35,116.63
419,2026-07-28,2026-07-28 07:47:43 AM,25140.116,419.0019,6089,0.7611,3499,0.4374,10559,1.3199,29.2,64.41,989.39,116.47
420,2026-07-28,2026-07-28 07:48:43 AM,25200.117,420.002,6087,0.7609,3499,0.4374,10559,1.3199,29.2,64.39,989.4,116.23
421,2026-07-28,2026-07-28 07:49:43 AM,25260.115,421.0019,6085,0.7606,3506,0.4383,10553,1.3191,29.2,64.41,989.42,116.39
422,2026-07-28,2026-07-28 07:50:43 AM,25320.115,422.0019,6086,0.7608,3499,0.4374,10555,1.3194,29.21,64.4,989.41,116.47
423,2026-07-28,2026-07-28 07:51:43 AM,25380.114,423.0019,6089,0.7611,3506,0.4383,10560,1.32,29.21,64.39,989.41,116.47
424,2026-07-28,2026-07-28 07:52:43 AM,25440.109,424.0018,6089,0.7611,3504,0.438,10557,1.3196,29.22,64.38,989.41,116.87
425,2026-07-28,2026-07-28 07:53:43 AM,25500.11,425.0018,6091,0.7614,3502,0.4378,10557,1.3196,29.22,64.38,989.42,116.47
426,2026-07-28,2026-07-28 07:54:43 AM,25560.113,426.0019,6089,0.7611,3499,0.4374,10555,1.3194,29.22,64.38,989.45,116.95
427,2026-07-28,2026-07-28 07:55:43 AM,25620.102,427.0017,6085,0.7606,3502,0.4378,10554,1.3193,29.22,64.37,989.47,117.03
428,2026-07-28,2026-07-28 07:56:43 AM,25680.11,428.0018,6092,0.7615,3502,0.4378,10559,1.3199,29.23,64.36,989.53,117.03
429,2026-07-28,2026-07-28 07:57:43 AM,25740.097,429.0016,6089,0.7611,3497,0.4371,10559,1.3199,29.23,64.34,989.57,116.79
430,2026-07-28,2026-07-28 07:58:43 AM,25800.109,430.0018,6095,0.7619,3505,0.4381,10561,1.3201,29.24,64.34,989.61,117.43
431,2026-07-28,2026-07-28 07:59:43 AM,25860.102,431.0017,6094,0.7618,3505,0.4381,10555,1.3194,29.24,64.35,989.62,117.35
432,2026-07-28,2026-07-28 08:00:43 AM,25920.097,432.0016,6092,0.7615,3505,0.4381,10557,1.3196,29.25,64.33,989.63,117.35
433,2026-07-28,2026-07-28 08:01:43 AM,25980.116,433.0019,6091,0.7614,3506,0.4383,10555,1.3194,29.25,64.33,989.62,117.59
434,2026-07-28,2026-07-28 08:02:43 AM,26040.096,434.0016,6092,0.7615,3512,0.439,10555,1.3194,29.25,64.33,989.59,117.27
435,2026-07-28,2026-07-28 08:03:43 AM,26100.098,435.0016,6095,0.7619,3506,0.4383,10559,1.3199,29.26,64.31,989.59,117.51
436,2026-07-28,2026-07-28 08:04:43 AM,26160.093,436.0016,6090,0.7613,3503,0.4379,10557,1.3196,29.26,64.31,989.58,118.24
437,2026-07-28,2026-07-28 08:05:43 AM,26220.091,437.0015,6094,0.7618,3500,0.4375,10557,1.3196,29.27,64.31,989.58,117.92
438,2026-07-28,2026-07-28 08:06:43 AM,26280.093,438.0016,6099,0.7624,3504,0.438,10555,1.3194,29.27,64.3,989.58,118.08
439,2026-07-28,2026-07-28 08:07:43 AM,26340.092,439.0015,6095,0.7619,3504,0.438,10557,1.3196,29.27,64.31,989.58,118.08
440,2026-07-28,2026-07-28 08:08:43 AM,26400.099,440.0016,6092,0.7615,3506,0.4383,10555,1.3194,29.28,64.3,989.54,118.33
441,2026-07-28,2026-07-28 08:09:43 AM,26460.083,441.0014,6095,0.7619,3506,0.4383,10555,1.3194,29.28,64.29,989.51,118.08
442,2026-07-28,2026-07-28 08:10:43 AM,26520.092,442.0015,6094,0.7618,3506,0.4383,10561,1.3201,29.28,64.29,989.48,118.49
443,2026-07-28,2026-07-28 08:11:43 AM,26580.087,443.0014,6090,0.7613,3505,0.4381,10560,1.32,29.28,64.28,989.49,118.24
444,2026-07-28,2026-07-28 08:12:43 AM,26640.086,444.0014,6095,0.7619,3506,0.4383,10555,1.3194,29.29,64.28,989.5,118.41
445,2026-07-28,2026-07-28 08:13:43 AM,26700.092,445.0015,6096,0.762,3507,0.4384,10555,1.3194,29.29,64.26,989.52,118.08
446,2026-07-28,2026-07-28 08:14:43 AM,26760.091,446.0015,6097,0.7621,3509,0.4386,10559,1.3199,29.3,64.27,989.54,119.24
447,2026-07-28,2026-07-28 08:15:43 AM,26820.086,447.0014,6093,0.7616,3509,0.4386,10564,1.3205,29.3,64.26,989.56,118.82
448,2026-07-28,2026-07-28 08:16:43 AM,26880.083,448.0014,6097,0.7621,3509,0.4386,10562,1.3203,29.3,64.25,989.56,118.49
449,2026-07-28,2026-07-28 08:17:43 AM,26940.081,449.0014,6092,0.7615,3509,0.4386,10565,1.3206,29.31,64.25,989.57,118.82
450,2026-07-28,2026-07-28 08:18:43 AM,27000.075,450.0012,6102,0.7628,3507,0.4384,10561,1.3201,29.31,64.25,989.58,119.49
451,2026-07-28,2026-07-28 08:19:43 AM,27060.081,451.0013,6097,0.7621,3510,0.4388,10565,1.3206,29.31,64.23,989.59,119.74
452,2026-07-28,2026-07-28 08:20:43 AM,27120.072,452.0012,6097,0.7621,3506,0.4383,10567,1.3209,29.31,64.23,989.62,118.65
453,2026-07-28,2026-07-28 08:21:43 AM,27180.073,453.0012,6100,0.7625,3510,0.4388,10566,1.3208,29.32,64.23,989.65,119.24
454,2026-07-28,2026-07-28 08:22:43 AM,27240.086,454.0014,6100,0.7625,3509,0.4386,10565,1.3206,29.32,64.24,989.69,118.99
455,2026-07-28,2026-07-28 08:23:43 AM,27300.079,455.0013,6096,0.762,3509,0.4386,10570,1.3213,29.32,64.22,989.73,120.07
456,2026-07-28,2026-07-28 08:24:43 AM,27360.084,456.0014,6098,0.7623,3507,0.4384,10574,1.3218,29.33,64.23,989.8,120.07
457,2026-07-28,2026-07-28 08:25:43 AM,27420.076,457.0013,6103,0.7629,3514,0.4393,10571,1.3214,29.33,64.23,989.83,119.91
458,2026-07-28,2026-07-28 08:26:43 AM,27480.071,458.0012,6099,0.7624,3510,0.4388,10574,1.3218,29.34,64.24,989.85,119.57
459,2026-07-28,2026-07-28 08:27:43 AM,27540.074,459.0012,6097,0.7621,3512,0.439,10575,1.3219,29.34,64.21,989.84,119.74
460,2026-07-28,2026-07-28 08:28:43 AM,27600.064,460.0011,6102,0.7628,3512,0.439,10578,1.3223,29.34,64.21,989.83,119.99
461,2026-07-28,2026-07-28 08:29:43 AM,27660.07,461.0012,6101,0.7626,3508,0.4385,10582,1.3228,29.35,64.2,989.83,119.99
462,2026-07-28,2026-07-28 08:30:43 AM,27720.072,462.0012,6104,0.763,3509,0.4386,10581,1.3226,29.35,64.2,989.86,120.24
463,2026-07-28,2026-07-28 08:31:43 AM,27780.066,463.0011,6102,0.7628,3516,0.4395,10584,1.323,29.36,64.21,989.89,120.41
464,2026-07-28,2026-07-28 08:32:43 AM,27840.061,464.001,6101,0.7626,3516,0.4395,10583,1.3229,29.36,64.2,989.91,120.24
465,2026-07-28,2026-07-28 08:33:43 AM,27900.059,465.001,6100,0.7625,3511,0.4389,10586,1.3233,29.36,64.2,989.98,120.24
466,2026-07-28,2026-07-28 08:34:43 AM,27960.063,466.001,6097,0.7621,3509,0.4386,10588,1.3235,29.36,64.21,990.05,120.41
467,2026-07-28,2026-07-28 08:35:43 AM,28020.06,467.001,6100,0.7625,3511,0.4389,10584,1.323,29.36,64.19,990.17,120.58
468,2026-07-28,2026-07-28 08:36:43 AM,28080.064,468.0011,6101,0.7626,3513,0.4391,10589,1.3236,29.37,64.19,990.23,120.5
469,2026-07-28,2026-07-28 08:37:43 AM,28140.056,469.0009,6104,0.763,3516,0.4395,10590,1.3238,29.37,64.19,990.3,120.75
470,2026-07-28,2026-07-28 08:38:43 AM,28200.057,470.0009,6102,0.7628,3511,0.4389,10597,1.3246,29.38,64.18,990.36,121.1
471,2026-07-28,2026-07-28 08:39:43 AM,28260.06,471.001,6105,0.7631,3511,0.4389,10598,1.3248,29.38,64.18,990.34,120.93
472,2026-07-28,2026-07-28 08:40:43 AM,28320.052,472.0009,6106,0.7633,3512,0.439,10598,1.3248,29.39,64.19,990.35,121.1
473,2026-07-28,2026-07-28 08:41:43 AM,28380.058,473.001,6108,0.7635,3511,0.4389,10602,1.3253,29.39,64.18,990.37,121.53
474,2026-07-28,2026-07-28 08:42:43 AM,28440.062,474.001,6113,0.7641,3517,0.4396,10611,1.3264,29.4,64.18,990.39,121.18
475,2026-07-28,2026-07-28 08:43:43 AM,28500.046,475.0008,6109,0.7636,3515,0.4394,10617,1.3271,29.4,64.17,990.38,121.1
476,2026-07-28,2026-07-28 08:44:43 AM,28560.05,476.0008,6110,0.7638,3513,0.4391,10623,1.3279,29.4,64.17,990.39,121.18
477,2026-07-28,2026-07-28 08:45:43 AM,28620.062,477.001,6108,0.7635,3514,0.4393,10633,1.3291,29.41,64.17,990.39,121.53
478,2026-07-28,2026-07-28 08:46:43 AM,28680.05,478.0008,6113,0.7641,3513,0.4391,10641,1.3301,29.41,64.18,990.4,121.53
479,2026-07-28,2026-07-28 08:47:43 AM,28740.045,479.0008,6116,0.7645,3515,0.4394,10654,1.3318,29.41,64.17,990.43,121.1
480,2026-07-28,2026-07-28 08:48:43 AM,28800.048,480.0008,6113,0.7641,3514,0.4393,10664,1.333,29.42,64.15,990.45,121.27
481,2026-07-28,2026-07-28 08:49:43 AM,28860.044,481.0007,6116,0.7645,3513,0.4391,10670,1.3338,29.42,64.15,990.48,121.7
482,2026-07-28,2026-07-28 08:50:43 AM,28920.041,482.0007,6114,0.7643,3515,0.4394,10679,1.3349,29.42,64.16,990.52,122.22
483,2026-07-28,2026-07-28 08:51:43 AM,28980.05,483.0008,6121,0.7651,3518,0.4398,10686,1.3358,29.43,64.15,990.53,121.96
484,2026-07-28,2026-07-28 08:52:43 AM,29040.034,484.0006,6115,0.7644,3514,0.4393,10694,1.3368,29.43,64.14,990.55,121.79
485,2026-07-28,2026-07-28 08:53:43 AM,29100.041,485.0007,6118,0.7648,3522,0.4403,10700,1.3375,29.43,64.14,990.52,121.96
486,2026-07-28,2026-07-28 08:54:43 AM,29160.04,486.0007,6122,0.7653,3518,0.4398,10706,1.3383,29.44,64.15,990.49,121.87
487,2026-07-28,2026-07-28 08:55:43 AM,29220.036,487.0006,6129,0.7661,3521,0.4401,10703,1.3379,29.44,64.14,990.51,122.31
488,2026-07-28,2026-07-28 08:56:43 AM,29280.045,488.0007,6130,0.7663,3521,0.4401,10713,1.3391,29.45,64.14,990.52,122.22
489,2026-07-28,2026-07-28 08:57:43 AM,29340.034,489.0006,6136,0.767,3519,0.4399,10723,1.3404,29.45,64.13,990.55,121.96
490,2026-07-28,2026-07-28 08:58:43 AM,29400.04,490.0007,6134,0.7668,3523,0.4404,10723,1.3404,29.46,64.14,990.54,122.05
491,2026-07-28,2026-07-28 08:59:43 AM,29460.037,491.0006,6139,0.7674,3521,0.4401,10724,1.3405,29.46,64.11,990.52,122.05
492,2026-07-28,2026-07-28 09:00:43 AM,29520.041,492.0007,6137,0.7671,3527,0.4409,10728,1.341,29.46,64.11,990.48,122.4
493,2026-07-28,2026-07-28 09:01:43 AM,29580.04,493.0007,6141,0.7676,3523,0.4404,10728,1.341,29.47,64.11,990.46,122.84
494,2026-07-28,2026-07-28 09:02:43 AM,29640.026,494.0004,6136,0.767,3526,0.4408,10741,1.3426,29.47,64.1,990.44,122.93
495,2026-07-28,2026-07-28 09:03:43 AM,29700.043,495.0007,6144,0.768,3528,0.441,10742,1.3428,29.48,64.09,990.45,123.28
496,2026-07-28,2026-07-28 09:04:43 AM,29760.031,496.0005,6144,0.768,3526,0.4408,10738,1.3423,29.49,64.08,990.46,122.49
497,2026-07-28,2026-07-28 09:05:43 AM,29820.033,497.0006,6145,0.7681,3528,0.441,10750,1.3438,29.49,64.1,990.49,122.84
498,2026-07-28,2026-07-28 09:06:43 AM,29880.029,498.0005,6144,0.768,3534,0.4418,10758,1.3448,29.49,64.08,990.5,123.02
499,2026-07-28,2026-07-28 09:07:43 AM,29940.035,499.0006,6141,0.7676,3528,0.441,10760,1.345,29.5,64.08,990.53,122.84
500,2026-07-28,2026-07-28 09:08:43 AM,30000.018,500.0003,6141,0.7676,3527,0.4409,10764,1.3455,29.5,64.08,990.56,123.46
501,2026-07-28,2026-07-28 09:09:43 AM,30060.023,501.0004,6135,0.7669,3523,0.4404,10774,1.3468,29.51,64.08,990.57,123.64
502,2026-07-28,2026-07-28 09:10:43 AM,30120.027,502.0005,6143,0.7679,3525,0.4406,10778,1.3473,29.51,64.08,990.58,123.64
503,2026-07-28,2026-07-28 09:11:43 AM,30180.018,503.0003,6138,0.7673,3526,0.4408,10787,1.3484,29.52,64.08,990.59,123.11
504,2026-07-28,2026-07-28 09:12:43 AM,30240.02,504.0003,6144,0.768,3531,0.4414,10792,1.349,29.52,64.08,990.57,123.19
505,2026-07-28,2026-07-28 09:13:43 AM,30300.018,505.0003,6141,0.7676,3530,0.4413,10798,1.3498,29.53,64.06,990.58,123.19
506,2026-07-28,2026-07-28 09:14:43 AM,30360.012,506.0002,6145,0.7681,3531,0.4414,10802,1.3503,29.52,64.08,990.54,123.82
507,2026-07-28,2026-07-28 09:15:43 AM,30420.014,507.0002,6137,0.7671,3523,0.4404,10799,1.3499,29.51,64.11,990.54,123.28
508,2026-07-28,2026-07-28 09:16:43 AM,30480.017,508.0003,6119,0.7649,3520,0.44,10792,1.349,29.49,64.16,990.5,124.18
509,2026-07-28,2026-07-28 09:17:43 AM,30540.018,509.0003,6100,0.7625,3502,0.4378,10778,1.3473,29.46,64.23,990.49,124.27
510,2026-07-28,2026-07-28 09:18:43 AM,30600.013,510.0002,6079,0.7599,3489,0.4361,10768,1.346,29.43,64.31,990.46,123.91
511,2026-07-28,2026-07-28 09:19:43 AM,30660.005,511.0001,6065,0.7581,3479,0.4349,10749,1.3436,29.39,64.46,990.46,123.46
512,2026-07-28,2026-07-28 09:20:43 AM,30720.01,512.0002,6047,0.7559,3465,0.4331,10741,1.3426,29.35,64.57,990.46,123.73
513,2026-07-28,2026-07-28 09:21:43 AM,30780.015,513.0002,6029,0.7536,3451,0.4314,10736,1.342,29.31,64.69,990.48,123.73
514,2026-07-28,2026-07-28 09:22:43 AM,30840.01,514.0002,6014,0.7518,3443,0.4304,10726,1.3408,29.28,64.8,990.44,123.82
515,2026-07-28,2026-07-28 09:23:43 AM,30900.009,515.0002,6005,0.7506,3438,0.4298,10734,1.3418,29.26,64.88,990.44,123.73
516,2026-07-28,2026-07-28 09:24:43 AM,30960.006,516.0001,6002,0.7503,3436,0.4295,10736,1.342,29.24,64.92,990.41,124.09
517,2026-07-28,2026-07-28 09:25:43 AM,31020.007,517.0001,6001,0.7501,3438,0.4298,10747,1.3434,29.22,64.95,990.37,123.73
518,2026-07-28,2026-07-28 09:26:43 AM,31080.011,518.0002,6007,0.7509,3439,0.4299,10753,1.3441,29.22,64.95,990.34,123.91
519,2026-07-28,2026-07-28 09:27:43 AM,31140.211,519.0035,6012,0.7515,3447,0.4309,10766,1.3458,29.21,64.95,990.31,123.37
520,2026-07-28,2026-07-28 09:28:43 AM,31200.204,520.0034,6020,0.7525,3449,0.4311,10772,1.3465,29.21,64.95,990.33,124.18
521,2026-07-28,2026-07-28 09:29:43 AM,31260.207,521.0034,6021,0.7526,3449,0.4311,10781,1.3476,29.22,64.93,990.36,124.18
522,2026-07-28,2026-07-28 09:30:43 AM,31320.016,522.0003,6036,0.7545,3458,0.4323,10787,1.3484,29.22,64.87,990.41,124.45
523,2026-07-28,2026-07-28 09:31:43 AM,31380.004,523.0001,6052,0.7565,3458,0.4323,10799,1.3499,29.23,64.85,990.49,123.73
524,2026-07-28,2026-07-28 09:32:43 AM,31440.013,524.0002,6065,0.7581,3471,0.4339,10802,1.3503,29.24,64.82,990.56,124.36
525,2026-07-28,2026-07-28 09:33:43 AM,31500.21,525.0035,6079,0.7599,3477,0.4346,10804,1.3505,29.26,64.79,990.57,124.63
526,2026-07-28,2026-07-28 09:34:43 AM,31560.21,526.0035,6088,0.761,3486,0.4358,10807,1.3509,29.27,64.78,990.59,125.18
527,2026-07-28,2026-07-28 09:35:43 AM,31620.01,527.0002,6102,0.7628,3490,0.4363,10804,1.3505,29.29,64.75,990.6,124.63
528,2026-07-28,2026-07-28 09:36:43 AM,31680.21,528.0035,6111,0.7639,3497,0.4371,10808,1.351,29.31,64.71,990.6,124.45
529,2026-07-28,2026-07-28 09:37:43 AM,31740.004,529.0001,6116,0.7645,3500,0.4375,10810,1.3513,29.33,64.68,990.6,124.91
530,2026-07-28,2026-07-28 09:38:43 AM,31800.0,530.0,6122,0.7653,3503,0.4379,10810,1.3513,29.34,64.67,990.56,124.82
531,2026-07-28,2026-07-28 09:39:43 AM,31860.203,531.0034,6129,0.7661,3506,0.4383,10813,1.3516,29.36,64.65,990.48,125.55
532,2026-07-28,2026-07-28 09:40:43 AM,31920.003,532.0,6134,0.7668,3511,0.4389,10816,1.352,29.38,64.6,990.49,125.18
533,2026-07-28,2026-07-28 09:41:43 AM,31980.004,533.0001,6138,0.7673,3517,0.4396,10818,1.3523,29.4,64.58,990.45,125.64
534,2026-07-28,2026-07-28 09:42:43 AM,32040.208,534.0035,6141,0.7676,3517,0.4396,10820,1.3525,29.41,64.56,990.42,125.37
535,2026-07-28,2026-07-28 09:43:43 AM,32100.211,535.0035,6146,0.7683,3516,0.4395,10822,1.3528,29.42,64.53,990.4,125.0
536,2026-07-28,2026-07-28 09:44:43 AM,32160.202,536.0034,6153,0.7691,3520,0.44,10825,1.3531,29.44,64.51,990.36,125.74
537,2026-07-28,2026-07-28 09:45:43 AM,32220.198,537.0033,6157,0.7696,3525,0.4406,10829,1.3536,29.45,64.48,990.34,125.64
538,2026-07-28,2026-07-28 09:46:43 AM,32280.205,538.0034,6159,0.7699,3529,0.4411,10830,1.3538,29.47,64.46,990.35,125.83
539,2026-07-28,2026-07-28 09:47:43 AM,32340.204,539.0034,6164,0.7705,3530,0.4413,10834,1.3543,29.48,64.43,990.35,125.64
540,2026-07-28,2026-07-28 09:48:43 AM,32400.195,540.0032,6171,0.7714,3531,0.4414,10840,1.355,29.5,64.39,990.32,125.64
541,2026-07-28,2026-07-28 09:49:43 AM,32460.198,541.0033,6171,0.7714,3537,0.4421,10839,1.3549,29.51,64.4,990.25,126.29
542,2026-07-28,2026-07-28 09:50:43 AM,32520.193,542.0032,6177,0.7721,3537,0.4421,10843,1.3554,29.53,64.36,990.2,126.58
543,2026-07-28,2026-07-28 09:51:43 AM,32580.198,543.0033,6179,0.7724,3537,0.4421,10845,1.3556,29.54,64.35,990.11,126.29
544,2026-07-28,2026-07-28 09:52:43 AM,32640.189,544.0032,6182,0.7728,3541,0.4426,10845,1.3556,29.55,64.33,990.09,126.01
545,2026-07-28,2026-07-28 09:53:43 AM,32700.185,545.0031,6186,0.7733,3542,0.4428,10846,1.3558,29.56,64.32,990.1,126.39
546,2026-07-28,2026-07-28 09:54:43 AM,32760.188,546.0031,6187,0.7734,3546,0.4433,10852,1.3565,29.58,64.3,990.09,125.83
547,2026-07-28,2026-07-28 09:55:43 AM,32820.196,547.0033,6187,0.7734,3549,0.4436,10852,1.3565,29.59,64.29,990.08,126.2
548,2026-07-28,2026-07-28 09:56:43 AM,32880.179,548.003,6195,0.7744,3552,0.444,10848,1.356,29.6,64.29,990.1,127.05
549,2026-07-28,2026-07-28 09:57:43 AM,32940.18,549.003,6189,0.7736,3546,0.4433,10842,1.3553,29.6,64.27,990.06,126.67
550,2026-07-28,2026-07-28 09:58:43 AM,33000.193,550.0032,6187,0.7734,3543,0.4429,10840,1.355,29.6,64.31,990.03,126.11
551,2026-07-28,2026-07-28 09:59:43 AM,33060.182,551.003,6176,0.772,3541,0.4426,10827,1.3534,29.59,64.35,989.99,126.39
552,2026-07-28,2026-07-28 10:00:43 AM,33120.187,552.0031,6161,0.7701,3527,0.4409,10811,1.3514,29.57,64.4,989.93,126.76
553,2026-07-28,2026-07-28 10:01:43 AM,33180.186,553.0031,6146,0.7683,3515,0.4394,10804,1.3505,29.54,64.45,989.86,126.48
554,2026-07-28,2026-07-28 10:02:43 AM,33240.178,554.003,6130,0.7663,3508,0.4385,10803,1.3504,29.5,64.52,989.8,126.95
555,2026-07-28,2026-07-28 10:03:43 AM,33300.179,555.003,6113,0.7641,3498,0.4373,10805,1.3506,29.47,64.59,989.75,127.33
556,2026-07-28,2026-07-28 10:04:43 AM,33360.163,556.0027,6101,0.7626,3493,0.4366,10811,1.3514,29.43,64.64,989.72,127.71
557,2026-07-28,2026-07-28 10:05:43 AM,33420.167,557.0028,6094,0.7618,3484,0.4355,10820,1.3525,29.41,64.66,989.68,127.24
558,2026-07-28,2026-07-28 10:06:43 AM,33480.163,558.0027,6083,0.7604,3481,0.4351,10828,1.3535,29.38,64.7,989.69,127.62
559,2026-07-28,2026-07-28 10:07:43 AM,33540.159,559.0026,6073,0.7591,3478,0.4348,10836,1.3545,29.36,64.69,989.64,127.43
560,2026-07-28,2026-07-28 10:08:43 AM,33600.166,560.0028,6069,0.7586,3478,0.4348,10842,1.3553,29.35,64.69,989.65,127.62
561,2026-07-28,2026-07-28 10:09:43 AM,33660.161,561.0027,6064,0.758,3479,0.4349,10853,1.3566,29.35,64.7,989.62,127.71
562,2026-07-28,2026-07-28 10:10:43 AM,33720.154,562.0026,6065,0.7581,3478,0.4348,10859,1.3574,29.34,64.7,989.61,127.81
563,2026-07-28,2026-07-28 10:11:43 AM,33780.159,563.0027,6071,0.7589,3480,0.435,10870,1.3588,29.34,64.68,989.61,128.38
564,2026-07-28,2026-07-28 10:12:43 AM,33840.162,564.0027,6072,0.759,3484,0.4355,10873,1.3591,29.34,64.69,989.63,128.19
565,2026-07-28,2026-07-28 10:13:43 AM,33900.162,565.0027,6072,0.759,3484,0.4355,10876,1.3595,29.35,64.68,989.64,128.38
566,2026-07-28,2026-07-28 10:14:43 AM,33960.161,566.0027,6082,0.7603,3488,0.436,10881,1.3601,29.36,64.67,989.67,128.1
567,2026-07-28,2026-07-28 10:15:43 AM,34020.151,567.0025,6088,0.761,3489,0.4361,10887,1.3609,29.37,64.64,989.68,128.77
568,2026-07-28,2026-07-28 10:16:43 AM,34080.149,568.0025,6094,0.7618,3496,0.437,10888,1.361,29.38,64.63,989.7,128.68
569,2026-07-28,2026-07-28 10:17:43 AM,34140.149,569.0025,6099,0.7624,3500,0.4375,10893,1.3616,29.39,64.6,989.72,128.97
570,2026-07-28,2026-07-28 10:18:43 AM,34200.161,570.0027,6104,0.763,3501,0.4376,10896,1.362,29.4,64.58,989.69,128.77
571,2026-07-28,2026-07-28 10:19:43 AM,34260.165,571.0028,6105,0.7631,3500,0.4375,10900,1.3625,29.41,64.59,989.7,128.58
572,2026-07-28,2026-07-28 10:20:43 AM,34320.146,572.0024,6106,0.7633,3502,0.4378,10899,1.3624,29.42,64.56,989.7,128.38
573,2026-07-28,2026-07-28 10:21:43 AM,34380.145,573.0024,6117,0.7646,3505,0.4381,10903,1.3629,29.43,64.55,989.76,129.36
574,2026-07-28,2026-07-28 10:22:43 AM,34440.153,574.0026,6118,0.7648,3506,0.4383,10904,1.363,29.44,64.53,989.79,128.87
575,2026-07-28,2026-07-28 10:23:43 AM,34500.144,575.0024,6117,0.7646,3509,0.4386,10906,1.3633,29.46,64.51,989.87,129.75
576,2026-07-28,2026-07-28 10:24:43 AM,34560.146,576.0024,6120,0.765,3510,0.4388,10907,1.3634,29.47,64.49,989.89,128.97
577,2026-07-28,2026-07-28 10:25:43 AM,34620.149,577.0025,6123,0.7654,3511,0.4389,10911,1.3639,29.48,64.47,989.93,129.16
578,2026-07-28,2026-07-28 10:26:43 AM,34680.148,578.0025,6125,0.7656,3513,0.4391,10911,1.3639,29.5,64.47,989.96,129.46
579,2026-07-28,2026-07-28 10:27:43 AM,34740.146,579.0024,6128,0.766,3517,0.4396,10912,1.364,29.51,64.44,990.0,129.16
580,2026-07-28,2026-07-28 10:28:43 AM,34800.14,580.0023,6132,0.7665,3517,0.4396,10913,1.3641,29.52,64.41,990.04,129.46
581,2026-07-28,2026-07-28 10:29:43 AM,34860.136,581.0023,6136,0.767,3518,0.4398,10911,1.3639,29.54,64.41,990.06,129.36
582,2026-07-28,2026-07-28 10:30:43 AM,34920.143,582.0024,6138,0.7673,3522,0.4403,10913,1.3641,29.55,64.39,990.06,130.05
583,2026-07-28,2026-07-28 10:31:43 AM,34980.141,583.0023,6139,0.7674,3525,0.4406,10913,1.3641,29.56,64.38,990.06,129.85
584,2026-07-28,2026-07-28 10:32:43 AM,35040.13,584.0022,6141,0.7676,3525,0.4406,10918,1.3648,29.57,64.36,990.06,130.15
585,2026-07-28,2026-07-28 10:33:43 AM,35100.141,585.0023,6146,0.7683,3526,0.4408,10914,1.3643,29.58,64.35,990.05,129.65
586,2026-07-28,2026-07-28 10:34:43 AM,35160.141,586.0023,6148,0.7685,3528,0.441,10917,1.3646,29.59,64.33,990.08,129.95
587,2026-07-28,2026-07-28 10:35:43 AM,35220.126,587.0021,6149,0.7686,3534,0.4418,10917,1.3646,29.6,64.34,990.12,130.15
588,2026-07-28,2026-07-28 10:36:43 AM,35280.127,588.0021,6151,0.7689,3532,0.4415,10916,1.3645,29.61,64.3,990.15,130.05
589,2026-07-28,2026-07-28 10:37:43 AM,35340.138,589.0023,6147,0.7684,3531,0.4414,10917,1.3646,29.62,64.31,990.14,131.15
590,2026-07-28,2026-07-28 10:38:43 AM,35400.133,590.0022,6152,0.769,3535,0.4419,10919,1.3649,29.63,64.31,990.15,130.15
591,2026-07-28,2026-07-28 10:39:43 AM,35460.126,591.0021,6149,0.7686,3537,0.4421,10918,1.3648,29.64,64.29,990.16,130.45
592,2026-07-28,2026-07-28 10:40:43 AM,35520.138,592.0023,6154,0.7693,3537,0.4421,10916,1.3645,29.65,64.28,990.17,130.15
593,2026-07-28,2026-07-28 10:41:43 AM,35580.122,593.002,6158,0.7698,3538,0.4423,10920,1.365,29.66,64.26,990.19,131.45
594,2026-07-28,2026-07-28 10:42:43 AM,35640.131,594.0022,6160,0.77,3538,0.4423,10920,1.365,29.67,64.25,990.16,130.54
595,2026-07-28,2026-07-28 10:43:43 AM,35700.131,595.0022,6159,0.7699,3539,0.4424,10915,1.3644,29.68,64.26,990.19,130.74
596,2026-07-28,2026-07-28 10:44:43 AM,35760.125,596.0021,6160,0.77,3539,0.4424,10918,1.3648,29.69,64.23,990.2,130.85
597,2026-07-28,2026-07-28 10:45:43 AM,35820.121,597.002,6159,0.7699,3544,0.443,10915,1.3644,29.7,64.24,990.18,131.15
598,2026-07-28,2026-07-28 10:46:43 AM,35880.122,598.002,6161,0.7701,3543,0.4429,10912,1.364,29.72,64.24,990.19,130.85
599,2026-07-28,2026-07-28 10:47:43 AM,35940.118,599.002,6160,0.77,3541,0.4426,10909,1.3636,29.73,64.25,990.18,130.95
600,2026-07-28,2026-07-28 10:48:43 AM,36000.119,600.002,6164,0.7705,3542,0.4428,10909,1.3636,29.74,64.26,990.18,130.65
601,2026-07-28,2026-07-28 10:49:43 AM,36060.117,601.0019,6160,0.77,3542,0.4428,10905,1.3631,29.75,64.27,990.2,131.15
602,2026-07-28,2026-07-28 10:50:43 AM,36120.114,602.0019,6162,0.7703,3544,0.443,10905,1.3631,29.76,64.28,990.2,131.65
603,2026-07-28,2026-07-28 10:51:43 AM,36180.114,603.0019,6164,0.7705,3542,0.4428,10908,1.3635,29.76,64.28,990.23,131.35
604,2026-07-28,2026-07-28 10:52:43 AM,36240.119,604.002,6162,0.7703,3545,0.4431,10910,1.3638,29.77,64.25,990.28,131.35
605,2026-07-28,2026-07-28 10:53:43 AM,36300.106,605.0018,6167,0.7709,3548,0.4435,10908,1.3635,29.78,64.26,990.28,131.76
606,2026-07-28,2026-07-28 10:54:43 AM,36360.104,606.0017,6168,0.771,3548,0.4435,10910,1.3638,29.79,64.24,990.29,131.55
607,2026-07-28,2026-07-28 10:55:43 AM,36420.111,607.0019,6170,0.7713,3546,0.4433,10909,1.3636,29.8,64.22,990.3,131.55
608,2026-07-28,2026-07-28 10:56:43 AM,36480.109,608.0018,6167,0.7709,3547,0.4434,10911,1.3639,29.8,64.22,990.27,131.65
609,2026-07-28,2026-07-28 10:57:43 AM,36540.11,609.0018,6166,0.7708,3550,0.4438,10909,1.3636,29.82,64.24,990.25,131.96
610,2026-07-28,2026-07-28 10:58:43 AM,36600.109,610.0018,6164,0.7705,3547,0.4434,10909,1.3636,29.82,64.23,990.2,131.65
611,2026-07-28,2026-07-28 10:59:43 AM,36660.11,611.0018,6165,0.7706,3543,0.4429,10903,1.3629,29.83,64.24,990.21,131.35
612,2026-07-28,2026-07-28 11:00:43 AM,36720.102,612.0017,6159,0.7699,3541,0.4426,10894,1.3618,29.82,64.27,990.2,131.86
613,2026-07-28,2026-07-28 11:01:43 AM,36780.113,613.0019,6143,0.7679,3535,0.4419,10886,1.3608,29.8,64.29,990.2,131.65
614,2026-07-28,2026-07-28 11:02:43 AM,36840.107,614.0018,6127,0.7659,3527,0.4409,10873,1.3591,29.78,64.36,990.23,131.96
615,2026-07-28,2026-07-28 11:03:43 AM,36900.105,615.0017,6116,0.7645,3513,0.4391,10870,1.3588,29.75,64.39,990.28,132.47
616,2026-07-28,2026-07-28 11:04:43 AM,36960.107,616.0018,6094,0.7618,3503,0.4379,10857,1.3571,29.72,64.46,990.3,132.26
617,2026-07-28,2026-07-28 11:05:43 AM,37020.094,617.0016,6079,0.7599,3489,0.4361,10847,1.3559,29.68,64.53,990.32,132.47
618,2026-07-28,2026-07-28 11:06:43 AM,37080.103,618.0017,6056,0.757,3476,0.4345,10835,1.3544,29.64,64.66,990.29,132.16
619,2026-07-28,2026-07-28 11:07:43 AM,37140.098,619.0016,6042,0.7553,3464,0.433,10826,1.3533,29.6,64.78,990.28,132.26
620,2026-07-28,2026-07-28 11:08:43 AM,37200.099,620.0017,6038,0.7548,3465,0.4331,10825,1.3531,29.57,64.83,990.25,132.57
621,2026-07-28,2026-07-28 11:09:43 AM,37260.104,621.0017,6030,0.7538,3460,0.4325,10828,1.3535,29.55,64.87,990.23,133.4
622,2026-07-28,2026-07-28 11:10:43 AM,37320.107,622.0018,6030,0.7538,3458,0.4323,10823,1.3529,29.53,64.94,990.21,132.47
623,2026-07-28,2026-07-28 11:11:43 AM,37380.097,623.0016,6024,0.753,3463,0.4329,10825,1.3531,29.52,64.97,990.15,133.51
624,2026-07-28,2026-07-28 11:12:43 AM,37440.095,624.0016,6025,0.7531,3462,0.4328,10824,1.353,29.52,64.96,990.19,133.09
625,2026-07-28,2026-07-28 11:13:43 AM,37500.09,625.0015,6029,0.7536,3466,0.4333,10829,1.3536,29.51,64.99,990.19,133.4
626,2026-07-28,2026-07-28 11:14:43 AM,37560.087,626.0014,6035,0.7544,3470,0.4338,10832,1.354,29.51,64.97,990.19,134.24
627,2026-07-28,2026-07-28 11:15:43 AM,37620.084,627.0014,6035,0.7544,3472,0.434,10831,1.3539,29.51,64.97,990.23,133.61
628,2026-07-28,2026-07-28 11:16:43 AM,37680.087,628.0014,6041,0.7551,3472,0.434,10834,1.3543,29.52,64.97,990.25,133.51
629,2026-07-28,2026-07-28 11:17:43 AM,37740.09,629.0015,6050,0.7563,3478,0.4348,10834,1.3543,29.52,64.94,990.27,133.93
630,2026-07-28,2026-07-28 11:18:43 AM,37800.084,630.0014,6054,0.7568,3482,0.4353,10834,1.3543,29.53,64.94,990.23,134.14
631,2026-07-28,2026-07-28 11:19:43 AM,37860.081,631.0014,6059,0.7574,3486,0.4358,10836,1.3545,29.54,64.92,990.19,133.72
632,2026-07-28,2026-07-28 11:20:43 AM,37920.086,632.0014,6069,0.7586,3490,0.4363,10836,1.3545,29.55,64.88,990.21,134.24
633,2026-07-28,2026-07-28 11:21:43 AM,37980.087,633.0014,6069,0.7586,3492,0.4365,10834,1.3543,29.57,64.87,990.19,134.24
634,2026-07-28,2026-07-28 11:22:43 AM,38040.076,634.0013,6075,0.7594,3495,0.4369,10835,1.3544,29.58,64.85,990.22,134.88
635,2026-07-28,2026-07-28 11:23:43 AM,38100.082,635.0014,6077,0.7596,3492,0.4365,10835,1.3544,29.59,64.83,990.2,134.35
636,2026-07-28,2026-07-28 11:24:43 AM,38160.082,636.0014,6076,0.7595,3493,0.4366,10828,1.3535,29.6,64.82,990.15,135.09
637,2026-07-28,2026-07-28 11:25:43 AM,38220.07,637.0012,6076,0.7595,3492,0.4365,10821,1.3526,29.6,64.82,990.14,134.35
638,2026-07-28,2026-07-28 11:26:43 AM,38280.081,638.0013,6066,0.7583,3491,0.4364,10813,1.3516,29.6,64.84,990.11,134.56
639,2026-07-28,2026-07-28 11:27:43 AM,38340.067,639.0011,6052,0.7565,3483,0.4354,10803,1.3504,29.59,64.85,990.1,134.35
640,2026-07-28,2026-07-28 11:28:43 AM,38400.077,640.0013,6040,0.755,3470,0.4338,10792,1.349,29.56,64.93,990.07,135.31
641,2026-07-28,2026-07-28 11:29:43 AM,38460.067,641.0011,6025,0.7531,3460,0.4325,10779,1.3474,29.54,64.99,990.02,135.09
642,2026-07-28,2026-07-28 11:30:43 AM,38520.075,642.0012,6013,0.7516,3451,0.4314,10776,1.347,29.5,65.05,989.98,135.52
643,2026-07-28,2026-07-28 11:31:43 AM,38580.064,643.0011,5994,0.7493,3441,0.4301,10765,1.3456,29.47,65.13,989.96,135.63
644,2026-07-28,2026-07-28 11:32:43 AM,38640.061,644.001,5985,0.7481,3432,0.429,10764,1.3455,29.44,65.19,989.97,135.52
645,2026-07-28,2026-07-28 11:33:43 AM,38700.068,645.0011,5975,0.7469,3427,0.4284,10761,1.3451,29.42,65.27,989.94,135.74
646,2026-07-28,2026-07-28 11:34:43 AM,38760.07,646.0012,5975,0.7469,3428,0.4285,10763,1.3454,29.41,65.29,989.98,135.31
647,2026-07-28,2026-07-28 11:35:43 AM,38820.068,647.0011,5980,0.7475,3432,0.429,10768,1.346,29.39,65.3,989.95,135.63
648,2026-07-28,2026-07-28 11:36:43 AM,38880.064,648.0011,5982,0.7478,3432,0.429,10769,1.3461,29.39,65.3,989.97,135.74
649,2026-07-28,2026-07-28 11:37:43 AM,38940.061,649.001,5992,0.749,3438,0.4298,10771,1.3464,29.39,65.3,989.97,135.52
650,2026-07-28,2026-07-28 11:38:43 AM,39000.058,650.001,5996,0.7495,3445,0.4306,10776,1.347,29.4,65.27,989.95,136.17
651,2026-07-28,2026-07-28 11:39:43 AM,39060.065,651.0011,6009,0.7511,3442,0.4303,10772,1.3465,29.41,65.26,989.91,136.39
652,2026-07-28,2026-07-28 11:40:43 AM,39120.068,652.0011,6011,0.7514,3452,0.4315,10771,1.3464,29.42,65.23,989.88,136.39
653,2026-07-28,2026-07-28 11:41:43 AM,39180.057,653.0009,6018,0.7523,3455,0.4319,10771,1.3464,29.43,65.2,989.89,136.17
654,2026-07-28,2026-07-28 11:42:43 AM,39240.06,654.001,6032,0.754,3463,0.4329,10770,1.3463,29.44,65.17,989.84,136.61
655,2026-07-28,2026-07-28 11:43:43 AM,39300.049,655.0008,6038,0.7548,3469,0.4336,10768,1.346,29.45,65.14,989.81,136.71
656,2026-07-28,2026-07-28 11:44:43 AM,39360.06,656.001,6043,0.7554,3471,0.4339,10769,1.3461,29.47,65.11,989.76,137.26
657,2026-07-28,2026-07-28 11:45:43 AM,39420.049,657.0008,6052,0.7565,3476,0.4345,10768,1.346,29.48,65.09,989.73,136.61
658,2026-07-28,2026-07-28 11:46:43 AM,39480.044,658.0007,6056,0.757,3478,0.4348,10770,1.3463,29.5,65.05,989.71,137.26
659,2026-07-28,2026-07-28 11:47:43 AM,39540.053,659.0009,6063,0.7579,3483,0.4354,10768,1.346,29.52,65.03,989.7,137.37
660,2026-07-28,2026-07-28 11:48:43 AM,39600.049,660.0008,6072,0.759,3486,0.4358,10766,1.3458,29.54,65.01,989.69,137.37
661,2026-07-28,2026-07-28 11:49:43 AM,39660.053,661.0009,6075,0.7594,3492,0.4365,10766,1.3458,29.56,64.96,989.68,136.93
662,2026-07-28,2026-07-28 11:50:43 AM,39720.054,662.0009,6078,0.7598,3491,0.4364,10767,1.3459,29.57,64.92,989.67,137.04
663,2026-07-28,2026-07-28 11:51:43 AM,39780.049,663.0008,6081,0.7601,3495,0.4369,10763,1.3454,29.59,64.9,989.68,138.15
664,2026-07-28,2026-07-28 11:52:43 AM,39840.044,664.0007,6087,0.7609,3501,0.4376,10762,1.3453,29.6,64.88,989.71,137.49
665,2026-07-28,2026-07-28 11:53:43 AM,39900.047,665.0008,6092,0.7615,3501,0.4376,10760,1.345,29.62,64.84,989.71,137.6
666,2026-07-28,2026-07-28 11:54:43 AM,39960.046,666.0008,6085,0.7606,3501,0.4376,10753,1.3441,29.63,64.82,989.74,138.15
667,2026-07-28,2026-07-28 11:55:43 AM,40020.053,667.0009,6079,0.7599,3500,0.4375,10747,1.3434,29.63,64.83,989.77,137.93
668,2026-07-28,2026-07-28 11:56:43 AM,40080.047,668.0008,6068,0.7585,3493,0.4366,10744,1.343,29.62,64.81,989.77,138.04
669,2026-07-28,2026-07-28 11:57:43 AM,40140.031,669.0005,6057,0.7571,3486,0.4358,10748,1.3435,29.61,64.81,989.79,138.6
670,2026-07-28,2026-07-28 11:58:43 AM,40200.036,670.0006,6040,0.755,3479,0.4349,10738,1.3423,29.6,64.83,989.8,138.38
671,2026-07-28,2026-07-28 11:59:43 AM,40260.042,671.0007,6026,0.7533,3475,0.4344,10731,1.3414,29.57,64.87,989.79,138.49
672,2026-07-28,2026-07-28 12:00:43 PM,40320.034,672.0006,6011,0.7514,3463,0.4329,10719,1.3399,29.55,64.94,989.77,139.28
673,2026-07-28,2026-07-28 12:01:43 PM,40380.027,673.0004,6000,0.75,3454,0.4318,10700,1.3375,29.52,65.01,989.79,139.28
674,2026-07-28,2026-07-28 12:02:43 PM,40440.041,674.0007,5980,0.7475,3443,0.4304,10683,1.3354,29.49,65.11,989.73,139.05
675,2026-07-28,2026-07-28 12:03:43 PM,40500.038,675.0006,5967,0.7459,3438,0.4298,10670,1.3338,29.46,65.21,989.73,138.83
676,2026-07-28,2026-07-28 12:04:43 PM,40560.028,676.0005,5954,0.7443,3427,0.4284,10659,1.3324,29.43,65.3,989.72,139.51
677,2026-07-28,2026-07-28 12:05:43 PM,40620.031,677.0005,5951,0.7439,3422,0.4278,10658,1.3323,29.4,65.38,989.72,138.15
678,2026-07-28,2026-07-28 12:06:43 PM,40680.029,678.0005,5954,0.7443,3419,0.4274,10657,1.3321,29.38,65.4,989.71,137.93
679,2026-07-28,2026-07-28 12:07:43 PM,40740.03,679.0005,5953,0.7441,3418,0.4273,10659,1.3324,29.37,65.43,989.7,139.4
680,2026-07-28,2026-07-28 12:08:43 PM,40800.026,680.0004,5963,0.7454,3426,0.4283,10664,1.333,29.37,65.41,989.69,139.51
681,2026-07-28,2026-07-28 12:09:43 PM,40860.027,681.0004,5965,0.7456,3434,0.4293,10672,1.334,29.37,65.38,989.67,139.97
682,2026-07-28,2026-07-28 12:10:43 PM,40920.032,682.0005,5979,0.7474,3439,0.4299,10674,1.3343,29.38,65.35,989.64,139.62
683,2026-07-28,2026-07-28 12:11:43 PM,40980.028,683.0005,5984,0.748,3447,0.4309,10680,1.335,29.39,65.32,989.62,139.97
684,2026-07-28,2026-07-28 12:12:43 PM,41040.033,684.0006,5995,0.7494,3452,0.4315,10683,1.3354,29.41,65.29,989.6,139.97
685,2026-07-28,2026-07-28 12:13:43 PM,41100.013,685.0002,6008,0.751,3459,0.4324,10688,1.336,29.42,65.26,989.56,140.2
686,2026-07-28,2026-07-28 12:14:43 PM,41160.013,686.0002,6017,0.7521,3466,0.4333,10687,1.3359,29.44,65.22,989.56,140.2
687,2026-07-28,2026-07-28 12:15:43 PM,41220.024,687.0004,6028,0.7535,3471,0.4339,10694,1.3368,29.46,65.17,989.54,140.89
688,2026-07-28,2026-07-28 12:16:43 PM,41280.026,688.0004,6033,0.7541,3478,0.4348,10693,1.3366,29.48,65.13,989.53,139.85
689,2026-07-28,2026-07-28 12:17:43 PM,41340.015,689.0002,6047,0.7559,3483,0.4354,10699,1.3374,29.5,65.09,989.49,140.89
690,2026-07-28,2026-07-28 12:18:43 PM,41400.019,690.0003,6053,0.7566,3485,0.4356,10697,1.3371,29.52,65.06,989.5,140.66
691,2026-07-28,2026-07-28 12:19:43 PM,41460.004,691.0001,6063,0.7579,3489,0.4361,10697,1.3371,29.54,65.02,989.51,141.12
692,2026-07-28,2026-07-28 12:20:43 PM,41520.004,692.0001,6068,0.7585,3492,0.4365,10696,1.337,29.56,65.0,989.53,140.77
693,2026-07-28,2026-07-28 12:21:43 PM,41580.008,693.0001,6075,0.7594,3495,0.4369,10691,1.3364,29.57,64.97,989.56,141.36
694,2026-07-28,2026-07-28 12:22:43 PM,41640.013,694.0002,6075,0.7594,3496,0.437,10687,1.3359,29.59,64.94,989.56,141.59
695,2026-07-28,2026-07-28 12:23:43 PM,41700.006,695.0001,6072,0.759,3496,0.437,10681,1.3351,29.59,64.91,989.54,141.36
696,2026-07-28,2026-07-28 12:24:43 PM,41760.01,696.0002,6064,0.758,3492,0.4365,10673,1.3341,29.59,64.92,989.55,142.06
697,2026-07-28,2026-07-28 12:25:43 PM,41820.011,697.0002,6049,0.7561,3484,0.4355,10667,1.3334,29.59,64.93,989.54,142.18
698,2026-07-28,2026-07-28 12:26:43 PM,41880.005,698.0001,6030,0.7538,3478,0.4348,10660,1.3325,29.57,64.95,989.53,141.83
699,2026-07-28,2026-07-28 12:27:43 PM,41940.008,699.0001,6017,0.7521,3467,0.4334,10645,1.3306,29.55,64.99,989.53,142.3
700,2026-07-28,2026-07-28 12:28:43 PM,42000.01,700.0002,6001,0.7501,3453,0.4316,10631,1.3289,29.53,65.05,989.5,142.06
701,2026-07-28,2026-07-28 12:29:43 PM,42060.208,701.0035,5988,0.7485,3447,0.4309,10619,1.3274,29.5,65.1,989.46,142.42
702,2026-07-28,2026-07-28 12:30:43 PM,42120.001,702.0,5970,0.7463,3434,0.4293,10601,1.3251,29.46,65.19,989.43,142.18
703,2026-07-28,2026-07-28 12:31:43 PM,42180.005,703.0001,5963,0.7454,3424,0.428,10580,1.3225,29.43,65.26,989.41,142.3
704,2026-07-28,2026-07-28 12:32:43 PM,42240.0,704.0,5948,0.7435,3419,0.4274,10575,1.3219,29.4,65.36,989.41,142.42
705,2026-07-28,2026-07-28 12:33:43 PM,42300.204,705.0034,5946,0.7433,3413,0.4266,10574,1.3218,29.38,65.41,989.37,142.78
706,2026-07-28,2026-07-28 12:34:43 PM,42360.0,706.0,5944,0.743,3411,0.4264,10575,1.3219,29.36,65.45,989.32,143.02
707,2026-07-28,2026-07-28 12:35:43 PM,42420.207,707.0034,5949,0.7436,3413,0.4266,10575,1.3219,29.36,65.45,989.36,142.78
708,2026-07-28,2026-07-28 12:36:43 PM,42480.0,708.0,5952,0.744,3417,0.4271,10583,1.3229,29.36,65.42,989.41,143.02
709,2026-07-28,2026-07-28 12:37:43 PM,42540.203,709.0034,5964,0.7455,3423,0.4279,10585,1.3231,29.36,65.4,989.41,143.02
710,2026-07-28,2026-07-28 12:38:43 PM,42600.2,710.0033,5976,0.747,3433,0.4291,10586,1.3233,29.37,65.36,989.41,144.1
711,2026-07-28,2026-07-28 12:39:43 PM,42660.193,711.0032,5982,0.7478,3444,0.4305,10590,1.3238,29.39,65.31,989.39,143.26
712,2026-07-28,2026-07-28 12:40:43 PM,42720.192,712.0032,5998,0.7498,3452,0.4315,10589,1.3236,29.41,65.27,989.4,144.59
713,2026-07-28,2026-07-28 12:41:43 PM,42780.197,713.0033,6007,0.7509,3456,0.432,10585,1.3231,29.43,65.24,989.38,144.47
714,2026-07-28,2026-07-28 12:42:43 PM,42840.197,714.0033,6018,0.7523,3467,0.4334,10585,1.3231,29.45,65.22,989.35,144.23
715,2026-07-28,2026-07-28 12:43:43 PM,42900.196,715.0033,6027,0.7534,3469,0.4336,10581,1.3226,29.47,65.15,989.35,144.23
716,2026-07-28,2026-07-28 12:44:43 PM,42960.209,716.0035,6033,0.7541,3477,0.4346,10578,1.3223,29.49,65.14,989.35,144.71
717,2026-07-28,2026-07-28 12:45:43 PM,43020.191,717.0032,6038,0.7548,3481,0.4351,10576,1.322,29.51,65.08,989.37,144.1
718,2026-07-28,2026-07-28 12:46:43 PM,43080.194,718.0032,6050,0.7563,3481,0.4351,10572,1.3215,29.53,65.05,989.38,144.71
719,2026-07-28,2026-07-28 12:47:43 PM,43140.189,719.0032,6050,0.7563,3484,0.4355,10563,1.3204,29.55,65.02,989.38,144.71
720,2026-07-28,2026-07-28 12:48:43 PM,43200.193,720.0032,6046,0.7558,3484,0.4355,10553,1.3191,29.56,65.02,989.39,144.23
721,2026-07-28,2026-07-28 12:49:43 PM,43260.187,721.0031,6041,0.7551,3478,0.4348,10544,1.318,29.56,65.02,989.43,144.96
722,2026-07-28,2026-07-28 12:50:43 PM,43320.185,722.0031,6031,0.7539,3474,0.4343,10535,1.3169,29.56,65.02,989.45,144.47
723,2026-07-28,2026-07-28 12:51:43 PM,43380.188,723.0031,6020,0.7525,3465,0.4331,10528,1.316,29.55,65.04,989.46,145.33
724,2026-07-28,2026-07-28 12:52:43 PM,43440.196,724.0033,6010,0.7513,3461,0.4326,10526,1.3158,29.54,65.03,989.47,145.21
725,2026-07-28,2026-07-28 12:53:43 PM,43500.186,725.0031,5997,0.7496,3453,0.4316,10516,1.3145,29.52,65.04,989.52,145.58
726,2026-07-28,2026-07-28 12:54:43 PM,43560.186,726.0031,5984,0.748,3444,0.4305,10508,1.3135,29.5,65.1,989.5,145.7
727,2026-07-28,2026-07-28 12:55:43 PM,43620.192,727.0032,5978,0.7473,3439,0.4299,10497,1.3121,29.48,65.13,989.49,145.95
728,2026-07-28,2026-07-28 12:56:43 PM,43680.189,728.0031,5964,0.7455,3429,0.4286,10488,1.311,29.46,65.2,989.52,145.7
729,2026-07-28,2026-07-28 12:57:43 PM,43740.175,729.0029,5955,0.7444,3425,0.4281,10485,1.3106,29.44,65.24,989.55,145.83
730,2026-07-28,2026-07-28 12:58:43 PM,43800.167,730.0028,5957,0.7446,3422,0.4278,10488,1.311,29.43,65.25,989.62,146.45
731,2026-07-28,2026-07-28 12:59:43 PM,43860.18,731.003,5959,0.7449,3424,0.428,10490,1.3113,29.42,65.26,989.65,146.2
732,2026-07-28,2026-07-28 01:00:43 PM,43920.175,732.0029,5969,0.7461,3429,0.4286,10498,1.3123,29.42,65.26,989.69,145.95
733,2026-07-28,2026-07-28 01:01:43 PM,43980.184,733.0031,5973,0.7466,3434,0.4293,10503,1.3129,29.43,65.25,989.69,146.45
734,2026-07-28,2026-07-28 01:02:43 PM,44040.186,734.0031,5983,0.7479,3441,0.4301,10507,1.3134,29.44,65.21,989.69,146.58
735,2026-07-28,2026-07-28 01:03:43 PM,44100.18,735.003,5995,0.7494,3448,0.431,10515,1.3144,29.45,65.18,989.7,147.72
736,2026-07-28,2026-07-28 01:04:43 PM,44160.171,736.0028,6009,0.7511,3451,0.4314,10526,1.3158,29.47,65.15,989.7,147.21
737,2026-07-28,2026-07-28 01:05:43 PM,44220.172,737.0029,6021,0.7526,3461,0.4326,10531,1.3164,29.49,65.09,989.68,147.34
738,2026-07-28,2026-07-28 01:06:43 PM,44280.175,738.0029,6036,0.7545,3471,0.4339,10537,1.3171,29.51,65.07,989.68,146.96
739,2026-07-28,2026-07-28 01:07:43 PM,44340.165,739.0027,6047,0.7559,3477,0.4346,10540,1.3175,29.53,65.03,989.67,146.83
740,2026-07-28,2026-07-28 01:08:43 PM,44400.172,740.0029,6058,0.7573,3485,0.4356,10540,1.3175,29.55,64.99,989.68,146.7
741,2026-07-28,2026-07-28 01:09:43 PM,44460.165,741.0027,6065,0.7581,3489,0.4361,10541,1.3176,29.57,64.95,989.68,146.83
742,2026-07-28,2026-07-28 01:10:43 PM,44520.164,742.0027,6072,0.759,3491,0.4364,10543,1.3179,29.59,64.94,989.69,146.96
743,2026-07-28,2026-07-28 01:11:43 PM,44580.158,743.0026,6076,0.7595,3498,0.4373,10539,1.3174,29.61,64.91,989.68,147.72
744,2026-07-28,2026-07-28 01:12:43 PM,44640.169,744.0028,6078,0.7598,3495,0.4369,10532,1.3165,29.62,64.87,989.62,147.21
745,2026-07-28,2026-07-28 01:13:43 PM,44700.153,745.0026,6067,0.7584,3490,0.4363,10526,1.3158,29.62,64.89,989.62,147.08
746,2026-07-28,2026-07-28 01:14:43 PM,44760.165,746.0027,6055,0.7569,3486,0.4358,10519,1.3149,29.62,64.89,989.58,148.23
747,2026-07-28,2026-07-28 01:15:43 PM,44820.163,747.0027,6051,0.7564,3483,0.4354,10513,1.3141,29.61,64.89,989.56,147.59
748,2026-07-28,2026-07-28 01:16:43 PM,44880.169,748.0028,6040,0.755,3475,0.4344,10505,1.3131,29.6,64.92,989.56,147.72
749,2026-07-28,2026-07-28 01:17:43 PM,44940.15,749.0025,6021,0.7526,3466,0.4333,10495,1.3119,29.59,64.95,989.57,146.96
750,2026-07-28,2026-07-28 01:18:43 PM,45000.153,750.0025,6008,0.751,3459,0.4324,10483,1.3104,29.57,64.99,989.55,148.88
751,2026-07-28,2026-07-28 01:19:43 PM,45060.155,751.0026,5995,0.7494,3443,0.4304,10478,1.3098,29.55,65.03,989.51,147.85
752,2026-07-28,2026-07-28 01:20:43 PM,45120.153,752.0025,5987,0.7484,3441,0.4301,10473,1.3091,29.52,65.09,989.48,148.23
753,2026-07-28,2026-07-28 01:21:43 PM,45180.159,753.0027,5980,0.7475,3436,0.4295,10473,1.3091,29.5,65.13,989.43,148.62
754,2026-07-28,2026-07-28 01:22:43 PM,45240.149,754.0025,5974,0.7468,3433,0.4291,10479,1.3099,29.49,65.16,989.43,148.36
755,2026-07-28,2026-07-28 01:23:43 PM,45300.147,755.0025,5975,0.7469,3433,0.4291,10482,1.3103,29.48,65.15,989.41,148.1
756,2026-07-28,2026-07-28 01:24:43 PM,45360.148,756.0025,5985,0.7481,3436,0.4295,10486,1.3108,29.48,65.16,989.44,149.01
757,2026-07-28,2026-07-28 01:25:43 PM,45420.155,757.0026,5995,0.7494,3444,0.4305,10494,1.3118,29.49,65.12,989.45,148.62
758,2026-07-28,2026-07-28 01:26:43 PM,45480.15,758.0025,6007,0.7509,3454,0.4318,10499,1.3124,29.51,65.1,989.42,149.01
759,2026-07-28,2026-07-28 01:27:43 PM,45540.139,759.0023,6022,0.7528,3459,0.4324,10501,1.3126,29.52,65.06,989.38,149.4
760,2026-07-28,2026-07-28 01:28:43 PM,45600.144,760.0024,6028,0.7535,3465,0.4331,10505,1.3131,29.54,65.03,989.38,149.79
761,2026-07-28,2026-07-28 01:29:43 PM,45660.139,761.0023,6038,0.7548,3471,0.4339,10503,1.3129,29.56,65.0,989.38,149.53
762,2026-07-28,2026-07-28 01:30:43 PM,45720.147,762.0024,6054,0.7568,3479,0.4349,10504,1.313,29.58,64.96,989.37,150.06
763,2026-07-28,2026-07-28 01:31:43 PM,45780.138,763.0023,6064,0.758,3483,0.4354,10503,1.3129,29.6,64.93,989.35,149.79
764,2026-07-28,2026-07-28 01:32:43 PM,45840.147,764.0024,6071,0.7589,3484,0.4355,10500,1.3125,29.62,64.89,989.36,149.66
765,2026-07-28,2026-07-28 01:33:43 PM,45900.133,765.0022,6069,0.7586,3487,0.4359,10499,1.3124,29.63,64.88,989.32,150.06
766,2026-07-28,2026-07-28 01:34:43 PM,45960.134,766.0022,6065,0.7581,3485,0.4356,10493,1.3116,29.63,64.9,989.38,149.53
767,2026-07-28,2026-07-28 01:35:43 PM,46020.14,767.0023,6069,0.7586,3485,0.4356,10490,1.3113,29.63,64.87,989.35,149.53
768,2026-07-28,2026-07-28 01:36:43 PM,46080.143,768.0024,6075,0.7594,3491,0.4364,10493,1.3116,29.63,64.84,989.33,150.72
769,2026-07-28,2026-07-28 01:37:43 PM,46140.137,769.0023,6057,0.7571,3485,0.4356,10491,1.3114,29.63,64.85,989.36,150.99
770,2026-07-28,2026-07-28 01:38:43 PM,46200.136,770.0023,6041,0.7551,3473,0.4341,10473,1.3091,29.61,64.91,989.33,150.99
771,2026-07-28,2026-07-28 01:39:43 PM,46260.13,771.0022,6025,0.7531,3474,0.4343,10459,1.3074,29.6,64.96,989.32,150.85
772,2026-07-28,2026-07-28 01:40:43 PM,46320.133,772.0022,6011,0.7514,3460,0.4325,10454,1.3068,29.58,65.03,989.27,151.26
773,2026-07-28,2026-07-28 01:41:43 PM,46380.136,773.0023,6005,0.7506,3458,0.4323,10446,1.3058,29.57,65.06,989.28,151.12
774,2026-07-28,2026-07-28 01:42:43 PM,46440.129,774.0022,6007,0.7509,3453,0.4316,10447,1.3059,29.56,65.1,989.22,150.72
775,2026-07-28,2026-07-28 01:43:43 PM,46500.14,775.0023,6008,0.751,3460,0.4325,10449,1.3061,29.56,65.09,989.19,151.26
776,2026-07-28,2026-07-28 01:44:43 PM,46560.141,776.0024,6015,0.7519,3464,0.433,10454,1.3068,29.57,65.11,989.13,150.32
777,2026-07-28,2026-07-28 01:45:43 PM,46620.122,777.002,6024,0.753,3466,0.4333,10453,1.3066,29.58,65.09,989.13,151.12
778,2026-07-28,2026-07-28 01:46:43 PM,46680.124,778.0021,6033,0.7541,3474,0.4343,10451,1.3064,29.59,65.08,989.1,151.52
779,2026-07-28,2026-07-28 01:47:43 PM,46740.133,779.0022,6041,0.7551,3479,0.4349,10449,1.3061,29.61,65.07,989.08,152.06
780,2026-07-28,2026-07-28 01:48:43 PM,46800.122,780.002,6048,0.756,3494,0.4368,10450,1.3063,29.63,65.03,989.07,150.06
781,2026-07-28,2026-07-28 01:49:43 PM,46860.113,781.0019,6057,0.7571,3495,0.4369,10450,1.3063,29.65,65.0,989.06,151.26
782,2026-07-28,2026-07-28 01:50:43 PM,46920.113,782.0019,6061,0.7576,3499,0.4374,10448,1.306,29.67,64.99,989.0,152.06
783,2026-07-28,2026-07-28 01:51:43 PM,46980.116,783.0019,6068,0.7585,3502,0.4378,10448,1.306,29.68,64.98,989.01,151.79
784,2026-07-28,2026-07-28 01:52:43 PM,47040.112,784.0019,6069,0.7586,3499,0.4374,10441,1.3051,29.69,64.94,989.05,151.39
785,2026-07-28,2026-07-28 01:53:43 PM,47100.115,785.0019,6064,0.758,3501,0.4376,10440,1.305,29.7,64.92,989.0,152.06
786,2026-07-28,2026-07-28 01:54:43 PM,47160.113,786.0019,6054,0.7568,3498,0.4373,10437,1.3046,29.7,64.91,988.96,151.39
787,2026-07-28,2026-07-28 01:55:43 PM,47220.118,787.002,6043,0.7554,3490,0.4363,10436,1.3045,29.69,64.92,988.93,151.79
788,2026-07-28,2026-07-28 01:56:43 PM,47280.118,788.002,6029,0.7536,3487,0.4359,10428,1.3035,29.67,64.91,988.89,152.34
789,2026-07-28,2026-07-28 01:57:43 PM,47340.118,789.002,6016,0.752,3478,0.4348,10422,1.3028,29.65,64.94,988.82,151.79
790,2026-07-28,2026-07-28 01:58:43 PM,47400.114,790.0019,5998,0.7498,3469,0.4336,10412,1.3015,29.63,65.01,988.83,152.47
791,2026-07-28,2026-07-28 01:59:43 PM,47460.106,791.0018,5982,0.7478,3456,0.432,10410,1.3013,29.61,65.05,988.82,152.61
792,2026-07-28,2026-07-28 02:00:43 PM,47520.102,792.0017,5974,0.7468,3453,0.4316,10402,1.3003,29.59,65.1,988.83,152.74
793,2026-07-28,2026-07-28 02:01:43 PM,47580.118,793.002,5970,0.7463,3452,0.4315,10396,1.2995,29.57,65.14,988.85,152.74
794,2026-07-28,2026-07-28 02:02:43 PM,47640.119,794.002,5968,0.746,3445,0.4306,10403,1.3004,29.55,65.17,988.85,153.15
795,2026-07-28,2026-07-28 02:03:43 PM,47700.108,795.0018,5977,0.7471,3448,0.431,10399,1.2999,29.54,65.2,988.83,153.85
796,2026-07-28,2026-07-28 02:04:43 PM,47760.102,796.0017,5986,0.7483,3455,0.4319,10396,1.2995,29.54,65.22,988.78,153.71
797,2026-07-28,2026-07-28 02:05:43 PM,47820.108,797.0018,5993,0.7491,3459,0.4324,10398,1.2998,29.55,65.22,988.73,153.43
798,2026-07-28,2026-07-28 02:06:43 PM,47880.096,798.0016,6008,0.751,3469,0.4336,10399,1.2999,29.56,65.22,988.7,153.29
799,2026-07-28,2026-07-28 02:07:43 PM,47940.094,799.0016,6015,0.7519,3473,0.4341,10392,1.299,29.57,65.22,988.69,153.29
800,2026-07-28,2026-07-28 02:08:43 PM,48000.103,800.0017,6024,0.753,3476,0.4345,10394,1.2993,29.59,65.21,988.72,153.57
801,2026-07-28,2026-07-28 02:09:43 PM,48060.097,801.0016,6035,0.7544,3484,0.4355,10394,1.2993,29.61,65.17,988.7,153.43
802,2026-07-28,2026-07-28 02:10:43 PM,48120.109,802.0018,6034,0.7543,3491,0.4364,10389,1.2986,29.63,65.16,988.69,154.12
803,2026-07-28,2026-07-28 02:11:43 PM,48180.098,803.0016,6040,0.755,3490,0.4363,10377,1.2971,29.64,65.16,988.67,154.4
804,2026-07-28,2026-07-28 02:12:43 PM,48240.103,804.0017,6037,0.7546,3491,0.4364,10375,1.2969,29.65,65.13,988.64,153.98
805,2026-07-28,2026-07-28 02:13:43 PM,48300.089,805.0015,6025,0.7531,3483,0.4354,10367,1.2959,29.65,65.13,988.6,153.71
806,2026-07-28,2026-07-28 02:14:43 PM,48360.096,806.0016,6014,0.7518,3475,0.4344,10363,1.2954,29.64,65.13,988.56,154.54
807,2026-07-28,2026-07-28 02:15:43 PM,48420.099,807.0017,6001,0.7501,3470,0.4338,10351,1.2939,29.63,65.16,988.52,154.96
808,2026-07-28,2026-07-28 02:16:43 PM,48480.087,808.0014,5993,0.7491,3462,0.4328,10344,1.293,29.61,65.19,988.49,154.12
809,2026-07-28,2026-07-28 02:17:43 PM,48540.084,809.0014,5983,0.7479,3460,0.4325,10328,1.291,29.6,65.24,988.47,154.68
810,2026-07-28,2026-07-28 02:18:43 PM,48600.085,810.0014,5974,0.7468,3453,0.4316,10317,1.2896,29.59,65.31,988.43,153.85
811,2026-07-28,2026-07-28 02:19:43 PM,48660.09,811.0015,5970,0.7463,3452,0.4315,10306,1.2883,29.57,65.35,988.41,155.81
812,2026-07-28,2026-07-28 02:20:43 PM,48720.084,812.0014,5959,0.7449,3446,0.4308,10293,1.2866,29.56,65.37,988.43,154.68
813,2026-07-28,2026-07-28 02:21:43 PM,48780.1,813.0017,5959,0.7449,3444,0.4305,10277,1.2846,29.55,65.44,988.39,155.81
814,2026-07-28,2026-07-28 02:22:43 PM,48840.084,814.0014,5958,0.7448,3442,0.4303,10269,1.2836,29.54,65.48,988.34,154.96
815,2026-07-28,2026-07-28 02:23:43 PM,48900.077,815.0013,5958,0.7448,3440,0.43,10252,1.2815,29.53,65.5,988.3,156.24
816,2026-07-28,2026-07-28 02:24:43 PM,48960.086,816.0014,5954,0.7443,3438,0.4298,10232,1.279,29.52,65.52,988.2,156.1
817,2026-07-28,2026-07-28 02:25:43 PM,49020.076,817.0013,5949,0.7436,3431,0.4289,10214,1.2768,29.52,65.59,988.22,156.24
818,2026-07-28,2026-07-28 02:26:43 PM,49080.088,818.0015,5943,0.7429,3427,0.4284,10195,1.2744,29.51,65.61,988.16,155.81
819,2026-07-28,2026-07-28 02:27:43 PM,49140.08,819.0013,5938,0.7423,3424,0.428,10179,1.2724,29.49,65.63,988.16,156.38
820,2026-07-28,2026-07-28 02:28:43 PM,49200.073,820.0012,5930,0.7413,3421,0.4276,10168,1.271,29.48,65.67,988.12,156.38
821,2026-07-28,2026-07-28 02:29:43 PM,49260.073,821.0012,5924,0.7405,3418,0.4273,10152,1.269,29.47,65.71,988.06,156.81
822,2026-07-28,2026-07-28 02:30:43 PM,49320.079,822.0013,5917,0.7396,3417,0.4271,10135,1.2669,29.45,65.75,988.12,156.81
823,2026-07-28,2026-07-28 02:31:43 PM,49380.068,823.0011,5909,0.7386,3408,0.426,10124,1.2655,29.44,65.8,988.05,156.96
824,2026-07-28,2026-07-28 02:32:43 PM,49440.08,824.0013,5905,0.7381,3407,0.4259,10121,1.2651,29.43,65.8,988.11,156.81
825,2026-07-28,2026-07-28 02:33:43 PM,49500.068,825.0011,5914,0.7393,3407,0.4259,10127,1.2659,29.43,65.79,988.03,157.68
826,2026-07-28,2026-07-28 02:34:43 PM,49560.073,826.0012,5918,0.7398,3411,0.4264,10123,1.2654,29.43,65.75,988.02,157.39
827,2026-07-28,2026-07-28 02:35:43 PM,49620.082,827.0014,5924,0.7405,3415,0.4269,10127,1.2659,29.44,65.73,988.0,157.98
828,2026-07-28,2026-07-28 02:36:43 PM,49680.07,828.0012,5936,0.742,3423,0.4279,10128,1.266,29.45,65.71,987.93,156.96
829,2026-07-28,2026-07-28 02:37:43 PM,49740.069,829.0012,5944,0.743,3433,0.4291,10126,1.2658,29.46,65.67,987.92,158.71
830,2026-07-28,2026-07-28 02:38:43 PM,49800.069,830.0011,5955,0.7444,3442,0.4303,10128,1.266,29.48,65.61,987.87,157.98
831,2026-07-28,2026-07-28 02:39:43 PM,49860.08,831.0013,5967,0.7459,3446,0.4308,10131,1.2664,29.51,65.58,987.89,159.15
832,2026-07-28,2026-07-28 02:40:43 PM,49920.072,832.0012,5973,0.7466,3453,0.4316,10123,1.2654,29.53,65.53,987.9,158.41
833,2026-07-28,2026-07-28 02:41:43 PM,49980.06,833.001,5978,0.7473,3463,0.4329,10120,1.265,29.55,65.51,987.87,158.27
834,2026-07-28,2026-07-28 02:42:43 PM,50040.068,834.0011,5982,0.7478,3463,0.4329,10110,1.2638,29.57,65.48,987.89,158.71
835,2026-07-28,2026-07-28 02:43:43 PM,50100.068,835.0011,5986,0.7483,3462,0.4328,10105,1.2631,29.58,65.46,987.85,159.01
836,2026-07-28,2026-07-28 02:44:43 PM,50160.061,836.001,5985,0.7481,3462,0.4328,10100,1.2625,29.59,65.44,987.88,158.56
837,2026-07-28,2026-07-28 02:45:43 PM,50220.062,837.001,5982,0.7478,3460,0.4325,10096,1.262,29.6,65.43,987.92,159.45
838,2026-07-28,2026-07-28 02:46:43 PM,50280.064,838.0011,5973,0.7466,3454,0.4318,10085,1.2606,29.6,65.41,987.9,158.71
839,2026-07-28,2026-07-28 02:47:43 PM,50340.058,839.001,5967,0.7459,3453,0.4316,10073,1.2591,29.6,65.43,987.88,159.45
840,2026-07-28,2026-07-28 02:48:43 PM,50400.066,840.0011,5960,0.745,3450,0.4313,10062,1.2578,29.59,65.46,987.88,158.71
841,2026-07-28,2026-07-28 02:49:43 PM,50460.047,841.0008,5950,0.7438,3440,0.43,10050,1.2563,29.58,65.48,987.76,159.6
842,2026-07-28,2026-07-28 02:50:43 PM,50520.048,842.0008,5940,0.7425,3433,0.4291,10039,1.2549,29.56,65.55,987.81,159.3
843,2026-07-28,2026-07-28 02:51:43 PM,50580.045,843.0007,5927,0.7409,3424,0.428,10032,1.254,29.55,65.57,987.79,159.75
844,2026-07-28,2026-07-28 02:52:43 PM,50640.049,844.0008,5917,0.7396,3418,0.4273,10025,1.2531,29.53,65.6,987.8,159.9
845,2026-07-28,2026-07-28 02:53:43 PM,50700.055,845.0009,5902,0.7378,3410,0.4263,10017,1.2521,29.51,65.63,987.78,160.65
846,2026-07-28,2026-07-28 02:54:43 PM,50760.047,846.0008,5894,0.7368,3402,0.4253,10011,1.2514,29.48,65.68,987.7,160.8
847,2026-07-28,2026-07-28 02:55:43 PM,50820.043,847.0007,5888,0.736,3397,0.4246,10011,1.2514,29.46,65.68,987.67,160.35
848,2026-07-28,2026-07-28 02:56:43 PM,50880.05,848.0008,5892,0.7365,3398,0.4248,10017,1.2521,29.45,65.69,987.66,160.65
849,2026-07-28,2026-07-28 02:57:43 PM,50940.045,849.0007,5898,0.7373,3404,0.4255,10021,1.2526,29.45,65.71,987.71,160.8
850,2026-07-28,2026-07-28 02:58:43 PM,51000.035,850.0006,5904,0.738,3408,0.426,10023,1.2529,29.45,65.69,987.74,161.72
851,2026-07-28,2026-07-28 02:59:43 PM,51060.042,851.0007,5916,0.7395,3417,0.4271,10023,1.2529,29.46,65.66,987.77,160.96
852,2026-07-28,2026-07-28 03:00:43 PM,51120.046,852.0008,5925,0.7406,3424,0.428,10028,1.2535,29.48,65.64,987.74,161.41
853,2026-07-28,2026-07-28 03:01:43 PM,51180.038,853.0006,5937,0.7421,3433,0.4291,10028,1.2535,29.5,65.61,987.72,161.26
854,2026-07-28,2026-07-28 03:02:43 PM,51240.043,854.0007,5952,0.744,3444,0.4305,10032,1.254,29.52,65.55,987.71,161.72
855,2026-07-28,2026-07-28 03:03:43 PM,51300.033,855.0005,5960,0.745,3451,0.4314,10035,1.2544,29.54,65.53,987.69,161.57
856,2026-07-28,2026-07-28 03:04:43 PM,51360.028,856.0005,5974,0.7468,3455,0.4319,10031,1.2539,29.56,65.48,987.64,161.41
857,2026-07-28,2026-07-28 03:05:43 PM,51420.036,857.0006,5978,0.7473,3462,0.4328,10030,1.2538,29.59,65.45,987.63,162.02
858,2026-07-28,2026-07-28 03:06:43 PM,51480.041,858.0007,5984,0.748,3463,0.4329,10022,1.2528,29.6,65.42,987.6,161.11
859,2026-07-28,2026-07-28 03:07:43 PM,51540.022,859.0004,5990,0.7488,3467,0.4334,10017,1.2521,29.62,65.4,987.64,162.02
860,2026-07-28,2026-07-28 03:08:43 PM,51600.037,860.0006,5991,0.7489,3466,0.4333,10014,1.2518,29.63,65.39,987.57,161.57
861,2026-07-28,2026-07-28 03:09:43 PM,51660.023,861.0004,5993,0.7491,3467,0.4334,10011,1.2514,29.64,65.38,987.57,162.18
862,2026-07-28,2026-07-28 03:10:43 PM,51720.025,862.0004,5989,0.7486,3465,0.4331,10010,1.2513,29.65,65.35,987.53,162.95
863,2026-07-28,2026-07-28 03:11:43 PM,51780.028,863.0005,5983,0.7479,3454,0.4318,10004,1.2505,29.65,65.35,987.6,162.02
864,2026-07-28,2026-07-28 03:12:43 PM,51840.026,864.0004,5970,0.7463,3452,0.4315,9995,1.2494,29.64,65.35,987.59,162.02
865,2026-07-28,2026-07-28 03:13:43 PM,51900.026,865.0004,5956,0.7445,3448,0.431,9991,1.2489,29.63,65.35,987.58,162.64
866,2026-07-28,2026-07-28 03:14:43 PM,51960.019,866.0003,5944,0.743,3442,0.4303,9985,1.2481,29.62,65.36,987.56,162.95
867,2026-07-28,2026-07-28 03:15:43 PM,52020.026,867.0004,5933,0.7416,3432,0.429,9988,1.2485,29.6,65.37,987.52,163.58
868,2026-07-28,2026-07-28 03:16:43 PM,52080.028,868.0005,5927,0.7409,3426,0.4283,9978,1.2473,29.58,65.4,987.55,162.95
869,2026-07-28,2026-07-28 03:17:43 PM,52140.032,869.0005,5926,0.7408,3426,0.4283,9978,1.2473,29.57,65.44,987.59,163.26
870,2026-07-28,2026-07-28 03:18:43 PM,52200.037,870.0006,5930,0.7413,3427,0.4284,9975,1.2469,29.57,65.47,987.55,163.42
871,2026-07-28,2026-07-28 03:19:43 PM,52260.01,871.0002,5938,0.7423,3435,0.4294,9971,1.2464,29.58,65.47,987.61,163.74
872,2026-07-28,2026-07-28 03:20:43 PM,52320.023,872.0004,5949,0.7436,3441,0.4301,9974,1.2468,29.58,65.46,987.53,164.21
873,2026-07-28,2026-07-28 03:21:43 PM,52380.008,873.0001,5958,0.7448,3443,0.4304,9968,1.246,29.6,65.44,987.51,164.21
874,2026-07-28,2026-07-28 03:22:43 PM,52440.01,874.0002,5962,0.7453,3449,0.4311,9967,1.2459,29.61,65.42,987.5,163.89
875,2026-07-28,2026-07-28 03:23:43 PM,52500.005,875.0001,5969,0.7461,3451,0.4314,9957,1.2446,29.62,65.41,987.5,164.21
876,2026-07-28,2026-07-28 03:24:43 PM,52560.013,876.0002,5969,0.7461,3453,0.4316,9953,1.2441,29.64,65.43,987.49,163.89
877,2026-07-28,2026-07-28 03:25:43 PM,52620.009,877.0002,5975,0.7469,3455,0.4319,9944,1.243,29.65,65.42,987.47,164.37
878,2026-07-28,2026-07-28 03:26:43 PM,52680.012,878.0002,5974,0.7468,3456,0.432,9945,1.2431,29.66,65.38,987.41,163.58
879,2026-07-28,2026-07-28 03:27:43 PM,52740.015,879.0003,5979,0.7474,3455,0.4319,9940,1.2425,29.66,65.37,987.4,165.48
880,2026-07-28,2026-07-28 03:28:43 PM,52800.014,880.0002,5977,0.7471,3456,0.432,9935,1.2419,29.67,65.37,987.26,164.05
881,2026-07-28,2026-07-28 03:29:43 PM,52860.016,881.0003,5977,0.7471,3459,0.4324,9934,1.2418,29.68,65.34,987.27,164.68
882,2026-07-28,2026-07-28 03:30:43 PM,52920.011,882.0002,5974,0.7468,3457,0.4321,9928,1.241,29.68,65.35,987.28,164.84
883,2026-07-28,2026-07-28 03:31:43 PM,52980.009,883.0001,5975,0.7469,3456,0.432,9920,1.24,29.68,65.35,987.28,165.96
884,2026-07-28,2026-07-28 03:32:43 PM,53040.007,884.0001,5970,0.7463,3453,0.4316,9913,1.2391,29.68,65.35,987.22,165.16
885,2026-07-28,2026-07-28 03:33:43 PM,53100.203,885.0034,5961,0.7451,3447,0.4309,9910,1.2388,29.67,65.35,987.18,165.16
886,2026-07-28,2026-07-28 03:34:43 PM,53160.199,886.0033,5947,0.7434,3443,0.4304,9910,1.2388,29.66,65.32,987.13,165.16
887,2026-07-28,2026-07-28 03:35:43 PM,53220.206,887.0034,5935,0.7419,3435,0.4294,9908,1.2385,29.64,65.31,987.1,165.16
888,2026-07-28,2026-07-28 03:36:43 PM,53280.208,888.0035,5923,0.7404,3426,0.4283,9903,1.2379,29.62,65.29,987.08,166.94
889,2026-07-28,2026-07-28 03:37:43 PM,53340.2,889.0033,5915,0.7394,3417,0.4271,9905,1.2381,29.6,65.31,987.04,166.94
890,2026-07-28,2026-07-28 03:38:43 PM,53400.198,890.0033,5898,0.7373,3415,0.4269,9891,1.2364,29.58,65.38,986.96,166.94
891,2026-07-28,2026-07-28 03:39:43 PM,53460.198,891.0033,5889,0.7361,3408,0.426,9880,1.235,29.56,65.43,986.93,167.92
892,2026-07-28,2026-07-28 03:40:43 PM,53520.194,892.0032,5887,0.7359,3402,0.4253,9878,1.2348,29.54,65.48,986.89,167.26
893,2026-07-28,2026-07-28 03:41:43 PM,53580.197,893.0033,5888,0.736,3402,0.4253,9881,1.2351,29.52,65.54,986.88,167.43
894,2026-07-28,2026-07-28 03:42:43 PM,53640.193,894.0032,5892,0.7365,3404,0.4255,9880,1.235,29.52,65.56,986.9,167.1
895,2026-07-28,2026-07-28 03:43:43 PM,53700.19,895.0032,5902,0.7378,3410,0.4263,9883,1.2354,29.52,65.55,986.93,167.43
896,2026-07-28,2026-07-28 03:44:43 PM,53760.193,896.0032,5910,0.7388,3415,0.4269,9880,1.235,29.53,65.56,986.88,167.43
897,2026-07-28,2026-07-28 03:45:43 PM,53820.191,897.0032,5924,0.7405,3424,0.428,9882,1.2353,29.55,65.55,986.84,167.92
898,2026-07-28,2026-07-28 03:46:43 PM,53880.197,898.0033,5935,0.7419,3430,0.4288,9883,1.2354,29.56,65.54,986.81,166.77
899,2026-07-28,2026-07-28 03:47:43 PM,53940.185,899.0031,5947,0.7434,3439,0.4299,9885,1.2356,29.58,65.51,986.76,168.42
900,2026-07-28,2026-07-28 03:48:43 PM,54000.194,900.0032,5961,0.7451,3447,0.4309,9881,1.2351,29.6,65.48,986.71,168.26
901,2026-07-28,2026-07-28 03:49:43 PM,54060.194,901.0032,5963,0.7454,3451,0.4314,9879,1.2349,29.62,65.46,986.75,167.92
902,2026-07-28,2026-07-28 03:50:43 PM,54120.199,902.0033,5965,0.7456,3451,0.4314,9881,1.2351,29.64,65.44,986.73,168.09
903,2026-07-28,2026-07-28 03:51:43 PM,54180.185,903.0031,5979,0.7474,3455,0.4319,9877,1.2346,29.65,65.42,986.73,168.42
904,2026-07-28,2026-07-28 03:52:43 PM,54240.191,904.0032,5981,0.7476,3457,0.4321,9868,1.2335,29.67,65.41,986.74,169.09
905,2026-07-28,2026-07-28 03:53:43 PM,54300.186,905.0031,5984,0.748,3459,0.4324,9867,1.2334,29.68,65.39,986.72,168.42
906,2026-07-28,2026-07-28 03:54:43 PM,54360.188,906.0031,5986,0.7483,3457,0.4321,9863,1.2329,29.69,65.4,986.72,168.75
907,2026-07-28,2026-07-28 03:55:43 PM,54420.17,907.0028,5983,0.7479,3457,0.4321,9858,1.2323,29.7,65.36,986.73,168.59
908,2026-07-28,2026-07-28 03:56:43 PM,54480.178,908.003,5984,0.748,3457,0.4321,9853,1.2316,29.7,65.36,986.73,168.26
909,2026-07-28,2026-07-28 03:57:43 PM,54540.187,909.0031,5984,0.748,3455,0.4319,9857,1.2321,29.71,65.35,986.67,168.75
910,2026-07-28,2026-07-28 03:58:43 PM,54600.176,910.0029,5980,0.7475,3456,0.432,9855,1.2319,29.72,65.34,986.7,169.09
911,2026-07-28,2026-07-28 03:59:43 PM,54660.183,911.0031,5975,0.7469,3455,0.4319,9846,1.2308,29.72,65.35,986.66,168.92
912,2026-07-28,2026-07-28 04:00:43 PM,54720.177,912.0029,5969,0.7461,3456,0.432,9847,1.2309,29.72,65.31,986.62,169.59
913,2026-07-28,2026-07-28 04:01:43 PM,54780.169,913.0028,5963,0.7454,3448,0.431,9848,1.231,29.71,65.34,986.61,170.27
914,2026-07-28,2026-07-28 04:02:43 PM,54840.174,914.0029,5950,0.7438,3444,0.4305,9838,1.2298,29.7,65.35,986.65,169.76
915,2026-07-28,2026-07-28 04:03:43 PM,54900.17,915.0028,5939,0.7424,3443,0.4304,9835,1.2294,29.69,65.35,986.7,169.76
916,2026-07-28,2026-07-28 04:04:43 PM,54960.164,916.0027,5928,0.741,3435,0.4294,9830,1.2288,29.67,65.38,986.72,170.61
917,2026-07-28,2026-07-28 04:05:43 PM,55020.162,917.0027,5924,0.7405,3429,0.4286,9823,1.2279,29.65,65.4,986.66,170.1
918,2026-07-28,2026-07-28 04:06:43 PM,55080.171,918.0028,5917,0.7396,3429,0.4286,9823,1.2279,29.64,65.4,986.65,170.78
919,2026-07-28,2026-07-28 04:07:43 PM,55140.173,919.0029,5917,0.7396,3426,0.4283,9829,1.2286,29.63,65.43,986.63,170.95
920,2026-07-28,2026-07-28 04:08:43 PM,55200.172,920.0029,5923,0.7404,3427,0.4284,9823,1.2279,29.62,65.47,986.6,171.47
921,2026-07-28,2026-07-28 04:09:43 PM,55260.175,921.0029,5932,0.7415,3430,0.4288,9829,1.2286,29.63,65.47,986.58,171.12
922,2026-07-28,2026-07-28 04:10:43 PM,55320.172,922.0029,5940,0.7425,3437,0.4296,9827,1.2284,29.63,65.45,986.56,170.95
923,2026-07-28,2026-07-28 04:11:43 PM,55380.171,923.0029,5953,0.7441,3446,0.4308,9829,1.2286,29.65,65.44,986.53,171.47
924,2026-07-28,2026-07-28 04:12:43 PM,55440.17,924.0028,5961,0.7451,3454,0.4318,9828,1.2285,29.67,65.42,986.54,171.47
925,2026-07-28,2026-07-28 04:13:43 PM,55500.167,925.0028,5969,0.7461,3455,0.4319,9826,1.2283,29.68,65.39,986.56,170.44
926,2026-07-28,2026-07-28 04:14:43 PM,55560.166,926.0028,5977,0.7471,3462,0.4328,9823,1.2279,29.7,65.39,986.56,171.81
927,2026-07-28,2026-07-28 04:15:43 PM,55620.165,927.0028,5981,0.7476,3466,0.4333,9818,1.2273,29.71,65.37,986.55,171.47
928,2026-07-28,2026-07-28 04:16:43 PM,55680.157,928.0026,5985,0.7481,3464,0.433,9815,1.2269,29.73,65.36,986.53,171.81
929,2026-07-28,2026-07-28 04:17:43 PM,55740.167,929.0028,5985,0.7481,3470,0.4338,9813,1.2266,29.74,65.34,986.48,170.44
930,2026-07-28,2026-07-28 04:18:43 PM,55800.152,930.0025,5984,0.748,3469,0.4336,9812,1.2265,29.75,65.33,986.54,171.81
931,2026-07-28,2026-07-28 04:19:43 PM,55860.159,931.0027,5985,0.7481,3470,0.4338,9806,1.2258,29.75,65.32,986.52,172.51
932,2026-07-28,2026-07-28 04:20:43 PM,55920.152,932.0025,5983,0.7479,3466,0.4333,9806,1.2258,29.76,65.32,986.58,172.16
933,2026-07-28,2026-07-28 04:21:43 PM,55980.169,933.0028,5980,0.7475,3466,0.4333,9801,1.2251,29.76,65.3,986.53,171.99
934,2026-07-28,2026-07-28 04:22:43 PM,56040.166,934.0028,5974,0.7468,3466,0.4333,9790,1.2238,29.76,65.3,986.51,172.86
935,2026-07-28,2026-07-28 04:23:43 PM,56100.15,935.0025,5962,0.7453,3459,0.4324,9795,1.2244,29.75,65.31,986.47,172.33
936,2026-07-28,2026-07-28 04:24:43 PM,56160.154,936.0026,5951,0.7439,3453,0.4316,9785,1.2231,29.74,65.29,986.43,172.68
937,2026-07-28,2026-07-28 04:25:43 PM,56220.143,937.0024,5941,0.7426,3446,0.4308,9778,1.2223,29.72,65.34,986.47,173.56
938,2026-07-28,2026-07-28 04:26:43 PM,56280.142,938.0024,5930,0.7413,3441,0.4301,9768,1.221,29.7,65.38,986.43,173.91
939,2026-07-28,2026-07-28 04:27:43 PM,56340.147,939.0024,5919,0.7399,3435,0.4294,9760,1.22,29.68,65.45,986.48,173.56
940,2026-07-28,2026-07-28 04:28:43 PM,56400.138,940.0023,5913,0.7391,3426,0.4283,9752,1.219,29.66,65.49,986.48,173.74
941,2026-07-28,2026-07-28 04:29:43 PM,56460.142,941.0024,5910,0.7388,3425,0.4281,9755,1.2194,29.64,65.52,986.53,174.09
942,2026-07-28,2026-07-28 04:30:43 PM,56520.151,942.0025,5909,0.7386,3426,0.4283,9759,1.2199,29.63,65.54,986.49,174.27
943,2026-07-28,2026-07-28 04:31:43 PM,56580.139,943.0023,5918,0.7398,3426,0.4283,9758,1.2198,29.63,65.54,986.48,173.74
944,2026-07-28,2026-07-28 04:32:43 PM,56640.132,944.0022,5929,0.7411,3434,0.4293,9760,1.22,29.64,65.54,986.42,174.45
945,2026-07-28,2026-07-28 04:33:43 PM,56700.152,945.0025,5941,0.7426,3442,0.4303,9764,1.2205,29.64,65.55,986.38,174.27
946,2026-07-28,2026-07-28 04:34:43 PM,56760.147,946.0024,5952,0.744,3448,0.431,9765,1.2206,29.66,65.51,986.39,174.27
947,2026-07-28,2026-07-28 04:35:43 PM,56820.137,947.0023,5959,0.7449,3455,0.4319,9762,1.2203,29.67,65.5,986.38,174.98
948,2026-07-28,2026-07-28 04:36:43 PM,56880.139,948.0023,5964,0.7455,3459,0.4324,9756,1.2195,29.68,65.5,986.45,174.98
949,2026-07-28,2026-07-28 04:37:43 PM,56940.132,949.0022,5971,0.7464,3461,0.4326,9754,1.2193,29.7,65.5,986.41,175.34
950,2026-07-28,2026-07-28 04:38:43 PM,57000.14,950.0023,5972,0.7465,3463,0.4329,9743,1.2179,29.7,65.49,986.39,175.52
951,2026-07-28,2026-07-28 04:39:43 PM,57060.135,951.0022,5975,0.7469,3460,0.4325,9744,1.218,29.71,65.48,986.38,174.8
952,2026-07-28,2026-07-28 04:40:43 PM,57120.137,952.0023,5973,0.7466,3463,0.4329,9737,1.2171,29.72,65.48,986.39,174.98
953,2026-07-28,2026-07-28 04:41:43 PM,57180.129,953.0021,5969,0.7461,3459,0.4324,9734,1.2168,29.72,65.49,986.35,174.98
954,2026-07-28,2026-07-28 04:42:43 PM,57240.128,954.0021,5965,0.7456,3460,0.4325,9726,1.2158,29.72,65.49,986.37,175.7
955,2026-07-28,2026-07-28 04:43:43 PM,57300.119,955.002,5954,0.7443,3459,0.4324,9716,1.2145,29.71,65.5,986.34,174.98
956,2026-07-28,2026-07-28 04:44:43 PM,57360.134,956.0022,5947,0.7434,3454,0.4318,9714,1.2143,29.7,65.5,986.33,175.7
957,2026-07-28,2026-07-28 04:45:43 PM,57420.13,957.0022,5937,0.7421,3447,0.4309,9714,1.2143,29.68,65.5,986.35,175.7
958,2026-07-28,2026-07-28 04:46:43 PM,57480.131,958.0022,5922,0.7403,3436,0.4295,9703,1.2129,29.66,65.55,986.26,175.88
959,2026-07-28,2026-07-28 04:47:43 PM,57540.13,959.0022,5907,0.7384,3430,0.4288,9696,1.212,29.64,65.59,986.25,175.16
960,2026-07-28,2026-07-28 04:48:43 PM,57600.127,960.0021,5902,0.7378,3423,0.4279,9689,1.2111,29.62,65.6,986.19,175.7
961,2026-07-28,2026-07-28 04:49:43 PM,57660.114,961.0019,5900,0.7375,3418,0.4273,9693,1.2116,29.6,65.64,986.14,176.61
962,2026-07-28,2026-07-28 04:50:43 PM,57720.126,962.0021,5907,0.7384,3418,0.4273,9696,1.212,29.59,65.66,986.1,176.79
963,2026-07-28,2026-07-28 04:51:43 PM,57780.124,963.0021,5910,0.7388,3424,0.428,9695,1.2119,29.59,65.7,986.06,175.88
964,2026-07-28,2026-07-28 04:52:43 PM,57840.115,964.0019,5921,0.7401,3431,0.4289,9695,1.2119,29.59,65.7,986.01,176.07
965,2026-07-28,2026-07-28 04:53:43 PM,57900.125,965.0021,5931,0.7414,3437,0.4296,9695,1.2119,29.6,65.69,986.03,176.43
966,2026-07-28,2026-07-28 04:54:43 PM,57960.119,966.002,5941,0.7426,3443,0.4304,9700,1.2125,29.61,65.68,986.0,176.07
967,2026-07-28,2026-07-28 04:55:43 PM,58020.103,967.0017,5950,0.7438,3450,0.4313,9701,1.2126,29.62,65.67,986.0,177.9
968,2026-07-28,2026-07-28 04:56:43 PM,58080.115,968.0019,5963,0.7454,3456,0.432,9698,1.2123,29.64,65.63,985.96,178.09
969,2026-07-28,2026-07-28 04:57:43 PM,58140.121,969.002,5975,0.7469,3464,0.433,9699,1.2124,29.66,65.58,985.96,177.16
970,2026-07-28,2026-07-28 04:58:43 PM,58200.107,970.0018,5980,0.7475,3472,0.434,9699,1.2124,29.68,65.54,985.92,177.72
971,2026-07-28,2026-07-28 04:59:43 PM,58260.115,971.0019,5985,0.7481,3475,0.4344,9694,1.2118,29.69,65.55,985.9,177.9
972,2026-07-28,2026-07-28 05:00:43 PM,58320.101,972.0017,5988,0.7485,3471,0.4339,9692,1.2115,29.71,65.52,985.89,177.72
973,2026-07-28,2026-07-28 05:01:43 PM,58380.114,973.0019,5992,0.749,3470,0.4338,9686,1.2108,29.72,65.52,985.89,178.65
974,2026-07-28,2026-07-28 05:02:43 PM,58440.102,974.0017,5987,0.7484,3476,0.4345,9670,1.2088,29.72,65.51,985.87,177.9
975,2026-07-28,2026-07-28 05:03:43 PM,58500.113,975.0019,5982,0.7478,3474,0.4343,9663,1.2079,29.72,65.53,985.87,178.46
976,2026-07-28,2026-07-28 05:04:43 PM,58560.11,976.0018,5972,0.7465,3463,0.4329,9655,1.2069,29.71,65.54,985.86,177.72
977,2026-07-28,2026-07-28 05:05:43 PM,58620.099,977.0016,5954,0.7443,3457,0.4321,9649,1.2061,29.7,65.56,985.91,178.65
978,2026-07-28,2026-07-28 05:06:43 PM,58680.108,978.0018,5944,0.743,3448,0.431,9638,1.2048,29.68,65.61,985.92,179.02
979,2026-07-28,2026-07-28 05:07:43 PM,58740.098,979.0016,5925,0.7406,3439,0.4299,9630,1.2038,29.66,65.63,985.9,179.02
980,2026-07-28,2026-07-28 05:08:43 PM,58800.094,980.0016,5915,0.7394,3433,0.4291,9624,1.203,29.63,65.68,985.87,179.4
981,2026-07-28,2026-07-28 05:09:43 PM,58860.094,981.0016,5906,0.7383,3425,0.4281,9616,1.202,29.61,65.73,985.85,179.59
982,2026-07-28,2026-07-28 05:10:43 PM,58920.09,982.0015,5899,0.7374,3424,0.428,9617,1.2021,29.59,65.76,985.85,178.83
983,2026-07-28,2026-07-28 05:11:43 PM,58980.094,983.0016,5900,0.7375,3426,0.4283,9614,1.2018,29.57,65.8,985.83,179.59
984,2026-07-28,2026-07-28 05:12:43 PM,59040.095,984.0016,5905,0.7381,3428,0.4285,9615,1.2019,29.57,65.84,985.81,180.54
985,2026-07-28,2026-07-28 05:13:43 PM,59100.095,985.0016,5915,0.7394,3428,0.4285,9619,1.2024,29.57,65.84,985.8,180.35
986,2026-07-28,2026-07-28 05:14:43 PM,59160.095,986.0016,5922,0.7403,3437,0.4296,9624,1.203,29.57,65.82,985.8,180.35
987,2026-07-28,2026-07-28 05:15:43 PM,59220.095,987.0016,5934,0.7418,3445,0.4306,9621,1.2026,29.58,65.81,985.86,180.73
988,2026-07-28,2026-07-28 05:16:43 PM,59280.082,988.0014,5945,0.7431,3453,0.4316,9626,1.2033,29.59,65.77,985.87,180.54
989,2026-07-28,2026-07-28 05:17:43 PM,59340.089,989.0015,5960,0.745,3460,0.4325,9626,1.2033,29.61,65.75,985.9,180.15
990,2026-07-28,2026-07-28 05:18:43 PM,59400.089,990.0015,5973,0.7466,3469,0.4336,9633,1.2041,29.63,65.72,985.95,181.11
991,2026-07-28,2026-07-28 05:19:43 PM,59460.091,991.0015,5982,0.7478,3474,0.4343,9630,1.2038,29.64,65.69,985.95,180.73
992,2026-07-28,2026-07-28 05:20:43 PM,59520.079,992.0013,5985,0.7481,3478,0.4348,9631,1.2039,29.66,65.67,986.0,180.15
993,2026-07-28,2026-07-28 05:21:43 PM,59580.08,993.0013,5988,0.7485,3483,0.4354,9624,1.203,29.67,65.64,985.97,180.92
994,2026-07-28,2026-07-28 05:22:43 PM,59640.087,994.0014,5981,0.7476,3485,0.4356,9617,1.2021,29.67,65.63,985.97,181.3
995,2026-07-28,2026-07-28 05:23:43 PM,59700.078,995.0013,5982,0.7478,3483,0.4354,9612,1.2015,29.67,65.64,985.95,181.3
996,2026-07-28,2026-07-28 05:24:43 PM,59760.081,996.0014,5971,0.7464,3475,0.4344,9596,1.1995,29.67,65.65,985.93,182.47
997,2026-07-28,2026-07-28 05:25:43 PM,59820.078,997.0013,5957,0.7446,3474,0.4343,9585,1.1981,29.66,65.67,985.94,181.69
998,2026-07-28,2026-07-28 05:26:43 PM,59880.063,998.0011,5947,0.7434,3463,0.4329,9578,1.1973,29.64,65.73,985.98,181.49
999,2026-07-28,2026-07-28 05:27:43 PM,59940.085,999.0014,5936,0.742,3456,0.432,9557,1.1946,29.62,65.78,985.97,182.08
1000,2026-07-28,2026-07-28 05:28:43 PM,60000.071,1000.0012,5920,0.74,3446,0.4308,9546,1.1933,29.6,65.85,985.92,181.88
1001,2026-07-28,2026-07-28 05:29:43 PM,60060.064,1001.0011,5915,0.7394,3433,0.4291,9545,1.1931,29.58,65.88,985.91,182.66
1002,2026-07-28,2026-07-28 05:30:43 PM,60120.069,1002.0011,5915,0.7394,3431,0.4289,9549,1.1936,29.56,65.91,985.9,182.47
1003,2026-07-28,2026-07-28 05:31:43 PM,60180.068,1003.0011,5919,0.7399,3435,0.4294,9551,1.1939,29.55,65.93,985.94,182.47
1004,2026-07-28,2026-07-28 05:32:43 PM,60240.065,1004.0011,5932,0.7415,3450,0.4313,9558,1.1948,29.56,65.9,985.99,183.25
1005,2026-07-28,2026-07-28 05:33:43 PM,60300.068,1005.0011,5946,0.7433,3461,0.4326,9579,1.1974,29.58,65.85,986.06,182.86
1006,2026-07-28,2026-07-28 05:34:43 PM,60360.058,1006.001,5967,0.7459,3473,0.4341,9583,1.1979,29.6,65.82,986.1,183.64
1007,2026-07-28,2026-07-28 05:35:43 PM,60420.06,1007.001,5982,0.7478,3493,0.4366,9592,1.199,29.63,65.74,986.13,182.47
1008,2026-07-28,2026-07-28 05:36:43 PM,60480.064,1008.0011,6009,0.7511,3497,0.4371,9592,1.199,29.66,65.67,986.13,182.86
1009,2026-07-28,2026-07-28 05:37:43 PM,60540.069,1009.0011,6027,0.7534,3511,0.4389,9592,1.199,29.69,65.62,986.15,183.05
1010,2026-07-28,2026-07-28 05:38:43 PM,60600.066,1010.0011,6044,0.7555,3521,0.4401,9586,1.1983,29.72,65.58,986.11,183.45
1011,2026-07-28,2026-07-28 05:39:43 PM,60660.061,1011.001,6060,0.7575,3530,0.4413,9583,1.1979,29.75,65.54,986.09,183.64
1012,2026-07-28,2026-07-28 05:40:43 PM,60720.054,1012.0009,6075,0.7594,3529,0.4411,9582,1.1978,29.78,65.51,986.12,183.64
1013,2026-07-28,2026-07-28 05:41:43 PM,60780.062,1013.001,6086,0.7608,3537,0.4421,9574,1.1968,29.8,65.45,986.13,183.25
1014,2026-07-28,2026-07-28 05:42:43 PM,60840.058,1014.001,6095,0.7619,3546,0.4433,9566,1.1957,29.83,65.42,986.12,183.25
1015,2026-07-28,2026-07-28 05:43:43 PM,60900.062,1015.001,6100,0.7625,3550,0.4438,9559,1.1949,29.86,65.38,986.11,183.45
1016,2026-07-28,2026-07-28 05:44:43 PM,60960.067,1016.0011,6110,0.7638,3551,0.4439,9553,1.1941,29.89,65.34,986.11,183.64
1017,2026-07-28,2026-07-28 05:45:43 PM,61020.057,1017.0009,6108,0.7635,3558,0.4448,9541,1.1926,29.91,65.29,986.12,184.04
1018,2026-07-28,2026-07-28 05:46:43 PM,61080.055,1018.0009,6115,0.7644,3558,0.4448,9537,1.1921,29.93,65.25,986.14,183.84
1019,2026-07-28,2026-07-28 05:47:43 PM,61140.046,1019.0008,6123,0.7654,3562,0.4453,9530,1.1913,29.95,65.22,986.1,183.64
1020,2026-07-28,2026-07-28 05:48:43 PM,61200.058,1020.001,6124,0.7655,3566,0.4458,9521,1.1901,29.96,65.16,986.09,184.84
1021,2026-07-28,2026-07-28 05:49:43 PM,61260.038,1021.0006,6125,0.7656,3566,0.4458,9519,1.1899,29.98,65.15,986.04,184.44
1022,2026-07-28,2026-07-28 05:50:43 PM,61320.049,1022.0008,6132,0.7665,3566,0.4458,9510,1.1888,29.99,65.12,986.02,184.84
1023,2026-07-28,2026-07-28 05:51:43 PM,61380.049,1023.0008,6139,0.7674,3565,0.4456,9498,1.1873,30.01,65.12,985.98,185.04
1024,2026-07-28,2026-07-28 05:52:43 PM,61440.044,1024.0007,6137,0.7671,3564,0.4455,9494,1.1868,30.03,65.09,986.0,184.84
1025,2026-07-28,2026-07-28 05:53:43 PM,61500.051,1025.0008,6139,0.7674,3568,0.446,9482,1.1853,30.04,65.09,986.05,185.04
1026,2026-07-28,2026-07-28 05:54:43 PM,61560.047,1026.0008,6140,0.7675,3573,0.4466,9475,1.1844,30.04,65.09,986.05,184.84
1027,2026-07-28,2026-07-28 05:55:43 PM,61620.052,1027.0009,6138,0.7673,3567,0.4459,9472,1.184,30.05,65.07,986.09,184.44
1028,2026-07-28,2026-07-28 05:56:43 PM,61680.049,1028.0008,6143,0.7679,3567,0.4459,9464,1.183,30.06,65.08,986.13,184.64
1029,2026-07-28,2026-07-28 05:57:43 PM,61740.047,1029.0008,6140,0.7675,3567,0.4459,9460,1.1825,30.06,65.07,986.16,185.64
1030,2026-07-28,2026-07-28 05:58:43 PM,61800.048,1030.0008,6138,0.7673,3567,0.4459,9459,1.1824,30.06,65.06,986.19,185.04
1031,2026-07-28,2026-07-28 05:59:43 PM,61860.052,1031.0009,6138,0.7673,3570,0.4463,9456,1.182,30.07,65.05,986.19,185.64
1032,2026-07-28,2026-07-28 06:00:43 PM,61920.047,1032.0008,6131,0.7664,3565,0.4456,9446,1.1808,30.06,65.08,986.2,185.64
1033,2026-07-28,2026-07-28 06:01:43 PM,61980.033,1033.0005,6118,0.7648,3562,0.4453,9437,1.1796,30.06,65.1,986.19,185.64
1034,2026-07-28,2026-07-28 06:02:43 PM,62040.042,1034.0007,6110,0.7638,3556,0.4445,9435,1.1794,30.05,65.13,986.19,185.04
1035,2026-07-28,2026-07-28 06:03:43 PM,62100.035,1035.0006,6102,0.7628,3550,0.4438,9424,1.178,30.03,65.17,986.2,185.84
1036,2026-07-28,2026-07-28 06:04:43 PM,62160.035,1036.0006,6087,0.7609,3550,0.4438,9413,1.1766,30.01,65.21,986.19,186.45
1037,2026-07-28,2026-07-28 06:05:43 PM,62220.023,1037.0004,6078,0.7598,3540,0.4425,9407,1.1759,29.98,65.24,986.2,186.05
1038,2026-07-28,2026-07-28 06:06:43 PM,62280.028,1038.0005,6066,0.7583,3535,0.4419,9401,1.1751,29.96,65.29,986.2,186.66
1039,2026-07-28,2026-07-28 06:07:43 PM,62340.033,1039.0006,6052,0.7565,3527,0.4409,9391,1.1739,29.93,65.37,986.2,186.66
1040,2026-07-28,2026-07-28 06:08:43 PM,62400.025,1040.0004,6042,0.7553,3526,0.4408,9389,1.1736,29.91,65.42,986.21,190.87
1041,2026-07-28,2026-07-28 06:09:43 PM,62460.035,1041.0006,6034,0.7543,3514,0.4393,9381,1.1726,29.88,65.48,986.23,186.86
1042,2026-07-28,2026-07-28 06:10:43 PM,62520.029,1042.0005,6027,0.7534,3514,0.4393,9384,1.173,29.86,65.52,986.23,186.45
1043,2026-07-28,2026-07-28 06:11:43 PM,62580.02,1043.0003,6026,0.7533,3511,0.4389,9389,1.1736,29.83,65.54,986.24,191.08
1044,2026-07-28,2026-07-28 06:12:43 PM,62640.035,1044.0006,6034,0.7543,3516,0.4395,9393,1.1741,29.82,65.57,986.24,190.97
1045,2026-07-28,2026-07-28 06:13:43 PM,62700.02,1045.0003,6040,0.755,3527,0.4409,9398,1.1748,29.82,65.58,986.2,191.4
1046,2026-07-28,2026-07-28 06:14:43 PM,62760.01,1046.0002,6055,0.7569,3530,0.4413,9407,1.1759,29.82,65.57,986.2,191.4
1047,2026-07-28,2026-07-28 06:15:43 PM,62820.021,1047.0003,6071,0.7589,3545,0.4431,9414,1.1768,29.84,65.55,986.17,191.51
1048,2026-07-28,2026-07-28 06:16:43 PM,62880.017,1048.0003,6086,0.7608,3553,0.4441,9420,1.1775,29.85,65.54,986.13,191.62
1049,2026-07-28,2026-07-28 06:17:43 PM,62940.024,1049.0004,6101,0.7626,3559,0.4449,9417,1.1771,29.87,65.54,986.11,190.65
1050,2026-07-28,2026-07-28 06:18:43 PM,63000.009,1050.0002,6111,0.7639,3564,0.4455,9415,1.1769,29.88,65.52,986.11,191.62
1051,2026-07-28,2026-07-28 06:19:43 PM,63060.017,1051.0003,6115,0.7644,3570,0.4463,9414,1.1768,29.89,65.52,986.13,192.05
1052,2026-07-28,2026-07-28 06:20:43 PM,63120.009,1052.0001,6127,0.7659,3576,0.447,9415,1.1769,29.9,65.49,986.11,190.55
1053,2026-07-28,2026-07-28 06:21:43 PM,63180.004,1053.0001,6131,0.7664,3577,0.4471,9412,1.1765,29.91,65.51,986.11,191.72
1054,2026-07-28,2026-07-28 06:22:43 PM,63240.008,1054.0001,6126,0.7658,3574,0.4468,9409,1.1761,29.91,65.49,986.07,190.76
1055,2026-07-28,2026-07-28 06:23:43 PM,63300.022,1055.0004,6127,0.7659,3574,0.4468,9405,1.1756,29.91,65.5,986.06,192.16
1056,2026-07-28,2026-07-28 06:24:43 PM,63360.012,1056.0002,6122,0.7653,3568,0.446,9399,1.1749,29.91,65.51,986.03,192.26
1057,2026-07-28,2026-07-28 06:25:43 PM,63420.006,1057.0001,6109,0.7636,3569,0.4461,9389,1.1736,29.9,65.53,986.01,192.16
1058,2026-07-28,2026-07-28 06:26:43 PM,63480.002,1058.0,6108,0.7635,3563,0.4454,9388,1.1735,29.88,65.58,986.0,192.59
1059,2026-07-28,2026-07-28 06:27:43 PM,63540.006,1059.0001,6102,0.7628,3564,0.4455,9381,1.1726,29.86,65.63,986.0,192.81
1060,2026-07-28,2026-07-28 06:28:43 PM,63600.165,1060.0028,6088,0.761,3556,0.4445,9377,1.1721,29.85,65.65,986.01,193.13
1061,2026-07-28,2026-07-28 06:29:43 PM,63660.007,1061.0001,6081,0.7601,3556,0.4445,9372,1.1715,29.82,65.68,985.99,192.59
1062,2026-07-28,2026-07-28 06:30:43 PM,63720.01,1062.0002,6070,0.7588,3551,0.4439,9366,1.1708,29.8,65.72,986.0,191.08
1063,2026-07-28,2026-07-28 06:31:43 PM,63780.005,1063.0001,6059,0.7574,3542,0.4428,9352,1.169,29.78,65.79,986.0,192.48
1064,2026-07-28,2026-07-28 06:32:43 PM,63840.008,1064.0001,6052,0.7565,3537,0.4421,9347,1.1684,29.75,65.85,986.0,192.7
1065,2026-07-28,2026-07-28 06:33:43 PM,63900.159,1065.0027,6038,0.7548,3533,0.4416,9334,1.1668,29.73,65.92,985.99,192.26
1066,2026-07-28,2026-07-28 06:34:43 PM,63960.158,1066.0026,6029,0.7536,3528,0.441,9321,1.1651,29.71,66.02,986.0,192.37
1067,2026-07-28,2026-07-28 06:35:43 PM,64020.157,1067.0026,6026,0.7533,3524,0.4405,9315,1.1644,29.68,66.08,986.02,192.48
1068,2026-07-28,2026-07-28 06:36:43 PM,64080.156,1068.0026,6021,0.7526,3520,0.44,9307,1.1634,29.66,66.14,986.06,192.92
1069,2026-07-28,2026-07-28 06:37:43 PM,64140.006,1069.0001,6015,0.7519,3514,0.4393,9304,1.163,29.63,66.19,986.11,193.24
1070,2026-07-28,2026-07-28 06:38:43 PM,64200.153,1070.0026,6008,0.751,3514,0.4393,9309,1.1636,29.61,66.2,986.16,193.46
1071,2026-07-28,2026-07-28 06:39:43 PM,64260.152,1071.0025,6014,0.7518,3517,0.4396,9316,1.1645,29.59,66.22,986.17,193.68
1072,2026-07-28,2026-07-28 06:40:43 PM,64320.151,1072.0025,6024,0.753,3521,0.4401,9326,1.1658,29.58,66.23,986.19,195.12
1073,2026-07-28,2026-07-28 06:41:43 PM,64380.15,1073.0025,6038,0.7548,3528,0.441,9334,1.1668,29.58,66.25,986.18,193.68
1074,2026-07-28,2026-07-28 06:42:43 PM,64440.002,1074.0,6052,0.7565,3538,0.4423,9348,1.1685,29.59,66.19,986.17,195.12
1075,2026-07-28,2026-07-28 06:43:43 PM,64500.147,1075.0025,6073,0.7591,3551,0.4439,9362,1.1703,29.6,66.16,986.14,193.57
1076,2026-07-28,2026-07-28 06:44:43 PM,64560.146,1076.0024,6092,0.7615,3563,0.4454,9377,1.1721,29.61,66.11,986.12,193.46
1077,2026-07-28,2026-07-28 06:45:43 PM,64620.145,1077.0024,6112,0.764,3574,0.4468,9383,1.1729,29.63,66.06,986.12,194.12
1078,2026-07-28,2026-07-28 06:46:43 PM,64680.144,1078.0024,6130,0.7663,3587,0.4484,9394,1.1743,29.65,66.0,986.12,194.79
1079,2026-07-28,2026-07-28 06:47:43 PM,64740.143,1079.0024,6146,0.7683,3600,0.45,9417,1.1771,29.67,65.94,986.15,194.34
1080,2026-07-28,2026-07-28 06:48:43 PM,64800.141,1080.0024,6164,0.7705,3612,0.4515,9434,1.1793,29.69,65.92,986.2,194.68
1081,2026-07-28,2026-07-28 06:49:43 PM,64860.14,1081.0023,6180,0.7725,3618,0.4523,9454,1.1818,29.71,65.88,986.26,195.12
1082,2026-07-28,2026-07-28 06:50:43 PM,64920.14,1082.0023,6187,0.7734,3625,0.4531,9472,1.184,29.72,65.84,986.32,193.9
1083,2026-07-28,2026-07-28 06:51:43 PM,64980.138,1083.0023,6196,0.7745,3629,0.4536,9481,1.1851,29.73,65.83,986.37,193.57
1084,2026-07-28,2026-07-28 06:52:43 PM,65040.137,1084.0023,6200,0.775,3630,0.4538,9486,1.1858,29.74,65.81,986.39,194.34
1085,2026-07-28,2026-07-28 06:53:43 PM,65100.136,1085.0023,6199,0.7749,3636,0.4545,9490,1.1863,29.75,65.79,986.4,195.01
1086,2026-07-28,2026-07-28 06:54:43 PM,65160.134,1086.0022,6197,0.7746,3634,0.4543,9503,1.1879,29.75,65.76,986.4,195.35
1087,2026-07-28,2026-07-28 06:55:43 PM,65220.133,1087.0022,6187,0.7734,3629,0.4536,9504,1.188,29.74,65.75,986.37,195.79
1088,2026-07-28,2026-07-28 06:56:43 PM,65280.132,1088.0022,6173,0.7716,3630,0.4538,9507,1.1884,29.73,65.74,986.33,194.57
1089,2026-07-28,2026-07-28 06:57:43 PM,65340.131,1089.0022,6159,0.7699,3624,0.453,9505,1.1881,29.71,65.76,986.3,195.79
1090,2026-07-28,2026-07-28 06:58:43 PM,65400.13,1090.0022,6148,0.7685,3619,0.4524,9493,1.1866,29.69,65.82,986.28,194.9
1091,2026-07-28,2026-07-28 06:59:43 PM,65460.129,1091.0021,6134,0.7668,3609,0.4511,9488,1.186,29.67,65.87,986.28,195.01
1092,2026-07-28,2026-07-28 07:00:43 PM,65520.127,1092.0021,6115,0.7644,3604,0.4505,9474,1.1842,29.64,65.93,986.29,195.23
1093,2026-07-28,2026-07-28 07:01:43 PM,65580.127,1093.0021,6099,0.7624,3593,0.4491,9467,1.1834,29.62,65.98,986.31,195.9
1094,2026-07-28,2026-07-28 07:02:43 PM,65640.125,1094.0021,6086,0.7608,3589,0.4486,9460,1.1825,29.59,66.06,986.31,196.81
1095,2026-07-28,2026-07-28 07:03:43 PM,65700.124,1095.0021,6087,0.7609,3583,0.4479,9458,1.1823,29.57,66.11,986.3,195.68
1096,2026-07-28,2026-07-28 07:04:43 PM,65760.123,1096.002,6082,0.7603,3575,0.4469,9449,1.1811,29.54,66.17,986.3,195.35
1097,2026-07-28,2026-07-28 07:05:43 PM,65820.122,1097.002,6079,0.7599,3569,0.4461,9445,1.1806,29.52,66.25,986.28,197.04
1098,2026-07-28,2026-07-28 07:06:43 PM,65880.12,1098.002,6077,0.7596,3571,0.4464,9433,1.1791,29.49,66.32,986.26,195.79
1099,2026-07-28,2026-07-28 07:07:43 PM,65940.12,1099.002,6041,0.7551,3561,0.4451,9417,1.1771,29.47,66.38,986.25,195.46
1100,2026-07-28,2026-07-28 07:08:43 PM,66000.119,1100.002,6034,0.7543,3558,0.4448,9411,1.1764,29.44,66.42,986.22,196.47
1101,2026-07-28,2026-07-28 07:09:43 PM,66060.117,1101.0019,6015,0.7519,3548,0.4435,9390,1.1738,29.41,66.49,986.21,195.9
1102,2026-07-28,2026-07-28 07:10:43 PM,66120.115,1102.0019,6003,0.7504,3538,0.4423,9379,1.1724,29.37,66.55,986.22,197.04
1103,2026-07-28,2026-07-28 07:11:43 PM,66180.115,1103.0019,5997,0.7496,3531,0.4414,9372,1.1715,29.35,66.6,986.26,196.02
1104,2026-07-28,2026-07-28 07:12:43 PM,66240.113,1104.0019,5992,0.749,3525,0.4406,9362,1.1703,29.33,66.65,986.27,196.92
1105,2026-07-28,2026-07-28 07:13:43 PM,66300.113,1105.0019,5990,0.7488,3532,0.4415,9353,1.1691,29.31,66.63,986.28,197.95
1106,2026-07-28,2026-07-28 07:14:43 PM,66360.111,1106.0019,5987,0.7484,3522,0.4403,9338,1.1673,29.3,66.68,986.31,197.72
1107,2026-07-28,2026-07-28 07:15:43 PM,66420.11,1107.0018,5986,0.7483,3519,0.4399,9321,1.1651,29.28,66.69,986.33,197.84
1108,2026-07-28,2026-07-28 07:16:43 PM,66480.109,1108.0018,5977,0.7471,3508,0.4385,9311,1.1639,29.26,66.72,986.33,197.84
1109,2026-07-28,2026-07-28 07:17:43 PM,66540.107,1109.0018,5978,0.7473,3512,0.439,9299,1.1624,29.24,66.74,986.3,198.53
1110,2026-07-28,2026-07-28 07:18:43 PM,66600.107,1110.0018,5975,0.7469,3506,0.4383,9289,1.1611,29.22,66.76,986.25,200.04
1111,2026-07-28,2026-07-28 07:19:43 PM,66660.105,1111.0018,5972,0.7465,3504,0.438,9280,1.16,29.2,66.78,986.26,199.92
1112,2026-07-28,2026-07-28 07:20:43 PM,66720.104,1112.0017,5970,0.7463,3502,0.4378,9265,1.1581,29.19,66.79,986.28,199.92
1113,2026-07-28,2026-07-28 07:21:43 PM,66780.103,1113.0017,5967,0.7459,3501,0.4376,9262,1.1578,29.17,66.8,986.31,199.69
1114,2026-07-28,2026-07-28 07:22:43 PM,66840.101,1114.0017,5967,0.7459,3499,0.4374,9253,1.1566,29.16,66.8,986.33,200.27
1115,2026-07-28,2026-07-28 07:23:43 PM,66900.1,1115.0017,5968,0.746,3500,0.4375,9253,1.1566,29.15,66.82,986.34,199.92
1116,2026-07-28,2026-07-28 07:24:43 PM,66960.099,1116.0017,5968,0.746,3503,0.4379,9255,1.1569,29.14,66.81,986.33,200.74
1117,2026-07-28,2026-07-28 07:25:43 PM,67020.098,1117.0016,5973,0.7466,3508,0.4385,9259,1.1574,29.14,66.81,986.32,200.63
1118,2026-07-28,2026-07-28 07:26:43 PM,67080.097,1118.0016,5977,0.7471,3513,0.4391,9253,1.1566,29.14,66.77,986.29,200.39
1119,2026-07-28,2026-07-28 07:27:43 PM,67140.096,1119.0016,5987,0.7484,3521,0.4401,9264,1.158,29.14,66.73,986.27,200.39
1120,2026-07-28,2026-07-28 07:28:43 PM,67200.094,1120.0016,5994,0.7493,3530,0.4413,9265,1.1581,29.15,66.68,986.3,200.63
1121,2026-07-28,2026-07-28 07:29:43 PM,67260.093,1121.0016,5996,0.7495,3537,0.4421,9271,1.1589,29.15,66.65,986.34,201.57
1122,2026-07-28,2026-07-28 07:30:43 PM,67320.092,1122.0015,6002,0.7503,3538,0.4423,9264,1.158,29.15,66.62,986.38,201.57
1123,2026-07-28,2026-07-28 07:31:43 PM,67380.091,1123.0015,6010,0.7513,3545,0.4431,9267,1.1584,29.15,66.59,986.36,200.86
1124,2026-07-28,2026-07-28 07:32:43 PM,67440.09,1124.0015,6010,0.7513,3545,0.4431,9269,1.1586,29.15,66.55,986.37,201.81
1125,2026-07-28,2026-07-28 07:33:43 PM,67500.089,1125.0015,6010,0.7513,3552,0.444,9260,1.1575,29.15,66.54,986.34,202.41
1126,2026-07-28,2026-07-28 07:34:43 PM,67560.088,1126.0015,6010,0.7513,3548,0.4435,9251,1.1564,29.14,66.52,986.31,202.29
1127,2026-07-28,2026-07-28 07:35:43 PM,67620.086,1127.0014,6005,0.7506,3540,0.4425,9244,1.1555,29.13,66.53,986.3,201.81
1128,2026-07-28,2026-07-28 07:36:43 PM,67680.151,1128.0025,6005,0.7506,3536,0.442,9230,1.1538,29.11,66.56,986.31,204.23
1129,2026-07-29,2026-07-29 01:02:26 PM,130424.901,2173.7484,6005,0.7506,3536,0.442,9230,1.1538,29.11,66.56,986.31,204.23
