timestamp_iso,elapsed_s,session_id,site_id,pcb_design_id,device_id,container_id,food_category,food_name,phase,adc_NH3,v_NH3,adc_CH4,v_CH4,adc_H2S,v_H2S,temp_C,pressure_Pa,humidity_pct,bme_gas_ohms,image_filename
2026-08-02T11:28:28,0.0,S012_Anish_chicken2,house_A,spoil_free_pcb_v1,pcb_A,chamber_A,poultry,chicken,Warmup,2785,0.348,8353,1.044,437,0.055,28.73,93682.0,73.06,5600.0,none
2026-08-02T11:28:30,1.04,S012_Anish_chicken2,house_A,spoil_free_pcb_v1,pcb_A,chamber_A,poultry,chicken,Warmup,2686,0.336,8305,1.038,422,0.053,28.75,93682.0,72.88,5600.0,none
2026-08-02T11:28:32,3.04,S012_Anish_chicken2,house_A,spoil_free_pcb_v1,pcb_A,chamber_A,poultry,chicken,Warmup,2588,0.324,8259,1.032,408,0.051,28.77,93682.0,72.72,5600.0,none
2026-08-02T11:28:34,5.04,S012_Anish_chicken2,house_A,spoil_free_pcb_v1,pcb_A,chamber_A,poultry,chicken,Warmup,2498,0.312,8219,1.027,394,0.049,28.78,93682.0,72.59,5600.0,none
2026-08-02T11:28:36,7.04,S012_Anish_chicken2,house_A,spoil_free_pcb_v1,pcb_A,chamber_A,poultry,chicken,Warmup,2430,0.304,8182,1.023,384,0.048,28.8,93682.0,72.5,5600.0,none
2026-08-02T11:28:38,9.04,S012_Anish_chicken2,house_A,spoil_free_pcb_v1,pcb_A,chamber_A,poultry,chicken,Warmup,2368,0.296,8149,1.019,372,0.047,28.81,93680.0,72.41,5600.0,none
2026-08-02T11:28:40,11.04,S012_Anish_chicken2,house_A,spoil_free_pcb_v1,pcb_A,chamber_A,poultry,chicken,Warmup,2300,0.288,8114,1.014,363,0.045,28.82,93680.0,72.35,5600.0,none
2026-08-02T11:28:42,13.04,S012_Anish_chicken2,house_A,spoil_free_pcb_v1,pcb_A,chamber_A,poultry,chicken,Warmup,2245,0.281,8086,1.011,353,0.044,28.83,93678.0,72.31,6400.0,none
2026-08-02T11:28:44,15.04,S012_Anish_chicken2,house_A,spoil_free_pcb_v1,pcb_A,chamber_A,poultry,chicken,Warmup,2196,0.275,8058,1.007,345,0.043,28.84,93682.0,72.29,7200.0,none
2026-08-02T11:28:46,17.04,S012_Anish_chicken2,house_A,spoil_free_pcb_v1,pcb_A,chamber_A,poultry,chicken,Warmup,2152,0.269,8032,1.004,337,0.042,28.85,93682.0,72.25,8100.0,none
2026-08-02T11:28:48,19.03,S012_Anish_chicken2,house_A,spoil_free_pcb_v1,pcb_A,chamber_A,poultry,chicken,Warmup,2101,0.263,8009,1.001,330,0.041,28.85,93680.0,72.24,9000.0,none
2026-08-02T11:28:50,21.03,S012_Anish_chicken2,house_A,spoil_free_pcb_v1,pcb_A,chamber_A,poultry,chicken,Warmup,2063,0.258,7984,0.998,323,0.04,28.86,93682.0,72.22,9900.0,none
2026-08-02T11:28:52,23.04,S012_Anish_chicken2,house_A,spoil_free_pcb_v1,pcb_A,chamber_A,poultry,chicken,Warmup,2033,0.254,7963,0.995,318,0.04,28.86,93682.0,72.22,10900.0,none
2026-08-02T11:28:55,25.04,S012_Anish_chicken2,house_A,spoil_free_pcb_v1,pcb_A,chamber_A,poultry,chicken,Warmup,1995,0.249,7941,0.993,312,0.039,28.86,93682.0,72.2,12200.0,img_000001_20260802_112853.jpg
2026-08-02T11:28:56,27.5,S012_Anish_chicken2,house_A,spoil_free_pcb_v1,pcb_A,chamber_A,poultry,chicken,Warmup,1957,0.245,7926,0.991,305,0.038,28.87,93682.0,72.19,13300.0,none
2026-08-02T11:28:58,29.04,S012_Anish_chicken2,house_A,spoil_free_pcb_v1,pcb_A,chamber_A,poultry,chicken,Warmup,1932,0.242,7905,0.988,300,0.038,28.87,93680.0,72.17,14300.0,none
2026-08-02T11:29:00,31.05,S012_Anish_chicken2,house_A,spoil_free_pcb_v1,pcb_A,chamber_A,poultry,chicken,Warmup,1905,0.238,7886,0.986,295,0.037,28.87,93680.0,72.18,15300.0,none
2026-08-02T11:29:02,33.03,S012_Anish_chicken2,house_A,spoil_free_pcb_v1,pcb_A,chamber_A,poultry,chicken,Warmup,1872,0.234,7870,0.984,292,0.037,28.87,93680.0,72.16,16400.0,none
2026-08-02T11:29:04,35.04,S012_Anish_chicken2,house_A,spoil_free_pcb_v1,pcb_A,chamber_A,poultry,chicken,Warmup,1848,0.231,7855,0.982,286,0.036,28.87,93680.0,72.18,17400.0,none
2026-08-02T11:29:06,37.04,S012_Anish_chicken2,house_A,spoil_free_pcb_v1,pcb_A,chamber_A,poultry,chicken,Warmup,1829,0.229,7840,0.98,282,0.035,28.88,93682.0,72.14,18300.0,none
2026-08-02T11:29:08,39.04,S012_Anish_chicken2,house_A,spoil_free_pcb_v1,pcb_A,chamber_A,poultry,chicken,Warmup,1803,0.225,7826,0.978,278,0.035,28.88,93682.0,72.12,19300.0,none
2026-08-02T11:29:10,41.04,S012_Anish_chicken2,house_A,spoil_free_pcb_v1,pcb_A,chamber_A,poultry,chicken,Warmup,1779,0.222,7812,0.977,275,0.034,28.88,93682.0,72.13,20300.0,none
2026-08-02T11:29:12,43.04,S012_Anish_chicken2,house_A,spoil_free_pcb_v1,pcb_A,chamber_A,poultry,chicken,Warmup,1767,0.221,7799,0.975,271,0.034,28.88,93682.0,72.11,21200.0,none
2026-08-02T11:29:14,45.04,S012_Anish_chicken2,house_A,spoil_free_pcb_v1,pcb_A,chamber_A,poultry,chicken,Warmup,1746,0.218,7788,0.974,268,0.034,28.88,93682.0,72.11,22000.0,none
2026-08-02T11:29:16,47.04,S012_Anish_chicken2,house_A,spoil_free_pcb_v1,pcb_A,chamber_A,poultry,chicken,Warmup,1723,0.215,7775,0.972,266,0.033,28.88,93682.0,72.09,23400.0,none
2026-08-02T11:29:18,49.04,S012_Anish_chicken2,house_A,spoil_free_pcb_v1,pcb_A,chamber_A,poultry,chicken,Warmup,1708,0.214,7764,0.971,262,0.033,28.88,93680.0,72.11,24300.0,none
2026-08-02T11:29:20,51.03,S012_Anish_chicken2,house_A,spoil_free_pcb_v1,pcb_A,chamber_A,poultry,chicken,Warmup,1697,0.212,7752,0.969,258,0.032,28.89,93680.0,72.09,25300.0,none
2026-08-02T11:29:22,53.03,S012_Anish_chicken2,house_A,spoil_free_pcb_v1,pcb_A,chamber_A,poultry,chicken,Warmup,1677,0.21,7741,0.968,257,0.032,28.89,93680.0,72.09,26000.0,none
2026-08-02T11:29:24,55.03,S012_Anish_chicken2,house_A,spoil_free_pcb_v1,pcb_A,chamber_A,poultry,chicken,Warmup,1659,0.207,7732,0.967,253,0.032,28.89,93680.0,72.09,26900.0,none
2026-08-02T11:29:26,57.04,S012_Anish_chicken2,house_A,spoil_free_pcb_v1,pcb_A,chamber_A,poultry,chicken,Warmup,1648,0.206,7721,0.965,252,0.032,28.89,93678.0,72.08,27600.0,none
2026-08-02T11:29:28,59.04,S012_Anish_chicken2,house_A,spoil_free_pcb_v1,pcb_A,chamber_A,poultry,chicken,Warmup,1637,0.205,7712,0.964,249,0.031,28.89,93678.0,72.1,28400.0,none
2026-08-02T11:29:30,61.04,S012_Anish_chicken2,house_A,spoil_free_pcb_v1,pcb_A,chamber_A,poultry,chicken,Warmup,1618,0.202,7704,0.963,247,0.031,28.89,93678.0,72.06,29000.0,none
2026-08-02T11:29:32,63.04,S012_Anish_chicken2,house_A,spoil_free_pcb_v1,pcb_A,chamber_A,poultry,chicken,Warmup,1609,0.201,7696,0.962,245,0.031,28.9,93680.0,72.07,29900.0,none
2026-08-02T11:29:34,65.03,S012_Anish_chicken2,house_A,spoil_free_pcb_v1,pcb_A,chamber_A,poultry,chicken,Warmup,1602,0.2,7686,0.961,243,0.03,28.9,93680.0,72.06,30500.0,none
2026-08-02T11:29:36,67.05,S012_Anish_chicken2,house_A,spoil_free_pcb_v1,pcb_A,chamber_A,poultry,chicken,Warmup,1585,0.198,7677,0.96,240,0.03,28.9,93680.0,72.05,31100.0,none
2026-08-02T11:29:38,69.03,S012_Anish_chicken2,house_A,spoil_free_pcb_v1,pcb_A,chamber_A,poultry,chicken,Warmup,1572,0.197,7671,0.959,239,0.03,28.9,93680.0,72.06,32000.0,none
2026-08-02T11:29:40,71.04,S012_Anish_chicken2,house_A,spoil_free_pcb_v1,pcb_A,chamber_A,poultry,chicken,Warmup,1569,0.196,7662,0.958,237,0.03,28.91,93680.0,72.06,32500.0,none
2026-08-02T11:29:42,73.03,S012_Anish_chicken2,house_A,spoil_free_pcb_v1,pcb_A,chamber_A,poultry,chicken,Warmup,1555,0.194,7655,0.957,236,0.03,28.91,93680.0,72.05,33200.0,none
2026-08-02T11:29:44,75.04,S012_Anish_chicken2,house_A,spoil_free_pcb_v1,pcb_A,chamber_A,poultry,chicken,Warmup,1541,0.193,7648,0.956,233,0.029,28.91,93680.0,72.03,33900.0,none
2026-08-02T11:29:46,77.04,S012_Anish_chicken2,house_A,spoil_free_pcb_v1,pcb_A,chamber_A,poultry,chicken,Warmup,1537,0.192,7641,0.955,232,0.029,28.91,93680.0,72.04,34500.0,none
2026-08-02T11:29:48,79.04,S012_Anish_chicken2,house_A,spoil_free_pcb_v1,pcb_A,chamber_A,poultry,chicken,Warmup,1531,0.191,7634,0.954,231,0.029,28.92,93682.0,72.02,35000.0,none
2026-08-02T11:29:50,81.03,S012_Anish_chicken2,house_A,spoil_free_pcb_v1,pcb_A,chamber_A,poultry,chicken,Warmup,1518,0.19,7628,0.954,228,0.029,28.92,93682.0,72.03,35600.0,none
2026-08-02T11:29:52,83.04,S012_Anish_chicken2,house_A,spoil_free_pcb_v1,pcb_A,chamber_A,poultry,chicken,Warmup,1508,0.189,7622,0.953,227,0.028,28.92,93682.0,72.01,36300.0,none
2026-08-02T11:29:54,85.04,S012_Anish_chicken2,house_A,spoil_free_pcb_v1,pcb_A,chamber_A,poultry,chicken,Warmup,1506,0.188,7616,0.952,227,0.028,28.92,93682.0,72.01,36700.0,none
2026-08-02T11:29:56,87.04,S012_Anish_chicken2,house_A,spoil_free_pcb_v1,pcb_A,chamber_A,poultry,chicken,Warmup,1498,0.187,7609,0.951,225,0.028,28.93,93682.0,72.01,37400.0,none
2026-08-02T11:29:58,89.03,S012_Anish_chicken2,house_A,spoil_free_pcb_v1,pcb_A,chamber_A,poultry,chicken,Warmup,1485,0.186,7604,0.951,223,0.028,28.93,93682.0,71.99,38000.0,none
2026-08-02T11:30:00,91.04,S012_Anish_chicken2,house_A,spoil_free_pcb_v1,pcb_A,chamber_A,poultry,chicken,Warmup,1479,0.185,7600,0.95,223,0.028,28.93,93682.0,71.98,38500.0,none
2026-08-02T11:30:02,93.05,S012_Anish_chicken2,house_A,spoil_free_pcb_v1,pcb_A,chamber_A,poultry,chicken,Warmup,1477,0.185,7594,0.949,221,0.028,28.94,93684.0,71.97,39100.0,none
2026-08-02T11:30:04,95.04,S012_Anish_chicken2,house_A,spoil_free_pcb_v1,pcb_A,chamber_A,poultry,chicken,Warmup,1472,0.184,7588,0.949,221,0.028,28.94,93684.0,71.96,39400.0,none
2026-08-02T11:30:06,97.05,S012_Anish_chicken2,house_A,spoil_free_pcb_v1,pcb_A,chamber_A,poultry,chicken,Warmup,1458,0.182,7582,0.948,219,0.027,28.94,93682.0,71.97,40000.0,none
2026-08-02T11:30:08,99.03,S012_Anish_chicken2,house_A,spoil_free_pcb_v1,pcb_A,chamber_A,poultry,chicken,Warmup,1451,0.181,7579,0.947,218,0.027,28.95,93682.0,71.96,40500.0,none
2026-08-02T11:30:10,101.03,S012_Anish_chicken2,house_A,spoil_free_pcb_v1,pcb_A,chamber_A,poultry,chicken,Warmup,1446,0.181,7575,0.947,217,0.027,28.95,93682.0,71.95,40900.0,none
2026-08-02T11:30:12,103.04,S012_Anish_chicken2,house_A,spoil_free_pcb_v1,pcb_A,chamber_A,poultry,chicken,Warmup,1446,0.181,7570,0.946,216,0.027,28.96,93680.0,71.95,41500.0,none
2026-08-02T11:30:14,105.04,S012_Anish_chicken2,house_A,spoil_free_pcb_v1,pcb_A,chamber_A,poultry,chicken,Warmup,1442,0.18,7565,0.946,215,0.027,28.96,93682.0,71.93,41900.0,none
2026-08-02T11:30:16,107.03,S012_Anish_chicken2,house_A,spoil_free_pcb_v1,pcb_A,chamber_A,poultry,chicken,Warmup,1431,0.179,7561,0.945,213,0.027,28.96,93682.0,71.92,42300.0,none
2026-08-02T11:30:18,109.04,S012_Anish_chicken2,house_A,spoil_free_pcb_v1,pcb_A,chamber_A,poultry,chicken,Warmup,1422,0.178,7556,0.945,215,0.027,28.97,93680.0,71.91,42800.0,none
2026-08-02T11:30:20,111.04,S012_Anish_chicken2,house_A,spoil_free_pcb_v1,pcb_A,chamber_A,poultry,chicken,Warmup,1417,0.177,7552,0.944,213,0.027,28.97,93680.0,71.88,43300.0,none
2026-08-02T11:30:22,113.04,S012_Anish_chicken2,house_A,spoil_free_pcb_v1,pcb_A,chamber_A,poultry,chicken,Warmup,1417,0.177,7549,0.944,211,0.026,28.97,93678.0,71.88,43700.0,none
2026-08-02T11:30:24,115.04,S012_Anish_chicken2,house_A,spoil_free_pcb_v1,pcb_A,chamber_A,poultry,chicken,Warmup,1414,0.177,7545,0.943,210,0.026,28.98,93680.0,71.88,44200.0,none
2026-08-02T11:30:26,117.04,S012_Anish_chicken2,house_A,spoil_free_pcb_v1,pcb_A,chamber_A,poultry,chicken,Warmup,1413,0.177,7540,0.943,210,0.026,28.98,93680.0,71.85,44600.0,none
2026-08-02T11:30:28,119.04,S012_Anish_chicken2,house_A,spoil_free_pcb_v1,pcb_A,chamber_A,poultry,chicken,Warmup,1405,0.176,7537,0.942,210,0.026,28.99,93680.0,71.86,45100.0,none
2026-08-02T11:30:30,121.04,S012_Anish_chicken2,house_A,spoil_free_pcb_v1,pcb_A,chamber_A,poultry,chicken,Warmup,1393,0.174,7534,0.942,209,0.026,28.99,93678.0,71.85,45400.0,none
2026-08-02T11:30:32,123.04,S012_Anish_chicken2,house_A,spoil_free_pcb_v1,pcb_A,chamber_A,poultry,chicken,Warmup,1389,0.174,7531,0.941,206,0.026,28.99,93678.0,71.84,45800.0,none
2026-08-02T11:30:34,125.03,S012_Anish_chicken2,house_A,spoil_free_pcb_v1,pcb_A,chamber_A,poultry,chicken,Warmup,1388,0.174,7527,0.941,207,0.026,29.0,93680.0,71.83,46300.0,none
2026-08-02T11:30:36,127.03,S012_Anish_chicken2,house_A,spoil_free_pcb_v1,pcb_A,chamber_A,poultry,chicken,Warmup,1388,0.174,7522,0.94,206,0.026,29.0,93680.0,71.81,46700.0,none
2026-08-02T11:30:38,129.04,S012_Anish_chicken2,house_A,spoil_free_pcb_v1,pcb_A,chamber_A,poultry,chicken,Warmup,1386,0.173,7522,0.94,206,0.026,29.01,93680.0,71.79,47900.0,none
2026-08-02T11:30:40,131.04,S012_Anish_chicken2,house_A,spoil_free_pcb_v1,pcb_A,chamber_A,poultry,chicken,Warmup,1380,0.173,7519,0.94,204,0.026,29.01,93678.0,71.81,48300.0,none
2026-08-02T11:30:42,133.03,S012_Anish_chicken2,house_A,spoil_free_pcb_v1,pcb_A,chamber_A,poultry,chicken,Warmup,1370,0.171,7514,0.939,204,0.026,29.01,93678.0,71.78,48700.0,none
2026-08-02T11:30:44,135.03,S012_Anish_chicken2,house_A,spoil_free_pcb_v1,pcb_A,chamber_A,poultry,chicken,Warmup,1367,0.171,7512,0.939,204,0.026,29.02,93676.0,71.77,48800.0,none
2026-08-02T11:30:46,137.04,S012_Anish_chicken2,house_A,spoil_free_pcb_v1,pcb_A,chamber_A,poultry,chicken,Warmup,1366,0.171,7509,0.939,202,0.025,29.02,93682.0,71.78,49200.0,none
2026-08-02T11:30:48,139.04,S012_Anish_chicken2,house_A,spoil_free_pcb_v1,pcb_A,chamber_A,poultry,chicken,Warmup,1367,0.171,7506,0.938,202,0.025,29.02,93680.0,71.75,49900.0,none
2026-08-02T11:30:50,141.04,S012_Anish_chicken2,house_A,spoil_free_pcb_v1,pcb_A,chamber_A,poultry,chicken,Warmup,1366,0.171,7503,0.938,201,0.025,29.03,93680.0,71.76,50100.0,none
2026-08-02T11:30:52,143.04,S012_Anish_chicken2,house_A,spoil_free_pcb_v1,pcb_A,chamber_A,poultry,chicken,Warmup,1358,0.17,7501,0.938,201,0.025,29.03,93680.0,71.74,50600.0,none
2026-08-02T11:30:54,145.04,S012_Anish_chicken2,house_A,spoil_free_pcb_v1,pcb_A,chamber_A,poultry,chicken,Warmup,1350,0.169,7499,0.937,200,0.025,29.04,93678.0,71.75,50900.0,none
2026-08-02T11:30:56,147.03,S012_Anish_chicken2,house_A,spoil_free_pcb_v1,pcb_A,chamber_A,poultry,chicken,Warmup,1349,0.169,7494,0.937,200,0.025,29.04,93682.0,71.74,51300.0,none
2026-08-02T11:30:58,149.03,S012_Anish_chicken2,house_A,spoil_free_pcb_v1,pcb_A,chamber_A,poultry,chicken,Warmup,1350,0.169,7491,0.936,199,0.025,29.05,93682.0,71.71,51600.0,none
2026-08-02T11:31:00,151.03,S012_Anish_chicken2,house_A,spoil_free_pcb_v1,pcb_A,chamber_A,poultry,chicken,Warmup,1349,0.169,7490,0.936,199,0.025,29.05,93680.0,71.71,52000.0,none
2026-08-02T11:31:02,153.04,S012_Anish_chicken2,house_A,spoil_free_pcb_v1,pcb_A,chamber_A,poultry,chicken,Warmup,1347,0.168,7488,0.936,199,0.025,29.06,93680.0,71.69,52300.0,none
2026-08-02T11:31:04,155.04,S012_Anish_chicken2,house_A,spoil_free_pcb_v1,pcb_A,chamber_A,poultry,chicken,Warmup,1338,0.167,7485,0.936,199,0.025,29.06,93682.0,71.67,52600.0,none
2026-08-02T11:31:06,157.04,S012_Anish_chicken2,house_A,spoil_free_pcb_v1,pcb_A,chamber_A,poultry,chicken,Warmup,1332,0.167,7483,0.935,198,0.025,29.06,93682.0,71.66,53100.0,none
2026-08-02T11:31:08,159.03,S012_Anish_chicken2,house_A,spoil_free_pcb_v1,pcb_A,chamber_A,poultry,chicken,Warmup,1330,0.166,7480,0.935,198,0.025,29.07,93682.0,71.67,53200.0,none
2026-08-02T11:31:10,161.03,S012_Anish_chicken2,house_A,spoil_free_pcb_v1,pcb_A,chamber_A,poultry,chicken,Warmup,1329,0.166,7480,0.935,197,0.025,29.07,93680.0,71.64,53700.0,none
2026-08-02T11:31:12,163.04,S012_Anish_chicken2,house_A,spoil_free_pcb_v1,pcb_A,chamber_A,poultry,chicken,Warmup,1331,0.166,7477,0.935,195,0.024,29.08,93682.0,71.63,53900.0,none
2026-08-02T11:31:14,165.04,S012_Anish_chicken2,house_A,spoil_free_pcb_v1,pcb_A,chamber_A,poultry,chicken,Warmup,1330,0.166,7475,0.934,195,0.024,29.08,93682.0,71.61,54400.0,none
2026-08-02T11:31:16,167.04,S012_Anish_chicken2,house_A,spoil_free_pcb_v1,pcb_A,chamber_A,poultry,chicken,Warmup,1323,0.165,7474,0.934,195,0.024,29.09,93680.0,71.61,54500.0,none
2026-08-02T11:31:18,169.03,S012_Anish_chicken2,house_A,spoil_free_pcb_v1,pcb_A,chamber_A,poultry,chicken,Warmup,1315,0.164,7473,0.934,195,0.024,29.09,93680.0,71.59,55000.0,none
2026-08-02T11:31:20,171.04,S012_Anish_chicken2,house_A,spoil_free_pcb_v1,pcb_A,chamber_A,poultry,chicken,Warmup,1314,0.164,7470,0.934,193,0.024,29.1,93682.0,71.58,55200.0,none
2026-08-02T11:31:22,173.03,S012_Anish_chicken2,house_A,spoil_free_pcb_v1,pcb_A,chamber_A,poultry,chicken,Warmup,1314,0.164,7468,0.934,194,0.024,29.1,93680.0,71.58,55700.0,none
2026-08-02T11:31:24,175.04,S012_Anish_chicken2,house_A,spoil_free_pcb_v1,pcb_A,chamber_A,poultry,chicken,Warmup,1319,0.165,7467,0.933,193,0.024,29.11,93680.0,71.56,56000.0,none
2026-08-02T11:31:26,177.03,S012_Anish_chicken2,house_A,spoil_free_pcb_v1,pcb_A,chamber_A,poultry,chicken,Warmup,1316,0.165,7465,0.933,193,0.024,29.11,93678.0,71.54,56300.0,none
2026-08-02T11:31:28,179.04,S012_Anish_chicken2,house_A,spoil_free_pcb_v1,pcb_A,chamber_A,poultry,chicken,Warmup,1310,0.164,7464,0.933,192,0.024,29.12,93678.0,71.55,56700.0,none
2026-08-02T11:31:30,181.03,S012_Anish_chicken2,house_A,spoil_free_pcb_v1,pcb_A,chamber_A,poultry,chicken,Warmup,1303,0.163,7461,0.933,193,0.024,29.12,93680.0,71.53,57000.0,none
2026-08-02T11:31:32,183.04,S012_Anish_chicken2,house_A,spoil_free_pcb_v1,pcb_A,chamber_A,poultry,chicken,Warmup,1301,0.163,7459,0.932,192,0.024,29.13,93678.0,71.49,57100.0,none
2026-08-02T11:31:34,185.04,S012_Anish_chicken2,house_A,spoil_free_pcb_v1,pcb_A,chamber_A,poultry,chicken,Warmup,1303,0.163,7459,0.932,192,0.024,29.13,93678.0,71.48,57300.0,none
2026-08-02T11:31:36,187.04,S012_Anish_chicken2,house_A,spoil_free_pcb_v1,pcb_A,chamber_A,poultry,chicken,Warmup,1308,0.164,7456,0.932,191,0.024,29.14,93678.0,71.47,57900.0,none
2026-08-02T11:31:38,189.04,S012_Anish_chicken2,house_A,spoil_free_pcb_v1,pcb_A,chamber_A,poultry,chicken,Warmup,1304,0.163,7455,0.932,190,0.024,29.14,93678.0,71.46,58300.0,none
2026-08-02T11:31:40,191.03,S012_Anish_chicken2,house_A,spoil_free_pcb_v1,pcb_A,chamber_A,poultry,chicken,Warmup,1299,0.162,7455,0.932,191,0.024,29.15,93678.0,71.47,58500.0,none
2026-08-02T11:31:42,193.03,S012_Anish_chicken2,house_A,spoil_free_pcb_v1,pcb_A,chamber_A,poultry,chicken,Warmup,1293,0.162,7453,0.932,189,0.024,29.15,93678.0,71.43,58600.0,none
2026-08-02T11:31:44,195.04,S012_Anish_chicken2,house_A,spoil_free_pcb_v1,pcb_A,chamber_A,poultry,chicken,Warmup,1290,0.161,7451,0.931,189,0.024,29.16,93676.0,71.42,59000.0,none
2026-08-02T11:31:46,197.04,S012_Anish_chicken2,house_A,spoil_free_pcb_v1,pcb_A,chamber_A,poultry,chicken,Warmup,1290,0.161,7449,0.931,190,0.024,29.16,93678.0,71.4,59200.0,none
2026-08-02T11:31:48,199.04,S012_Anish_chicken2,house_A,spoil_free_pcb_v1,pcb_A,chamber_A,poultry,chicken,Warmup,1292,0.162,7449,0.931,190,0.024,29.16,93678.0,71.4,59500.0,none
2026-08-02T11:31:50,201.03,S012_Anish_chicken2,house_A,spoil_free_pcb_v1,pcb_A,chamber_A,poultry,chicken,Warmup,1295,0.162,7447,0.931,189,0.024,29.17,93676.0,71.4,59700.0,none
2026-08-02T11:31:52,203.04,S012_Anish_chicken2,house_A,spoil_free_pcb_v1,pcb_A,chamber_A,poultry,chicken,Warmup,1292,0.162,7444,0.931,188,0.024,29.17,93676.0,71.37,60100.0,none
2026-08-02T11:31:54,205.04,S012_Anish_chicken2,house_A,spoil_free_pcb_v1,pcb_A,chamber_A,poultry,chicken,Warmup,1287,0.161,7444,0.931,188,0.024,29.18,93678.0,71.37,60500.0,none
2026-08-02T11:31:56,207.04,S012_Anish_chicken2,house_A,spoil_free_pcb_v1,pcb_A,chamber_A,poultry,chicken,Warmup,1281,0.16,7444,0.931,188,0.024,29.18,93676.0,71.34,60600.0,none
2026-08-02T11:31:58,209.03,S012_Anish_chicken2,house_A,spoil_free_pcb_v1,pcb_A,chamber_A,poultry,chicken,Warmup,1278,0.16,7444,0.931,188,0.024,29.19,93676.0,71.33,60700.0,none
2026-08-02T11:32:00,211.04,S012_Anish_chicken2,house_A,spoil_free_pcb_v1,pcb_A,chamber_A,poultry,chicken,Warmup,1277,0.16,7440,0.93,186,0.023,29.19,93674.0,71.33,61200.0,none
2026-08-02T11:32:02,213.03,S012_Anish_chicken2,house_A,spoil_free_pcb_v1,pcb_A,chamber_A,poultry,chicken,Warmup,1278,0.16,7440,0.93,186,0.023,29.2,93680.0,71.32,61400.0,none
2026-08-02T11:32:04,215.04,S012_Anish_chicken2,house_A,spoil_free_pcb_v1,pcb_A,chamber_A,poultry,chicken,Warmup,1280,0.16,7440,0.93,186,0.023,29.2,93680.0,71.29,61600.0,none
2026-08-02T11:32:06,217.04,S012_Anish_chicken2,house_A,spoil_free_pcb_v1,pcb_A,chamber_A,poultry,chicken,Warmup,1284,0.161,7438,0.93,186,0.023,29.21,93678.0,71.29,62100.0,none
2026-08-02T11:32:08,219.03,S012_Anish_chicken2,house_A,spoil_free_pcb_v1,pcb_A,chamber_A,poultry,chicken,Warmup,1280,0.16,7437,0.93,185,0.023,29.21,93678.0,71.26,62300.0,none
2026-08-02T11:32:10,221.04,S012_Anish_chicken2,house_A,spoil_free_pcb_v1,pcb_A,chamber_A,poultry,chicken,Warmup,1277,0.16,7437,0.93,186,0.023,29.22,93680.0,71.24,62500.0,none
2026-08-02T11:32:12,223.04,S012_Anish_chicken2,house_A,spoil_free_pcb_v1,pcb_A,chamber_A,poultry,chicken,Warmup,1274,0.159,7436,0.93,186,0.023,29.22,93680.0,71.22,62900.0,none
2026-08-02T11:32:14,225.04,S012_Anish_chicken2,house_A,spoil_free_pcb_v1,pcb_A,chamber_A,poultry,chicken,Warmup,1270,0.159,7435,0.929,185,0.023,29.23,93678.0,71.22,63400.0,none
2026-08-02T11:32:16,227.04,S012_Anish_chicken2,house_A,spoil_free_pcb_v1,pcb_A,chamber_A,poultry,chicken,Warmup,1266,0.158,7435,0.929,185,0.023,29.23,93678.0,71.21,63200.0,none
2026-08-02T11:32:18,229.04,S012_Anish_chicken2,house_A,spoil_free_pcb_v1,pcb_A,chamber_A,poultry,chicken,Warmup,1263,0.158,7433,0.929,184,0.023,29.24,93680.0,71.19,63900.0,none
2026-08-02T11:32:20,231.03,S012_Anish_chicken2,house_A,spoil_free_pcb_v1,pcb_A,chamber_A,poultry,chicken,Warmup,1266,0.158,7432,0.929,184,0.023,29.24,93678.0,71.18,63600.0,none
2026-08-02T11:32:22,233.03,S012_Anish_chicken2,house_A,spoil_free_pcb_v1,pcb_A,chamber_A,poultry,chicken,Warmup,1266,0.158,7430,0.929,185,0.023,29.25,93678.0,71.17,63900.0,none
2026-08-02T11:32:24,235.04,S012_Anish_chicken2,house_A,spoil_free_pcb_v1,pcb_A,chamber_A,poultry,chicken,Warmup,1268,0.159,7429,0.929,184,0.023,29.26,93678.0,71.17,64400.0,none
2026-08-02T11:32:26,237.04,S012_Anish_chicken2,house_A,spoil_free_pcb_v1,pcb_A,chamber_A,poultry,chicken,Warmup,1270,0.159,7429,0.929,183,0.023,29.26,93678.0,71.15,64500.0,none
2026-08-02T11:32:28,239.04,S012_Anish_chicken2,house_A,spoil_free_pcb_v1,pcb_A,chamber_A,poultry,chicken,Warmup,1267,0.158,7426,0.928,184,0.023,29.27,93678.0,71.15,64600.0,none
2026-08-02T11:32:30,241.04,S012_Anish_chicken2,house_A,spoil_free_pcb_v1,pcb_A,chamber_A,poultry,chicken,Warmup,1267,0.158,7426,0.928,183,0.023,29.27,93678.0,71.12,65100.0,none
2026-08-02T11:32:32,243.03,S012_Anish_chicken2,house_A,spoil_free_pcb_v1,pcb_A,chamber_A,poultry,chicken,Warmup,1266,0.158,7426,0.928,182,0.023,29.28,93678.0,71.1,65500.0,none
2026-08-02T11:32:34,245.04,S012_Anish_chicken2,house_A,spoil_free_pcb_v1,pcb_A,chamber_A,poultry,chicken,Warmup,1263,0.158,7426,0.928,183,0.023,29.28,93680.0,71.09,65700.0,none
2026-08-02T11:32:36,247.03,S012_Anish_chicken2,house_A,spoil_free_pcb_v1,pcb_A,chamber_A,poultry,chicken,Warmup,1260,0.158,7424,0.928,182,0.023,29.29,93678.0,71.06,65800.0,none
2026-08-02T11:32:38,249.04,S012_Anish_chicken2,house_A,spoil_free_pcb_v1,pcb_A,chamber_A,poultry,chicken,Warmup,1256,0.157,7423,0.928,182,0.023,29.29,93678.0,71.05,65800.0,none
2026-08-02T11:32:40,251.04,S012_Anish_chicken2,house_A,spoil_free_pcb_v1,pcb_A,chamber_A,poultry,chicken,Warmup,1251,0.156,7423,0.928,182,0.023,29.3,93680.0,71.04,66200.0,none
2026-08-02T11:32:42,253.03,S012_Anish_chicken2,house_A,spoil_free_pcb_v1,pcb_A,chamber_A,poultry,chicken,Warmup,1252,0.157,7423,0.928,182,0.023,29.3,93680.0,71.02,66400.0,none
2026-08-02T11:32:44,255.03,S012_Anish_chicken2,house_A,spoil_free_pcb_v1,pcb_A,chamber_A,poultry,chicken,Warmup,1252,0.157,7421,0.928,181,0.023,29.31,93678.0,71.0,66700.0,none
2026-08-02T11:32:46,257.04,S012_Anish_chicken2,house_A,spoil_free_pcb_v1,pcb_A,chamber_A,poultry,chicken,Warmup,1253,0.157,7421,0.928,181,0.023,29.31,93678.0,70.98,66800.0,none
2026-08-02T11:32:48,259.03,S012_Anish_chicken2,house_A,spoil_free_pcb_v1,pcb_A,chamber_A,poultry,chicken,Warmup,1250,0.156,7418,0.927,180,0.023,29.32,93680.0,70.96,66700.0,none
2026-08-02T11:32:50,261.03,S012_Anish_chicken2,house_A,spoil_free_pcb_v1,pcb_A,chamber_A,poultry,chicken,Warmup,1253,0.157,7419,0.927,180,0.023,29.32,93680.0,70.96,67700.0,none
2026-08-02T11:32:52,263.04,S012_Anish_chicken2,house_A,spoil_free_pcb_v1,pcb_A,chamber_A,poultry,chicken,Warmup,1254,0.157,7418,0.927,180,0.023,29.33,93678.0,70.94,67500.0,none
2026-08-02T11:32:54,265.03,S012_Anish_chicken2,house_A,spoil_free_pcb_v1,pcb_A,chamber_A,poultry,chicken,Warmup,1253,0.157,7417,0.927,180,0.023,29.33,93678.0,70.91,67800.0,none
2026-08-02T11:32:56,267.04,S012_Anish_chicken2,house_A,spoil_free_pcb_v1,pcb_A,chamber_A,poultry,chicken,Warmup,1254,0.157,7417,0.927,181,0.023,29.34,93676.0,70.91,67700.0,none
2026-08-02T11:32:58,269.03,S012_Anish_chicken2,house_A,spoil_free_pcb_v1,pcb_A,chamber_A,poultry,chicken,Warmup,1251,0.156,7417,0.927,179,0.022,29.34,93678.0,70.88,68200.0,none
2026-08-02T11:33:00,271.03,S012_Anish_chicken2,house_A,spoil_free_pcb_v1,pcb_A,chamber_A,poultry,chicken,Warmup,1248,0.156,7415,0.927,179,0.022,29.35,93678.0,70.87,68400.0,none
2026-08-02T11:33:02,273.04,S012_Anish_chicken2,house_A,spoil_free_pcb_v1,pcb_A,chamber_A,poultry,chicken,Warmup,1245,0.156,7414,0.927,179,0.022,29.35,93678.0,70.86,68800.0,none
2026-08-02T11:33:04,275.04,S012_Anish_chicken2,house_A,spoil_free_pcb_v1,pcb_A,chamber_A,poultry,chicken,Warmup,1243,0.155,7414,0.927,179,0.022,29.36,93676.0,70.82,68900.0,none
2026-08-02T11:33:06,277.03,S012_Anish_chicken2,house_A,spoil_free_pcb_v1,pcb_A,chamber_A,poultry,chicken,Warmup,1238,0.155,7413,0.927,178,0.022,29.36,93678.0,70.79,68900.0,none
2026-08-02T11:33:08,279.03,S012_Anish_chicken2,house_A,spoil_free_pcb_v1,pcb_A,chamber_A,poultry,chicken,Warmup,1239,0.155,7413,0.927,178,0.022,29.37,93676.0,70.77,69400.0,none
2026-08-02T11:33:10,281.04,S012_Anish_chicken2,house_A,spoil_free_pcb_v1,pcb_A,chamber_A,poultry,chicken,Warmup,1242,0.155,7412,0.927,178,0.022,29.37,93676.0,70.73,69500.0,none
2026-08-02T11:33:12,283.04,S012_Anish_chicken2,house_A,spoil_free_pcb_v1,pcb_A,chamber_A,poultry,chicken,Warmup,1243,0.155,7410,0.926,178,0.022,29.37,93674.0,70.71,69500.0,none
2026-08-02T11:33:14,285.04,S012_Anish_chicken2,house_A,spoil_free_pcb_v1,pcb_A,chamber_A,poultry,chicken,Warmup,1245,0.156,7410,0.926,178,0.022,29.38,93678.0,70.7,70000.0,none
2026-08-02T11:33:16,287.04,S012_Anish_chicken2,house_A,spoil_free_pcb_v1,pcb_A,chamber_A,poultry,chicken,Warmup,1246,0.156,7409,0.926,177,0.022,29.38,93678.0,70.68,70200.0,none
2026-08-02T11:33:18,289.04,S012_Anish_chicken2,house_A,spoil_free_pcb_v1,pcb_A,chamber_A,poultry,chicken,Warmup,1243,0.155,7407,0.926,177,0.022,29.39,93676.0,70.68,70200.0,none
2026-08-02T11:33:20,291.04,S012_Anish_chicken2,house_A,spoil_free_pcb_v1,pcb_A,chamber_A,poultry,chicken,Warmup,1238,0.155,7408,0.926,178,0.022,29.39,93674.0,70.65,70800.0,none
2026-08-02T11:33:22,293.03,S012_Anish_chicken2,house_A,spoil_free_pcb_v1,pcb_A,chamber_A,poultry,chicken,Warmup,1233,0.154,7408,0.926,177,0.022,29.4,93674.0,70.62,71000.0,none
2026-08-02T11:33:24,295.03,S012_Anish_chicken2,house_A,spoil_free_pcb_v1,pcb_A,chamber_A,poultry,chicken,Warmup,1231,0.154,7406,0.926,178,0.022,29.4,93674.0,70.61,71000.0,none
2026-08-02T11:33:26,297.03,S012_Anish_chicken2,house_A,spoil_free_pcb_v1,pcb_A,chamber_A,poultry,chicken,Warmup,1231,0.154,7406,0.926,177,0.022,29.41,93674.0,70.58,71000.0,none
2026-08-02T11:33:28,299.04,S012_Anish_chicken2,house_A,spoil_free_pcb_v1,pcb_A,chamber_A,poultry,chicken,Warmup,1233,0.154,7404,0.926,177,0.022,29.41,93674.0,70.54,71400.0,none
2026-08-02T11:33:30,301.03,S012_Anish_chicken2,house_A,spoil_free_pcb_v1,pcb_A,chamber_A,poultry,chicken,Warmup,1236,0.155,7404,0.926,177,0.022,29.42,93672.0,70.52,71800.0,none
2026-08-02T11:33:32,303.04,S012_Anish_chicken2,house_A,spoil_free_pcb_v1,pcb_A,chamber_A,poultry,chicken,Warmup,1238,0.155,7403,0.925,176,0.022,29.42,93674.0,70.49,72000.0,none
2026-08-02T11:33:34,305.04,S012_Anish_chicken2,house_A,spoil_free_pcb_v1,pcb_A,chamber_A,poultry,chicken,Warmup,1239,0.155,7400,0.925,177,0.022,29.43,93674.0,70.46,72200.0,none
2026-08-02T11:33:36,307.03,S012_Anish_chicken2,house_A,spoil_free_pcb_v1,pcb_A,chamber_A,poultry,chicken,Warmup,1236,0.155,7400,0.925,175,0.022,29.43,93674.0,70.42,72100.0,none
2026-08-02T11:33:38,309.04,S012_Anish_chicken2,house_A,spoil_free_pcb_v1,pcb_A,chamber_A,poultry,chicken,Warmup,1227,0.153,7399,0.925,176,0.022,29.44,93674.0,70.39,72500.0,none
2026-08-02T11:33:40,311.04,S012_Anish_chicken2,house_A,spoil_free_pcb_v1,pcb_A,chamber_A,poultry,chicken,Warmup,1226,0.153,7399,0.925,176,0.022,29.44,93676.0,70.37,72700.0,none
2026-08-02T11:33:42,313.04,S012_Anish_chicken2,house_A,spoil_free_pcb_v1,pcb_A,chamber_A,poultry,chicken,Warmup,1225,0.153,7398,0.925,176,0.022,29.45,93674.0,70.34,72700.0,none
2026-08-02T11:33:44,315.04,S012_Anish_chicken2,house_A,spoil_free_pcb_v1,pcb_A,chamber_A,poultry,chicken,Warmup,1229,0.154,7398,0.925,175,0.022,29.45,93674.0,70.32,73200.0,none
2026-08-02T11:33:46,317.03,S012_Anish_chicken2,house_A,spoil_free_pcb_v1,pcb_A,chamber_A,poultry,chicken,Warmup,1233,0.154,7398,0.925,175,0.022,29.46,93674.0,70.31,73200.0,none
2026-08-02T11:33:48,319.04,S012_Anish_chicken2,house_A,spoil_free_pcb_v1,pcb_A,chamber_A,poultry,chicken,Warmup,1233,0.154,7396,0.925,175,0.022,29.46,93678.0,70.29,73600.0,none
2026-08-02T11:33:50,321.03,S012_Anish_chicken2,house_A,spoil_free_pcb_v1,pcb_A,chamber_A,poultry,chicken,Warmup,1227,0.153,7396,0.925,174,0.022,29.47,93676.0,70.28,73400.0,none
2026-08-02T11:33:52,323.04,S012_Anish_chicken2,house_A,spoil_free_pcb_v1,pcb_A,chamber_A,poultry,chicken,Warmup,1223,0.153,7395,0.924,175,0.022,29.47,93676.0,70.29,74100.0,none
2026-08-02T11:33:54,325.04,S012_Anish_chicken2,house_A,spoil_free_pcb_v1,pcb_A,chamber_A,poultry,chicken,Warmup,1219,0.152,7393,0.924,174,0.022,29.48,93674.0,70.27,74100.0,none
2026-08-02T11:33:56,327.04,S012_Anish_chicken2,house_A,spoil_free_pcb_v1,pcb_A,chamber_A,poultry,chicken,Warmup,1221,0.153,7394,0.924,174,0.022,29.48,93674.0,70.25,74200.0,none
2026-08-02T11:33:58,329.04,S012_Anish_chicken2,house_A,spoil_free_pcb_v1,pcb_A,chamber_A,poultry,chicken,Warmup,1223,0.153,7393,0.924,174,0.022,29.48,93676.0,70.24,74100.0,none
2026-08-02T11:34:00,331.03,S012_Anish_chicken2,house_A,spoil_free_pcb_v1,pcb_A,chamber_A,poultry,chicken,Warmup,1226,0.153,7391,0.924,173,0.022,29.49,93676.0,70.23,74500.0,none
2026-08-02T11:34:02,333.03,S012_Anish_chicken2,house_A,spoil_free_pcb_v1,pcb_A,chamber_A,poultry,chicken,Warmup,1228,0.154,7392,0.924,173,0.022,29.49,93676.0,70.23,74500.0,none
2026-08-02T11:34:04,335.04,S012_Anish_chicken2,house_A,spoil_free_pcb_v1,pcb_A,chamber_A,poultry,chicken,Warmup,1226,0.153,7390,0.924,174,0.022,29.5,93676.0,70.21,75100.0,none
2026-08-02T11:34:06,337.03,S012_Anish_chicken2,house_A,spoil_free_pcb_v1,pcb_A,chamber_A,poultry,chicken,Warmup,1219,0.152,7391,0.924,173,0.022,29.5,93674.0,70.2,75200.0,none
2026-08-02T11:34:08,339.03,S012_Anish_chicken2,house_A,spoil_free_pcb_v1,pcb_A,chamber_A,poultry,chicken,Warmup,1218,0.152,7391,0.924,174,0.022,29.5,93676.0,70.18,75400.0,none
2026-08-02T11:34:10,341.04,S012_Anish_chicken2,house_A,spoil_free_pcb_v1,pcb_A,chamber_A,poultry,chicken,Warmup,1215,0.152,7389,0.924,173,0.022,29.51,93676.0,70.15,75400.0,none
2026-08-02T11:34:12,343.04,S012_Anish_chicken2,house_A,spoil_free_pcb_v1,pcb_A,chamber_A,poultry,chicken,Warmup,1216,0.152,7388,0.924,174,0.022,29.51,93676.0,70.13,75600.0,none
2026-08-02T11:34:14,345.03,S012_Anish_chicken2,house_A,spoil_free_pcb_v1,pcb_A,chamber_A,poultry,chicken,Warmup,1220,0.153,7387,0.923,172,0.022,29.51,93674.0,70.11,75800.0,none
2026-08-02T11:34:16,347.04,S012_Anish_chicken2,house_A,spoil_free_pcb_v1,pcb_A,chamber_A,poultry,chicken,Warmup,1222,0.153,7386,0.923,173,0.022,29.52,93674.0,70.09,75600.0,none
2026-08-02T11:34:18,349.04,S012_Anish_chicken2,house_A,spoil_free_pcb_v1,pcb_A,chamber_A,poultry,chicken,Warmup,1223,0.153,7386,0.923,172,0.022,29.52,93676.0,70.05,76200.0,none
2026-08-02T11:34:20,351.03,S012_Anish_chicken2,house_A,spoil_free_pcb_v1,pcb_A,chamber_A,poultry,chicken,Warmup,1220,0.153,7385,0.923,173,0.022,29.53,93674.0,70.06,76500.0,none
2026-08-02T11:34:22,353.04,S012_Anish_chicken2,house_A,spoil_free_pcb_v1,pcb_A,chamber_A,poultry,chicken,Warmup,1216,0.152,7384,0.923,173,0.022,29.53,93674.0,70.03,76600.0,none
2026-08-02T11:34:24,355.03,S012_Anish_chicken2,house_A,spoil_free_pcb_v1,pcb_A,chamber_A,poultry,chicken,Warmup,1211,0.151,7384,0.923,172,0.022,29.53,93672.0,70.01,76800.0,none
2026-08-02T11:34:26,357.03,S012_Anish_chicken2,house_A,spoil_free_pcb_v1,pcb_A,chamber_A,poultry,chicken,Warmup,1212,0.152,7384,0.923,173,0.022,29.54,93678.0,70.0,76900.0,none
2026-08-02T11:34:28,359.04,S012_Anish_chicken2,house_A,spoil_free_pcb_v1,pcb_A,chamber_A,poultry,chicken,Warmup,1216,0.152,7383,0.923,172,0.022,29.54,93676.0,69.96,77000.0,none
2026-08-02T11:34:30,361.04,S012_Anish_chicken2,house_A,spoil_free_pcb_v1,pcb_A,chamber_A,poultry,chicken,Warmup,1218,0.152,7383,0.923,172,0.022,29.55,93676.0,69.94,77200.0,none
2026-08-02T11:34:32,363.03,S012_Anish_chicken2,house_A,spoil_free_pcb_v1,pcb_A,chamber_A,poultry,chicken,Warmup,1220,0.153,7381,0.923,171,0.021,29.55,93676.0,69.9,77300.0,none
2026-08-02T11:34:34,365.04,S012_Anish_chicken2,house_A,spoil_free_pcb_v1,pcb_A,chamber_A,poultry,chicken,Warmup,1215,0.152,7381,0.923,172,0.022,29.55,93676.0,69.88,77200.0,none
2026-08-02T11:34:36,367.04,S012_Anish_chicken2,house_A,spoil_free_pcb_v1,pcb_A,chamber_A,poultry,chicken,Warmup,1211,0.151,7381,0.923,171,0.021,29.56,93678.0,69.87,77800.0,none
2026-08-02T11:34:38,369.04,S012_Anish_chicken2,house_A,spoil_free_pcb_v1,pcb_A,chamber_A,poultry,chicken,Warmup,1210,0.151,7379,0.922,171,0.021,29.56,93676.0,69.85,78000.0,none
2026-08-02T11:34:40,371.03,S012_Anish_chicken2,house_A,spoil_free_pcb_v1,pcb_A,chamber_A,poultry,chicken,Warmup,1211,0.151,7379,0.922,171,0.021,29.57,93676.0,69.84,77800.0,none
2026-08-02T11:34:42,373.03,S012_Anish_chicken2,house_A,spoil_free_pcb_v1,pcb_A,chamber_A,poultry,chicken,Warmup,1215,0.152,7378,0.922,171,0.021,29.57,93676.0,69.81,78400.0,none
2026-08-02T11:34:44,375.03,S012_Anish_chicken2,house_A,spoil_free_pcb_v1,pcb_A,chamber_A,poultry,chicken,Warmup,1215,0.152,7379,0.922,170,0.021,29.58,93674.0,69.81,78800.0,none
2026-08-02T11:34:46,377.04,S012_Anish_chicken2,house_A,spoil_free_pcb_v1,pcb_A,chamber_A,poultry,chicken,Warmup,1212,0.152,7377,0.922,171,0.021,29.58,93678.0,69.8,78600.0,none
2026-08-02T11:34:48,379.03,S012_Anish_chicken2,house_A,spoil_free_pcb_v1,pcb_A,chamber_A,poultry,chicken,Warmup,1209,0.151,7377,0.922,171,0.021,29.59,93676.0,69.78,78900.0,none
2026-08-02T11:34:50,381.03,S012_Anish_chicken2,house_A,spoil_free_pcb_v1,pcb_A,chamber_A,poultry,chicken,Warmup,1205,0.151,7377,0.922,170,0.021,29.59,93676.0,69.76,79100.0,none
2026-08-02T11:34:52,383.04,S012_Anish_chicken2,house_A,spoil_free_pcb_v1,pcb_A,chamber_A,poultry,chicken,Warmup,1204,0.151,7375,0.922,171,0.021,29.59,93676.0,69.76,78500.0,none
2026-08-02T11:34:54,385.04,S012_Anish_chicken2,house_A,spoil_free_pcb_v1,pcb_A,chamber_A,poultry,chicken,Warmup,1209,0.151,7376,0.922,171,0.021,29.6,93676.0,69.74,79200.0,none
2026-08-02T11:34:56,387.04,S012_Anish_chicken2,house_A,spoil_free_pcb_v1,pcb_A,chamber_A,poultry,chicken,Warmup,1212,0.152,7375,0.922,170,0.021,29.6,93678.0,69.73,79500.0,none
2026-08-02T11:34:58,389.04,S012_Anish_chicken2,house_A,spoil_free_pcb_v1,pcb_A,chamber_A,poultry,chicken,Warmup,1212,0.152,7375,0.922,170,0.021,29.61,93678.0,69.68,79900.0,none
2026-08-02T11:35:00,391.03,S012_Anish_chicken2,house_A,spoil_free_pcb_v1,pcb_A,chamber_A,poultry,chicken,Warmup,1208,0.151,7373,0.922,171,0.021,29.61,93676.0,69.66,79800.0,none
2026-08-02T11:35:02,393.04,S012_Anish_chicken2,house_A,spoil_free_pcb_v1,pcb_A,chamber_A,poultry,chicken,Warmup,1203,0.15,7373,0.922,168,0.021,29.61,93676.0,69.66,79900.0,none
2026-08-02T11:35:04,395.04,S012_Anish_chicken2,house_A,spoil_free_pcb_v1,pcb_A,chamber_A,poultry,chicken,Warmup,1202,0.15,7372,0.922,170,0.021,29.62,93676.0,69.63,80100.0,none
2026-08-02T11:35:06,397.03,S012_Anish_chicken2,house_A,spoil_free_pcb_v1,pcb_A,chamber_A,poultry,chicken,Warmup,1205,0.151,7370,0.921,169,0.021,29.62,93676.0,69.62,80100.0,none
2026-08-02T11:35:08,399.04,S012_Anish_chicken2,house_A,spoil_free_pcb_v1,pcb_A,chamber_A,poultry,chicken,Warmup,1209,0.151,7372,0.922,170,0.021,29.62,93678.0,69.61,80400.0,none
2026-08-02T11:35:10,401.03,S012_Anish_chicken2,house_A,spoil_free_pcb_v1,pcb_A,chamber_A,poultry,chicken,Warmup,1210,0.151,7370,0.921,169,0.021,29.63,93678.0,69.61,80700.0,none
2026-08-02T11:35:12,403.04,S012_Anish_chicken2,house_A,spoil_free_pcb_v1,pcb_A,chamber_A,poultry,chicken,Warmup,1210,0.151,7370,0.921,170,0.021,29.63,93676.0,69.59,80500.0,none
2026-08-02T11:35:14,405.04,S012_Anish_chicken2,house_A,spoil_free_pcb_v1,pcb_A,chamber_A,poultry,chicken,Warmup,1201,0.15,7369,0.921,169,0.021,29.63,93676.0,69.57,80800.0,none
2026-08-02T11:35:16,407.03,S012_Anish_chicken2,house_A,spoil_free_pcb_v1,pcb_A,chamber_A,poultry,chicken,Warmup,1199,0.15,7369,0.921,169,0.021,29.64,93676.0,69.56,81000.0,none
2026-08-02T11:35:18,409.04,S012_Anish_chicken2,house_A,spoil_free_pcb_v1,pcb_A,chamber_A,poultry,chicken,Warmup,1201,0.15,7370,0.921,168,0.021,29.64,93678.0,69.5,81300.0,none
2026-08-02T11:35:20,411.04,S012_Anish_chicken2,house_A,spoil_free_pcb_v1,pcb_A,chamber_A,poultry,chicken,Warmup,1203,0.15,7368,0.921,169,0.021,29.64,93678.0,69.51,81300.0,none
2026-08-02T11:35:22,413.04,S012_Anish_chicken2,house_A,spoil_free_pcb_v1,pcb_A,chamber_A,poultry,chicken,Warmup,1208,0.151,7367,0.921,168,0.021,29.65,93678.0,69.49,81600.0,none
2026-08-02T11:35:24,415.03,S012_Anish_chicken2,house_A,spoil_free_pcb_v1,pcb_A,chamber_A,poultry,chicken,Warmup,1203,0.15,7366,0.921,168,0.021,29.65,93676.0,69.46,81700.0,none
2026-08-02T11:35:26,417.03,S012_Anish_chicken2,house_A,spoil_free_pcb_v1,pcb_A,chamber_A,poultry,chicken,Warmup,1198,0.15,7367,0.921,168,0.021,29.66,93676.0,69.46,82100.0,none
2026-08-02T11:35:28,419.03,S012_Anish_chicken2,house_A,spoil_free_pcb_v1,pcb_A,chamber_A,poultry,chicken,Warmup,1196,0.15,7367,0.921,169,0.021,29.66,93676.0,69.46,82100.0,none
2026-08-02T11:35:30,421.04,S012_Anish_chicken2,house_A,spoil_free_pcb_v1,pcb_A,chamber_A,poultry,chicken,Warmup,1200,0.15,7366,0.921,168,0.021,29.66,93678.0,69.42,82300.0,none
2026-08-02T11:35:32,423.03,S012_Anish_chicken2,house_A,spoil_free_pcb_v1,pcb_A,chamber_A,poultry,chicken,Warmup,1204,0.151,7366,0.921,168,0.021,29.67,93676.0,69.44,82400.0,none
2026-08-02T11:35:34,425.03,S012_Anish_chicken2,house_A,spoil_free_pcb_v1,pcb_A,chamber_A,poultry,chicken,Warmup,1204,0.151,7365,0.921,168,0.021,29.67,93676.0,69.43,82500.0,none
2026-08-02T11:35:36,427.04,S012_Anish_chicken2,house_A,spoil_free_pcb_v1,pcb_A,chamber_A,poultry,chicken,Warmup,1199,0.15,7365,0.921,167,0.021,29.67,93676.0,69.43,82600.0,none
2026-08-02T11:35:38,429.04,S012_Anish_chicken2,house_A,spoil_free_pcb_v1,pcb_A,chamber_A,poultry,chicken,Warmup,1194,0.149,7364,0.921,167,0.021,29.68,93674.0,69.43,82800.0,none
2026-08-02T11:35:40,431.04,S012_Anish_chicken2,house_A,spoil_free_pcb_v1,pcb_A,chamber_A,poultry,chicken,Warmup,1193,0.149,7363,0.92,167,0.021,29.68,93674.0,69.4,82900.0,none
2026-08-02T11:35:42,433.04,S012_Anish_chicken2,house_A,spoil_free_pcb_v1,pcb_A,chamber_A,poultry,chicken,Warmup,1200,0.15,7362,0.92,167,0.021,29.68,93676.0,69.4,82900.0,none
2026-08-02T11:35:44,435.04,S012_Anish_chicken2,house_A,spoil_free_pcb_v1,pcb_A,chamber_A,poultry,chicken,Warmup,1203,0.15,7362,0.92,167,0.021,29.69,93674.0,69.37,83300.0,none
2026-08-02T11:35:46,437.04,S012_Anish_chicken2,house_A,spoil_free_pcb_v1,pcb_A,chamber_A,poultry,chicken,Warmup,1202,0.15,7360,0.92,166,0.021,29.69,93674.0,69.37,83000.0,none
2026-08-02T11:35:48,439.04,S012_Anish_chicken2,house_A,spoil_free_pcb_v1,pcb_A,chamber_A,poultry,chicken,Warmup,1199,0.15,7360,0.92,167,0.021,29.69,93674.0,69.34,83500.0,none
2026-08-02T11:35:50,441.03,S012_Anish_chicken2,house_A,spoil_free_pcb_v1,pcb_A,chamber_A,poultry,chicken,Warmup,1192,0.149,7362,0.92,168,0.021,29.7,93674.0,69.32,83500.0,none
2026-08-02T11:35:52,443.03,S012_Anish_chicken2,house_A,spoil_free_pcb_v1,pcb_A,chamber_A,poultry,chicken,Warmup,1194,0.149,7358,0.92,166,0.021,29.7,93672.0,69.32,84100.0,none
2026-08-02T11:35:54,445.03,S012_Anish_chicken2,house_A,spoil_free_pcb_v1,pcb_A,chamber_A,poultry,chicken,Warmup,1198,0.15,7360,0.92,167,0.021,29.7,93674.0,69.3,83700.0,none
2026-08-02T11:35:56,447.04,S012_Anish_chicken2,house_A,spoil_free_pcb_v1,pcb_A,chamber_A,poultry,chicken,Warmup,1202,0.15,7360,0.92,167,0.021,29.71,93674.0,69.28,84200.0,none
2026-08-02T11:35:58,449.03,S012_Anish_chicken2,house_A,spoil_free_pcb_v1,pcb_A,chamber_A,poultry,chicken,Warmup,1200,0.15,7358,0.92,167,0.021,29.71,93674.0,69.27,84200.0,none
2026-08-02T11:36:00,451.04,S012_Anish_chicken2,house_A,spoil_free_pcb_v1,pcb_A,chamber_A,poultry,chicken,Warmup,1193,0.149,7358,0.92,165,0.021,29.71,93674.0,69.27,84400.0,none
2026-08-02T11:36:02,453.04,S012_Anish_chicken2,house_A,spoil_free_pcb_v1,pcb_A,chamber_A,poultry,chicken,Warmup,1188,0.149,7358,0.92,166,0.021,29.71,93674.0,69.24,84300.0,none
2026-08-02T11:36:04,455.03,S012_Anish_chicken2,house_A,spoil_free_pcb_v1,pcb_A,chamber_A,poultry,chicken,Warmup,1190,0.149,7357,0.92,166,0.021,29.72,93674.0,69.24,84500.0,none
2026-08-02T11:36:06,457.03,S012_Anish_chicken2,house_A,spoil_free_pcb_v1,pcb_A,chamber_A,poultry,chicken,Warmup,1195,0.149,7356,0.92,165,0.021,29.72,93680.0,69.23,85200.0,none
2026-08-02T11:36:08,459.03,S012_Anish_chicken2,house_A,spoil_free_pcb_v1,pcb_A,chamber_A,poultry,chicken,Warmup,1198,0.15,7355,0.919,165,0.021,29.73,93678.0,69.21,85000.0,none
2026-08-02T11:36:10,461.03,S012_Anish_chicken2,house_A,spoil_free_pcb_v1,pcb_A,chamber_A,poultry,chicken,Warmup,1195,0.149,7356,0.92,165,0.021,29.73,93678.0,69.19,84900.0,none
2026-08-02T11:36:12,463.04,S012_Anish_chicken2,house_A,spoil_free_pcb_v1,pcb_A,chamber_A,poultry,chicken,Warmup,1191,0.149,7355,0.919,165,0.021,29.73,93678.0,69.18,85300.0,none
2026-08-02T11:36:14,465.03,S012_Anish_chicken2,house_A,spoil_free_pcb_v1,pcb_A,chamber_A,poultry,chicken,Warmup,1189,0.149,7354,0.919,165,0.021,29.74,93678.0,69.18,85500.0,none
2026-08-02T11:36:16,467.04,S012_Anish_chicken2,house_A,spoil_free_pcb_v1,pcb_A,chamber_A,poultry,chicken,Warmup,1190,0.149,7354,0.919,165,0.021,29.74,93676.0,69.16,85600.0,none
2026-08-02T11:36:18,469.03,S012_Anish_chicken2,house_A,spoil_free_pcb_v1,pcb_A,chamber_A,poultry,chicken,Warmup,1195,0.149,7355,0.919,165,0.021,29.74,93676.0,69.14,85900.0,none
2026-08-02T11:36:20,471.03,S012_Anish_chicken2,house_A,spoil_free_pcb_v1,pcb_A,chamber_A,poultry,chicken,Warmup,1196,0.15,7353,0.919,165,0.021,29.74,93678.0,69.14,86000.0,none
2026-08-02T11:36:22,473.03,S012_Anish_chicken2,house_A,spoil_free_pcb_v1,pcb_A,chamber_A,poultry,chicken,Warmup,1192,0.149,7353,0.919,166,0.021,29.75,93678.0,69.13,86000.0,none
2026-08-02T11:36:24,475.04,S012_Anish_chicken2,house_A,spoil_free_pcb_v1,pcb_A,chamber_A,poultry,chicken,Warmup,1187,0.148,7351,0.919,165,0.021,29.75,93678.0,69.11,86200.0,none
2026-08-02T11:36:26,477.03,S012_Anish_chicken2,house_A,spoil_free_pcb_v1,pcb_A,chamber_A,poultry,chicken,Warmup,1188,0.149,7351,0.919,166,0.021,29.76,93678.0,69.11,86400.0,none
2026-08-02T11:36:28,479.04,S012_Anish_chicken2,house_A,spoil_free_pcb_v1,pcb_A,chamber_A,poultry,chicken,Warmup,1192,0.149,7351,0.919,165,0.021,29.76,93676.0,69.11,86300.0,none
2026-08-02T11:36:30,481.04,S012_Anish_chicken2,house_A,spoil_free_pcb_v1,pcb_A,chamber_A,poultry,chicken,Warmup,1195,0.149,7354,0.919,165,0.021,29.76,93676.0,69.1,86300.0,none
2026-08-02T11:36:32,483.04,S012_Anish_chicken2,house_A,spoil_free_pcb_v1,pcb_A,chamber_A,poultry,chicken,Warmup,1192,0.149,7353,0.919,165,0.021,29.76,93678.0,69.1,86400.0,none
2026-08-02T11:36:34,485.03,S012_Anish_chicken2,house_A,spoil_free_pcb_v1,pcb_A,chamber_A,poultry,chicken,Warmup,1187,0.148,7354,0.919,165,0.021,29.77,93678.0,69.08,86900.0,none
2026-08-02T11:36:36,487.03,S012_Anish_chicken2,house_A,spoil_free_pcb_v1,pcb_A,chamber_A,poultry,chicken,Warmup,1184,0.148,7352,0.919,165,0.021,29.77,93678.0,69.07,86700.0,none
2026-08-02T11:36:38,489.04,S012_Anish_chicken2,house_A,spoil_free_pcb_v1,pcb_A,chamber_A,poultry,chicken,Warmup,1186,0.148,7352,0.919,165,0.021,29.78,93678.0,69.07,87300.0,none
2026-08-02T11:36:40,491.03,S012_Anish_chicken2,house_A,spoil_free_pcb_v1,pcb_A,chamber_A,poultry,chicken,Warmup,1190,0.149,7351,0.919,164,0.021,29.78,93678.0,69.06,86900.0,none
2026-08-02T11:36:42,493.04,S012_Anish_chicken2,house_A,spoil_free_pcb_v1,pcb_A,chamber_A,poultry,chicken,Warmup,1192,0.149,7352,0.919,165,0.021,29.78,93680.0,69.04,87100.0,none
2026-08-02T11:36:44,495.03,S012_Anish_chicken2,house_A,spoil_free_pcb_v1,pcb_A,chamber_A,poultry,chicken,Warmup,1191,0.149,7351,0.919,165,0.021,29.78,93680.0,69.01,86900.0,none
2026-08-02T11:36:46,497.03,S012_Anish_chicken2,house_A,spoil_free_pcb_v1,pcb_A,chamber_A,poultry,chicken,Warmup,1190,0.149,7351,0.919,164,0.021,29.79,93678.0,69.0,87400.0,none
2026-08-02T11:36:48,499.04,S012_Anish_chicken2,house_A,spoil_free_pcb_v1,pcb_A,chamber_A,poultry,chicken,Warmup,1183,0.148,7350,0.919,163,0.02,29.79,93678.0,69.0,87500.0,none
2026-08-02T11:36:50,501.03,S012_Anish_chicken2,house_A,spoil_free_pcb_v1,pcb_A,chamber_A,poultry,chicken,Warmup,1182,0.148,7350,0.919,164,0.021,29.79,93678.0,68.99,87500.0,none
2026-08-02T11:36:52,503.02,S012_Anish_chicken2,house_A,spoil_free_pcb_v1,pcb_A,chamber_A,poultry,chicken,Warmup,1184,0.148,7350,0.919,165,0.021,29.8,93678.0,68.98,88700.0,none
2026-08-02T11:36:54,505.04,S012_Anish_chicken2,house_A,spoil_free_pcb_v1,pcb_A,chamber_A,poultry,chicken,Warmup,1190,0.149,7350,0.919,165,0.021,29.8,93676.0,68.97,88100.0,none
2026-08-02T11:36:56,507.03,S012_Anish_chicken2,house_A,spoil_free_pcb_v1,pcb_A,chamber_A,poultry,chicken,Warmup,1192,0.149,7350,0.919,165,0.021,29.8,93680.0,68.96,88000.0,none
2026-08-02T11:36:58,509.03,S012_Anish_chicken2,house_A,spoil_free_pcb_v1,pcb_A,chamber_A,poultry,chicken,Warmup,1189,0.149,7349,0.919,164,0.021,29.81,93678.0,68.95,88000.0,none
2026-08-02T11:37:00,511.04,S012_Anish_chicken2,house_A,spoil_free_pcb_v1,pcb_A,chamber_A,poultry,chicken,Warmup,1188,0.149,7350,0.919,163,0.02,29.81,93678.0,68.96,88600.0,none
2026-08-02T11:37:02,513.03,S012_Anish_chicken2,house_A,spoil_free_pcb_v1,pcb_A,chamber_A,poultry,chicken,Warmup,1181,0.148,7348,0.919,164,0.021,29.81,93678.0,68.92,88300.0,none
2026-08-02T11:37:04,515.03,S012_Anish_chicken2,house_A,spoil_free_pcb_v1,pcb_A,chamber_A,poultry,chicken,Warmup,1181,0.148,7348,0.919,164,0.021,29.81,93678.0,68.91,88600.0,none
2026-08-02T11:37:06,517.04,S012_Anish_chicken2,house_A,spoil_free_pcb_v1,pcb_A,chamber_A,poultry,chicken,Warmup,1186,0.148,7349,0.919,163,0.02,29.82,93678.0,68.89,88300.0,none
2026-08-02T11:37:08,519.03,S012_Anish_chicken2,house_A,spoil_free_pcb_v1,pcb_A,chamber_A,poultry,chicken,Warmup,1189,0.149,7347,0.918,163,0.02,29.82,93676.0,68.89,89200.0,none
2026-08-02T11:37:10,521.03,S012_Anish_chicken2,house_A,spoil_free_pcb_v1,pcb_A,chamber_A,poultry,chicken,Warmup,1189,0.149,7348,0.919,163,0.02,29.82,93678.0,68.86,88700.0,none
2026-08-02T11:37:12,523.03,S012_Anish_chicken2,house_A,spoil_free_pcb_v1,pcb_A,chamber_A,poultry,chicken,Warmup,1185,0.148,7346,0.918,164,0.021,29.83,93678.0,68.87,88900.0,none
2026-08-02T11:37:14,525.04,S012_Anish_chicken2,house_A,spoil_free_pcb_v1,pcb_A,chamber_A,poultry,chicken,Warmup,1180,0.148,7345,0.918,163,0.02,29.83,93678.0,68.84,89400.0,none
2026-08-02T11:37:16,527.02,S012_Anish_chicken2,house_A,spoil_free_pcb_v1,pcb_A,chamber_A,poultry,chicken,Warmup,1181,0.148,7348,0.919,163,0.02,29.83,93676.0,68.83,89600.0,none
2026-08-02T11:37:18,529.03,S012_Anish_chicken2,house_A,spoil_free_pcb_v1,pcb_A,chamber_A,poultry,chicken,Warmup,1186,0.148,7346,0.918,162,0.02,29.83,93676.0,68.84,89500.0,none
2026-08-02T11:37:20,531.02,S012_Anish_chicken2,house_A,spoil_free_pcb_v1,pcb_A,chamber_A,poultry,chicken,Warmup,1189,0.149,7345,0.918,163,0.02,29.84,93676.0,68.81,89600.0,none
2026-08-02T11:37:22,533.03,S012_Anish_chicken2,house_A,spoil_free_pcb_v1,pcb_A,chamber_A,poultry,chicken,Warmup,1185,0.148,7345,0.918,163,0.02,29.84,93678.0,68.81,90000.0,none
2026-08-02T11:37:24,535.03,S012_Anish_chicken2,house_A,spoil_free_pcb_v1,pcb_A,chamber_A,poultry,chicken,Warmup,1181,0.148,7345,0.918,162,0.02,29.84,93678.0,68.77,89800.0,none
2026-08-02T11:37:26,537.04,S012_Anish_chicken2,house_A,spoil_free_pcb_v1,pcb_A,chamber_A,poultry,chicken,Warmup,1181,0.148,7345,0.918,163,0.02,29.85,93678.0,68.78,89900.0,none
2026-08-02T11:37:28,539.03,S012_Anish_chicken2,house_A,spoil_free_pcb_v1,pcb_A,chamber_A,poultry,chicken,Warmup,1180,0.148,7345,0.918,164,0.021,29.85,93676.0,68.76,89800.0,none
2026-08-02T11:37:30,541.03,S012_Anish_chicken2,house_A,spoil_free_pcb_v1,pcb_A,chamber_A,poultry,chicken,Warmup,1187,0.148,7344,0.918,162,0.02,29.85,93676.0,68.75,90500.0,none
2026-08-02T11:37:32,543.03,S012_Anish_chicken2,house_A,spoil_free_pcb_v1,pcb_A,chamber_A,poultry,chicken,Warmup,1185,0.148,7343,0.918,164,0.021,29.85,93676.0,68.75,90600.0,none
2026-08-02T11:37:34,545.02,S012_Anish_chicken2,house_A,spoil_free_pcb_v1,pcb_A,chamber_A,poultry,chicken,Warmup,1184,0.148,7344,0.918,162,0.02,29.86,93676.0,68.75,90600.0,none
2026-08-02T11:37:36,547.04,S012_Anish_chicken2,house_A,spoil_free_pcb_v1,pcb_A,chamber_A,poultry,chicken,Warmup,1179,0.147,7345,0.918,162,0.02,29.86,93676.0,68.75,90300.0,none
2026-08-02T11:37:38,549.03,S012_Anish_chicken2,house_A,spoil_free_pcb_v1,pcb_A,chamber_A,poultry,chicken,Warmup,1179,0.147,7343,0.918,163,0.02,29.86,93678.0,68.73,90500.0,none
2026-08-02T11:37:40,551.02,S012_Anish_chicken2,house_A,spoil_free_pcb_v1,pcb_A,chamber_A,poultry,chicken,Warmup,1183,0.148,7344,0.918,163,0.02,29.87,93678.0,68.74,91000.0,none
2026-08-02T11:37:42,553.03,S012_Anish_chicken2,house_A,spoil_free_pcb_v1,pcb_A,chamber_A,poultry,chicken,Warmup,1186,0.148,7343,0.918,162,0.02,29.87,93678.0,68.73,90700.0,none
2026-08-02T11:37:44,555.04,S012_Anish_chicken2,house_A,spoil_free_pcb_v1,pcb_A,chamber_A,poultry,chicken,Warmup,1186,0.148,7342,0.918,162,0.02,29.87,93676.0,68.72,90900.0,none
2026-08-02T11:37:46,557.03,S012_Anish_chicken2,house_A,spoil_free_pcb_v1,pcb_A,chamber_A,poultry,chicken,Warmup,1181,0.148,7343,0.918,162,0.02,29.88,93676.0,68.7,91200.0,none
2026-08-02T11:37:48,559.04,S012_Anish_chicken2,house_A,spoil_free_pcb_v1,pcb_A,chamber_A,poultry,chicken,Warmup,1176,0.147,7340,0.918,162,0.02,29.88,93676.0,68.69,91300.0,none
2026-08-02T11:37:50,561.03,S012_Anish_chicken2,house_A,spoil_free_pcb_v1,pcb_A,chamber_A,poultry,chicken,Warmup,1177,0.147,7342,0.918,162,0.02,29.88,93678.0,68.69,91400.0,none
2026-08-02T11:37:52,563.02,S012_Anish_chicken2,house_A,spoil_free_pcb_v1,pcb_A,chamber_A,poultry,chicken,Warmup,1180,0.148,7342,0.918,163,0.02,29.88,93678.0,68.69,91800.0,none
2026-08-02T11:37:54,565.02,S012_Anish_chicken2,house_A,spoil_free_pcb_v1,pcb_A,chamber_A,poultry,chicken,Warmup,1185,0.148,7342,0.918,162,0.02,29.89,93678.0,68.69,91400.0,none
2026-08-02T11:37:56,567.03,S012_Anish_chicken2,house_A,spoil_free_pcb_v1,pcb_A,chamber_A,poultry,chicken,Warmup,1185,0.148,7340,0.918,162,0.02,29.89,93678.0,68.67,91700.0,none
2026-08-02T11:37:58,569.03,S012_Anish_chicken2,house_A,spoil_free_pcb_v1,pcb_A,chamber_A,poultry,chicken,Warmup,1180,0.148,7342,0.918,162,0.02,29.89,93678.0,68.66,92000.0,none
2026-08-02T11:38:00,571.04,S012_Anish_chicken2,house_A,spoil_free_pcb_v1,pcb_A,chamber_A,poultry,chicken,Warmup,1178,0.147,7341,0.918,162,0.02,29.9,93678.0,68.65,91900.0,none
2026-08-02T11:38:02,573.04,S012_Anish_chicken2,house_A,spoil_free_pcb_v1,pcb_A,chamber_A,poultry,chicken,Warmup,1175,0.147,7340,0.918,163,0.02,29.9,93676.0,68.64,94400.0,none
2026-08-02T11:38:04,575.02,S012_Anish_chicken2,house_A,spoil_free_pcb_v1,pcb_A,chamber_A,poultry,chicken,Warmup,1180,0.148,7340,0.918,161,0.02,29.9,93682.0,68.62,92000.0,none
2026-08-02T11:38:06,577.02,S012_Anish_chicken2,house_A,spoil_free_pcb_v1,pcb_A,chamber_A,poultry,chicken,Warmup,1184,0.148,7339,0.917,162,0.02,29.91,93682.0,68.61,92400.0,none
2026-08-02T11:38:08,579.04,S012_Anish_chicken2,house_A,spoil_free_pcb_v1,pcb_A,chamber_A,poultry,chicken,Warmup,1180,0.148,7339,0.917,162,0.02,29.91,93680.0,68.6,93800.0,none
2026-08-02T11:38:10,581.03,S012_Anish_chicken2,house_A,spoil_free_pcb_v1,pcb_A,chamber_A,poultry,chicken,Warmup,1176,0.147,7339,0.917,162,0.02,29.91,93680.0,68.57,94200.0,none
2026-08-02T11:38:12,583.03,S012_Anish_chicken2,house_A,spoil_free_pcb_v1,pcb_A,chamber_A,poultry,chicken,Warmup,1174,0.147,7337,0.917,162,0.02,29.92,93680.0,68.56,92500.0,none
2026-08-02T11:38:14,585.03,S012_Anish_chicken2,house_A,spoil_free_pcb_v1,pcb_A,chamber_A,poultry,chicken,Warmup,1176,0.147,7338,0.917,162,0.02,29.92,93680.0,68.54,94200.0,none
2026-08-02T11:38:16,587.02,S012_Anish_chicken2,house_A,spoil_free_pcb_v1,pcb_A,chamber_A,poultry,chicken,Warmup,1182,0.148,7338,0.917,162,0.02,29.92,93680.0,68.53,94300.0,none
2026-08-02T11:38:18,589.03,S012_Anish_chicken2,house_A,spoil_free_pcb_v1,pcb_A,chamber_A,poultry,chicken,Warmup,1184,0.148,7339,0.917,162,0.02,29.92,93682.0,68.5,94000.0,none
2026-08-02T11:38:20,591.02,S012_Anish_chicken2,house_A,spoil_free_pcb_v1,pcb_A,chamber_A,poultry,chicken,Warmup,1177,0.147,7337,0.917,162,0.02,29.93,93682.0,68.48,94200.0,none
2026-08-02T11:38:22,593.03,S012_Anish_chicken2,house_A,spoil_free_pcb_v1,pcb_A,chamber_A,poultry,chicken,Warmup,1173,0.147,7336,0.917,163,0.02,29.93,93682.0,68.48,94400.0,none
2026-08-02T11:38:24,595.03,S012_Anish_chicken2,house_A,spoil_free_pcb_v1,pcb_A,chamber_A,poultry,chicken,Warmup,1176,0.147,7337,0.917,162,0.02,29.93,93682.0,68.46,94700.0,none
2026-08-02T11:38:26,597.02,S012_Anish_chicken2,house_A,spoil_free_pcb_v1,pcb_A,chamber_A,poultry,chicken,Warmup,1183,0.148,7337,0.917,162,0.02,29.94,93680.0,68.47,95600.0,none
2026-08-02T11:38:28,599.02,S012_Anish_chicken2,house_A,spoil_free_pcb_v1,pcb_A,chamber_A,poultry,chicken,Warmup,1180,0.148,7336,0.917,162,0.02,29.94,93680.0,68.47,95000.0,none
2026-08-02T11:38:30,601.03,S012_Anish_chicken2,house_A,spoil_free_pcb_v1,pcb_A,chamber_A,poultry,chicken,Warmup,1175,0.147,7338,0.917,162,0.02,29.94,93680.0,68.48,96000.0,none
2026-08-02T11:38:32,603.03,S012_Anish_chicken2,house_A,spoil_free_pcb_v1,pcb_A,chamber_A,poultry,chicken,Warmup,1174,0.147,7336,0.917,162,0.02,29.94,93684.0,68.48,95100.0,none
2026-08-02T11:38:34,605.03,S012_Anish_chicken2,house_A,spoil_free_pcb_v1,pcb_A,chamber_A,poultry,chicken,Warmup,1175,0.147,7338,0.917,162,0.02,29.95,93682.0,68.48,94900.0,none
2026-08-02T11:38:36,607.03,S012_Anish_chicken2,house_A,spoil_free_pcb_v1,pcb_A,chamber_A,poultry,chicken,Warmup,1181,0.148,7336,0.917,162,0.02,29.95,93684.0,68.48,95800.0,none
2026-08-02T11:38:38,609.03,S012_Anish_chicken2,house_A,spoil_free_pcb_v1,pcb_A,chamber_A,poultry,chicken,Warmup,1180,0.148,7337,0.917,163,0.02,29.95,93684.0,68.47,96400.0,none
2026-08-02T11:38:40,611.03,S012_Anish_chicken2,house_A,spoil_free_pcb_v1,pcb_A,chamber_A,poultry,chicken,Warmup,1176,0.147,7336,0.917,162,0.02,29.96,93684.0,68.46,95200.0,none
2026-08-02T11:38:42,613.03,S012_Anish_chicken2,house_A,spoil_free_pcb_v1,pcb_A,chamber_A,poultry,chicken,Warmup,1172,0.147,7335,0.917,162,0.02,29.96,93684.0,68.44,95800.0,none
2026-08-02T11:38:44,615.03,S012_Anish_chicken2,house_A,spoil_free_pcb_v1,pcb_A,chamber_A,poultry,chicken,Warmup,1171,0.146,7336,0.917,162,0.02,29.96,93682.0,68.42,95300.0,none
2026-08-02T11:38:46,617.04,S012_Anish_chicken2,house_A,spoil_free_pcb_v1,pcb_A,chamber_A,poultry,chicken,Warmup,1176,0.147,7335,0.917,163,0.02,29.96,93682.0,68.4,96000.0,none
2026-08-02T11:38:48,619.03,S012_Anish_chicken2,house_A,spoil_free_pcb_v1,pcb_A,chamber_A,poultry,chicken,Warmup,1181,0.148,7334,0.917,162,0.02,29.96,93686.0,68.4,95700.0,none
2026-08-02T11:38:50,621.04,S012_Anish_chicken2,house_A,spoil_free_pcb_v1,pcb_A,chamber_A,poultry,chicken,Warmup,1180,0.148,7333,0.917,162,0.02,29.97,93686.0,68.37,95800.0,none
2026-08-02T11:38:52,623.03,S012_Anish_chicken2,house_A,spoil_free_pcb_v1,pcb_A,chamber_A,poultry,chicken,Warmup,1175,0.147,7333,0.917,161,0.02,29.97,93684.0,68.34,96400.0,none
2026-08-02T11:38:54,625.02,S012_Anish_chicken2,house_A,spoil_free_pcb_v1,pcb_A,chamber_A,poultry,chicken,Warmup,1171,0.146,7334,0.917,162,0.02,29.97,93684.0,68.34,96500.0,none
2026-08-02T11:38:56,627.03,S012_Anish_chicken2,house_A,spoil_free_pcb_v1,pcb_A,chamber_A,poultry,chicken,Warmup,1171,0.146,7331,0.916,161,0.02,29.97,93684.0,68.31,96500.0,none
2026-08-02T11:38:58,629.03,S012_Anish_chicken2,house_A,spoil_free_pcb_v1,pcb_A,chamber_A,poultry,chicken,Warmup,1175,0.147,7333,0.917,162,0.02,29.98,93684.0,68.31,96800.0,none
2026-08-02T11:39:00,631.03,S012_Anish_chicken2,house_A,spoil_free_pcb_v1,pcb_A,chamber_A,poultry,chicken,Warmup,1177,0.147,7334,0.917,163,0.02,29.98,93684.0,68.28,96800.0,none
2026-08-02T11:39:02,633.04,S012_Anish_chicken2,house_A,spoil_free_pcb_v1,pcb_A,chamber_A,poultry,chicken,Warmup,1178,0.147,7334,0.917,161,0.02,29.98,93686.0,68.27,96600.0,none
2026-08-02T11:39:04,635.03,S012_Anish_chicken2,house_A,spoil_free_pcb_v1,pcb_A,chamber_A,poultry,chicken,Warmup,1175,0.147,7332,0.917,162,0.02,29.99,93684.0,68.27,96600.0,none
2026-08-02T11:39:06,637.03,S012_Anish_chicken2,house_A,spoil_free_pcb_v1,pcb_A,chamber_A,poultry,chicken,Warmup,1171,0.146,7333,0.917,162,0.02,29.99,93684.0,68.25,97900.0,none
2026-08-02T11:39:08,639.03,S012_Anish_chicken2,house_A,spoil_free_pcb_v1,pcb_A,chamber_A,poultry,chicken,Warmup,1172,0.147,7332,0.917,161,0.02,29.99,93684.0,68.27,97500.0,none
2026-08-02T11:39:10,641.04,S012_Anish_chicken2,house_A,spoil_free_pcb_v1,pcb_A,chamber_A,poultry,chicken,Warmup,1173,0.147,7333,0.917,161,0.02,29.99,93684.0,68.24,97500.0,none
2026-08-02T11:39:12,643.03,S012_Anish_chicken2,house_A,spoil_free_pcb_v1,pcb_A,chamber_A,poultry,chicken,Warmup,1177,0.147,7332,0.917,162,0.02,30.0,93684.0,68.25,97200.0,none
2026-08-02T11:39:14,645.03,S012_Anish_chicken2,house_A,spoil_free_pcb_v1,pcb_A,chamber_A,poultry,chicken,Warmup,1178,0.147,7331,0.916,162,0.02,30.0,93682.0,68.24,97200.0,none
2026-08-02T11:39:16,647.02,S012_Anish_chicken2,house_A,spoil_free_pcb_v1,pcb_A,chamber_A,poultry,chicken,Warmup,1175,0.147,7331,0.916,162,0.02,30.0,93682.0,68.21,98500.0,none
2026-08-02T11:39:18,649.02,S012_Anish_chicken2,house_A,spoil_free_pcb_v1,pcb_A,chamber_A,poultry,chicken,Warmup,1169,0.146,7329,0.916,161,0.02,30.0,93682.0,68.23,98600.0,none
2026-08-02T11:39:20,651.03,S012_Anish_chicken2,house_A,spoil_free_pcb_v1,pcb_A,chamber_A,poultry,chicken,Warmup,1167,0.146,7330,0.916,162,0.02,30.0,93684.0,68.21,98900.0,none
2026-08-02T11:39:22,653.02,S012_Anish_chicken2,house_A,spoil_free_pcb_v1,pcb_A,chamber_A,poultry,chicken,Warmup,1171,0.146,7331,0.916,161,0.02,30.01,93684.0,68.19,98500.0,none
2026-08-02T11:39:24,655.03,S012_Anish_chicken2,house_A,spoil_free_pcb_v1,pcb_A,chamber_A,poultry,chicken,Warmup,1176,0.147,7329,0.916,162,0.02,30.01,93684.0,68.17,97800.0,none
2026-08-02T11:39:26,657.02,S012_Anish_chicken2,house_A,spoil_free_pcb_v1,pcb_A,chamber_A,poultry,chicken,Warmup,1178,0.147,7328,0.916,161,0.02,30.01,93682.0,68.17,98300.0,none
2026-08-02T11:39:28,659.03,S012_Anish_chicken2,house_A,spoil_free_pcb_v1,pcb_A,chamber_A,poultry,chicken,Warmup,1176,0.147,7328,0.916,162,0.02,30.01,93682.0,68.16,98300.0,none
2026-08-02T11:39:30,661.02,S012_Anish_chicken2,house_A,spoil_free_pcb_v1,pcb_A,chamber_A,poultry,chicken,Warmup,1171,0.146,7329,0.916,162,0.02,30.01,93682.0,68.14,98400.0,none
2026-08-02T11:39:32,663.04,S012_Anish_chicken2,house_A,spoil_free_pcb_v1,pcb_A,chamber_A,poultry,chicken,Warmup,1170,0.146,7328,0.916,162,0.02,30.02,93682.0,68.16,98900.0,none
2026-08-02T11:39:34,665.03,S012_Anish_chicken2,house_A,spoil_free_pcb_v1,pcb_A,chamber_A,poultry,chicken,Warmup,1169,0.146,7328,0.916,161,0.02,30.02,93682.0,68.15,99400.0,none
2026-08-02T11:39:36,667.04,S012_Anish_chicken2,house_A,spoil_free_pcb_v1,pcb_A,chamber_A,poultry,chicken,Warmup,1171,0.146,7327,0.916,161,0.02,30.02,93682.0,68.13,98300.0,none
2026-08-02T11:39:38,669.03,S012_Anish_chicken2,house_A,spoil_free_pcb_v1,pcb_A,chamber_A,poultry,chicken,Warmup,1176,0.147,7328,0.916,161,0.02,30.02,93684.0,68.13,99600.0,none
2026-08-02T11:39:40,671.03,S012_Anish_chicken2,house_A,spoil_free_pcb_v1,pcb_A,chamber_A,poultry,chicken,Warmup,1178,0.147,7327,0.916,161,0.02,30.02,93682.0,68.11,99600.0,none
2026-08-02T11:39:42,673.03,S012_Anish_chicken2,house_A,spoil_free_pcb_v1,pcb_A,chamber_A,poultry,chicken,Warmup,1172,0.147,7327,0.916,160,0.02,30.03,93682.0,68.12,99600.0,none
2026-08-02T11:39:44,675.02,S012_Anish_chicken2,house_A,spoil_free_pcb_v1,pcb_A,chamber_A,poultry,chicken,Warmup,1169,0.146,7328,0.916,161,0.02,30.03,93682.0,68.12,98600.0,none
2026-08-02T11:39:46,677.03,S012_Anish_chicken2,house_A,spoil_free_pcb_v1,pcb_A,chamber_A,poultry,chicken,Warmup,1169,0.146,7328,0.916,161,0.02,30.03,93682.0,68.13,99000.0,none
2026-08-02T11:39:48,679.03,S012_Anish_chicken2,house_A,spoil_free_pcb_v1,pcb_A,chamber_A,poultry,chicken,Warmup,1174,0.147,7327,0.916,161,0.02,30.03,93682.0,68.14,99400.0,none
2026-08-02T11:39:50,681.04,S012_Anish_chicken2,house_A,spoil_free_pcb_v1,pcb_A,chamber_A,poultry,chicken,Warmup,1178,0.147,7326,0.916,161,0.02,30.03,93680.0,68.12,98700.0,none
2026-08-02T11:39:52,683.03,S012_Anish_chicken2,house_A,spoil_free_pcb_v1,pcb_A,chamber_A,poultry,chicken,Warmup,1175,0.147,7327,0.916,161,0.02,30.04,93680.0,68.15,99400.0,none
2026-08-02T11:39:54,685.03,S012_Anish_chicken2,house_A,spoil_free_pcb_v1,pcb_A,chamber_A,poultry,chicken,Warmup,1171,0.146,7327,0.916,160,0.02,30.04,93680.0,68.15,99300.0,none
2026-08-02T11:39:56,687.02,S012_Anish_chicken2,house_A,spoil_free_pcb_v1,pcb_A,chamber_A,poultry,chicken,Warmup,1168,0.146,7326,0.916,160,0.02,30.04,93680.0,68.15,99300.0,none
2026-08-02T11:39:58,689.03,S012_Anish_chicken2,house_A,spoil_free_pcb_v1,pcb_A,chamber_A,poultry,chicken,Warmup,1167,0.146,7327,0.916,160,0.02,30.05,93682.0,68.13,98800.0,none
2026-08-02T11:40:00,691.02,S012_Anish_chicken2,house_A,spoil_free_pcb_v1,pcb_A,chamber_A,poultry,chicken,Warmup,1171,0.146,7326,0.916,160,0.02,30.05,93682.0,68.13,101000.0,none
2026-08-02T11:40:02,693.03,S012_Anish_chicken2,house_A,spoil_free_pcb_v1,pcb_A,chamber_A,poultry,chicken,Warmup,1175,0.147,7325,0.916,160,0.02,30.05,93682.0,68.13,100700.0,none
2026-08-02T11:40:04,695.02,S012_Anish_chicken2,house_A,spoil_free_pcb_v1,pcb_A,chamber_A,poultry,chicken,Warmup,1172,0.147,7325,0.916,160,0.02,30.05,93682.0,68.11,101100.0,none
2026-08-02T11:40:06,697.02,S012_Anish_chicken2,house_A,spoil_free_pcb_v1,pcb_A,chamber_A,poultry,chicken,Warmup,1168,0.146,7326,0.916,160,0.02,30.05,93682.0,68.11,101100.0,none
2026-08-02T11:40:08,699.03,S012_Anish_chicken2,house_A,spoil_free_pcb_v1,pcb_A,chamber_A,poultry,chicken,Warmup,1166,0.146,7324,0.916,161,0.02,30.06,93682.0,68.11,99500.0,none
2026-08-02T11:40:10,701.03,S012_Anish_chicken2,house_A,spoil_free_pcb_v1,pcb_A,chamber_A,poultry,chicken,Warmup,1173,0.147,7323,0.915,161,0.02,30.06,93682.0,68.09,99400.0,none
2026-08-02T11:40:12,703.03,S012_Anish_chicken2,house_A,spoil_free_pcb_v1,pcb_A,chamber_A,poultry,chicken,Warmup,1174,0.147,7324,0.916,161,0.02,30.06,93682.0,68.09,100000.0,none
2026-08-02T11:40:14,705.02,S012_Anish_chicken2,house_A,spoil_free_pcb_v1,pcb_A,chamber_A,poultry,chicken,Warmup,1173,0.147,7323,0.915,160,0.02,30.06,93684.0,68.07,101000.0,none
2026-08-02T11:40:16,707.03,S012_Anish_chicken2,house_A,spoil_free_pcb_v1,pcb_A,chamber_A,poultry,chicken,Warmup,1166,0.146,7323,0.915,161,0.02,30.06,93684.0,68.07,99700.0,none
2026-08-02T11:40:18,709.02,S012_Anish_chicken2,house_A,spoil_free_pcb_v1,pcb_A,chamber_A,poultry,chicken,Warmup,1168,0.146,7322,0.915,161,0.02,30.07,93682.0,68.06,101100.0,none
2026-08-02T11:40:20,711.03,S012_Anish_chicken2,house_A,spoil_free_pcb_v1,pcb_A,chamber_A,poultry,chicken,Warmup,1173,0.147,7323,0.915,160,0.02,30.07,93682.0,68.04,101200.0,none
2026-08-02T11:40:22,713.03,S012_Anish_chicken2,house_A,spoil_free_pcb_v1,pcb_A,chamber_A,poultry,chicken,Warmup,1174,0.147,7323,0.915,160,0.02,30.07,93682.0,68.03,101600.0,none
2026-08-02T11:40:24,715.03,S012_Anish_chicken2,house_A,spoil_free_pcb_v1,pcb_A,chamber_A,poultry,chicken,Warmup,1169,0.146,7323,0.915,159,0.02,30.07,93680.0,68.02,101700.0,none
2026-08-02T11:40:26,717.02,S012_Anish_chicken2,house_A,spoil_free_pcb_v1,pcb_A,chamber_A,poultry,chicken,Warmup,1167,0.146,7321,0.915,159,0.02,30.08,93680.0,68.0,101600.0,none
2026-08-02T11:40:28,719.03,S012_Anish_chicken2,house_A,spoil_free_pcb_v1,pcb_A,chamber_A,poultry,chicken,Warmup,1169,0.146,7321,0.915,161,0.02,30.08,93680.0,67.98,100900.0,none
2026-08-02T11:40:30,721.04,S012_Anish_chicken2,house_A,spoil_free_pcb_v1,pcb_A,chamber_A,poultry,chicken,Warmup,1175,0.147,7321,0.915,160,0.02,30.08,93678.0,67.98,100700.0,none
2026-08-02T11:40:32,723.03,S012_Anish_chicken2,house_A,spoil_free_pcb_v1,pcb_A,chamber_A,poultry,chicken,Warmup,1172,0.147,7321,0.915,160,0.02,30.08,93678.0,67.96,101500.0,none
2026-08-02T11:40:34,725.03,S012_Anish_chicken2,house_A,spoil_free_pcb_v1,pcb_A,chamber_A,poultry,chicken,Warmup,1165,0.146,7321,0.915,160,0.02,30.08,93684.0,67.96,101200.0,none
2026-08-02T11:40:36,727.03,S012_Anish_chicken2,house_A,spoil_free_pcb_v1,pcb_A,chamber_A,poultry,chicken,Warmup,1168,0.146,7320,0.915,160,0.02,30.08,93682.0,67.95,101300.0,none
2026-08-02T11:40:38,729.02,S012_Anish_chicken2,house_A,spoil_free_pcb_v1,pcb_A,chamber_A,poultry,chicken,Warmup,1174,0.147,7320,0.915,160,0.02,30.09,93682.0,67.93,100900.0,none
2026-08-02T11:40:40,731.02,S012_Anish_chicken2,house_A,spoil_free_pcb_v1,pcb_A,chamber_A,poultry,chicken,Warmup,1171,0.146,7319,0.915,160,0.02,30.09,93682.0,67.92,102400.0,none
2026-08-02T11:40:42,733.03,S012_Anish_chicken2,house_A,spoil_free_pcb_v1,pcb_A,chamber_A,poultry,chicken,Warmup,1165,0.146,7320,0.915,160,0.02,30.09,93682.0,67.91,101200.0,none
2026-08-02T11:40:44,735.03,S012_Anish_chicken2,house_A,spoil_free_pcb_v1,pcb_A,chamber_A,poultry,chicken,Warmup,1166,0.146,7320,0.915,160,0.02,30.09,93682.0,67.91,101400.0,none
2026-08-02T11:40:46,737.03,S012_Anish_chicken2,house_A,spoil_free_pcb_v1,pcb_A,chamber_A,poultry,chicken,Warmup,1170,0.146,7319,0.915,158,0.02,30.09,93682.0,67.91,102100.0,none
2026-08-02T11:40:48,739.04,S012_Anish_chicken2,house_A,spoil_free_pcb_v1,pcb_A,chamber_A,poultry,chicken,Warmup,1174,0.147,7319,0.915,160,0.02,30.09,93682.0,67.9,101800.0,none
2026-08-02T11:40:50,741.02,S012_Anish_chicken2,house_A,spoil_free_pcb_v1,pcb_A,chamber_A,poultry,chicken,Warmup,1163,0.145,7319,0.915,160,0.02,30.09,93682.0,67.9,101500.0,none
2026-08-02T11:40:52,743.03,S012_Anish_chicken2,house_A,spoil_free_pcb_v1,pcb_A,chamber_A,poultry,chicken,Warmup,1165,0.146,7320,0.915,160,0.02,30.1,93682.0,67.9,103300.0,none
2026-08-02T11:40:54,745.02,S012_Anish_chicken2,house_A,spoil_free_pcb_v1,pcb_A,chamber_A,poultry,chicken,Warmup,1172,0.147,7318,0.915,159,0.02,30.1,93682.0,67.89,101700.0,none
2026-08-02T11:40:56,747.02,S012_Anish_chicken2,house_A,spoil_free_pcb_v1,pcb_A,chamber_A,poultry,chicken,Warmup,1170,0.146,7316,0.915,160,0.02,30.1,93682.0,67.88,102500.0,none
2026-08-02T11:40:58,749.02,S012_Anish_chicken2,house_A,spoil_free_pcb_v1,pcb_A,chamber_A,poultry,chicken,Warmup,1164,0.146,7318,0.915,159,0.02,30.1,93682.0,67.9,103300.0,none
2026-08-02T11:41:00,751.03,S012_Anish_chicken2,house_A,spoil_free_pcb_v1,pcb_A,chamber_A,poultry,chicken,Warmup,1165,0.146,7318,0.915,160,0.02,30.1,93682.0,67.89,103400.0,none
2026-08-02T11:41:02,753.03,S012_Anish_chicken2,house_A,spoil_free_pcb_v1,pcb_A,chamber_A,poultry,chicken,Warmup,1170,0.146,7319,0.915,160,0.02,30.1,93680.0,67.9,103200.0,none
2026-08-02T11:41:04,755.03,S012_Anish_chicken2,house_A,spoil_free_pcb_v1,pcb_A,chamber_A,poultry,chicken,Warmup,1170,0.146,7317,0.915,159,0.02,30.1,93684.0,67.88,102000.0,none
2026-08-02T11:41:06,757.02,S012_Anish_chicken2,house_A,spoil_free_pcb_v1,pcb_A,chamber_A,poultry,chicken,Warmup,1167,0.146,7317,0.915,159,0.02,30.11,93684.0,67.9,103400.0,none
2026-08-02T11:41:08,759.03,S012_Anish_chicken2,house_A,spoil_free_pcb_v1,pcb_A,chamber_A,poultry,chicken,Warmup,1163,0.145,7318,0.915,160,0.02,30.11,93682.0,67.89,103400.0,none
2026-08-02T11:41:10,761.03,S012_Anish_chicken2,house_A,spoil_free_pcb_v1,pcb_A,chamber_A,poultry,chicken,Warmup,1165,0.146,7316,0.915,159,0.02,30.11,93682.0,67.88,103800.0,none
2026-08-02T11:41:12,763.02,S012_Anish_chicken2,house_A,spoil_free_pcb_v1,pcb_A,chamber_A,poultry,chicken,Warmup,1171,0.146,7317,0.915,159,0.02,30.11,93682.0,67.88,102700.0,none
2026-08-02T11:41:14,765.03,S012_Anish_chicken2,house_A,spoil_free_pcb_v1,pcb_A,chamber_A,poultry,chicken,Warmup,1169,0.146,7316,0.915,159,0.02,30.11,93682.0,67.88,102500.0,none
2026-08-02T11:41:16,767.03,S012_Anish_chicken2,house_A,spoil_free_pcb_v1,pcb_A,chamber_A,poultry,chicken,Warmup,1164,0.146,7317,0.915,159,0.02,30.11,93682.0,67.86,102500.0,none
2026-08-02T11:41:18,769.03,S012_Anish_chicken2,house_A,spoil_free_pcb_v1,pcb_A,chamber_A,poultry,chicken,Warmup,1165,0.146,7315,0.914,158,0.02,30.12,93680.0,67.85,102900.0,none
2026-08-02T11:41:20,771.03,S012_Anish_chicken2,house_A,spoil_free_pcb_v1,pcb_A,chamber_A,poultry,chicken,Warmup,1172,0.147,7318,0.915,159,0.02,30.12,93680.0,67.86,103600.0,none
2026-08-02T11:41:22,773.03,S012_Anish_chicken2,house_A,spoil_free_pcb_v1,pcb_A,chamber_A,poultry,chicken,Warmup,1169,0.146,7317,0.915,159,0.02,30.12,93680.0,67.84,103200.0,none
2026-08-02T11:41:24,775.03,S012_Anish_chicken2,house_A,spoil_free_pcb_v1,pcb_A,chamber_A,poultry,chicken,Warmup,1163,0.145,7316,0.915,159,0.02,30.12,93680.0,67.84,104300.0,none
2026-08-02T11:41:26,777.03,S012_Anish_chicken2,house_A,spoil_free_pcb_v1,pcb_A,chamber_A,poultry,chicken,Warmup,1168,0.146,7316,0.915,159,0.02,30.12,93680.0,67.83,104800.0,none
2026-08-02T11:41:28,779.03,S012_Anish_chicken2,house_A,spoil_free_pcb_v1,pcb_A,chamber_A,poultry,chicken,Warmup,1172,0.147,7317,0.915,159,0.02,30.12,93682.0,67.81,104600.0,none
2026-08-02T11:41:30,781.03,S012_Anish_chicken2,house_A,spoil_free_pcb_v1,pcb_A,chamber_A,poultry,chicken,Warmup,1167,0.146,7316,0.915,159,0.02,30.13,93682.0,67.79,104600.0,none
2026-08-02T11:41:32,783.03,S012_Anish_chicken2,house_A,spoil_free_pcb_v1,pcb_A,chamber_A,poultry,chicken,Warmup,1162,0.145,7315,0.914,159,0.02,30.13,93682.0,67.78,103200.0,none
2026-08-02T11:41:34,785.03,S012_Anish_chicken2,house_A,spoil_free_pcb_v1,pcb_A,chamber_A,poultry,chicken,Warmup,1168,0.146,7315,0.914,157,0.02,30.13,93682.0,67.79,103400.0,none
2026-08-02T11:41:36,787.03,S012_Anish_chicken2,house_A,spoil_free_pcb_v1,pcb_A,chamber_A,poultry,chicken,Warmup,1170,0.146,7314,0.914,159,0.02,30.13,93682.0,67.78,105900.0,none
2026-08-02T11:41:38,789.03,S012_Anish_chicken2,house_A,spoil_free_pcb_v1,pcb_A,chamber_A,poultry,chicken,Warmup,1164,0.146,7315,0.914,159,0.02,30.13,93682.0,67.76,105100.0,none
2026-08-02T11:41:40,791.03,S012_Anish_chicken2,house_A,spoil_free_pcb_v1,pcb_A,chamber_A,poultry,chicken,Warmup,1162,0.145,7316,0.915,159,0.02,30.13,93682.0,67.76,103700.0,none
2026-08-02T11:41:42,793.03,S012_Anish_chicken2,house_A,spoil_free_pcb_v1,pcb_A,chamber_A,poultry,chicken,Warmup,1169,0.146,7315,0.914,159,0.02,30.13,93682.0,67.74,105300.0,none
2026-08-02T11:41:44,795.03,S012_Anish_chicken2,house_A,spoil_free_pcb_v1,pcb_A,chamber_A,poultry,chicken,Warmup,1169,0.146,7314,0.914,158,0.02,30.14,93682.0,67.76,105400.0,none
2026-08-02T11:41:46,797.02,S012_Anish_chicken2,house_A,spoil_free_pcb_v1,pcb_A,chamber_A,poultry,chicken,Warmup,1163,0.145,7315,0.914,157,0.02,30.14,93682.0,67.74,103900.0,none
2026-08-02T11:41:48,799.03,S012_Anish_chicken2,house_A,spoil_free_pcb_v1,pcb_A,chamber_A,poultry,chicken,Warmup,1162,0.145,7315,0.914,159,0.02,30.14,93682.0,67.73,105300.0,none
2026-08-02T11:41:50,801.02,S012_Anish_chicken2,house_A,spoil_free_pcb_v1,pcb_A,chamber_A,poultry,chicken,Warmup,1168,0.146,7314,0.914,158,0.02,30.14,93682.0,67.72,103900.0,none
2026-08-02T11:41:52,803.03,S012_Anish_chicken2,house_A,spoil_free_pcb_v1,pcb_A,chamber_A,poultry,chicken,Warmup,1167,0.146,7316,0.915,158,0.02,30.14,93682.0,67.71,105300.0,none
2026-08-02T11:41:54,805.02,S012_Anish_chicken2,house_A,spoil_free_pcb_v1,pcb_A,chamber_A,poultry,chicken,Warmup,1162,0.145,7316,0.915,158,0.02,30.14,93684.0,67.72,105300.0,none
2026-08-02T11:41:56,807.02,S012_Anish_chicken2,house_A,spoil_free_pcb_v1,pcb_A,chamber_A,poultry,chicken,Warmup,1164,0.146,7313,0.914,157,0.02,30.14,93684.0,67.71,104400.0,none
2026-08-02T11:41:58,809.03,S012_Anish_chicken2,house_A,spoil_free_pcb_v1,pcb_A,chamber_A,poultry,chicken,Warmup,1169,0.146,7313,0.914,159,0.02,30.15,93684.0,67.71,104600.0,none
2026-08-02T11:42:00,811.03,S012_Anish_chicken2,house_A,spoil_free_pcb_v1,pcb_A,chamber_A,poultry,chicken,Warmup,1167,0.146,7313,0.914,158,0.02,30.15,93684.0,67.71,106400.0,none
2026-08-02T11:42:02,813.03,S012_Anish_chicken2,house_A,spoil_free_pcb_v1,pcb_A,chamber_A,poultry,chicken,Warmup,1162,0.145,7313,0.914,158,0.02,30.15,93682.0,67.7,105100.0,none
2026-08-02T11:42:04,815.03,S012_Anish_chicken2,house_A,spoil_free_pcb_v1,pcb_A,chamber_A,poultry,chicken,Warmup,1165,0.146,7312,0.914,158,0.02,30.15,93682.0,67.7,106000.0,none
2026-08-02T11:42:06,817.02,S012_Anish_chicken2,house_A,spoil_free_pcb_v1,pcb_A,chamber_A,poultry,chicken,Warmup,1167,0.146,7312,0.914,157,0.02,30.15,93682.0,67.67,104900.0,none
2026-08-02T11:42:08,819.02,S012_Anish_chicken2,house_A,spoil_free_pcb_v1,pcb_A,chamber_A,poultry,chicken,Warmup,1167,0.146,7312,0.914,158,0.02,30.15,93680.0,67.68,105400.0,none
2026-08-02T11:42:10,821.03,S012_Anish_chicken2,house_A,spoil_free_pcb_v1,pcb_A,chamber_A,poultry,chicken,Warmup,1160,0.145,7312,0.914,158,0.02,30.16,93680.0,67.67,106100.0,none
2026-08-02T11:42:12,823.03,S012_Anish_chicken2,house_A,spoil_free_pcb_v1,pcb_A,chamber_A,poultry,chicken,Warmup,1167,0.146,7312,0.914,156,0.02,30.16,93680.0,67.67,106100.0,none
2026-08-02T11:42:14,825.03,S012_Anish_chicken2,house_A,spoil_free_pcb_v1,pcb_A,chamber_A,poultry,chicken,Warmup,1169,0.146,7310,0.914,158,0.02,30.16,93680.0,67.65,106300.0,none
2026-08-02T11:42:16,827.03,S012_Anish_chicken2,house_A,spoil_free_pcb_v1,pcb_A,chamber_A,poultry,chicken,Warmup,1164,0.146,7312,0.914,157,0.02,30.16,93678.0,67.65,107400.0,none
2026-08-02T11:42:18,829.03,S012_Anish_chicken2,house_A,spoil_free_pcb_v1,pcb_A,chamber_A,poultry,chicken,Warmup,1162,0.145,7312,0.914,158,0.02,30.16,93678.0,67.64,105000.0,none
2026-08-02T11:42:20,831.03,S012_Anish_chicken2,house_A,spoil_free_pcb_v1,pcb_A,chamber_A,poultry,chicken,Warmup,1169,0.146,7314,0.914,158,0.02,30.16,93680.0,67.64,106400.0,none
2026-08-02T11:42:22,833.02,S012_Anish_chicken2,house_A,spoil_free_pcb_v1,pcb_A,chamber_A,poultry,chicken,Warmup,1168,0.146,7313,0.914,158,0.02,30.16,93680.0,67.63,105800.0,none
2026-08-02T11:42:24,835.03,S012_Anish_chicken2,house_A,spoil_free_pcb_v1,pcb_A,chamber_A,poultry,chicken,Warmup,1160,0.145,7312,0.914,158,0.02,30.17,93680.0,67.62,105900.0,none
2026-08-02T11:42:26,837.03,S012_Anish_chicken2,house_A,spoil_free_pcb_v1,pcb_A,chamber_A,poultry,chicken,Warmup,1163,0.145,7312,0.914,158,0.02,30.17,93680.0,67.62,105200.0,none
2026-08-02T11:42:28,839.03,S012_Anish_chicken2,house_A,spoil_free_pcb_v1,pcb_A,chamber_A,poultry,chicken,Warmup,1168,0.146,7312,0.914,158,0.02,30.17,93680.0,67.62,106100.0,none
2026-08-02T11:42:30,841.02,S012_Anish_chicken2,house_A,spoil_free_pcb_v1,pcb_A,chamber_A,poultry,chicken,Warmup,1163,0.145,7313,0.914,157,0.02,30.17,93680.0,67.59,106700.0,none
2026-08-02T11:42:32,843.03,S012_Anish_chicken2,house_A,spoil_free_pcb_v1,pcb_A,chamber_A,poultry,chicken,Warmup,1160,0.145,7311,0.914,157,0.02,30.17,93680.0,67.58,107500.0,none
2026-08-02T11:42:34,845.02,S012_Anish_chicken2,house_A,spoil_free_pcb_v1,pcb_A,chamber_A,poultry,chicken,Warmup,1166,0.146,7311,0.914,157,0.02,30.17,93680.0,67.57,105800.0,none
2026-08-02T11:42:36,847.02,S012_Anish_chicken2,house_A,spoil_free_pcb_v1,pcb_A,chamber_A,poultry,chicken,Warmup,1167,0.146,7312,0.914,157,0.02,30.18,93678.0,67.57,105900.0,none
2026-08-02T11:42:38,849.02,S012_Anish_chicken2,house_A,spoil_free_pcb_v1,pcb_A,chamber_A,poultry,chicken,Warmup,1161,0.145,7311,0.914,157,0.02,30.18,93678.0,67.54,106200.0,none
2026-08-02T11:42:40,851.03,S012_Anish_chicken2,house_A,spoil_free_pcb_v1,pcb_A,chamber_A,poultry,chicken,Warmup,1165,0.146,7310,0.914,158,0.02,30.18,93678.0,67.55,107300.0,none
2026-08-02T11:42:42,853.03,S012_Anish_chicken2,house_A,spoil_free_pcb_v1,pcb_A,chamber_A,poultry,chicken,Warmup,1169,0.146,7310,0.914,158,0.02,30.18,93678.0,67.54,107500.0,none
2026-08-02T11:42:44,855.02,S012_Anish_chicken2,house_A,spoil_free_pcb_v1,pcb_A,chamber_A,poultry,chicken,Warmup,1162,0.145,7311,0.914,158,0.02,30.18,93678.0,67.53,106500.0,none
2026-08-02T11:42:46,857.02,S012_Anish_chicken2,house_A,spoil_free_pcb_v1,pcb_A,chamber_A,poultry,chicken,Warmup,1163,0.145,7310,0.914,157,0.02,30.18,93676.0,67.51,106600.0,none
2026-08-02T11:42:48,859.03,S012_Anish_chicken2,house_A,spoil_free_pcb_v1,pcb_A,chamber_A,poultry,chicken,Warmup,1169,0.146,7310,0.914,157,0.02,30.18,93680.0,67.51,106500.0,none
2026-08-02T11:42:50,861.03,S012_Anish_chicken2,house_A,spoil_free_pcb_v1,pcb_A,chamber_A,poultry,chicken,Warmup,1161,0.145,7310,0.914,158,0.02,30.19,93680.0,67.52,107800.0,none
2026-08-02T11:42:52,863.03,S012_Anish_chicken2,house_A,spoil_free_pcb_v1,pcb_A,chamber_A,poultry,chicken,Warmup,1162,0.145,7309,0.914,156,0.02,30.19,93680.0,67.51,107600.0,none
2026-08-02T11:42:54,865.03,S012_Anish_chicken2,house_A,spoil_free_pcb_v1,pcb_A,chamber_A,poultry,chicken,Warmup,1168,0.146,7309,0.914,157,0.02,30.19,93678.0,67.51,108400.0,none
2026-08-02T11:42:56,867.03,S012_Anish_chicken2,house_A,spoil_free_pcb_v1,pcb_A,chamber_A,poultry,chicken,Warmup,1162,0.145,7310,0.914,157,0.02,30.19,93678.0,67.51,108000.0,none
2026-08-02T11:42:58,869.02,S012_Anish_chicken2,house_A,spoil_free_pcb_v1,pcb_A,chamber_A,poultry,chicken,Warmup,1162,0.145,7309,0.914,157,0.02,30.19,93678.0,67.5,107300.0,none
2026-08-02T11:43:00,871.03,S012_Anish_chicken2,house_A,spoil_free_pcb_v1,pcb_A,chamber_A,poultry,chicken,Warmup,1166,0.146,7309,0.914,156,0.02,30.2,93676.0,67.53,107700.0,none
2026-08-02T11:43:02,873.02,S012_Anish_chicken2,house_A,spoil_free_pcb_v1,pcb_A,chamber_A,poultry,chicken,Warmup,1159,0.145,7310,0.914,157,0.02,30.2,93676.0,67.5,107900.0,none
2026-08-02T11:43:04,875.02,S012_Anish_chicken2,house_A,spoil_free_pcb_v1,pcb_A,chamber_A,poultry,chicken,Warmup,1164,0.146,7308,0.914,156,0.02,30.2,93676.0,67.52,108600.0,none
2026-08-02T11:43:06,877.03,S012_Anish_chicken2,house_A,spoil_free_pcb_v1,pcb_A,chamber_A,poultry,chicken,Warmup,1168,0.146,7309,0.914,156,0.02,30.2,93676.0,67.5,109100.0,none
2026-08-02T11:43:08,879.03,S012_Anish_chicken2,house_A,spoil_free_pcb_v1,pcb_A,chamber_A,poultry,chicken,Warmup,1159,0.145,7309,0.914,157,0.02,30.2,93676.0,67.51,108200.0,none
2026-08-02T11:43:10,881.02,S012_Anish_chicken2,house_A,spoil_free_pcb_v1,pcb_A,chamber_A,poultry,chicken,Warmup,1164,0.146,7310,0.914,157,0.02,30.2,93676.0,67.5,107900.0,none
2026-08-02T11:43:12,883.03,S012_Anish_chicken2,house_A,spoil_free_pcb_v1,pcb_A,chamber_A,poultry,chicken,Warmup,1165,0.146,7308,0.914,156,0.02,30.2,93676.0,67.5,107900.0,none
2026-08-02T11:43:14,885.02,S012_Anish_chicken2,house_A,spoil_free_pcb_v1,pcb_A,chamber_A,poultry,chicken,Warmup,1158,0.145,7308,0.914,157,0.02,30.21,93680.0,67.49,109300.0,none
2026-08-02T11:43:16,887.02,S012_Anish_chicken2,house_A,spoil_free_pcb_v1,pcb_A,chamber_A,poultry,chicken,Warmup,1166,0.146,7309,0.914,156,0.02,30.21,93678.0,67.49,107300.0,none
2026-08-02T11:43:18,889.03,S012_Anish_chicken2,house_A,spoil_free_pcb_v1,pcb_A,chamber_A,poultry,chicken,Warmup,1162,0.145,7308,0.914,157,0.02,30.21,93680.0,67.49,109400.0,none
2026-08-02T11:43:20,891.02,S012_Anish_chicken2,house_A,spoil_free_pcb_v1,pcb_A,chamber_A,poultry,chicken,Warmup,1161,0.145,7307,0.913,156,0.02,30.21,93678.0,67.48,108300.0,none
2026-08-02T11:43:22,893.03,S012_Anish_chicken2,house_A,spoil_free_pcb_v1,pcb_A,chamber_A,poultry,chicken,Warmup,1167,0.146,7308,0.914,156,0.02,30.21,93678.0,67.48,107600.0,none
2026-08-02T11:43:24,895.02,S012_Anish_chicken2,house_A,spoil_free_pcb_v1,pcb_A,chamber_A,poultry,chicken,Warmup,1159,0.145,7308,0.914,156,0.02,30.21,93678.0,67.49,109400.0,none
2026-08-02T11:43:26,897.03,S012_Anish_chicken2,house_A,spoil_free_pcb_v1,pcb_A,chamber_A,poultry,chicken,Warmup,1163,0.145,7307,0.913,156,0.02,30.21,93678.0,67.49,108300.0,none
2026-08-02T11:43:28,899.02,S012_Anish_chicken2,house_A,spoil_free_pcb_v1,pcb_A,chamber_A,poultry,chicken,Warmup,1166,0.146,7309,0.914,155,0.019,30.21,93678.0,67.47,109200.0,none
2026-08-02T11:43:30,901.02,S012_Anish_chicken2,house_A,spoil_free_pcb_v1,pcb_A,chamber_A,poultry,chicken,Warmup,1157,0.145,7305,0.913,156,0.02,30.22,93678.0,67.46,108600.0,none
2026-08-02T11:43:32,903.03,S012_Anish_chicken2,house_A,spoil_free_pcb_v1,pcb_A,chamber_A,poultry,chicken,Warmup,1164,0.146,7307,0.913,155,0.019,30.22,93678.0,67.46,108200.0,none
2026-08-02T11:43:34,905.03,S012_Anish_chicken2,house_A,spoil_free_pcb_v1,pcb_A,chamber_A,poultry,chicken,Warmup,1165,0.146,7308,0.914,156,0.02,30.22,93678.0,67.44,107700.0,none
2026-08-02T11:43:36,907.02,S012_Anish_chicken2,house_A,spoil_free_pcb_v1,pcb_A,chamber_A,poultry,chicken,Warmup,1160,0.145,7306,0.913,156,0.02,30.22,93676.0,67.43,108900.0,none
2026-08-02T11:43:38,909.02,S012_Anish_chicken2,house_A,spoil_free_pcb_v1,pcb_A,chamber_A,poultry,chicken,Warmup,1166,0.146,7306,0.913,155,0.019,30.22,93676.0,67.42,109100.0,none
2026-08-02T11:43:40,911.03,S012_Anish_chicken2,house_A,spoil_free_pcb_v1,pcb_A,chamber_A,poultry,chicken,Warmup,1161,0.145,7307,0.913,156,0.02,30.22,93676.0,67.4,109300.0,none
2026-08-02T11:43:42,913.02,S012_Anish_chicken2,house_A,spoil_free_pcb_v1,pcb_A,chamber_A,poultry,chicken,Warmup,1159,0.145,7306,0.913,155,0.019,30.22,93676.0,67.37,108400.0,none
2026-08-02T11:43:44,915.03,S012_Anish_chicken2,house_A,spoil_free_pcb_v1,pcb_A,chamber_A,poultry,chicken,Warmup,1167,0.146,7306,0.913,156,0.02,30.23,93678.0,67.37,110200.0,none
2026-08-02T11:43:46,917.03,S012_Anish_chicken2,house_A,spoil_free_pcb_v1,pcb_A,chamber_A,poultry,chicken,Warmup,1160,0.145,7307,0.913,156,0.02,30.23,93678.0,67.35,108200.0,none
2026-08-02T11:43:48,919.02,S012_Anish_chicken2,house_A,spoil_free_pcb_v1,pcb_A,chamber_A,poultry,chicken,Warmup,1162,0.145,7307,0.913,155,0.019,30.23,93678.0,67.35,110700.0,none
2026-08-02T11:43:50,921.03,S012_Anish_chicken2,house_A,spoil_free_pcb_v1,pcb_A,chamber_A,poultry,chicken,Warmup,1164,0.146,7306,0.913,155,0.019,30.23,93678.0,67.34,110100.0,none
2026-08-02T11:43:52,923.03,S012_Anish_chicken2,house_A,spoil_free_pcb_v1,pcb_A,chamber_A,poultry,chicken,Warmup,1159,0.145,7306,0.913,157,0.02,30.23,93678.0,67.34,109500.0,none
2026-08-02T11:43:54,925.02,S012_Anish_chicken2,house_A,spoil_free_pcb_v1,pcb_A,chamber_A,poultry,chicken,Warmup,1165,0.146,7305,0.913,156,0.02,30.23,93678.0,67.32,110500.0,none
2026-08-02T11:43:56,927.03,S012_Anish_chicken2,house_A,spoil_free_pcb_v1,pcb_A,chamber_A,poultry,chicken,Warmup,1162,0.145,7306,0.913,155,0.019,30.23,93676.0,67.31,110600.0,none
2026-08-02T11:43:58,929.02,S012_Anish_chicken2,house_A,spoil_free_pcb_v1,pcb_A,chamber_A,poultry,chicken,Warmup,1158,0.145,7306,0.913,156,0.02,30.23,93676.0,67.29,110000.0,none
2026-08-02T11:44:00,931.02,S012_Anish_chicken2,house_A,spoil_free_pcb_v1,pcb_A,chamber_A,poultry,chicken,Warmup,1167,0.146,7303,0.913,155,0.019,30.23,93676.0,67.3,110700.0,none
2026-08-02T11:44:02,933.02,S012_Anish_chicken2,house_A,spoil_free_pcb_v1,pcb_A,chamber_A,poultry,chicken,Warmup,1159,0.145,7307,0.913,157,0.02,30.24,93676.0,67.29,110800.0,none
2026-08-02T11:44:04,935.02,S012_Anish_chicken2,house_A,spoil_free_pcb_v1,pcb_A,chamber_A,poultry,chicken,Warmup,1161,0.145,7304,0.913,155,0.019,30.24,93676.0,67.29,110400.0,none
2026-08-02T11:44:06,937.03,S012_Anish_chicken2,house_A,spoil_free_pcb_v1,pcb_A,chamber_A,poultry,chicken,Warmup,1167,0.146,7306,0.913,155,0.019,30.24,93674.0,67.28,110000.0,none
2026-08-02T11:44:08,939.03,S012_Anish_chicken2,house_A,spoil_free_pcb_v1,pcb_A,chamber_A,poultry,chicken,Warmup,1157,0.145,7304,0.913,155,0.019,30.24,93674.0,67.27,110100.0,none
2026-08-02T11:44:10,941.02,S012_Anish_chicken2,house_A,spoil_free_pcb_v1,pcb_A,chamber_A,poultry,chicken,Warmup,1165,0.146,7305,0.913,156,0.02,30.24,93674.0,67.27,109800.0,none
2026-08-02T11:44:12,943.02,S012_Anish_chicken2,house_A,spoil_free_pcb_v1,pcb_A,chamber_A,poultry,chicken,Warmup,1164,0.146,7305,0.913,156,0.02,30.24,93674.0,67.26,110600.0,none
2026-08-02T11:44:14,945.03,S012_Anish_chicken2,house_A,spoil_free_pcb_v1,pcb_A,chamber_A,poultry,chicken,Warmup,1158,0.145,7305,0.913,156,0.02,30.24,93674.0,67.28,111300.0,none
2026-08-02T11:44:16,947.02,S012_Anish_chicken2,house_A,spoil_free_pcb_v1,pcb_A,chamber_A,poultry,chicken,Warmup,1167,0.146,7305,0.913,156,0.02,30.24,93674.0,67.28,111400.0,none
2026-08-02T11:44:18,949.03,S012_Anish_chicken2,house_A,spoil_free_pcb_v1,pcb_A,chamber_A,poultry,chicken,Warmup,1162,0.145,7303,0.913,156,0.02,30.25,93678.0,67.27,110100.0,none
2026-08-02T11:44:20,951.03,S012_Anish_chicken2,house_A,spoil_free_pcb_v1,pcb_A,chamber_A,poultry,chicken,Warmup,1158,0.145,7303,0.913,155,0.019,30.25,93678.0,67.27,111500.0,none
2026-08-02T11:44:22,953.03,S012_Anish_chicken2,house_A,spoil_free_pcb_v1,pcb_A,chamber_A,poultry,chicken,Warmup,1167,0.146,7304,0.913,155,0.019,30.25,93678.0,67.28,111000.0,none
2026-08-02T11:44:24,955.02,S012_Anish_chicken2,house_A,spoil_free_pcb_v1,pcb_A,chamber_A,poultry,chicken,Warmup,1159,0.145,7303,0.913,156,0.02,30.25,93678.0,67.27,109500.0,none
2026-08-02T11:44:26,957.02,S012_Anish_chicken2,house_A,spoil_free_pcb_v1,pcb_A,chamber_A,poultry,chicken,Warmup,1160,0.145,7302,0.913,155,0.019,30.25,93678.0,67.26,110900.0,none
2026-08-02T11:44:28,959.02,S012_Anish_chicken2,house_A,spoil_free_pcb_v1,pcb_A,chamber_A,poultry,chicken,Warmup,1167,0.146,7303,0.913,155,0.019,30.25,93678.0,67.26,111900.0,none
2026-08-02T11:44:30,961.02,S012_Anish_chicken2,house_A,spoil_free_pcb_v1,pcb_A,chamber_A,poultry,chicken,Warmup,1157,0.145,7301,0.913,155,0.019,30.25,93678.0,67.26,110200.0,none
2026-08-02T11:44:32,963.03,S012_Anish_chicken2,house_A,spoil_free_pcb_v1,pcb_A,chamber_A,poultry,chicken,Warmup,1162,0.145,7302,0.913,156,0.02,30.25,93676.0,67.25,112200.0,none
2026-08-02T11:44:34,965.02,S012_Anish_chicken2,house_A,spoil_free_pcb_v1,pcb_A,chamber_A,poultry,chicken,Warmup,1164,0.146,7301,0.913,155,0.019,30.26,93676.0,67.25,111400.0,none
2026-08-02T11:44:36,967.03,S012_Anish_chicken2,house_A,spoil_free_pcb_v1,pcb_A,chamber_A,poultry,chicken,Warmup,1157,0.145,7302,0.913,156,0.02,30.26,93676.0,67.22,110400.0,none
2026-08-02T11:44:38,969.02,S012_Anish_chicken2,house_A,spoil_free_pcb_v1,pcb_A,chamber_A,poultry,chicken,Warmup,1162,0.145,7303,0.913,156,0.02,30.26,93676.0,67.23,110900.0,none
2026-08-02T11:44:40,971.02,S012_Anish_chicken2,house_A,spoil_free_pcb_v1,pcb_A,chamber_A,poultry,chicken,Warmup,1165,0.146,7302,0.913,156,0.02,30.26,93676.0,67.21,112400.0,none
2026-08-02T11:44:42,973.02,S012_Anish_chicken2,house_A,spoil_free_pcb_v1,pcb_A,chamber_A,poultry,chicken,Warmup,1158,0.145,7301,0.913,155,0.019,30.26,93676.0,67.21,111300.0,none
2026-08-02T11:44:44,975.03,S012_Anish_chicken2,house_A,spoil_free_pcb_v1,pcb_A,chamber_A,poultry,chicken,Warmup,1161,0.145,7302,0.913,156,0.02,30.26,93676.0,67.21,110800.0,none
2026-08-02T11:44:46,977.02,S012_Anish_chicken2,house_A,spoil_free_pcb_v1,pcb_A,chamber_A,poultry,chicken,Warmup,1163,0.145,7300,0.913,156,0.02,30.26,93676.0,67.22,112100.0,none
2026-08-02T11:44:48,979.03,S012_Anish_chicken2,house_A,spoil_free_pcb_v1,pcb_A,chamber_A,poultry,chicken,Warmup,1157,0.145,7301,0.913,155,0.019,30.26,93676.0,67.22,111200.0,none
2026-08-02T11:44:50,981.03,S012_Anish_chicken2,house_A,spoil_free_pcb_v1,pcb_A,chamber_A,poultry,chicken,Warmup,1162,0.145,7302,0.913,156,0.02,30.26,93676.0,67.2,112100.0,none
2026-08-02T11:44:52,983.02,S012_Anish_chicken2,house_A,spoil_free_pcb_v1,pcb_A,chamber_A,poultry,chicken,Warmup,1165,0.146,7303,0.913,155,0.019,30.27,93678.0,67.21,110500.0,none
2026-08-02T11:44:54,985.02,S012_Anish_chicken2,house_A,spoil_free_pcb_v1,pcb_A,chamber_A,poultry,chicken,Warmup,1159,0.145,7299,0.912,155,0.019,30.27,93676.0,67.19,112100.0,none
2026-08-02T11:44:56,987.02,S012_Anish_chicken2,house_A,spoil_free_pcb_v1,pcb_A,chamber_A,poultry,chicken,Warmup,1162,0.145,7302,0.913,154,0.019,30.27,93676.0,67.19,112500.0,none
2026-08-02T11:44:58,989.02,S012_Anish_chicken2,house_A,spoil_free_pcb_v1,pcb_A,chamber_A,poultry,chicken,Warmup,1163,0.145,7302,0.913,156,0.02,30.27,93676.0,67.2,112400.0,none
2026-08-02T11:45:00,991.03,S012_Anish_chicken2,house_A,spoil_free_pcb_v1,pcb_A,chamber_A,poultry,chicken,Warmup,1157,0.145,7302,0.913,155,0.019,30.27,93676.0,67.19,113200.0,none
2026-08-02T11:45:02,993.03,S012_Anish_chicken2,house_A,spoil_free_pcb_v1,pcb_A,chamber_A,poultry,chicken,Warmup,1162,0.145,7300,0.913,155,0.019,30.27,93676.0,67.19,113000.0,none
2026-08-02T11:45:04,995.03,S012_Anish_chicken2,house_A,spoil_free_pcb_v1,pcb_A,chamber_A,poultry,chicken,Warmup,1166,0.146,7300,0.913,156,0.02,30.27,93676.0,67.19,112900.0,none
2026-08-02T11:45:06,997.03,S012_Anish_chicken2,house_A,spoil_free_pcb_v1,pcb_A,chamber_A,poultry,chicken,Warmup,1158,0.145,7300,0.913,155,0.019,30.27,93676.0,67.18,112600.0,none
2026-08-02T11:45:08,999.02,S012_Anish_chicken2,house_A,spoil_free_pcb_v1,pcb_A,chamber_A,poultry,chicken,Warmup,1162,0.145,7300,0.913,155,0.019,30.27,93676.0,67.17,112700.0,none
2026-08-02T11:45:10,1001.02,S012_Anish_chicken2,house_A,spoil_free_pcb_v1,pcb_A,chamber_A,poultry,chicken,Warmup,1165,0.146,7301,0.913,155,0.019,30.28,93676.0,67.17,112900.0,none
2026-08-02T11:45:12,1003.03,S012_Anish_chicken2,house_A,spoil_free_pcb_v1,pcb_A,chamber_A,poultry,chicken,Warmup,1158,0.145,7300,0.913,156,0.02,30.28,93676.0,67.16,112200.0,none
2026-08-02T11:45:14,1005.03,S012_Anish_chicken2,house_A,spoil_free_pcb_v1,pcb_A,chamber_A,poultry,chicken,Warmup,1159,0.145,7300,0.913,155,0.019,30.28,93676.0,67.16,113200.0,none
2026-08-02T11:45:16,1007.03,S012_Anish_chicken2,house_A,spoil_free_pcb_v1,pcb_A,chamber_A,poultry,chicken,Warmup,1165,0.146,7300,0.913,155,0.019,30.28,93676.0,67.16,111200.0,none
2026-08-02T11:45:18,1009.02,S012_Anish_chicken2,house_A,spoil_free_pcb_v1,pcb_A,chamber_A,poultry,chicken,Warmup,1156,0.145,7300,0.913,155,0.019,30.28,93674.0,67.18,112100.0,none
2026-08-02T11:45:20,1011.02,S012_Anish_chicken2,house_A,spoil_free_pcb_v1,pcb_A,chamber_A,poultry,chicken,Warmup,1158,0.145,7299,0.912,157,0.02,30.28,93674.0,67.16,113600.0,none
2026-08-02T11:45:22,1013.02,S012_Anish_chicken2,house_A,spoil_free_pcb_v1,pcb_A,chamber_A,poultry,chicken,Warmup,1165,0.146,7301,0.913,155,0.019,30.28,93674.0,67.14,112400.0,none
2026-08-02T11:45:24,1015.02,S012_Anish_chicken2,house_A,spoil_free_pcb_v1,pcb_A,chamber_A,poultry,chicken,Warmup,1158,0.145,7299,0.912,155,0.019,30.28,93674.0,67.14,113400.0,none
2026-08-02T11:45:26,1017.02,S012_Anish_chicken2,house_A,spoil_free_pcb_v1,pcb_A,chamber_A,poultry,chicken,Warmup,1159,0.145,7299,0.912,156,0.02,30.28,93674.0,67.14,111700.0,none
2026-08-02T11:45:28,1019.02,S012_Anish_chicken2,house_A,spoil_free_pcb_v1,pcb_A,chamber_A,poultry,chicken,Warmup,1164,0.146,7299,0.912,155,0.019,30.28,93674.0,67.14,112700.0,none
2026-08-02T11:45:30,1021.02,S012_Anish_chicken2,house_A,spoil_free_pcb_v1,pcb_A,chamber_A,poultry,chicken,Warmup,1157,0.145,7298,0.912,154,0.019,30.29,93676.0,67.14,112400.0,none
2026-08-02T11:45:32,1023.03,S012_Anish_chicken2,house_A,spoil_free_pcb_v1,pcb_A,chamber_A,poultry,chicken,Warmup,1159,0.145,7299,0.912,156,0.02,30.29,93676.0,67.11,113200.0,none
2026-08-02T11:45:34,1025.02,S012_Anish_chicken2,house_A,spoil_free_pcb_v1,pcb_A,chamber_A,poultry,chicken,Warmup,1167,0.146,7299,0.912,156,0.02,30.29,93676.0,67.13,112900.0,none
2026-08-02T11:45:36,1027.03,S012_Anish_chicken2,house_A,spoil_free_pcb_v1,pcb_A,chamber_A,poultry,chicken,Warmup,1161,0.145,7297,0.912,156,0.02,30.29,93676.0,67.11,111600.0,none
2026-08-02T11:45:38,1029.03,S012_Anish_chicken2,house_A,spoil_free_pcb_v1,pcb_A,chamber_A,poultry,chicken,Warmup,1155,0.144,7300,0.913,155,0.019,30.29,93676.0,67.11,113500.0,none
2026-08-02T11:45:40,1031.02,S012_Anish_chicken2,house_A,spoil_free_pcb_v1,pcb_A,chamber_A,poultry,chicken,Warmup,1165,0.146,7298,0.912,155,0.019,30.29,93676.0,67.09,112200.0,none
2026-08-02T11:45:42,1033.02,S012_Anish_chicken2,house_A,spoil_free_pcb_v1,pcb_A,chamber_A,poultry,chicken,Warmup,1162,0.145,7298,0.912,155,0.019,30.29,93674.0,67.09,114500.0,none
2026-08-02T11:45:44,1035.02,S012_Anish_chicken2,house_A,spoil_free_pcb_v1,pcb_A,chamber_A,poultry,chicken,Warmup,1158,0.145,7297,0.912,156,0.02,30.29,93674.0,67.1,113700.0,none
2026-08-02T11:45:46,1037.02,S012_Anish_chicken2,house_A,spoil_free_pcb_v1,pcb_A,chamber_A,poultry,chicken,Warmup,1166,0.146,7298,0.912,156,0.02,30.29,93674.0,67.08,113000.0,none
2026-08-02T11:45:48,1039.03,S012_Anish_chicken2,house_A,spoil_free_pcb_v1,pcb_A,chamber_A,poultry,chicken,Warmup,1161,0.145,7299,0.912,156,0.02,30.29,93674.0,67.08,112700.0,none
2026-08-02T11:45:50,1041.03,S012_Anish_chicken2,house_A,spoil_free_pcb_v1,pcb_A,chamber_A,poultry,chicken,Warmup,1156,0.145,7297,0.912,155,0.019,30.3,93674.0,67.08,114000.0,none
2026-08-02T11:45:52,1043.02,S012_Anish_chicken2,house_A,spoil_free_pcb_v1,pcb_A,chamber_A,poultry,chicken,Warmup,1165,0.146,7297,0.912,156,0.02,30.3,93672.0,67.06,114200.0,none
2026-08-02T11:45:54,1045.02,S012_Anish_chicken2,house_A,spoil_free_pcb_v1,pcb_A,chamber_A,poultry,chicken,Warmup,1162,0.145,7298,0.912,155,0.019,30.3,93672.0,67.06,113600.0,none
2026-08-02T11:45:56,1047.03,S012_Anish_chicken2,house_A,spoil_free_pcb_v1,pcb_A,chamber_A,poultry,chicken,Warmup,1158,0.145,7297,0.912,156,0.02,30.3,93672.0,67.07,112900.0,none
2026-08-02T11:45:58,1049.03,S012_Anish_chicken2,house_A,spoil_free_pcb_v1,pcb_A,chamber_A,poultry,chicken,Warmup,1164,0.146,7296,0.912,156,0.02,30.3,93672.0,67.06,114200.0,none
2026-08-02T11:46:00,1051.03,S012_Anish_chicken2,house_A,spoil_free_pcb_v1,pcb_A,chamber_A,poultry,chicken,Warmup,1165,0.146,7297,0.912,155,0.019,30.3,93672.0,67.06,113500.0,none
2026-08-02T11:46:02,1053.02,S012_Anish_chicken2,house_A,spoil_free_pcb_v1,pcb_A,chamber_A,poultry,chicken,Warmup,1156,0.145,7299,0.912,155,0.019,30.3,93672.0,67.05,115100.0,none
2026-08-02T11:46:04,1055.02,S012_Anish_chicken2,house_A,spoil_free_pcb_v1,pcb_A,chamber_A,poultry,chicken,Warmup,1162,0.145,7298,0.912,156,0.02,30.3,93670.0,67.05,114000.0,none
2026-08-02T11:46:06,1057.02,S012_Anish_chicken2,house_A,spoil_free_pcb_v1,pcb_A,chamber_A,poultry,chicken,Warmup,1165,0.146,7298,0.912,156,0.02,30.3,93670.0,67.06,114900.0,none
2026-08-02T11:46:08,1059.02,S012_Anish_chicken2,house_A,spoil_free_pcb_v1,pcb_A,chamber_A,poultry,chicken,Warmup,1156,0.145,7297,0.912,155,0.019,30.3,93670.0,67.04,114500.0,none
2026-08-02T11:46:10,1061.02,S012_Anish_chicken2,house_A,spoil_free_pcb_v1,pcb_A,chamber_A,poultry,chicken,Warmup,1163,0.145,7296,0.912,155,0.019,30.3,93670.0,67.06,114500.0,none
2026-08-02T11:46:12,1063.02,S012_Anish_chicken2,house_A,spoil_free_pcb_v1,pcb_A,chamber_A,poultry,chicken,Warmup,1164,0.146,7297,0.912,155,0.019,30.3,93670.0,67.04,114200.0,none
2026-08-02T11:46:14,1065.03,S012_Anish_chicken2,house_A,spoil_free_pcb_v1,pcb_A,chamber_A,poultry,chicken,Warmup,1157,0.145,7297,0.912,156,0.02,30.31,93672.0,67.05,115200.0,none
2026-08-02T11:46:16,1067.02,S012_Anish_chicken2,house_A,spoil_free_pcb_v1,pcb_A,chamber_A,poultry,chicken,Warmup,1163,0.145,7297,0.912,156,0.02,30.31,93672.0,67.04,114800.0,none
2026-08-02T11:46:18,1069.03,S012_Anish_chicken2,house_A,spoil_free_pcb_v1,pcb_A,chamber_A,poultry,chicken,Warmup,1164,0.146,7297,0.912,155,0.019,30.31,93672.0,67.04,114700.0,none
2026-08-02T11:46:20,1071.02,S012_Anish_chicken2,house_A,spoil_free_pcb_v1,pcb_A,chamber_A,poultry,chicken,Warmup,1155,0.144,7296,0.912,155,0.019,30.31,93672.0,67.05,115100.0,none
2026-08-02T11:46:22,1073.02,S012_Anish_chicken2,house_A,spoil_free_pcb_v1,pcb_A,chamber_A,poultry,chicken,Warmup,1164,0.146,7299,0.912,154,0.019,30.31,93672.0,67.04,114500.0,none
2026-08-02T11:46:24,1075.02,S012_Anish_chicken2,house_A,spoil_free_pcb_v1,pcb_A,chamber_A,poultry,chicken,Warmup,1164,0.146,7297,0.912,157,0.02,30.31,93672.0,67.04,114600.0,none
2026-08-02T11:46:26,1077.03,S012_Anish_chicken2,house_A,spoil_free_pcb_v1,pcb_A,chamber_A,poultry,chicken,Warmup,1158,0.145,7297,0.912,156,0.02,30.31,93672.0,67.04,114900.0,none
2026-08-02T11:46:28,1079.02,S012_Anish_chicken2,house_A,spoil_free_pcb_v1,pcb_A,chamber_A,poultry,chicken,Warmup,1164,0.146,7298,0.912,155,0.019,30.31,93670.0,67.05,114600.0,none
2026-08-02T11:46:30,1081.03,S012_Anish_chicken2,house_A,spoil_free_pcb_v1,pcb_A,chamber_A,poultry,chicken,Warmup,1162,0.145,7297,0.912,156,0.02,30.31,93672.0,67.03,114900.0,none
2026-08-02T11:46:32,1083.02,S012_Anish_chicken2,house_A,spoil_free_pcb_v1,pcb_A,chamber_A,poultry,chicken,Warmup,1158,0.145,7296,0.912,156,0.02,30.31,93672.0,67.03,115000.0,none
2026-08-02T11:46:34,1085.03,S012_Anish_chicken2,house_A,spoil_free_pcb_v1,pcb_A,chamber_A,poultry,chicken,Warmup,1164,0.146,7296,0.912,155,0.019,30.31,93670.0,67.04,115200.0,none
2026-08-02T11:46:36,1087.02,S012_Anish_chicken2,house_A,spoil_free_pcb_v1,pcb_A,chamber_A,poultry,chicken,Warmup,1159,0.145,7297,0.912,154,0.019,30.32,93670.0,67.03,114200.0,none
2026-08-02T11:46:38,1089.03,S012_Anish_chicken2,house_A,spoil_free_pcb_v1,pcb_A,chamber_A,poultry,chicken,Warmup,1158,0.145,7297,0.912,156,0.02,30.32,93670.0,67.02,115700.0,none
2026-08-02T11:46:40,1091.03,S012_Anish_chicken2,house_A,spoil_free_pcb_v1,pcb_A,chamber_A,poultry,chicken,Warmup,1165,0.146,7296,0.912,155,0.019,30.32,93670.0,67.02,114000.0,none
2026-08-02T11:46:42,1093.01,S012_Anish_chicken2,house_A,spoil_free_pcb_v1,pcb_A,chamber_A,poultry,chicken,Warmup,1157,0.145,7297,0.912,155,0.019,30.32,93670.0,67.01,116000.0,none
2026-08-02T11:46:44,1095.02,S012_Anish_chicken2,house_A,spoil_free_pcb_v1,pcb_A,chamber_A,poultry,chicken,Warmup,1163,0.145,7296,0.912,155,0.019,30.32,93670.0,67.0,116200.0,none
2026-08-02T11:46:46,1097.02,S012_Anish_chicken2,house_A,spoil_free_pcb_v1,pcb_A,chamber_A,poultry,chicken,Warmup,1164,0.146,7296,0.912,156,0.02,30.32,93670.0,67.0,115500.0,none
2026-08-02T11:46:48,1099.03,S012_Anish_chicken2,house_A,spoil_free_pcb_v1,pcb_A,chamber_A,poultry,chicken,Warmup,1157,0.145,7294,0.912,156,0.02,30.32,93670.0,67.02,114000.0,none
2026-08-02T11:46:50,1101.03,S012_Anish_chicken2,house_A,spoil_free_pcb_v1,pcb_A,chamber_A,poultry,chicken,Warmup,1165,0.146,7296,0.912,155,0.019,30.32,93670.0,67.01,115600.0,none
2026-08-02T11:46:52,1103.02,S012_Anish_chicken2,house_A,spoil_free_pcb_v1,pcb_A,chamber_A,poultry,chicken,Warmup,1159,0.145,7296,0.912,156,0.02,30.32,93668.0,66.98,115200.0,none
2026-08-02T11:46:54,1105.02,S012_Anish_chicken2,house_A,spoil_free_pcb_v1,pcb_A,chamber_A,poultry,chicken,Warmup,1160,0.145,7295,0.912,154,0.019,30.32,93668.0,66.99,116500.0,none
2026-08-02T11:46:56,1107.02,S012_Anish_chicken2,house_A,spoil_free_pcb_v1,pcb_A,chamber_A,poultry,chicken,Warmup,1166,0.146,7296,0.912,155,0.019,30.32,93668.0,67.0,115900.0,none
2026-08-02T11:46:58,1109.02,S012_Anish_chicken2,house_A,spoil_free_pcb_v1,pcb_A,chamber_A,poultry,chicken,Warmup,1159,0.145,7296,0.912,156,0.02,30.32,93668.0,67.0,115600.0,none
2026-08-02T11:47:00,1111.01,S012_Anish_chicken2,house_A,spoil_free_pcb_v1,pcb_A,chamber_A,poultry,chicken,Warmup,1162,0.145,7295,0.912,156,0.02,30.32,93668.0,66.99,114900.0,none
2026-08-02T11:47:02,1113.02,S012_Anish_chicken2,house_A,spoil_free_pcb_v1,pcb_A,chamber_A,poultry,chicken,Warmup,1165,0.146,7294,0.912,155,0.019,30.33,93672.0,66.99,116600.0,none
2026-08-02T11:47:04,1115.03,S012_Anish_chicken2,house_A,spoil_free_pcb_v1,pcb_A,chamber_A,poultry,chicken,Warmup,1158,0.145,7295,0.912,155,0.019,30.33,93670.0,66.98,115400.0,none
2026-08-02T11:47:06,1117.02,S012_Anish_chicken2,house_A,spoil_free_pcb_v1,pcb_A,chamber_A,poultry,chicken,Warmup,1160,0.145,7295,0.912,156,0.02,30.33,93670.0,66.99,115900.0,none
2026-08-02T11:47:08,1119.02,S012_Anish_chicken2,house_A,spoil_free_pcb_v1,pcb_A,chamber_A,poultry,chicken,Warmup,1167,0.146,7296,0.912,156,0.02,30.33,93670.0,66.98,114700.0,none
2026-08-02T11:47:10,1121.03,S012_Anish_chicken2,house_A,spoil_free_pcb_v1,pcb_A,chamber_A,poultry,chicken,Warmup,1159,0.145,7294,0.912,156,0.02,30.33,93670.0,66.98,115000.0,none
2026-08-02T11:47:12,1123.02,S012_Anish_chicken2,house_A,spoil_free_pcb_v1,pcb_A,chamber_A,poultry,chicken,Warmup,1160,0.145,7294,0.912,156,0.02,30.33,93670.0,66.96,116700.0,none
2026-08-02T11:47:14,1125.03,S012_Anish_chicken2,house_A,spoil_free_pcb_v1,pcb_A,chamber_A,poultry,chicken,Warmup,1165,0.146,7295,0.912,156,0.02,30.33,93670.0,66.98,116000.0,none
2026-08-02T11:47:16,1127.03,S012_Anish_chicken2,house_A,spoil_free_pcb_v1,pcb_A,chamber_A,poultry,chicken,Warmup,1158,0.145,7293,0.912,156,0.02,30.33,93670.0,66.97,115900.0,none
2026-08-02T11:47:18,1129.03,S012_Anish_chicken2,house_A,spoil_free_pcb_v1,pcb_A,chamber_A,poultry,chicken,Warmup,1159,0.145,7294,0.912,155,0.019,30.33,93670.0,66.99,117100.0,none
2026-08-02T11:47:20,1131.03,S012_Anish_chicken2,house_A,spoil_free_pcb_v1,pcb_A,chamber_A,poultry,chicken,Warmup,1164,0.146,7294,0.912,155,0.019,30.33,93670.0,66.96,116700.0,none
2026-08-02T11:47:22,1133.02,S012_Anish_chicken2,house_A,spoil_free_pcb_v1,pcb_A,chamber_A,poultry,chicken,Warmup,1162,0.145,7294,0.912,155,0.019,30.33,93668.0,66.96,117000.0,none
2026-08-02T11:47:24,1135.02,S012_Anish_chicken2,house_A,spoil_free_pcb_v1,pcb_A,chamber_A,poultry,chicken,Warmup,1156,0.145,7293,0.912,156,0.02,30.33,93670.0,66.96,115600.0,none
2026-08-02T11:47:26,1137.02,S012_Anish_chicken2,house_A,spoil_free_pcb_v1,pcb_A,chamber_A,poultry,chicken,Warmup,1163,0.145,7293,0.912,155,0.019,30.33,93668.0,66.96,116700.0,none
2026-08-02T11:47:28,1139.03,S012_Anish_chicken2,house_A,spoil_free_pcb_v1,pcb_A,chamber_A,poultry,chicken,Warmup,1161,0.145,7293,0.912,155,0.019,30.34,93668.0,66.95,115100.0,none
2026-08-02T11:47:30,1141.02,S012_Anish_chicken2,house_A,spoil_free_pcb_v1,pcb_A,chamber_A,poultry,chicken,Warmup,1157,0.145,7294,0.912,155,0.019,30.34,93668.0,66.95,116900.0,none
2026-08-02T11:47:32,1143.02,S012_Anish_chicken2,house_A,spoil_free_pcb_v1,pcb_A,chamber_A,poultry,chicken,Warmup,1163,0.145,7293,0.912,155,0.019,30.34,93668.0,66.95,115900.0,none
2026-08-02T11:47:34,1145.03,S012_Anish_chicken2,house_A,spoil_free_pcb_v1,pcb_A,chamber_A,poultry,chicken,Warmup,1163,0.145,7293,0.912,155,0.019,30.34,93668.0,66.95,116600.0,none
2026-08-02T11:47:36,1147.03,S012_Anish_chicken2,house_A,spoil_free_pcb_v1,pcb_A,chamber_A,poultry,chicken,Warmup,1157,0.145,7294,0.912,155,0.019,30.34,93668.0,66.93,117500.0,none
2026-08-02T11:47:38,1149.03,S012_Anish_chicken2,house_A,spoil_free_pcb_v1,pcb_A,chamber_A,poultry,chicken,Warmup,1163,0.145,7292,0.912,155,0.019,30.34,93670.0,66.93,116700.0,none
2026-08-02T11:47:40,1151.03,S012_Anish_chicken2,house_A,spoil_free_pcb_v1,pcb_A,chamber_A,poultry,chicken,Warmup,1162,0.145,7292,0.912,155,0.019,30.34,93668.0,66.94,116700.0,none
2026-08-02T11:47:42,1153.01,S012_Anish_chicken2,house_A,spoil_free_pcb_v1,pcb_A,chamber_A,poultry,chicken,Warmup,1157,0.145,7292,0.912,155,0.019,30.34,93670.0,66.93,117200.0,none
2026-08-02T11:47:44,1155.02,S012_Anish_chicken2,house_A,spoil_free_pcb_v1,pcb_A,chamber_A,poultry,chicken,Warmup,1164,0.146,7294,0.912,156,0.02,30.34,93670.0,66.94,117500.0,none
2026-08-02T11:47:46,1157.02,S012_Anish_chicken2,house_A,spoil_free_pcb_v1,pcb_A,chamber_A,poultry,chicken,Warmup,1163,0.145,7293,0.912,155,0.019,30.34,93668.0,66.93,116200.0,none
2026-08-02T11:47:48,1159.02,S012_Anish_chicken2,house_A,spoil_free_pcb_v1,pcb_A,chamber_A,poultry,chicken,Warmup,1158,0.145,7294,0.912,155,0.019,30.34,93672.0,66.93,117400.0,none
2026-08-02T11:47:50,1161.03,S012_Anish_chicken2,house_A,spoil_free_pcb_v1,pcb_A,chamber_A,poultry,chicken,Warmup,1164,0.146,7293,0.912,155,0.019,30.34,93672.0,66.93,117300.0,none
